environment,mode,seed,method,step,current_return,hard_br_return,hard_exploitability,regularized_gap,field_norm,hard_br_residual,hard_br_iterations,soft_br_residual,soft_br_iterations
CyclicControl,neural,40,QP+G,0,-0.04088501394024287,-0.6785245803877038,1.0524587160640213,0.5913720828524114,0.4422803856547468,8.737455203799982e-13,238,8.539108309335575e-11,189
CyclicControl,neural,40,QP+G,5,-0.007162361445014174,-0.20921986530853443,0.4349217895404929,0.13866178808911783,0.18652218966200848,8.333334022836425e-13,228,8.726801226099923e-11,175
CyclicControl,neural,40,QP+G,10,-0.0009677315605784757,-0.06645757911655448,0.20168054655818593,0.042670460143148764,0.08191653806198212,8.455736111301349e-13,223,8.427424730284017e-11,166
CyclicControl,neural,40,QP+G,15,-0.0002073037237666281,-0.07312476182416108,0.1598605985794641,0.02226960647836193,0.037887649090654875,8.266443085602759e-13,219,8.879824479890441e-11,158
CyclicControl,neural,40,QP+G,20,-0.0001546867634420867,-0.07391678081973453,0.15469254072881283,0.017795991532529032,0.020470823904565574,8.553990848980675e-13,218,8.605957266261122e-11,155
CyclicControl,neural,40,QP+G,25,-0.00013977191567300944,-0.07427710353518305,0.1560501362180345,0.01677278762377306,0.014759019239936187,8.659878369954299e-13,218,8.666612046070998e-11,154
CyclicControl,neural,40,QP+G,30,-0.00013501427329708134,-0.07448806267344395,0.15658080377392647,0.016502202375694917,0.013324782281847351,8.693740172205366e-13,218,8.442866891722467e-11,154
CyclicControl,neural,40,QP+G,35,-0.00013348247716186344,-0.07457193723106352,0.15671356039772077,0.016401291772835884,0.013007262621788465,8.699013731572336e-13,218,8.369385913475913e-11,154
CyclicControl,neural,40,QP+G,40,-0.0001327922740111009,-0.07457209911682924,0.15666166687321126,0.016342192574048182,0.01292861535752203,8.693601394327288e-13,218,8.333420759010224e-11,154
CyclicControl,neural,40,QP+G,45,-0.00013229856940115376,-0.07452280216537725,0.15652507744738575,0.01629488681649198,0.012897988581144172,8.684303276496053e-13,218,8.308567202297557e-11,154
CyclicControl,neural,40,QP+G,50,-0.00013184729783391501,-0.07444606659879424,0.15634973758934373,0.016251448518279477,0.012876825818729185,8.673894935640192e-13,218,8.287633773695902e-11,154
CyclicControl,neural,40,QP+G,55,-0.00013140512197593458,-0.074354758660662,0.15615669154841688,0.016209467328932897,0.01285750496029942,8.663070261150096e-13,218,8.268270096367658e-11,154
CyclicControl,neural,40,QP+G,60,-0.00013096561515951564,-0.07425598161556517,0.1559556089581508,0.01616811524408328,0.012838547745696647,8.652245586660001e-13,218,8.249591114395383e-11,154
CyclicControl,neural,40,noG,0,-0.04088501394024287,-0.6785245803877038,1.0524587160640213,0.5913720828524114,0.4422803856547468,8.737455203799982e-13,238,8.539108309335575e-11,189
CyclicControl,neural,40,noG,5,-0.035667427267309745,-0.45695559646962086,0.9283789901290467,0.5038088246796015,0.43533135265670914,8.325562461664049e-13,235,8.609446489060701e-11,187
CyclicControl,neural,40,noG,10,-0.015385647254522582,-0.19219786482824436,0.7270000632875695,0.40601454672090775,0.4243710135885806,8.499867476530198e-13,236,8.242734272911889e-11,189
CyclicControl,neural,40,noG,15,0.003312395162039363,-0.08941509570459882,0.6345840809696978,0.38610587641611654,0.4148013574168508,8.665290707199347e-13,236,8.430395270764279e-11,189
CyclicControl,neural,40,noG,20,0.004170789469459545,-0.09632872700603086,0.6410682435134757,0.38648865799253435,0.4142344034515046,8.657519146026971e-13,236,8.420020236599157e-11,189
CyclicControl,neural,40,noG,25,0.004188711551507285,-0.0964732494251392,0.6412028065590174,0.3864977011614916,0.4142223447856413,8.658629369051596e-13,236,8.419781538648863e-11,189
CyclicControl,neural,40,noG,30,0.004189087413072582,-0.09647628042962758,0.6412056282581613,0.3864978912733547,0.4142220917937248,8.657519146026971e-13,236,8.419781538648863e-11,189
CyclicControl,neural,40,noG,35,0.004189095296366115,-0.09647634400173513,0.6412056874401209,0.3864978952609495,0.41422208648744735,8.657519146026971e-13,236,8.41977598753374e-11,189
CyclicControl,neural,40,noG,40,0.004189095461709446,-0.09647634533508964,0.6412056886813968,0.3864978953445848,0.4142220863761536,8.657519146026971e-13,236,8.419770436418617e-11,189
CyclicControl,neural,40,noG,45,0.0041890954651855015,-0.09647634536312132,0.641205688707493,0.38649789534634277,0.414222086373814,8.657519146026971e-13,236,8.41977598753374e-11,189
CyclicControl,neural,40,noG,50,0.004189095465255565,-0.0964763453636861,0.6412056887080191,0.3864978953463796,0.41422208637376706,8.658629369051596e-13,236,8.419770436418617e-11,189
CyclicControl,neural,40,noG,55,0.004189095465266185,-0.09647634536377173,0.6412056887080987,0.386497895346383,0.41422208637376,8.657519146026971e-13,236,8.41977598753374e-11,189
CyclicControl,neural,40,noG,60,0.004189095465266185,-0.09647634536377173,0.6412056887080987,0.386497895346383,0.41422208637376,8.657519146026971e-13,236,8.41977598753374e-11,189
CyclicControl,neural,40,GDA,0,-0.04088501394024287,-0.6785245803877038,1.0524587160640213,0.5913720828524114,0.4422803856547468,8.737455203799982e-13,238,8.539108309335575e-11,189
CyclicControl,neural,40,GDA,5,-0.035667427267309745,-0.45695559646962086,0.9283789901290467,0.5038088246796015,0.43533135265670914,8.325562461664049e-13,235,8.609446489060701e-11,187
CyclicControl,neural,40,GDA,10,-0.015385647254522582,-0.19219786482824436,0.7270000632875695,0.40601454672090775,0.4243710135885806,8.499867476530198e-13,236,8.242734272911889e-11,189
CyclicControl,neural,40,GDA,15,0.010116630389698195,-0.14457839045062398,0.6863841178440342,0.3942999869835249,0.4118138261349555,8.610889778992714e-13,236,8.349421154463244e-11,189
CyclicControl,neural,40,GDA,20,0.02989478473494059,-0.3664520002205705,0.8593365556194095,0.45770484521177335,0.40117549475315045,8.704148513061227e-13,235,8.981942967167811e-11,187
CyclicControl,neural,40,GDA,25,0.03659082221220076,-0.5494916493153537,0.9460867520491957,0.505732593145393,0.39435132678768897,8.734124534726107e-13,236,8.422451625023086e-11,186
CyclicControl,neural,40,GDA,30,0.028656625326299298,-0.6733000275864728,0.9394205933425213,0.4991064273301488,0.3908479667262937,8.668621376273222e-13,238,8.551331864836698e-11,189
CyclicControl,neural,40,GDA,35,0.009950805898287653,-0.7311314752153536,0.8478594428553377,0.4579054194578922,0.38899478178639035,8.471001677889944e-13,239,8.76094752300105e-11,190
CyclicControl,neural,40,GDA,40,-0.012211568981966146,-0.7189527192607413,0.8846976328455274,0.4559524211742425,0.3875097094023482,8.331113576787175e-13,239,8.556927388880808e-11,190
CyclicControl,neural,40,GDA,45,-0.029503340018256247,-0.6356169160155091,1.087221004539662,0.5337170219614111,0.38637910627792227,8.184564137536654e-13,238,8.771616766267698e-11,188
CyclicControl,neural,40,GDA,50,-0.03515513289017875,-0.48471076708803784,1.1759306805101248,0.6136300129975087,0.3868825517125254,8.899547765395255e-13,238,8.588890709759767e-11,189
CyclicControl,neural,40,GDA,55,-0.02649918753598438,-0.282281280968793,1.1395532425267445,0.6384279823321553,0.3905518712165455,8.941736240331011e-13,240,8.81594797164098e-11,192
CyclicControl,neural,40,GDA,60,-0.0066758822720038025,-0.12670301275265103,1.0549730265172228,0.6263943494384979,0.39723761745362757,8.713030297258229e-13,241,8.947831364736203e-11,193
CyclicControl,neural,40,Adam-GDA,0,-0.04088501394024287,-0.6785245803877038,1.0524587160640213,0.5913720828524114,0.4422803856547468,8.737455203799982e-13,238,8.539108309335575e-11,189
CyclicControl,neural,40,Adam-GDA,5,0.1454983755209386,-2.053685381054334,2.7877909127606895,2.219998418701606,1.185145419500253,8.30002733209767e-13,249,8.940470586082938e-11,203
CyclicControl,neural,40,Adam-GDA,10,-1.052804608115504,-4.6339531307622135,7.226150684156481,6.637700305189579,3.537537449576585,8.952838470577262e-13,256,8.679901242203414e-11,212
CyclicControl,neural,40,Adam-GDA,15,-1.1312328477546183,-1.5371255613364618,9.703841279033746,9.295792051213635,4.910433336206519,8.419931418757187e-13,262,8.500933290633839e-11,218
CyclicControl,neural,40,Adam-GDA,20,2.6216202267395685,-3.3115531841654224,13.010127854274492,12.680084141842467,5.943141372897453,8.988365607365267e-13,263,8.289191555377329e-11,220
CyclicControl,neural,40,Adam-GDA,25,6.863262533607457,-6.351334213892924,16.214195426989594,16.003289893763558,5.064937663460488,8.22453216642316e-13,264,8.444800414508791e-11,220
CyclicControl,neural,40,Adam-GDA,30,9.256109735894345,-9.34271343634077,19.192384650492713,19.113914837260353,1.4905489133209857,8.242295734817162e-13,264,8.432721188000869e-11,220
CyclicControl,neural,40,Adam-GDA,35,9.465164743675574,-9.887511443769364,19.46244532142164,19.405441730402956,1.4460551997900917,8.260059303211165e-13,264,8.468958867524634e-11,220
CyclicControl,neural,40,Adam-GDA,40,6.753858839695965,-9.96895769223243,17.129849942508308,16.975907680918688,5.837018954097095,8.331113576787175e-13,264,8.548362018245825e-11,220
CyclicControl,neural,40,Adam-GDA,45,0.7689784194845628,-9.986494140070647,15.345997062557847,15.111030718118357,5.444674178668312,8.331113576787175e-13,264,8.566303222323768e-11,220
CyclicControl,neural,40,Adam-GDA,50,-5.243876490697542,-9.991916268192064,14.984437369674499,14.777604703436332,6.986225426852845,8.331113576787175e-13,264,8.572520471261669e-11,220
CyclicControl,neural,40,Adam-GDA,55,-9.361192361892382,-9.994046412960255,19.077411517266285,19.00817277836657,1.3860546733153913,8.348877145181177e-13,264,8.574296828101069e-11,220
CyclicControl,neural,40,Adam-GDA,60,-9.860922287616388,-9.994993639420063,19.814073178703396,19.79371066366349,0.36391352781162795,8.36664071357518e-13,264,8.575717913572589e-11,220
CyclicControl,neural,40,EGM,0,-0.04088501394024287,-0.6785245803877038,1.0524587160640213,0.5913720828524114,0.4422803856547468,8.737455203799982e-13,238,8.539108309335575e-11,189
CyclicControl,neural,40,EGM,5,-0.03411396508571981,-0.4471777237375738,0.9087030914067579,0.48691373174965885,0.4251430538089494,8.149592112260962e-13,235,8.338130186302806e-11,187
CyclicControl,neural,40,EGM,10,-0.01429072260175283,-0.18615087488711746,0.6979277241581268,0.38224931968865167,0.4053386518087285,8.133493878403897e-13,236,8.614359225944668e-11,188
CyclicControl,neural,40,EGM,15,0.008464680923897658,-0.13510722651967255,0.6433364714077274,0.35937697842337535,0.3853149036540135,8.975042931069765e-13,235,8.479050794818477e-11,188
CyclicControl,neural,40,EGM,20,0.024756544034591526,-0.33274561834919864,0.7872610050739262,0.4001789226345684,0.36805028564931075,8.918421556813882e-13,234,8.86498097152355e-11,186
CyclicControl,neural,40,EGM,25,0.029398995647177392,-0.49322256611223125,0.8543795641831927,0.4281277604996875,0.3548826926995796,8.710809851208978e-13,235,8.662975892193003e-11,184
CyclicControl,neural,40,EGM,30,0.022339290825725118,-0.5955163686477684,0.8370153715320583,0.41188323038671604,0.34510377800506287,8.518741267948826e-13,237,8.669021056562087e-11,187
CyclicControl,neural,40,EGM,35,0.007608326576396476,-0.6353508599024321,0.7449797695120379,0.36986384123293875,0.33701853608665927,8.182343691487404e-13,238,8.68152771893449e-11,188
CyclicControl,neural,40,EGM,40,-0.008627382563112615,-0.61171827581409,0.7570966796812355,0.3546046773815339,0.3292602200033445,8.752998326144734e-13,237,8.207517998570779e-11,188
CyclicControl,neural,40,EGM,45,-0.020206900987822587,-0.5274608834623523,0.899258519960135,0.389713065343755,0.32158385008956986,8.384404281969182e-13,236,8.948669583119795e-11,185
CyclicControl,neural,40,EGM,50,-0.023004358309633946,-0.39050447462563165,0.9484153327048129,0.4290062458760373,0.3148431280431918,8.86846152070575e-13,236,8.194628309254881e-11,186
CyclicControl,neural,40,EGM,55,-0.01644726628878426,-0.2313665255838463,0.9075483875977133,0.4360135371335794,0.31001166206889785,8.705258736085852e-13,238,8.280715002584316e-11,189
CyclicControl,neural,40,EGM,60,-0.003824015801505683,-0.11170160846445219,0.8264386934204121,0.4182201211097942,0.3067958054190435,8.282263763703668e-13,239,8.160916387112138e-11,190
CyclicControl,neural,40,PPM-3,0,-0.04088501394024287,-0.6785245803877038,1.0524587160640213,0.5913720828524114,0.4422803856547468,8.737455203799982e-13,238,8.539108309335575e-11,189
CyclicControl,neural,40,PPM-3,5,-0.03418782686077037,-0.4484394192291618,0.9096905875729924,0.4875543409873357,0.4252654755645499,8.144596108650148e-13,235,8.329925638150826e-11,187
CyclicControl,neural,40,PPM-3,10,-0.014508722396569933,-0.18875090328523003,0.7003370332843463,0.38302578437735924,0.4055993893156568,8.132383655379272e-13,236,8.61118398809424e-11,188
CyclicControl,neural,40,PPM-3,15,0.008183187725149121,-0.13268886413491737,0.6414262428694211,0.3592332883688316,0.3856803938289969,8.983924715266767e-13,235,8.491912728558759e-11,188
CyclicControl,neural,40,PPM-3,20,0.02457563242253915,-0.3297834480230083,0.7858258685737152,0.39971043237938836,0.3684600766527201,8.947842466966449e-13,234,8.909523119271512e-11,186
CyclicControl,neural,40,PPM-3,25,0.029455016182397202,-0.4907596324206016,0.8545309346033072,0.4284379526531156,0.3552969300751507,8.666956041736285e-13,235,8.586184541137243e-11,184
CyclicControl,neural,40,PPM-3,30,0.022662698044049013,-0.5940490626004171,0.8390857572364269,0.4132398132129573,0.34551899362971716,8.498757253505573e-13,237,8.632972114952508e-11,187
CyclicControl,neural,40,PPM-3,35,0.00810728902897645,-0.635342869189079,0.7491017485947944,0.3713081723436623,0.3374471055586715,8.181233468462779e-13,238,8.680789420623114e-11,188
CyclicControl,neural,40,PPM-3,40,-0.008134762555778989,-0.6136061830082761,0.7534688774237113,0.3543773984230553,0.32970265457055087,8.778533455711113e-13,237,8.247547089723639e-11,188
CyclicControl,neural,40,PPM-3,45,-0.019930866701560596,-0.5315900418323204,0.8955055369276791,0.3881171718231801,0.32201246965691144,8.449907440422066e-13,236,8.15498779616064e-11,186
CyclicControl,neural,40,PPM-3,50,-0.023100810155421807,-0.39699524580746964,0.9486114973273008,0.42815682225201895,0.31520800849151237,8.768541448489486e-13,236,8.92712015421182e-11,185
CyclicControl,neural,40,PPM-3,55,-0.016931545016904595,-0.2380596814314086,0.9106999360507859,0.43663108237237863,0.3102824503891084,8.660849815100846e-13,238,8.209022350769146e-11,189
CyclicControl,neural,40,PPM-3,60,-0.0045271583638264775,-0.11525163929699461,0.8302013021076085,0.4195651145838232,0.30701855305842796,8.284484209752918e-13,239,8.16498535449739e-11,190
CyclicControl,neural,41,QP+G,0,-0.02947827835436645,-0.4144462975348892,1.1463252885644828,0.5854211970591852,0.396096270091797,8.482103908136196e-13,239,8.626166447811556e-11,190
CyclicControl,neural,41,QP+G,5,-0.0031495013812560596,-0.1198862959095803,0.4557185499441969,0.1340768135789283,0.16329734378340147,8.13626943596546e-13,232,8.287344421820109e-11,178
CyclicControl,neural,41,QP+G,10,-0.0009812525891692468,-0.09954527579774931,0.2595596828609847,0.04593633476205436,0.0692941349046616,8.104350524007486e-13,225,8.868970141628907e-11,165
CyclicControl,neural,41,QP+G,15,-0.000794571281647955,-0.09710087121614802,0.2024678525985484,0.029784906744921832,0.03227930580746889,8.1347428793066e-13,221,8.195948260347752e-11,159
CyclicControl,neural,41,QP+G,20,-0.0007414158676477783,-0.09582113257411691,0.18618322807984983,0.026619187129677528,0.01913551575138483,8.218425939787721e-13,220,8.408701686335451e-11,158
CyclicControl,neural,41,QP+G,25,-0.0007255410168608836,-0.09575568377047389,0.18357485416115765,0.02590682018617363,0.015546621341208303,8.212874824664596e-13,220,8.392695219350266e-11,158
CyclicControl,neural,41,QP+G,30,-0.0007204480610399769,-0.09568410156795876,0.18233350748634058,0.02569769170147422,0.01477226729724075,8.206629820151079e-13,220,8.382982676080619e-11,158
CyclicControl,neural,41,QP+G,35,-0.0007180324274641597,-0.09559954218503053,0.1816797157850101,0.02560327110158976,0.01460999710030822,8.199413370491015e-13,220,8.372946953827398e-11,158
CyclicControl,neural,41,QP+G,40,-0.0007162283624366947,-0.09550978346014857,0.18128209857173094,0.02553854045783796,0.014566202822159119,8.191641809318639e-13,220,8.361369582821077e-11,158
CyclicControl,neural,41,QP+G,45,-0.0007145574012284888,-0.09542063737897839,0.1809981269579236,0.025482593726860424,0.014544774169842803,8.184009026024341e-13,220,8.348643477928963e-11,158
CyclicControl,neural,41,QP+G,50,-0.0007129156877861396,-0.09533426731879494,0.1807654694957341,0.025429588870925876,0.014527552483736555,8.1766537984862e-13,220,8.33528836230446e-11,158
CyclicControl,neural,41,QP+G,55,-0.0007112820035920067,-0.09525076029457125,0.180556378524622,0.025377693609408888,0.014511128460408832,8.169576126704214e-13,220,8.321640251884865e-11,158
CyclicControl,neural,41,QP+G,60,-0.0007096523963209551,-0.09516946932605963,0.18035829583246094,0.025326280835788827,0.014494866953948622,8.162498454922229e-13,220,8.307874700685947e-11,158
CyclicControl,neural,41,noG,0,-0.02947827835436645,-0.4144462975348892,1.1463252885644828,0.5854211970591852,0.396096270091797,8.482103908136196e-13,239,8.626166447811556e-11,190
CyclicControl,neural,41,noG,5,-0.011363106068836648,-0.1419012658739389,0.9694201518352085,0.5426971439486536,0.39750796552068446,8.630873793435967e-13,240,8.438216791972764e-11,192
CyclicControl,neural,41,noG,10,0.0009421231860471276,-0.0873996373481419,0.9222488023738974,0.5360701746755425,0.3976166916384691,8.708589405159728e-13,240,8.54938342342848e-11,192
CyclicControl,neural,41,noG,15,0.004820035548190227,-0.09767086218093107,0.9279390321520335,0.5358168870327894,0.39730694170080594,8.659739592076221e-13,240,8.477807345030897e-11,192
CyclicControl,neural,41,noG,20,0.0066370462275562765,-0.1033739119483971,0.9303400345011955,0.5358757788603554,0.39711804697157604,8.624212455288216e-13,240,8.426426223451244e-11,192
CyclicControl,neural,41,noG,25,0.007705373092372772,-0.10761410427545132,0.9322793780476255,0.5359477181169247,0.39699572957371365,8.602007994795713e-13,240,8.390710348749053e-11,192
CyclicControl,neural,41,noG,30,0.008427953154246264,-0.11220318234405102,0.935156647052257,0.5360083921625995,0.3969087508463,8.583134203377085e-13,240,8.364131609539527e-11,192
CyclicControl,neural,41,noG,35,0.008966401465469414,-0.11563934567409911,0.9372336889838071,0.5360586379742167,0.39684188882031807,8.568701304056958e-13,240,8.343048474301895e-11,192
CyclicControl,neural,41,noG,40,0.0093981191355863,-0.11840537103992577,0.9388575350488153,0.5361014458894591,0.3967871045979502,8.557599073810707e-13,240,8.32535151928937e-11,192
CyclicControl,neural,41,noG,45,0.009765415527145,-0.12076679634426309,0.9402098967195684,0.5361393044533731,0.39673972307402955,8.546496843564455e-13,240,8.30974178356314e-11,192
CyclicControl,neural,41,noG,50,0.010094219514317677,-0.12315796402766449,0.9416682497212356,0.5361740979143379,0.3966967403018353,8.537615059367454e-13,240,8.295275577552275e-11,192
CyclicControl,neural,41,noG,55,0.010402390787001878,-0.12548329347184128,0.9430936818804511,0.536207312059082,0.3966559968696544,8.528733275170453e-13,240,8.281347829708352e-11,192
CyclicControl,neural,41,noG,60,0.01070401073138785,-0.12776721037746946,0.9444725381137404,0.5362402351472434,0.3966157162830871,8.517631044924201e-13,240,8.267347917367829e-11,192
CyclicControl,neural,41,GDA,0,-0.02947827835436645,-0.4144462975348892,1.1463252885644828,0.5854211970591852,0.396096270091797,8.482103908136196e-13,239,8.626166447811556e-11,190
CyclicControl,neural,41,GDA,5,-0.011363106068836648,-0.1419012658739389,0.9694201518352085,0.5426971439486536,0.39750796552068446,8.630873793435967e-13,240,8.438216791972764e-11,192
CyclicControl,neural,41,GDA,10,0.011803272884270714,-0.135241211679985,0.9557333749117287,0.5428705935074772,0.3997278344552027,8.557599073810707e-13,240,8.32552915497331e-11,192
CyclicControl,neural,41,GDA,15,0.028742809473871395,-0.29421650319261905,1.0042882876024253,0.5423138070635602,0.4007934584719156,8.22897305852166e-13,239,8.208544954868557e-11,190
CyclicControl,neural,41,GDA,20,0.031193476336551527,-0.45743109228586987,0.9688017651260249,0.4904944409609739,0.3981844013162234,8.130163209330021e-13,236,8.697592646100816e-11,185
CyclicControl,neural,41,GDA,25,0.01833742491847417,-0.5667635048989037,0.8193591409669521,0.41010888867673573,0.3916361698703939,8.109068971862143e-13,237,8.430817155513637e-11,188
CyclicControl,neural,41,GDA,30,-0.0029180479241661694,-0.5962312923115284,0.6830080553036973,0.3737095860958598,0.38335544303274255,8.530953721219703e-13,237,8.113754113026062e-11,189
CyclicControl,neural,41,GDA,35,-0.021967318161187157,-0.541090673860925,0.7505576717746857,0.38970403437632706,0.37556832563974957,8.599787548746463e-13,236,8.829792452758056e-11,187
CyclicControl,neural,41,GDA,40,-0.030241213157851617,-0.41294392117826134,0.7800106342734554,0.39679338654296203,0.368576280921813,8.10407296825133e-13,234,8.570813503361308e-11,184
CyclicControl,neural,41,GDA,45,-0.02515200559043507,-0.2622118996247836,0.7438161437945291,0.37205540914979984,0.3614559993151082,8.505418591653324e-13,235,8.800526973828937e-11,185
CyclicControl,neural,41,GDA,50,-0.010307976902943598,-0.13915601656794663,0.6883652320193034,0.338645554159662,0.3538783687831892,8.730793865652231e-13,236,8.498635128972865e-11,187
CyclicControl,neural,41,GDA,55,0.007284690473787983,-0.12451082044069507,0.6922033893343416,0.3388115841659316,0.3467367135419428,8.122391648157645e-13,237,8.700440368158979e-11,187
CyclicControl,neural,41,GDA,60,0.020686076937532497,-0.33885092248086296,0.8738791718082706,0.3925966359341715,0.34146442574400426,8.504308368628699e-13,236,8.557948794063464e-11,186
CyclicControl,neural,41,Adam-GDA,0,-0.02947827835436645,-0.4144462975348892,1.1463252885644828,0.5854211970591852,0.396096270091797,8.482103908136196e-13,239,8.626166447811556e-11,190
CyclicControl,neural,41,Adam-GDA,5,0.018865407784731093,-2.456226029179953,2.6801338417908767,2.2098481173812066,1.4256329241166117,8.930634010084759e-13,250,8.93987106564964e-11,205
CyclicControl,neural,41,Adam-GDA,10,-0.5688502171232841,-1.439419367675377,3.8845192242473354,3.3078034533119,2.2114137389446546,8.899547765395255e-13,250,8.93196627771431e-11,205
CyclicControl,neural,41,Adam-GDA,15,0.42768303791930473,-1.667399312224747,6.579641992786987,6.06611304435132,3.5061936195931853,8.553158181712206e-13,257,8.363176817738349e-11,213
CyclicControl,neural,41,Adam-GDA,20,2.620521607082069,-4.835240901281499,12.594446978425637,12.158381245441273,6.9055366815984005,8.86402062860725e-13,261,8.93276563829204e-11,217
CyclicControl,neural,41,Adam-GDA,25,5.42634962077765,-8.835727617939664,15.063197981302952,14.762621058624376,5.80584406586653,8.206768598029157e-13,263,8.323119971009874e-11,219
CyclicControl,neural,41,Adam-GDA,30,0.11563230212107665,-9.83843696052405,14.29238325143071,14.07169789979287,5.326358631213709,8.206768598029157e-13,264,8.423128861068108e-11,220
CyclicControl,neural,41,Adam-GDA,35,-4.10332475116248,-9.952815082810243,15.219970729648601,15.022253333190836,5.340528084498714,8.313350008393172e-13,264,8.533440620794863e-11,220
CyclicControl,neural,41,Adam-GDA,40,-8.788257405345567,-9.975967047180562,18.213806521612426,18.112760194434344,2.975007766006365,8.348877145181177e-13,264,8.557066166758887e-11,220
CyclicControl,neural,41,Adam-GDA,45,-9.827144295722974,-9.982682493109902,19.776436372554016,19.752473339859854,0.38789916106761607,8.313350008393172e-13,264,8.563638687064667e-11,220
CyclicControl,neural,41,Adam-GDA,50,-9.925964300703281,-9.98458476437907,19.918493597762627,19.90764742706761,0.17017896878731095,8.348877145181177e-13,264,8.565947950955888e-11,220
CyclicControl,neural,41,Adam-GDA,55,-9.95098605468998,-9.984363587582909,19.950173281441995,19.942995875084932,0.11547765152783188,8.331113576787175e-13,264,8.565592679588008e-11,220
CyclicControl,neural,41,Adam-GDA,60,-9.959851042835467,-9.982626654044694,19.960414498865227,19.954618874065844,0.09891428226997982,8.348877145181177e-13,264,8.563283415696787e-11,220
CyclicControl,neural,41,EGM,0,-0.02947827835436645,-0.4144462975348892,1.1463252885644828,0.5854211970591852,0.396096270091797,8.482103908136196e-13,239,8.626166447811556e-11,190
CyclicControl,neural,41,EGM,5,-0.010844604031725071,-0.1403659548313941,0.9474986058688629,0.5227966016348954,0.3876996773513697,8.417710972707937e-13,240,8.123912653701382e-11,192
CyclicControl,neural,41,EGM,10,0.010595166275642953,-0.1313905301273558,0.9114928644064647,0.5032644841026657,0.3799505811959292,8.135714324453147e-13,240,8.562534015155165e-11,191
CyclicControl,neural,41,EGM,15,0.024589518064078823,-0.27589285596579954,0.9342088259377075,0.4819772642404192,0.3710804636189392,8.475442569988445e-13,238,8.981920762707318e-11,188
CyclicControl,neural,41,EGM,20,0.02541038787801376,-0.41328573228198495,0.8764044043094057,0.419450470724168,0.3592711526537966,8.179568133925841e-13,235,8.342304624875396e-11,184
CyclicControl,neural,41,EGM,25,0.014306786857424774,-0.49650205164705186,0.7215465821524506,0.34190998559118374,0.3448213526276907,8.769651671514112e-13,235,8.661593664527345e-11,186
CyclicControl,neural,41,EGM,30,-0.001990194339106745,-0.5075480915063625,0.5964943717250509,0.3023880162799136,0.32975163141237357,8.966161146872764e-13,235,8.934303297181145e-11,186
CyclicControl,neural,41,EGM,35,-0.015409903323152759,-0.44927903769020294,0.6207425196591884,0.3003526172793823,0.31577801604628913,8.816836150060681e-13,234,8.467776480003408e-11,185
CyclicControl,neural,41,EGM,40,-0.02061981993528975,-0.3381872313805573,0.6400646030891488,0.2952622498538484,0.30317137770470226,8.191225475684405e-13,232,8.90046369939057e-11,181
CyclicControl,neural,41,EGM,45,-0.016868238777115952,-0.2235882468102133,0.6168584217280194,0.2717984738014475,0.2913810014243489,8.575362642204709e-13,233,8.706219079002153e-11,182
CyclicControl,neural,41,EGM,50,-0.00722140109938971,-0.11977921447836669,0.5625674863242657,0.2435861568094703,0.2801271539158532,8.690270725253413e-13,234,8.269701590180034e-11,184
CyclicControl,neural,41,EGM,55,0.003618481561959064,-0.10653295232686298,0.5558625110482276,0.23393193697619116,0.2697442763401286,8.817391261572993e-13,234,8.218065117304718e-11,184
CyclicControl,neural,41,EGM,60,0.01141730767976748,-0.25390462082264537,0.6670747227642706,0.25132352460603113,0.260844601483174,8.107958748837518e-13,234,8.573353138530138e-11,182
CyclicControl,neural,41,PPM-3,0,-0.02947827835436645,-0.4144462975348892,1.1463252885644828,0.5854211970591852,0.396096270091797,8.482103908136196e-13,239,8.626166447811556e-11,190
CyclicControl,neural,41,PPM-3,5,-0.01095206055600492,-0.14131391259354495,0.9482494131930365,0.5229295029185963,0.38771335108468385,8.415490526658687e-13,240,8.12092615376514e-11,192
CyclicControl,neural,41,PPM-3,10,0.010399311200022715,-0.129833327541252,0.9105628961264944,0.5032215329571136,0.37998363591331585,8.142375662600898e-13,240,8.57330317849403e-11,191
CyclicControl,neural,41,PPM-3,15,0.024462058357247584,-0.27359056939763526,0.93421258285659,0.48243185270807,0.37117532627291694,8.506528814677949e-13,238,8.129696915659679e-11,189
CyclicControl,neural,41,PPM-3,20,0.025519948531463554,-0.4107043889717435,0.8782111057321806,0.42089326215850353,0.35948183143582846,8.256728634137289e-13,235,8.273487450694006e-11,184
CyclicControl,neural,41,PPM-3,25,0.0146857240834924,-0.4949558446759893,0.7262823027595282,0.3434319266730999,0.3451538445024935,8.742451207410795e-13,235,8.62777072008214e-11,186
CyclicControl,neural,41,PPM-3,30,-0.001496389526475872,-0.5079828910937413,0.5980123922176301,0.30272075878492155,0.33016121089139894,8.972822485020515e-13,235,8.946898777395518e-11,186
CyclicControl,neural,41,PPM-3,35,-0.015054977985830963,-0.4522285236874525,0.6187017007902555,0.30023001872153204,0.316228034467132,8.875122858853501e-13,234,8.542574980729967e-11,185
CyclicControl,neural,41,PPM-3,40,-0.02059947849625104,-0.34284584038013,0.6406504425000694,0.2959566925427231,0.30366806131376756,8.303913112683858e-13,232,8.173195453764492e-11,182
CyclicControl,neural,41,PPM-3,45,-0.017207525266733255,-0.22882547476064233,0.6193998715634897,0.2733264429366512,0.29194286640992745,8.515965710387263e-13,233,8.612446866784751e-11,182
CyclicControl,neural,41,PPM-3,50,-0.00777268675710008,-0.12386960812914867,0.5656738211742629,0.24488785908651625,0.2807415498698285,8.669731599297847e-13,234,8.247380556269945e-11,184
CyclicControl,neural,41,PPM-3,55,0.0030889221611710973,-0.10289082899404582,0.5532213435474972,0.23381980359901122,0.27036231716038506,8.837375276016246e-13,234,8.260031547635549e-11,184
CyclicControl,neural,41,PPM-3,60,0.011123469406547536,-0.24446927818485886,0.6608485609607255,0.25000318407840116,0.261408087330897,8.17068634972884e-13,234,8.704026388528519e-11,182
CyclicControl,neural,42,QP+G,0,-0.00307818542376061,-0.3867418447102892,0.4933760159924804,0.18997726127615824,0.2241180495252982,8.431033649003439e-13,233,8.303352450056423e-11,182
CyclicControl,neural,42,QP+G,5,-0.0005103434925623027,-0.21208494894467916,0.27404604022906226,0.05970127255550304,0.09617101233761625,8.699707620962727e-13,227,8.198744461118679e-11,171
CyclicControl,neural,42,QP+G,10,-0.00014438323164054243,-0.15238121443880875,0.21250239101107357,0.03037984007413795,0.044018843690808176,8.575640197960865e-13,224,8.178726793039992e-11,164
CyclicControl,neural,42,QP+G,15,1.4217966487242546e-05,-0.12852257784753016,0.18305369299869956,0.023479252124171186,0.02425967592886761,8.929246231303978e-13,222,8.538681220415789e-11,161
CyclicControl,neural,42,QP+G,20,3.923550622767057e-05,-0.11877066428561642,0.16719413770394354,0.021674433384485416,0.01821524110972422,8.251732630526476e-13,222,8.838652726383955e-11,160
CyclicControl,neural,42,QP+G,25,1.9228174282256842e-05,-0.11494993579927673,0.1594112972722611,0.021090443763277972,0.01676359403374051,8.873596302194642e-13,221,8.643346802172935e-11,160
CyclicControl,neural,42,QP+G,30,-9.715891617616443e-06,-0.11336493303634267,0.15750828650927495,0.020816594905424996,0.016421846120987415,8.751194213729718e-13,221,8.53991669047538e-11,160
CyclicControl,neural,42,QP+G,35,-3.9435926736395656e-05,-0.11249141237714201,0.1571012535123471,0.020622280981947728,0.016309700854123577,8.683886942861818e-13,221,8.454761543652545e-11,160
CyclicControl,neural,42,QP+G,40,-6.865529860556651e-05,-0.11176634901323282,0.1566649415864637,0.020446040103750028,0.01624437976961108,8.627820680118248e-13,221,8.369720541634429e-11,160
CyclicControl,neural,42,QP+G,45,-9.724052066801032e-05,-0.11101279866171619,0.1560859970466988,0.02027198286565168,0.016189319420359106,8.569672749203505e-13,221,8.279910437836158e-11,160
CyclicControl,neural,42,QP+G,50,-0.00012516751025878805,-0.11019156663724339,0.15538425284203322,0.020096864752437608,0.01613700277166487,8.506251258921793e-13,221,8.184415992151806e-11,160
CyclicControl,neural,42,QP+G,55,-0.00015240660154903867,-0.1093043145517436,0.1547727744848304,0.019920704635735836,0.01608575451947621,8.437833765029268e-13,221,8.981638696670124e-11,159
CyclicControl,neural,42,QP+G,60,-0.00017892383433975735,-0.10836033983453654,0.15417526831096273,0.01974411986029334,0.016035131509860835,8.364836601160164e-13,221,8.86394187216144e-11,159
CyclicControl,neural,42,noG,0,-0.00307818542376061,-0.3867418447102892,0.4933760159924804,0.18997726127615824,0.2241180495252982,8.431033649003439e-13,233,8.303352450056423e-11,182
CyclicControl,neural,42,noG,5,-0.00307818542376061,-0.3867418447102892,0.4933760159924804,0.18997726127615824,0.2241180495252982,8.431033649003439e-13,233,8.303352450056423e-11,182
CyclicControl,neural,42,noG,10,-0.00307818542376061,-0.3867418447102892,0.4933760159924804,0.18997726127615824,0.2241180495252982,8.431033649003439e-13,233,8.303352450056423e-11,182
CyclicControl,neural,42,noG,15,-0.00307818542376061,-0.3867418447102892,0.4933760159924804,0.18997726127615824,0.2241180495252982,8.431033649003439e-13,233,8.303352450056423e-11,182
CyclicControl,neural,42,noG,20,-0.00307818542376061,-0.3867418447102892,0.4933760159924804,0.18997726127615824,0.2241180495252982,8.431033649003439e-13,233,8.303352450056423e-11,182
CyclicControl,neural,42,noG,25,-0.00307818542376061,-0.3867418447102892,0.4933760159924804,0.18997726127615824,0.2241180495252982,8.431033649003439e-13,233,8.303352450056423e-11,182
CyclicControl,neural,42,noG,30,-0.00307818542376061,-0.3867418447102892,0.4933760159924804,0.18997726127615824,0.2241180495252982,8.431033649003439e-13,233,8.303352450056423e-11,182
CyclicControl,neural,42,noG,35,-0.00307818542376061,-0.3867418447102892,0.4933760159924804,0.18997726127615824,0.2241180495252982,8.431033649003439e-13,233,8.303352450056423e-11,182
CyclicControl,neural,42,noG,40,-0.00307818542376061,-0.3867418447102892,0.4933760159924804,0.18997726127615824,0.2241180495252982,8.431033649003439e-13,233,8.303352450056423e-11,182
CyclicControl,neural,42,noG,45,-0.00307818542376061,-0.3867418447102892,0.4933760159924804,0.18997726127615824,0.2241180495252982,8.431033649003439e-13,233,8.303352450056423e-11,182
CyclicControl,neural,42,noG,50,-0.00307818542376061,-0.3867418447102892,0.4933760159924804,0.18997726127615824,0.2241180495252982,8.431033649003439e-13,233,8.303352450056423e-11,182
CyclicControl,neural,42,noG,55,-0.00307818542376061,-0.3867418447102892,0.4933760159924804,0.18997726127615824,0.2241180495252982,8.431033649003439e-13,233,8.303352450056423e-11,182
CyclicControl,neural,42,noG,60,-0.00307818542376061,-0.3867418447102892,0.4933760159924804,0.18997726127615824,0.2241180495252982,8.431033649003439e-13,233,8.303352450056423e-11,182
CyclicControl,neural,42,GDA,0,-0.00307818542376061,-0.3867418447102892,0.4933760159924804,0.18997726127615824,0.2241180495252982,8.431033649003439e-13,233,8.303352450056423e-11,182
CyclicControl,neural,42,GDA,5,-0.008635906112845168,-0.3568098903678364,0.5646983026789657,0.20208808076183177,0.22168969414883485,8.643086246706844e-13,232,8.756051439462453e-11,180
CyclicControl,neural,42,GDA,10,-0.010149217704320606,-0.2928255663907513,0.575367560000651,0.20155874158029802,0.21950146157835848,8.75632899521861e-13,230,8.186691602407592e-11,177
CyclicControl,neural,42,GDA,15,-0.007155966123737135,-0.20448651095472922,0.53004796871043,0.18503836643481344,0.21671861764627168,8.762990333366361e-13,231,8.638575965669304e-11,179
CyclicControl,neural,42,GDA,20,-0.001190355189275237,-0.12004847647838719,0.45526710009170057,0.1674940926229928,0.21312547692581618,8.12128142513302e-13,232,8.532655138004941e-11,180
CyclicControl,neural,42,GDA,25,0.005060324940352319,-0.132728709717253,0.44492240270917605,0.1651022103471127,0.20938836897892718,8.40327807338781e-13,231,8.757916614143824e-11,179
CyclicControl,neural,42,GDA,30,0.008978094142613217,-0.25979918812581826,0.5188342044553061,0.17638912324404366,0.2064981701128569,8.634204462509842e-13,229,8.260858663788895e-11,177
CyclicControl,neural,42,GDA,35,0.009045919094010991,-0.3588699150927939,0.5525610883995499,0.1859436407587842,0.20500419719536087,8.693601394327288e-13,232,8.134737328191477e-11,179
CyclicControl,neural,42,GDA,40,0.00534480651809085,-0.418485121628994,0.5358551362489841,0.18497561687869446,0.20467786761898918,8.21176460163997e-13,234,8.646527938083182e-11,181
CyclicControl,neural,42,GDA,45,-0.0005566332637227539,-0.43331945607289624,0.4837504252593003,0.18013756869902234,0.2047977289881178,8.503198145604074e-13,234,8.297204590057561e-11,182
CyclicControl,neural,42,GDA,50,-0.006222545071500214,-0.4019838459255243,0.5565854371770925,0.18280996350087925,0.20475390385932116,8.764655667903298e-13,233,8.133033135848677e-11,181
CyclicControl,neural,42,GDA,55,-0.009287939691582408,-0.32731991080782136,0.6151181369882793,0.192516510884493,0.20449705574846513,8.810729923425242e-13,231,8.78955658256686e-11,177
CyclicControl,neural,42,GDA,60,-0.008426747359397954,-0.21656024313525185,0.6053346659731855,0.20061271950417037,0.20449216682798033,8.47655279301307e-13,233,8.255657268918526e-11,180
CyclicControl,neural,42,Adam-GDA,0,-0.00307818542376061,-0.3867418447102892,0.4933760159924804,0.18997726127615824,0.2241180495252982,8.431033649003439e-13,233,8.303352450056423e-11,182
CyclicControl,neural,42,Adam-GDA,5,0.043172395291944554,-1.6627312728453798,2.884145418436792,2.246803946778447,1.278390461279828,8.29558643999917e-13,247,8.539347007285869e-11,201
CyclicControl,neural,42,Adam-GDA,10,-0.2687547084342746,-3.9570442664000254,6.798999736715478,6.204967468493022,2.543179645042799,8.5087492607272e-13,255,8.129186213068351e-11,211
CyclicControl,neural,42,Adam-GDA,15,-0.8259764597783139,-3.323971513308525,6.256496582045905,5.773314149728436,5.127999968422905,8.841816168114747e-13,253,8.325340417059124e-11,209
CyclicControl,neural,42,Adam-GDA,20,0.7303403126109028,-4.865617002591852,13.499419791117651,13.1324788914202,4.052903486870802,8.917311333789257e-13,262,8.131983975090407e-11,219
CyclicControl,neural,42,Adam-GDA,25,4.663056655571845,-4.119684146917382,13.483248962519536,13.172163323281719,6.541527064083754,8.686384944667225e-13,263,8.86295481450361e-11,219
CyclicControl,neural,42,Adam-GDA,30,7.402518321093445,-8.780192941359324,16.838105833790053,16.623396362309805,4.574632875272729,8.15347789284715e-13,263,8.289902098113089e-11,219
CyclicControl,neural,42,Adam-GDA,35,3.3735156410856204,-9.855464080436201,16.75124318947752,16.55847167122195,3.6993529935684943,8.242295734817162e-13,264,8.43982661535847e-11,220
CyclicControl,neural,42,Adam-GDA,40,-0.6452606545238628,-9.9632848724595,15.693468504825283,15.48381746873716,4.555983452911302,8.331113576787175e-13,264,8.543210583411565e-11,220
CyclicControl,neural,42,Adam-GDA,45,-3.3959815574208694,-9.983603771801999,17.11747237681149,16.995647034899463,1.6365851770771223,8.313350008393172e-13,264,8.563105780012847e-11,220
CyclicControl,neural,42,Adam-GDA,50,-4.444575623886043,-9.989774096746245,19.031338106838653,18.949436355667167,3.425414714840171,8.36664071357518e-13,264,8.569500664634688e-11,220
CyclicControl,neural,42,Adam-GDA,55,-8.266086732774877,-9.992235898764264,16.799105777194608,16.78194089397125,4.023732535181803,8.331113576787175e-13,264,8.572342835577729e-11,220
CyclicControl,neural,42,Adam-GDA,60,-9.73824920088857,-9.993324495972944,19.611027717128565,19.57703782884776,0.5918738488867832,8.348877145181177e-13,264,8.574296828101069e-11,220
CyclicControl,neural,42,EGM,0,-0.00307818542376061,-0.3867418447102892,0.4933760159924804,0.18997726127615824,0.2241180495252982,8.431033649003439e-13,233,8.303352450056423e-11,182
CyclicControl,neural,42,EGM,5,-0.008220842157743855,-0.3498927806319888,0.5527696338335681,0.19461646377205752,0.21647688426104444,8.474887458476132e-13,232,8.452674671310945e-11,180
CyclicControl,neural,42,EGM,10,-0.009238957587777563,-0.2826853639625164,0.5528468246785259,0.18738902362678883,0.20941496734043819,8.453238109495942e-13,230,8.521476579925746e-11,176
CyclicControl,neural,42,EGM,15,-0.006263409378734732,-0.19837812842797165,0.50390287530973,0.16731284855506895,0.20220302819186123,8.223977054910847e-13,231,8.579122134921846e-11,178
CyclicControl,neural,42,EGM,20,-0.0010624400390009917,-0.11972016122601338,0.4286582541297001,0.1477203475139935,0.1946947322705496,8.315570454442422e-13,231,8.216005653594038e-11,179
CyclicControl,neural,42,EGM,25,0.003959006073701885,-0.12100341986483507,0.40346507872691617,0.14009620576935414,0.18742859463950481,8.448242105885129e-13,230,8.156314512675067e-11,178
CyclicControl,neural,42,EGM,30,0.006811883385090074,-0.22567795484582592,0.4555362672572411,0.141969925875367,0.18111470342869246,8.487377467503165e-13,228,8.234433968024035e-11,175
CyclicControl,neural,42,EGM,35,0.006612760497782578,-0.3066048126381685,0.47931522594252807,0.14255931246185863,0.17605993972124995,8.252842853551101e-13,231,8.501778447911335e-11,176
CyclicControl,neural,42,EGM,40,0.003757523957973838,-0.3509258809645168,0.45681473152883645,0.13673518970538664,0.17197776072441132,8.501532811067136e-13,232,8.721701139080551e-11,178
CyclicControl,neural,42,EGM,45,-0.0003725885071064622,-0.3561441048649679,0.4056037220884396,0.12889215834499754,0.16826016908145186,8.628098235874404e-13,232,8.987850741437597e-11,178
CyclicControl,neural,42,EGM,50,-0.004018068299648884,-0.32345112360113715,0.4452529342189998,0.12515202448608187,0.1644417074813286,8.70692407062279e-13,231,8.517325733592429e-11,177
CyclicControl,neural,42,EGM,55,-0.005747344982484776,-0.2576538315828011,0.48081403745034995,0.12546120206913292,0.16048693667919597,8.56259507742152e-13,229,8.103760718025654e-11,174
CyclicControl,neural,42,EGM,60,-0.00501334453971808,-0.16846119634735324,0.4635999443553609,0.12613052887875736,0.15669223577989594,8.826828157282307e-13,230,8.395141526396088e-11,175
CyclicControl,neural,42,PPM-3,0,-0.00307818542376061,-0.3867418447102892,0.4933760159924804,0.18997726127615824,0.2241180495252982,8.431033649003439e-13,233,8.303352450056423e-11,182
CyclicControl,neural,42,PPM-3,5,-0.00820577043841571,-0.3501662024276051,0.5527067735124371,0.19463888079511665,0.21652114976701173,8.482103908136196e-13,232,8.465167455895539e-11,180
CyclicControl,neural,42,PPM-3,10,-0.009250817447762653,-0.2834791846104241,0.5532524655519648,0.1875857809294316,0.2095039809852275,8.477107904525383e-13,230,8.567564713235498e-11,176
CyclicControl,neural,42,PPM-3,15,-0.006327366820436232,-0.19949061711379426,0.5048473268424052,0.16768900444100265,0.20234262713421325,8.219536162812346e-13,231,8.56298504325892e-11,178
CyclicControl,neural,42,PPM-3,20,-0.0011651975838660848,-0.12118571307688764,0.4304025595157264,0.14803728862312787,0.19488050794771872,8.323342015614799e-13,231,8.222147962477777e-11,179
CyclicControl,neural,42,PPM-3,25,0.003863174180758529,-0.1188674727686784,0.40222496580545297,0.14016770530150416,0.18764005985771864,8.475442569988445e-13,230,8.195577549940936e-11,178
CyclicControl,neural,42,PPM-3,30,0.006775510691993436,-0.2231514657018485,0.4546266311410613,0.14194347304324784,0.18132672089962945,8.546774399320611e-13,228,8.331020595608862e-11,175
CyclicControl,neural,42,PPM-3,35,0.006666486620233539,-0.30472725935946454,0.4793941142124946,0.14271072452421965,0.17625958910812736,8.202882817442969e-13,231,8.411135676844594e-11,176
CyclicControl,neural,42,PPM-3,40,0.0038921334272333857,-0.3501183262172386,0.45848852396116235,0.13709519397166856,0.1721708107586884,8.482103908136196e-13,232,8.685313579448461e-11,178
CyclicControl,neural,42,PPM-3,45,-0.00020640003877303378,-0.35674763235896023,0.4053019501279076,0.12920964093160084,0.16846202197377663,8.642531135194531e-13,232,8.111485094719484e-11,179
CyclicControl,neural,42,PPM-3,50,-0.0038915898159889344,-0.3256720404725156,0.44242954882643143,0.1252460016829875,0.16466101130830155,8.766321002440236e-13,231,8.615343161100242e-11,177
CyclicControl,neural,42,PPM-3,55,-0.0057229857960150975,-0.261508474868758,0.48033957307246333,0.12544010331078767,0.16071590529382915,8.690825836765725e-13,229,8.2951437385681e-11,174
CyclicControl,neural,42,PPM-3,60,-0.0051131117661798575,-0.1724407567533773,0.46465029781480083,0.12615304542898653,0.1569139777227741,8.73912053833692e-13,230,8.243596083534754e-11,175
CyclicControl,neural,43,QP+G,0,0.016345614197341964,-0.5510538825665362,0.8702926223607643,0.40505152338109096,0.30808239512603297,8.759659664292485e-13,236,8.116479710551516e-11,186
CyclicControl,neural,43,QP+G,5,0.003054781939321411,-0.23183640736314687,0.4156314089199433,0.1013717489919343,0.14193033050334095,8.559819519859957e-13,228,8.26983689861116e-11,171
CyclicControl,neural,43,QP+G,10,0.00020835405623996012,-0.09755089741305137,0.21868134144351103,0.0306597579074774,0.06427243619551959,8.415490526658687e-13,222,8.953280131174246e-11,159
CyclicControl,neural,43,QP+G,15,-0.00034060821272818007,-0.07324983007042322,0.16183822005289356,0.015883145542346308,0.02956614616226583,8.442829768640081e-13,219,8.855442074073849e-11,153
CyclicControl,neural,43,QP+G,20,-0.00044539744964155515,-0.06241174046498026,0.13558351401579197,0.012725949126690497,0.015359851671033924,8.609363222333855e-13,217,8.932262915428701e-11,151
CyclicControl,neural,43,QP+G,25,-0.00045949452925353636,-0.05899488050996921,0.12712838440941795,0.012002014702032654,0.01057683511651314,8.907319326567631e-13,216,8.70864517651948e-11,151
CyclicControl,neural,43,QP+G,30,-0.00045651338225418997,-0.05694124743528893,0.12417937175174379,0.011810447220591245,0.009352431492587462,8.790329575347755e-13,216,8.75291306448589e-11,151
CyclicControl,neural,43,QP+G,35,-0.0004511596405963518,-0.0557579222541689,0.12324088918500625,0.01174353875864156,0.009078011594182188,8.822317876244767e-13,216,8.835897638559409e-11,151
CyclicControl,neural,43,QP+G,40,-0.00044554100436672766,-0.05533713984318788,0.12331855588132962,0.011708305027863092,0.009006804675865305,8.887474090002456e-13,216,8.923382432274307e-11,151
CyclicControl,neural,43,QP+G,45,-0.00043982116138576154,-0.05480635273258397,0.12327954515630736,0.011681491040244829,0.008976348172943798,8.951728247552637e-13,216,8.108418884239521e-11,152
CyclicControl,neural,43,QP+G,50,-0.00043398191753028553,-0.05423131695881709,0.12314018166632679,0.011656887826826785,0.008954009929328948,8.107958748837518e-13,217,8.183534232208967e-11,152
CyclicControl,neural,43,QP+G,55,-0.0004280144438168136,-0.053639692128802534,0.12293596295227985,0.011632868920607175,0.008933305685673566,8.15347789284715e-13,217,8.256466517420069e-11,152
CyclicControl,neural,43,QP+G,60,-0.00042191933816685637,-0.05304202331510051,0.12269321131415685,0.011609082414750392,0.008912941479796349,8.195250034148671e-13,217,8.327427376136898e-11,152
CyclicControl,neural,43,noG,0,0.016345614197341964,-0.5510538825665362,0.8702926223607643,0.40505152338109096,0.30808239512603297,8.759659664292485e-13,236,8.116479710551516e-11,186
CyclicControl,neural,43,noG,5,0.016345614197341964,-0.5510538825665362,0.8702926223607643,0.40505152338109096,0.30808239512603297,8.759659664292485e-13,236,8.116479710551516e-11,186
CyclicControl,neural,43,noG,10,0.016345614197341964,-0.5510538825665362,0.8702926223607643,0.40505152338109096,0.30808239512603297,8.759659664292485e-13,236,8.116479710551516e-11,186
CyclicControl,neural,43,noG,15,0.016345614197341964,-0.5510538825665362,0.8702926223607643,0.40505152338109096,0.30808239512603297,8.759659664292485e-13,236,8.116479710551516e-11,186
CyclicControl,neural,43,noG,20,0.016345614197341964,-0.5510538825665362,0.8702926223607643,0.40505152338109096,0.30808239512603297,8.759659664292485e-13,236,8.116479710551516e-11,186
CyclicControl,neural,43,noG,25,0.016345614197341964,-0.5510538825665362,0.8702926223607643,0.40505152338109096,0.30808239512603297,8.759659664292485e-13,236,8.116479710551516e-11,186
CyclicControl,neural,43,noG,30,0.016345614197341964,-0.5510538825665362,0.8702926223607643,0.40505152338109096,0.30808239512603297,8.759659664292485e-13,236,8.116479710551516e-11,186
CyclicControl,neural,43,noG,35,0.016345614197341964,-0.5510538825665362,0.8702926223607643,0.40505152338109096,0.30808239512603297,8.759659664292485e-13,236,8.116479710551516e-11,186
CyclicControl,neural,43,noG,40,0.016345614197341964,-0.5510538825665362,0.8702926223607643,0.40505152338109096,0.30808239512603297,8.759659664292485e-13,236,8.116479710551516e-11,186
CyclicControl,neural,43,noG,45,0.016345614197341964,-0.5510538825665362,0.8702926223607643,0.40505152338109096,0.30808239512603297,8.759659664292485e-13,236,8.116479710551516e-11,186
CyclicControl,neural,43,noG,50,0.016345614197341964,-0.5510538825665362,0.8702926223607643,0.40505152338109096,0.30808239512603297,8.759659664292485e-13,236,8.116479710551516e-11,186
CyclicControl,neural,43,noG,55,0.016345614197341964,-0.5510538825665362,0.8702926223607643,0.40505152338109096,0.30808239512603297,8.759659664292485e-13,236,8.116479710551516e-11,186
CyclicControl,neural,43,noG,60,0.016345614197341964,-0.5510538825665362,0.8702926223607643,0.40505152338109096,0.30808239512603297,8.759659664292485e-13,236,8.116479710551516e-11,186
CyclicControl,neural,43,GDA,0,0.016345614197341964,-0.5510538825665362,0.8702926223607643,0.40505152338109096,0.30808239512603297,8.759659664292485e-13,236,8.116479710551516e-11,186
CyclicControl,neural,43,GDA,5,0.010032236305016144,-0.6198271959497071,0.9026350338991537,0.4114195312547455,0.30917157734655476,8.86846152070575e-13,237,8.957767860806598e-11,187
CyclicControl,neural,43,GDA,10,-0.0004090123127568956,-0.6203114013657303,0.843355303087498,0.3790305545770232,0.3103970714024533,8.875122858853501e-13,237,8.14383560587828e-11,188
CyclicControl,neural,43,GDA,15,-0.010469391003451439,-0.5545935877463442,0.7245301346783473,0.3442479215184626,0.3095233268535299,8.815170815523743e-13,236,8.516637395317161e-11,186
CyclicControl,neural,43,GDA,20,-0.01591060573018336,-0.4307046623841114,0.7944060975160891,0.3373383817830331,0.30662159427304025,8.451572774959004e-13,234,8.144263041742761e-11,183
CyclicControl,neural,43,GDA,25,-0.014536704780312954,-0.26651944074726264,0.78363154394798,0.3539511910943089,0.3039179573367164,8.221201497349284e-13,236,8.342734836297439e-11,185
CyclicControl,neural,43,GDA,30,-0.0071261991123644074,-0.21661008924958394,0.8250821363328101,0.3803429112885379,0.30370154379988673,8.704148513061227e-13,237,8.710182575200065e-11,187
CyclicControl,neural,43,GDA,35,0.0029103662274340253,-0.26726535984930133,0.8955235447545553,0.39595974441371845,0.3059419049964463,8.987255384340642e-13,237,8.200201628838499e-11,188
CyclicControl,neural,43,GDA,40,0.011051516508830087,-0.28656933105942967,0.8627566356734873,0.37825195296147796,0.3080663402638416,8.242295734817162e-13,237,8.706613208175895e-11,186
CyclicControl,neural,43,GDA,45,0.013718204140930728,-0.28849317488218007,0.7493018778655005,0.3300831938899992,0.3072836515750838,8.137934770502397e-13,235,8.133121953690647e-11,183
CyclicControl,neural,43,GDA,50,0.009905048181255802,-0.34694615478659696,0.6446428020460381,0.28444120381569077,0.3031049803075752,8.404943407924748e-13,232,8.71313854400313e-11,182
CyclicControl,neural,43,GDA,55,0.0015835369926176365,-0.442588653665271,0.6419592159483261,0.2834695378475562,0.2977557075321204,8.684719610130287e-13,234,8.517814231723264e-11,184
CyclicControl,neural,43,GDA,60,-0.007316956185566057,-0.48300784316508966,0.7888914897331318,0.3262713562296996,0.2941195905739119,8.530953721219703e-13,235,8.917941385355732e-11,184
CyclicControl,neural,43,Adam-GDA,0,0.016345614197341964,-0.5510538825665362,0.8702926223607643,0.40505152338109096,0.30808239512603297,8.759659664292485e-13,236,8.116479710551516e-11,186
CyclicControl,neural,43,Adam-GDA,5,-0.03222811471894667,-1.5909323295271645,4.128733012315269,3.4921958482666837,1.4737407880513784,8.308909116294672e-13,251,8.33515478859681e-11,206
CyclicControl,neural,43,Adam-GDA,10,0.4958474218587982,-2.9479022759023072,4.9742017629383515,4.39516125006889,3.3164191370906795,8.686384944667225e-13,252,8.988720878733147e-11,207
CyclicControl,neural,43,Adam-GDA,15,-1.0368266156633776,-8.110272679352857,11.11514106726137,10.686336351277598,4.494217160531604,8.348877145181177e-13,262,8.43565217678588e-11,218
CyclicControl,neural,43,Adam-GDA,20,-4.229005593182702,-7.633225829733837,12.766837026743437,12.383822973411485,5.930145907686606,8.72191208145523e-13,261,8.768186177121606e-11,217
CyclicControl,neural,43,Adam-GDA,25,-2.927383254550768,-3.7055953128458725,12.980349463087837,12.65267097278205,5.591103994027308,8.597567102697212e-13,263,8.775380422321177e-11,219
CyclicControl,neural,43,Adam-GDA,30,1.0183188765512963,-5.497284380572296,15.37002533163195,15.12699293770669,3.488834238763995,8.260059303211165e-13,264,8.453504563021852e-11,220
CyclicControl,neural,43,Adam-GDA,35,4.098426868958086,-8.105115297004204,18.054280874798778,17.91300049598129,3.7068309070207155,8.313350008393172e-13,264,8.528644457328483e-11,220
CyclicControl,neural,43,Adam-GDA,40,5.808614129728742,-9.330788438748634,19.296440331802224,19.22251524663754,1.1909772806762877,8.331113576787175e-13,264,8.545164575934905e-11,220
CyclicControl,neural,43,Adam-GDA,45,6.984238772411133,-7.932482178180017,17.901018651219186,17.79039878904509,4.194275151609718,8.331113576787175e-13,264,8.547651475510065e-11,220
CyclicControl,neural,43,Adam-GDA,50,9.763309628293744,-9.680629131326887,19.64672263425146,19.616938126228153,0.6930803776934715,8.313350008393172e-13,264,8.544454033199145e-11,220
CyclicControl,neural,43,Adam-GDA,55,9.929507776900174,-9.973011305681677,19.93212123836765,19.92011601227027,0.19353159577756116,8.348877145181177e-13,264,8.552625274660386e-11,220
CyclicControl,neural,43,Adam-GDA,60,9.931182775348244,-9.989881943043837,19.935246187149772,19.923175394239884,0.23754706881430815,8.331113576787175e-13,264,8.569855936002568e-11,220
CyclicControl,neural,43,EGM,0,0.016345614197341964,-0.5510538825665362,0.8702926223607643,0.40505152338109096,0.30808239512603297,8.759659664292485e-13,236,8.116479710551516e-11,186
CyclicControl,neural,43,EGM,5,0.009610560545174006,-0.6062897176925863,0.8833717975732853,0.3966863925923825,0.30263555379812007,8.673062268371723e-13,237,8.633949111214179e-11,187
CyclicControl,neural,43,EGM,10,-0.0003503117832984417,-0.5940052677349303,0.8083376293417041,0.3529823599186529,0.2973066518962323,8.497647030480948e-13,237,8.424577702115243e-11,187
CyclicControl,neural,43,EGM,15,-0.009165738224142876,-0.5201352877746365,0.678960950994038,0.3095418137219201,0.29005902015620677,8.266720641358916e-13,236,8.511019666812558e-11,185
CyclicControl,neural,43,EGM,20,-0.013386860712726368,-0.3957912788236843,0.7270531488391452,0.2913441251837593,0.2811398003389496,8.629208458899029e-13,233,8.75109151809994e-11,181
CyclicControl,neural,43,EGM,25,-0.011795348375748704,-0.24277215231753313,0.703916569616132,0.2935556468547477,0.2725613144121536,8.144596108650148e-13,235,8.463149625548283e-11,183
CyclicControl,neural,43,EGM,30,-0.005705233079569338,-0.18987831847349163,0.7211490338806581,0.302606277009672,0.26609789493628644,8.444356325298941e-13,236,8.536327200658889e-11,185
CyclicControl,neural,43,EGM,35,0.0018169828996312616,-0.22793544990692605,0.7654015352333899,0.30149786420710933,0.26151864259965724,8.54316617449058e-13,236,8.611727997376306e-11,185
CyclicControl,neural,43,EGM,40,0.007423672093831446,-0.23870692209990044,0.7223475122105761,0.2769975409902725,0.2568170277865622,8.541500839953642e-13,235,8.78359052158828e-11,183
CyclicControl,neural,43,EGM,45,0.008961210278971527,-0.24153131831297353,0.6220197046203302,0.23512364750333412,0.25014889508684934,8.29558643999917e-13,233,8.784806215800245e-11,179
CyclicControl,neural,43,EGM,50,0.006281761647225281,-0.2790475883904004,0.5223758044790415,0.19931671243648216,0.24145059645284478,8.345546476107302e-13,230,8.342493362789583e-11,179
CyclicControl,neural,43,EGM,55,0.001073621089881975,-0.3434522720300569,0.5127088666714519,0.1911498066284975,0.23234775460884863,8.320011346540923e-13,232,8.680045571196615e-11,180
CyclicControl,neural,43,EGM,60,-0.004107598331047749,-0.3684148503277069,0.5979179816374011,0.20493956352770382,0.22460965823944362,8.925638006473946e-13,232,8.651757088529166e-11,180
CyclicControl,neural,43,PPM-3,0,0.016345614197341964,-0.5510538825665362,0.8702926223607643,0.40505152338109096,0.30808239512603297,8.759659664292485e-13,236,8.116479710551516e-11,186
CyclicControl,neural,43,PPM-3,5,0.009650089637686468,-0.6062081321155273,0.8834880263158573,0.39681467765769707,0.30265803419229786,8.673062268371723e-13,237,8.631756420740544e-11,187
CyclicControl,neural,43,PPM-3,10,-0.0002637342614814598,-0.5944049331536935,0.8092822409997611,0.3534015418468114,0.2973574199756642,8.504308368628699e-13,237,8.43305980602338e-11,187
CyclicControl,neural,43,PPM-3,15,-0.00907824478647538,-0.5214787929183825,0.6785790481120205,0.30996044257472966,0.2901591363463227,8.288925101851419e-13,236,8.544065455140526e-11,185
CyclicControl,neural,43,PPM-3,20,-0.013368941294563924,-0.3983583401050888,0.7269618758046748,0.29147373977930213,0.28128580785349294,8.685829833154912e-13,233,8.827652497878091e-11,181
CyclicControl,neural,43,PPM-3,25,-0.011893795635377517,-0.24560255886910243,0.7045893129664318,0.29339954402022167,0.27271317846770965,8.10629341430058e-13,235,8.401648821099172e-11,183
CyclicControl,neural,43,PPM-3,30,-0.005904882446599336,-0.18959916345571656,0.7199145288098908,0.3023792919862571,0.2662184350249206,8.429923425978814e-13,236,8.513123539444223e-11,185
CyclicControl,neural,43,PPM-3,35,0.0015968773656751466,-0.22682517084769774,0.7651109333858952,0.3017747589070474,0.2616266301108603,8.555378627761456e-13,236,8.636691362085003e-11,185
CyclicControl,neural,43,PPM-3,40,0.007292420167010476,-0.23844338103546794,0.724991562871172,0.27819453980080044,0.25698444985513563,8.592571099086399e-13,235,8.878231483322452e-11,183
CyclicControl,neural,43,PPM-3,45,0.008997463245934034,-0.24021732322520734,0.6256790233628823,0.23684836989564903,0.2504351297673327,8.403833184900122e-13,233,8.981884680459018e-11,179
CyclicControl,neural,43,PPM-3,50,0.006485986855378791,-0.27642286596059484,0.5264261788020288,0.20042210916649242,0.24184041984120286,8.266165529846603e-13,230,8.26393953268223e-11,179
CyclicControl,neural,43,PPM-3,55,0.0013612778382793983,-0.34127329296291187,0.5104338477389316,0.1908361625186952,0.23275794459250218,8.267830864383541e-13,232,8.650799521170427e-11,180
CyclicControl,neural,43,PPM-3,60,-0.003866820268046112,-0.36836984642418247,0.5927681145535707,0.20403238935662749,0.22496626247252213,8.923972671937008e-13,232,8.694781006290953e-11,180
CyclicControl,neural,44,QP+G,0,-0.007749912765835717,-0.9807203269006173,1.198285556009474,0.7118698487293761,0.4620910658330043,8.285594432777543e-13,242,8.741585233451588e-11,194
CyclicControl,neural,44,QP+G,5,-0.004492657704528055,-0.36917562778930985,0.5315852809962303,0.1658638946011357,0.19133878986396213,8.943956686380261e-13,232,8.497780257243903e-11,179
CyclicControl,neural,44,QP+G,10,-0.00063691790872759,-0.14788341825800355,0.2775270622150099,0.04859693196846496,0.07956168324979324,8.323342015614799e-13,224,8.199188550328529e-11,165
CyclicControl,neural,44,QP+G,15,0.00030213872278474154,-0.12016775347968438,0.21850746967936185,0.028975789806407134,0.03650072733540623,8.349154700937333e-13,222,8.351904931536147e-11,160
CyclicControl,neural,44,QP+G,20,0.0004253744633328127,-0.11323223014372655,0.19254856452187744,0.025663798256282663,0.022403889126330834,8.740785872873857e-13,221,8.829287821698895e-11,159
CyclicControl,neural,44,QP+G,25,0.0004149192024775728,-0.11264671158900826,0.18837868518712497,0.02513665604985497,0.01898797143867832,8.695544284620382e-13,221,8.873300705314335e-11,159
CyclicControl,neural,44,QP+G,30,0.0004056230288124423,-0.11352147910933973,0.18825847908299406,0.02504212609153906,0.018315303319379018,8.762990333366361e-13,221,8.883365917866648e-11,159
CyclicControl,neural,44,QP+G,35,0.0004041312409722029,-0.11379716000457825,0.1880855438406177,0.024976618461818083,0.018169743965593527,8.784223348712317e-13,221,8.858258571109445e-11,159
CyclicControl,neural,44,QP+G,40,0.0004028921356275002,-0.11373125750450966,0.18777422248960787,0.024901611229397304,0.018115860495595663,8.779227345101503e-13,221,8.826156472352409e-11,159
CyclicControl,neural,44,QP+G,45,0.0004016809094239903,-0.11354082176095677,0.18742742337590057,0.02481915117868048,0.018078463421359894,8.76451689002522e-13,221,8.791003168473477e-11,159
CyclicControl,neural,44,QP+G,50,0.0004004743022799315,-0.11330665077123803,0.18707562489367757,0.024733116011802163,0.01804417478456336,8.74661454375314e-13,221,8.754662619847586e-11,159
CyclicControl,neural,44,QP+G,55,0.0003992708963534056,-0.11305811141736519,0.1867262046905056,0.0246456856129829,0.018010566181925813,8.727185640822199e-13,221,8.717942340252804e-11,159
CyclicControl,neural,44,QP+G,60,0.0003980707404517604,-0.11280552937934296,0.18637995310411115,0.02455787496983427,0.017977172625952515,8.707756737891259e-13,221,8.681176437430604e-11,159
CyclicControl,neural,44,noG,0,-0.007749912765835717,-0.9807203269006173,1.198285556009474,0.7118698487293761,0.4620910658330043,8.285594432777543e-13,242,8.741585233451588e-11,194
CyclicControl,neural,44,noG,5,-0.02321244278160152,-0.9301580808257357,1.1847888087276701,0.7025933945686017,0.46542949859492727,8.731904088676856e-13,241,8.982925514544604e-11,193
CyclicControl,neural,44,noG,10,-0.038080420900240566,-0.7799211612412518,1.1904290231408492,0.6831040364299005,0.4679027225486352,8.135714324453147e-13,240,8.474027035632048e-11,191
CyclicControl,neural,44,noG,15,-0.036219247581726136,-0.5296727560496219,1.184296089841979,0.6358726796564175,0.4644101096949574,8.428813202954188e-13,238,8.700579146037057e-11,189
CyclicControl,neural,44,noG,20,-0.016980877438616107,-0.23985958480230607,1.0499179299248174,0.5944119119532899,0.4580509215515912,8.448797217397441e-13,240,8.431066955694178e-11,192
CyclicControl,neural,44,noG,25,-0.00944473903671525,-0.19878788126042476,1.0321971721849392,0.5938729989344713,0.45549403055794024,8.691936059790351e-13,240,8.75292061053301e-11,192
CyclicControl,neural,44,noG,30,-0.008539900247517513,-0.19499287138697094,1.0303974365362147,0.5941507029638758,0.45514857289011496,8.713030297258229e-13,240,8.779921234491894e-11,192
CyclicControl,neural,44,noG,35,-0.008427235838089244,-0.19452006147658432,1.0301619600595322,0.5941897917648681,0.4551050258161386,8.715250743307479e-13,240,8.783140881263307e-11,192
CyclicControl,neural,44,noG,40,-0.008413116236301409,-0.19446080167647278,1.0301322719123636,0.5941947597280792,0.4550995600342688,8.717471189356729e-13,240,8.783540561552172e-11,192
CyclicControl,neural,44,noG,45,-0.008411345210851602,-0.19445336862096557,1.0301285453354956,0.5941953839461624,0.4550988743298652,8.715250743307479e-13,240,8.783596072703403e-11,192
CyclicControl,neural,44,noG,50,-0.008411123047054414,-0.19445243619046262,1.0301280778164879,0.5941954622673885,0.45509878831059686,8.716360966332104e-13,240,8.783584970473157e-11,192
CyclicControl,neural,44,noG,55,-0.008411095177639615,-0.19445231922137368,1.0301280191677136,0.594195472092692,0.45509877751984773,8.716360966332104e-13,240,8.783596072703403e-11,192
CyclicControl,neural,44,noG,60,-0.00841109168152861,-0.19445230454805057,1.0301280118104401,0.5941954733252409,0.4550987761661894,8.716360966332104e-13,240,8.783584970473157e-11,192
CyclicControl,neural,44,GDA,0,-0.007749912765835717,-0.9807203269006173,1.198285556009474,0.7118698487293761,0.4620910658330043,8.285594432777543e-13,242,8.741585233451588e-11,194
CyclicControl,neural,44,GDA,5,-0.03162902890119733,-0.877887989316591,1.1895835777600952,0.6995552025855919,0.4688242131195521,8.241185511792537e-13,241,8.236245019332955e-11,193
CyclicControl,neural,44,GDA,10,-0.04000166101894664,-0.6707206393807537,1.2101867957173245,0.6677159253598766,0.4687058662266081,8.637535131583718e-13,238,8.2273021728696e-11,189
CyclicControl,neural,44,GDA,15,-0.028671796556147357,-0.38587516541591366,1.1323931167659282,0.612559554342574,0.4630463784853192,8.65085780787922e-13,239,8.39942559949236e-11,191
CyclicControl,neural,44,GDA,20,-0.003323537842480095,-0.18651169623074765,1.0388428708784785,0.6054509531137465,0.45732278757711464,8.889555758173628e-13,240,8.11781752929619e-11,193
CyclicControl,neural,44,GDA,25,0.023307580080425237,-0.338455843037816,1.1799434228178023,0.6511994409504974,0.4549759198094689,8.775202786637237e-13,240,8.777489846067965e-11,192
CyclicControl,neural,44,GDA,30,0.03816130276522295,-0.45032870250148627,1.1698735497123325,0.6378431498882383,0.45351166631960566,8.337774914934926e-13,239,8.472134105375062e-11,190
CyclicControl,neural,44,GDA,35,0.03455873349535424,-0.5059902257112485,1.0163314256388127,0.5349284774364108,0.447889938982558,8.113509863960644e-13,236,8.370182325023734e-11,187
CyclicControl,neural,44,GDA,40,0.015129377586535155,-0.521881220009212,0.7707487772705475,0.41012509821038756,0.43645425642924646,8.29558643999917e-13,236,8.689471364675683e-11,188
CyclicControl,neural,44,GDA,45,-0.010307053790488605,-0.5217973054967247,0.7240475699961624,0.4010325690359057,0.4225935856201922,8.29558643999917e-13,236,8.78279116101055e-11,188
CyclicControl,neural,44,GDA,50,-0.03009758662851439,-0.47445141189645057,0.93641689430692,0.5045714335227808,0.4115113073173125,8.376632720796806e-13,235,8.570283371867049e-11,187
CyclicControl,neural,44,GDA,55,-0.036088932876847765,-0.397949097572021,1.0584423677161212,0.5858575997127744,0.4059318883965385,8.504308368628699e-13,238,8.137662765861364e-11,189
CyclicControl,neural,44,GDA,60,-0.026529706076956188,-0.28153248848049145,1.0649588518463367,0.5926961294246378,0.40464928488731744,8.171241461241152e-13,240,8.664458039930878e-11,191
CyclicControl,neural,44,Adam-GDA,0,-0.007749912765835717,-0.9807203269006173,1.198285556009474,0.7118698487293761,0.4620910658330043,8.285594432777543e-13,242,8.741585233451588e-11,194
CyclicControl,neural,44,Adam-GDA,5,0.18034233321309803,-1.2968963089323589,3.3019976094249124,2.6999136235265224,1.6163768385081954,8.102407633714392e-13,249,8.667289108643672e-11,203
CyclicControl,neural,44,Adam-GDA,10,-0.18922212081659423,-5.859249469688314,7.49872822240334,6.959887896726658,3.1474400646455023,8.260059303211165e-13,259,8.179501520544363e-11,215
CyclicControl,neural,44,Adam-GDA,15,-2.318391031893942,-6.650284588836581,9.32774405826061,8.837724224227838,5.532528281019428,8.43769498715119e-13,260,8.408651552826996e-11,216
CyclicControl,neural,44,Adam-GDA,20,-1.6908103310817846,-2.376048164300432,10.652564190991706,10.24675257041277,5.263485011763235,8.526512829121202e-13,262,8.641620752314338e-11,218
CyclicControl,neural,44,Adam-GDA,25,1.458022531108133,-3.487683424754177,13.279536090456915,12.972296731777949,4.461947415643717,8.189005029635155e-13,264,8.380318661238562e-11,220
CyclicControl,neural,44,Adam-GDA,30,3.840479579326093,-4.039798626885634,13.986730924099922,13.700542884863975,6.051909997573766,8.348877145181177e-13,264,8.527933914592722e-11,220
CyclicControl,neural,44,Adam-GDA,35,7.785105434087059,-7.776613862322472,17.7523607042394,17.593356863941395,4.249410873514614,8.348877145181177e-13,264,8.556177988339186e-11,220
CyclicControl,neural,44,Adam-GDA,40,9.635132506716392,-9.689727605827024,19.673782555390794,19.635205677280858,0.9152673761142709,8.348877145181177e-13,264,8.564704501168308e-11,220
CyclicControl,neural,44,Adam-GDA,45,9.91650232295558,-9.936744809908335,19.923720222492786,19.912208220901952,0.20279245706910515,8.384404281969182e-13,264,8.567191400743468e-11,220
CyclicControl,neural,44,Adam-GDA,50,9.964473540157993,-9.978550178336022,19.966448872382053,19.960789303070204,0.08204275707366879,8.36664071357518e-13,264,8.568612486214988e-11,220
CyclicControl,neural,44,Adam-GDA,55,9.97642562192696,-9.989410453692015,19.977239880904357,19.9732490365351,0.058656659653998765,8.348877145181177e-13,264,8.570033571686508e-11,220
CyclicControl,neural,44,Adam-GDA,60,9.979926454931052,-9.993273910484513,19.980378474391202,19.976924987721738,0.05569487340147618,8.331113576787175e-13,264,8.573941556733189e-11,220
CyclicControl,neural,44,EGM,0,-0.007749912765835717,-0.9807203269006173,1.198285556009474,0.7118698487293761,0.4620910658330043,8.285594432777543e-13,242,8.741585233451588e-11,194
CyclicControl,neural,44,EGM,5,-0.03006954300958726,-0.8567172331864784,1.1626069513487225,0.6741672423719366,0.45723722543443074,8.93507490218326e-13,240,8.818012986466783e-11,192
CyclicControl,neural,44,EGM,10,-0.036153541885587316,-0.639085893745653,1.151890290370798,0.6181176386141687,0.44550040662824847,8.227862835497035e-13,238,8.444678289976082e-11,188
CyclicControl,neural,44,EGM,15,-0.024665301125825552,-0.3597738173579099,1.0502165102361587,0.546219217816224,0.4290304434731882,8.889555758173628e-13,238,8.327460943036158e-11,190
CyclicControl,neural,44,EGM,20,-0.002829185173480665,-0.1737940240559466,0.9413189615785327,0.5202297729624658,0.4130815745834833,8.895106873296754e-13,239,8.601463985513647e-11,191
CyclicControl,neural,44,EGM,25,0.01794147263773807,-0.29622481726054656,1.0354517462732173,0.5336595478073998,0.40037021374362625,8.567591081032333e-13,239,8.930872708035054e-11,190
CyclicControl,neural,44,EGM,30,0.028145704201733887,-0.38790272283141614,1.0066725953458728,0.5026112094263587,0.3888169330033606,8.852918398360998e-13,237,8.234302129039861e-11,188
CyclicControl,neural,44,EGM,35,0.02451852422773407,-0.4295777724704718,0.8618771785541239,0.4105449542455571,0.3749196066278965,8.483769242673134e-13,234,8.987760535816847e-11,184
CyclicControl,neural,44,EGM,40,0.010586033891119534,-0.43795731435007035,0.6496442554639276,0.3138458565643113,0.3578872938013831,8.595901768160275e-13,234,8.230133241582394e-11,186
CyclicControl,neural,44,EGM,45,-0.006121894829521332,-0.42953800239402296,0.5874493385520652,0.2959816054119794,0.34020298038859464,8.429368314466501e-13,234,8.959294417465458e-11,185
CyclicControl,neural,44,EGM,50,-0.018101284296070996,-0.380712053893567,0.7416407797249682,0.34720199460391116,0.32517970700706167,8.301137555122295e-13,233,8.408401752646455e-11,184
CyclicControl,neural,44,EGM,55,-0.020995607926692448,-0.3124659351126899,0.8221276344055832,0.38839384871546756,0.3143076192601959,8.102407633714392e-13,236,8.948428109611939e-11,184
CyclicControl,neural,44,EGM,60,-0.014761802012254055,-0.22310982473788046,0.817633236748245,0.38567240727742563,0.3065519699616717,8.506528814677949e-13,237,8.522571537383783e-11,187
CyclicControl,neural,44,PPM-3,0,-0.007749912765835717,-0.9807203269006173,1.198285556009474,0.7118698487293761,0.4620910658330043,8.285594432777543e-13,242,8.741585233451588e-11,194
CyclicControl,neural,44,PPM-3,5,-0.029991809657784325,-0.8575434390257108,1.162619198350972,0.6743131427136297,0.45723940111165523,8.943956686380261e-13,240,8.830991493624651e-11,192
CyclicControl,neural,44,PPM-3,10,-0.03618179020543303,-0.6415895796715662,1.1521647040424536,0.6187332157203681,0.4455855453837909,8.26116952623579e-13,238,8.498718395699711e-11,188
CyclicControl,neural,44,PPM-3,15,-0.02494229996954793,-0.3642777171446604,1.0526637524754114,0.5470318273278305,0.4292151410399377,8.86402062860725e-13,238,8.294054332225187e-11,190
CyclicControl,neural,44,PPM-3,20,-0.0033067632083325707,-0.17386270020573463,0.940762524471876,0.5199035275848728,0.4133012055170533,8.888445535149003e-13,239,8.593242784016297e-11,191
CyclicControl,neural,44,PPM-3,25,0.017504597374826944,-0.2930375372663985,1.034109780196684,0.5334124755137771,0.4005993094569855,8.587575095475586e-13,239,8.96714924536468e-11,190
CyclicControl,neural,44,PPM-3,30,0.02803181066131437,-0.3857413209902156,1.009294753239603,0.50449013169652,0.3891450567482393,8.921752225887758e-13,237,8.341355384189342e-11,188
CyclicControl,neural,44,PPM-3,35,0.024858056695426477,-0.4288653411182846,0.8686536964885319,0.41440607902478943,0.37545594349646444,8.630318681923654e-13,234,8.920436611603577e-11,184
CyclicControl,neural,44,PPM-3,40,0.011261753560536476,-0.4381199302162601,0.659166761001255,0.31671372447209734,0.35862502111379657,8.59923243723415e-13,234,8.212569513332824e-11,186
CyclicControl,neural,44,PPM-3,45,-0.00541616699627298,-0.43085900771758107,0.5786686313433185,0.2948060296707532,0.34100566118811926,8.455458555545192e-13,234,8.995515443643853e-11,185
CyclicControl,neural,44,PPM-3,50,-0.017698432697087263,-0.3840554796463898,0.7362200111026769,0.34452000104380387,0.325893692404837,8.374412274747556e-13,233,8.516728988716693e-11,184
CyclicControl,neural,44,PPM-3,55,-0.021091904439676505,-0.31703572336797436,0.8203831406688241,0.3875041638226595,0.31488253975397074,8.890665981198254e-13,235,8.75373662445611e-11,184
CyclicControl,neural,44,PPM-3,60,-0.015330984577818667,-0.22928004196995105,0.8207926198173248,0.38717433738231877,0.30705635741835763,8.462119893692943e-13,237,8.447842425596264e-11,187
CyclicControl,neural,45,QP+G,0,-0.003034287148446015,-0.5444277221668828,0.7573368560295957,0.32657396576366216,0.2969458922568231,8.654188476953095e-13,236,8.245815141805224e-11,186
CyclicControl,neural,45,QP+G,5,-0.0023307728859790523,-0.2050208156754264,0.3372601510048188,0.07930280889875682,0.12956584562016246,8.412159857584811e-13,227,8.363387066223638e-11,171
CyclicControl,neural,45,QP+G,10,-0.0009360739048039763,-0.09040196560297671,0.18886557687119787,0.02667522401560575,0.05652248855256706,8.44518899256741e-13,220,8.314386852614764e-11,159
CyclicControl,neural,45,QP+G,15,-0.0005801760160124613,-0.0727078708625607,0.14929429048326587,0.016467806427495048,0.02670528784908128,8.11004041700869e-13,218,8.178161793603866e-11,155
CyclicControl,neural,45,QP+G,20,-0.000529766732433635,-0.07799824910610684,0.14331598427389353,0.014516644632075863,0.0161632276530439,8.259365413820774e-13,218,8.419570943218879e-11,154
CyclicControl,neural,45,QP+G,25,-0.0005283463802506574,-0.07990457637591614,0.14199575321252325,0.014092943995926227,0.013333487790780044,8.461287226424474e-13,218,8.188504041495293e-11,154
CyclicControl,neural,45,QP+G,30,-0.0005298855699073953,-0.08004234248390824,0.14227442887282696,0.013937779043126566,0.012713963966770865,8.475858903622679e-13,218,8.864156110510724e-11,153
CyclicControl,neural,45,QP+G,35,-0.0005301227155130866,-0.079365986587658,0.14223566875231525,0.013824064541644527,0.012567316613907798,8.404388296412435e-13,218,8.623110558936276e-11,153
CyclicControl,neural,45,QP+G,40,-0.0005294162945419292,-0.07832343828644239,0.14200984937331018,0.013713607219637257,0.012512017378454634,8.293921105462232e-13,218,8.377891349414801e-11,153
CyclicControl,neural,45,QP+G,45,-0.000528019047432381,-0.07711770255346098,0.14166596962119862,0.013601907916522086,0.012473947751827552,8.166245457630339e-13,218,8.131535809280388e-11,153
CyclicControl,neural,45,QP+G,50,-0.0005259969543938169,-0.0758382276468083,0.14124273924952901,0.013489772849877657,0.012438914550587222,8.923001226790461e-13,217,8.762422384900326e-11,152
CyclicControl,neural,45,QP+G,55,-0.0005233674401168402,-0.074523368962741,0.1407620445720786,0.01337829710466237,0.012404162393062646,8.76826389273333e-13,217,8.492414410588012e-11,152
CyclicControl,neural,45,QP+G,60,-0.000520141499925011,-0.07318911470212144,0.1402359467292573,0.013268184508848587,0.012369152314914613,8.611306112626949e-13,217,8.22589730706258e-11,152
CyclicControl,neural,45,noG,0,-0.003034287148446015,-0.5444277221668828,0.7573368560295957,0.32657396576366216,0.2969458922568231,8.654188476953095e-13,236,8.245815141805224e-11,186
CyclicControl,neural,45,noG,5,-0.010377978716123115,-0.4556224692828695,0.6889099499567063,0.29758709917187093,0.2943408437384161,8.941181128818698e-13,234,8.937850459744823e-11,183
CyclicControl,neural,45,noG,10,-0.01239364650120165,-0.39477354534311593,0.7098467463711952,0.29581166229523914,0.29197520301545044,8.608114221431151e-13,233,8.354086866724231e-11,182
CyclicControl,neural,45,noG,15,-0.012586780864249913,-0.38417472768693217,0.7117465671720584,0.29605922581585575,0.2914760626141149,8.377187832309119e-13,233,8.100220494355881e-11,182
CyclicControl,neural,45,noG,20,-0.012616892513085093,-0.38229827182371473,0.7120218610042471,0.29611525975457414,0.291386025677975,8.336109580397988e-13,233,8.951042684834931e-11,181
CyclicControl,neural,45,noG,25,-0.012622140453049546,-0.3819634042583586,0.7120691157196755,0.29612562387743746,0.2913699093993395,8.328893130737924e-13,233,8.942288576285762e-11,181
CyclicControl,neural,45,noG,30,-0.012623074447829301,-0.38190355194062575,0.7120775022974191,0.29612748781138565,0.2913670273427601,8.327782907713299e-13,233,8.940720386263479e-11,181
CyclicControl,neural,45,noG,35,-0.012623241304184282,-0.3818928512718963,0.7120789997894452,0.29612782142109223,0.29136651202701747,8.327782907713299e-13,233,8.940442830507322e-11,181
CyclicControl,neural,45,noG,40,-0.012623271132949069,-0.3818909380614271,0.712079267470676,0.2961278810800855,0.2913664198903377,8.327227796200987e-13,233,8.940392870471214e-11,181
CyclicControl,neural,45,noG,45,-0.012623276466056954,-0.3818905959887005,0.712079315328839,0.29612789174719767,0.2913664034166981,8.327227796200987e-13,233,8.94038454379853e-11,181
CyclicControl,neural,45,noG,50,-0.012623277419588571,-0.3818905348276313,0.7120793238856024,0.2961278936544425,0.2913664004712834,8.327227796200987e-13,233,8.940381768240968e-11,181
CyclicControl,neural,45,noG,55,-0.012623277590075255,-0.381890523892328,0.712079325415508,0.2961278939954487,0.2913663999446574,8.327227796200987e-13,233,8.940378992683407e-11,181
CyclicControl,neural,45,noG,60,-0.012623277620557642,-0.3818905219371359,0.7120793256890493,0.29612789405641915,0.29136639985049845,8.327227796200987e-13,233,8.940381768240968e-11,181
CyclicControl,neural,45,GDA,0,-0.003034287148446015,-0.5444277221668828,0.7573368560295957,0.32657396576366216,0.2969458922568231,8.654188476953095e-13,236,8.245815141805224e-11,186
CyclicControl,neural,45,GDA,5,-0.010377978716123115,-0.4556224692828695,0.6889099499567063,0.29758709917187093,0.2943408437384161,8.941181128818698e-13,234,8.937850459744823e-11,183
CyclicControl,neural,45,GDA,10,-0.013251477715393081,-0.3184084229523291,0.718768300954335,0.3047728569321601,0.29078562117603046,8.730238754139918e-13,233,8.460912526153663e-11,181
CyclicControl,neural,45,GDA,15,-0.010312078796952024,-0.22431723812275153,0.7455157801423399,0.33273415017738917,0.28904688269448475,8.286704655802168e-13,236,8.2859441530303e-11,185
CyclicControl,neural,45,GDA,20,-0.002862340293065288,-0.25812160678099677,0.8358162600485803,0.3538274661344334,0.29019893558868104,8.264500195309665e-13,237,8.760514536021446e-11,186
CyclicControl,neural,45,GDA,25,0.005678884587618256,-0.26873427472876865,0.8331015185355523,0.3468523450222105,0.2924207936930378,8.970602038971265e-13,236,8.35621571937395e-11,186
CyclicControl,neural,45,GDA,30,0.011323171582797944,-0.25339042866907885,0.738066605882685,0.312672406732297,0.29273148284040906,8.56037463137227e-13,235,8.752401581268998e-11,183
CyclicControl,neural,45,GDA,35,0.011399668534660618,-0.31482197470401846,0.664792592603334,0.2747246518356249,0.28979759065067123,8.47877323906232e-13,232,8.158904107880005e-11,181
CyclicControl,neural,45,GDA,40,0.0058632075452716426,-0.4286423848798953,0.6060846266715211,0.263973130080422,0.2850758339931807,8.411604746072499e-13,234,8.895242875617271e-11,183
CyclicControl,neural,45,GDA,45,-0.002666511183777449,-0.4931308062775649,0.7058892418697591,0.2907734925082362,0.28132931184022125,8.710809851208978e-13,235,8.259654071807176e-11,185
CyclicControl,neural,45,GDA,50,-0.010176560728476482,-0.49337422316655266,0.8046657507674719,0.32077853186927674,0.2798782366649755,8.714140520282854e-13,235,8.74698924402395e-11,184
CyclicControl,neural,45,GDA,55,-0.013190652086310484,-0.4324348912473435,0.8046029170770435,0.3143720775198121,0.27938152137387773,8.485989688722384e-13,234,8.258846384556762e-11,182
CyclicControl,neural,45,GDA,60,-0.01038312835643424,-0.3217444367198966,0.7139006056327262,0.26963381393237285,0.27741611610970984,8.549827512638331e-13,233,8.881362312251895e-11,181
CyclicControl,neural,45,Adam-GDA,0,-0.003034287148446015,-0.5444277221668828,0.7573368560295957,0.32657396576366216,0.2969458922568231,8.654188476953095e-13,236,8.245815141805224e-11,186
CyclicControl,neural,45,Adam-GDA,5,0.03393984189631864,-1.2530438722295858,2.121825772797779,1.6515123821431634,1.347715997241197,8.575362642204709e-13,244,8.841283261062927e-11,198
CyclicControl,neural,45,Adam-GDA,10,-0.19854367195900763,-3.3847906521997073,5.710196664099661,5.093272408359742,2.819616888493193,8.979483823168266e-13,253,8.428013842376458e-11,209
CyclicControl,neural,45,Adam-GDA,15,-0.21753638472217468,-3.8053865082030756,8.49691702213454,7.961287032470716,3.2076044802770642,8.171241461241152e-13,257,8.830891573552435e-11,212
CyclicControl,neural,45,Adam-GDA,20,0.4145133918503861,-5.267013711294437,11.51160033083422,11.027359096901705,6.544468173847954,8.801848139228241e-13,259,8.745182356051373e-11,215
CyclicControl,neural,45,Adam-GDA,25,0.803749763858737,-6.500226790176067,11.744244847458845,11.430307302179209,5.839991738123542,8.242295734817162e-13,260,8.273470797348637e-11,216
CyclicControl,neural,45,Adam-GDA,30,0.05870870651321337,-9.516773606950744,18.95878712946402,18.861951204029715,0.7546595892511454,8.846257060213247e-13,263,8.122746919525525e-11,220
CyclicControl,neural,45,Adam-GDA,35,0.006296710630830613,-9.806614297010693,19.630448715018407,19.58081103303102,0.5296924064218445,8.22453216642316e-13,264,8.406253471093805e-11,220
CyclicControl,neural,45,Adam-GDA,40,-0.006049555118074954,-9.77232672655763,19.548285357450606,19.48815215932203,1.0070219800557272,8.15347789284715e-13,264,8.359535286217579e-11,220
CyclicControl,neural,45,Adam-GDA,45,-0.06781956686633152,-9.287103214120794,18.492589855899492,18.353566034660947,3.229567113863841,8.615330671091215e-13,263,8.781064764207258e-11,219
CyclicControl,neural,45,Adam-GDA,50,-0.47580549881786227,-7.26106053725874,14.395454893614598,14.165837369021322,6.755575249501979,8.268941087408166e-13,261,8.398881590210294e-11,217
CyclicControl,neural,45,Adam-GDA,55,1.0203011371406907,-7.986832130101889,17.43635383781451,17.28857285119154,4.0904584661035654,8.775202786637237e-13,263,8.956746455623943e-11,219
CyclicControl,neural,45,Adam-GDA,60,0.9421161115725056,-9.586855761054364,17.074671312442664,16.974480388664183,3.652004571435904,8.881784197001252e-13,263,8.202150070246716e-11,220
CyclicControl,neural,45,EGM,0,-0.003034287148446015,-0.5444277221668828,0.7573368560295957,0.32657396576366216,0.2969458922568231,8.654188476953095e-13,236,8.245815141805224e-11,186
CyclicControl,neural,45,EGM,5,-0.0099298029411569,-0.4458335450841632,0.6742936897480775,0.28702562299744666,0.28777509944936286,8.749112545558546e-13,234,8.624570502213658e-11,183
CyclicControl,neural,45,EGM,10,-0.012116566246242359,-0.30487633483573817,0.6861627534335801,0.2822430219248275,0.2779295906505198,8.313350008393172e-13,233,8.65526261772942e-11,180
CyclicControl,neural,45,EGM,15,-0.009026221780434978,-0.2117412133105155,0.6965837510276327,0.29486009088550497,0.2699196320341424,8.563150188933832e-13,235,8.123238193213922e-11,184
CyclicControl,neural,45,EGM,20,-0.0024602482316695333,-0.2352125959099072,0.7603217783833452,0.300035364115644,0.2644697786980003,8.346656699131927e-13,236,8.246747729145909e-11,185
CyclicControl,neural,45,EGM,25,0.004366885504132676,-0.24038413685838944,0.7419253205616787,0.28228970076344573,0.25986975584585803,8.857359290459499e-13,235,8.372588733429609e-11,184
CyclicControl,neural,45,EGM,30,0.008374162458052602,-0.22480584773184326,0.6462701092449028,0.24547651978717244,0.25377554175986905,8.271716644969729e-13,234,8.371217607994197e-11,181
CyclicControl,neural,45,EGM,35,0.008010685370411665,-0.2699627249455927,0.5682325193681765,0.20917834687532522,0.2454078955297541,8.921197114375445e-13,230,8.662742745357832e-11,178
CyclicControl,neural,45,EGM,40,0.0038441057082495432,-0.3497661002119222,0.49883126248625886,0.19411770517317817,0.23605936888194387,8.473777235451507e-13,232,8.966288822520596e-11,180
CyclicControl,neural,45,EGM,45,-0.00189118212974377,-0.3936766740786877,0.5646075870544314,0.2022331203214545,0.2277032437804231,8.583689314889398e-13,233,8.780032256794357e-11,181
CyclicControl,neural,45,EGM,50,-0.006479308370687648,-0.38618493195046133,0.6327500001395672,0.21084791905983422,0.2211282480782184,8.421041641781812e-13,233,8.829090236694981e-11,180
CyclicControl,neural,45,EGM,55,-0.00800068489918046,-0.3329658073621643,0.6233539808810685,0.1990796920624865,0.215413289924522,8.962830477798889e-13,231,8.809235285678341e-11,177
CyclicControl,neural,45,EGM,60,-0.006095893160063548,-0.24505955314203992,0.5462875203107813,0.16903203704208314,0.20910198303168012,8.108513860349831e-13,231,8.578421306637551e-11,177
CyclicControl,neural,45,PPM-3,0,-0.003034287148446015,-0.5444277221668828,0.7573368560295957,0.32657396576366216,0.2969458922568231,8.654188476953095e-13,236,8.245815141805224e-11,186
CyclicControl,neural,45,PPM-3,5,-0.009906781127129874,-0.44637209898397856,0.6742926972594238,0.28711199419165,0.2878157203467673,8.760214775804798e-13,234,8.638040283059922e-11,183
CyclicControl,neural,45,PPM-3,10,-0.012119878588232184,-0.3062870896998021,0.6863312202491464,0.2821470456139389,0.2780034870506006,8.286149544289856e-13,233,8.615724800264957e-11,180
CyclicControl,neural,45,PPM-3,15,-0.00909791217089653,-0.21232714647384968,0.6961161459160328,0.2946523189756277,0.26999378744861113,8.544276397515205e-13,235,8.995273970135997e-11,183
CyclicControl,neural,45,PPM-3,20,-0.0025961441895438957,-0.2348602398838175,0.759757189591939,0.3000804043475885,0.2645312359855777,8.343326030058051e-13,236,8.242745375142135e-11,185
CyclicControl,neural,45,PPM-3,25,0.004226262134639003,-0.24054833864044994,0.7432634155396378,0.282912270588555,0.25995686623069647,8.879563750952002e-13,235,8.408737595111404e-11,184
CyclicControl,neural,45,PPM-3,30,0.008313807706929851,-0.22458989746342642,0.648922524922703,0.24654966686868188,0.2539458868021462,8.327782907713299e-13,234,8.47447390039946e-11,181
CyclicControl,neural,45,PPM-3,35,0.00808841906219522,-0.268261229438459,0.5710894281775942,0.21007327488165156,0.24567573996261124,8.151812558310212e-13,231,8.569633891397643e-11,178
CyclicControl,neural,45,PPM-3,40,0.004047936208023134,-0.3470806654231713,0.5020627331070269,0.19416347701815445,0.23637339561685627,8.408829188510936e-13,232,8.905004511561287e-11,180
CyclicControl,neural,45,PPM-3,45,-0.0016467630465310224,-0.39289343028299284,0.5600021454526252,0.20167359091849346,0.2279963702867352,8.56703596952002e-13,233,8.778577864632098e-11,181
CyclicControl,neural,45,PPM-3,50,-0.006313009360818583,-0.38772281450258606,0.6314010264382172,0.21082583112833994,0.22139179953427754,8.454348332520567e-13,233,8.912126592264258e-11,180
CyclicControl,neural,45,PPM-3,55,-0.008002266849211499,-0.33685814821068816,0.6257340752658773,0.20028793294335345,0.2157087148456415,8.161249454019526e-13,232,8.115590144353035e-11,178
CyclicControl,neural,45,PPM-3,60,-0.006277234152525292,-0.25095728659412564,0.552317766337088,0.1709234443952609,0.20949495875542556,8.112399640936019e-13,231,8.517847538414003e-11,177
CyclicControl,neural,46,QP+G,0,-0.04123301142954973,-0.638779524457907,1.2853846756625782,0.6956437466297898,0.453064256245867,8.326672684688674e-13,238,8.908929149953337e-11,188
CyclicControl,neural,46,QP+G,5,-0.00397480414964042,-0.15265085645787388,0.4770051759059323,0.15059237056960184,0.17880656154326677,8.730793865652231e-13,231,8.804330875467059e-11,177
CyclicControl,neural,46,QP+G,10,-0.0002469233481062785,-0.1357517681501472,0.27576728043701465,0.058897883336104837,0.07607523712212108,8.754386104925516e-13,223,8.59953358522958e-11,165
CyclicControl,neural,46,QP+G,15,0.00026320364876950193,-0.13125431183555933,0.2244068560786227,0.04379823067927378,0.036436652360569324,8.208156376809939e-13,223,8.656630620662575e-11,164
CyclicControl,neural,46,QP+G,20,0.0003760336891810797,-0.13249095522056567,0.22685831061679854,0.04170632013936047,0.022597887792800704,8.283651542484449e-13,223,8.667091003222716e-11,164
CyclicControl,neural,46,QP+G,25,0.0003992573354348841,-0.13634709315735263,0.23372236828187634,0.04157532396191972,0.018881926960654886,8.524847494584264e-13,223,8.700676290551712e-11,164
CyclicControl,neural,46,QP+G,30,0.00040079532328727105,-0.13687266487044336,0.23461683875322026,0.04158461413468082,0.018585534258424418,8.558154185323019e-13,223,8.705402024244968e-11,164
CyclicControl,neural,46,QP+G,35,0.00040083685933551194,-0.13688924281481052,0.23464481936158477,0.04158493489435476,0.01857700267573135,8.558709296835332e-13,223,8.705540455178351e-11,164
CyclicControl,neural,46,QP+G,40,0.0004008387793229007,-0.1368900133317335,0.23464611952315023,0.04158494982481519,0.018576607332333624,8.559264408347644e-13,223,8.70554704712756e-11,164
CyclicControl,neural,46,QP+G,45,0.0004008388698763215,-0.13689004968133867,0.2346461808583338,0.04158495052921582,0.018576588684380127,8.558986852591488e-13,223,8.70554704712756e-11,164
CyclicControl,neural,46,QP+G,50,0.00040083887415110874,-0.13689005139732774,0.23464618375383817,0.041584950562469164,0.018576587804054974,8.558986852591488e-13,223,8.70554704712756e-11,164
CyclicControl,neural,46,QP+G,55,0.00040083887435300616,-0.13689005147837313,0.2346461838905911,0.041584950564039776,0.018576587762477635,8.558986852591488e-13,223,8.70554704712756e-11,164
CyclicControl,neural,46,QP+G,60,0.00040083887436249467,-0.13689005148218167,0.2346461838970178,0.04158495056411361,0.018576587760523827,8.559264408347644e-13,223,8.70554704712756e-11,164
CyclicControl,neural,46,noG,0,-0.04123301142954973,-0.638779524457907,1.2853846756625782,0.6956437466297898,0.453064256245867,8.326672684688674e-13,238,8.908929149953337e-11,188
CyclicControl,neural,46,noG,5,-0.02706257940606647,-0.3368631963317049,1.1260533721996149,0.6035649323405892,0.45078250146335846,8.231193504570911e-13,240,8.867895306963192e-11,191
CyclicControl,neural,46,noG,10,-0.0017520044205860442,-0.13634734535934573,0.9685201741529987,0.5568242785275814,0.44699216140679293,8.681944052568724e-13,240,8.650025140610751e-11,192
CyclicControl,neural,46,noG,15,0.004403051402261026,-0.16045669664158219,0.9878538978314035,0.5569751299981569,0.4453104984151144,8.630873793435967e-13,240,8.580081090059366e-11,192
CyclicControl,neural,46,noG,20,0.005425256306902413,-0.16644051531277285,0.992474661133925,0.5572383675798018,0.4449833078761936,8.615330671091215e-13,240,8.559808417629711e-11,192
CyclicControl,neural,46,noG,25,0.005624057867989857,-0.1676073031382342,0.9933570027705492,0.557296146489332,0.4449181363681726,8.612000002017339e-13,240,8.555567365675643e-11,192
CyclicControl,neural,46,noG,30,0.005663997371270947,-0.16784183880913917,0.9935336277740314,0.5573080040725813,0.4449049832219858,8.610889778992714e-13,240,8.554712493946681e-11,192
CyclicControl,neural,46,noG,35,0.005672074242235106,-0.16788927360034966,0.9935693202723967,0.5573104120893678,0.4449023208506872,8.610889778992714e-13,240,8.554545960492987e-11,192
CyclicControl,neural,46,noG,40,0.005673709787061859,-0.16789887923247418,0.993576546845068,0.5573109001188714,0.4449017816276095,8.612000002017339e-13,240,8.554490449341756e-11,192
CyclicControl,neural,46,noG,45,0.005674041070001022,-0.16790082488160338,0.9935780105584935,0.5573109989871602,0.44490167240277423,8.610889778992714e-13,240,8.55447934711151e-11,192
CyclicControl,neural,46,noG,50,0.005674108175700277,-0.1679012189986824,0.9935783070510338,0.557311019014924,0.4449016502776847,8.613110225041964e-13,240,8.554490449341756e-11,192
CyclicControl,neural,46,noG,55,0.005674121768981289,-0.1679012988331116,0.993578367110038,0.5573110230718767,0.4449016457959042,8.610889778992714e-13,240,8.554501551572002e-11,192
CyclicControl,neural,46,noG,60,0.005674124522577462,-0.1679013150052031,0.9935783792762111,0.5573110238936979,0.4449016448880278,8.610889778992714e-13,240,8.554490449341756e-11,192
CyclicControl,neural,46,GDA,0,-0.04123301142954973,-0.638779524457907,1.2853846756625782,0.6956437466297898,0.453064256245867,8.326672684688674e-13,238,8.908929149953337e-11,188
CyclicControl,neural,46,GDA,5,-0.02706257940606647,-0.3368631963317049,1.1260533721996149,0.6035649323405892,0.45078250146335846,8.231193504570911e-13,240,8.867895306963192e-11,191
CyclicControl,neural,46,GDA,10,0.0005759525629717612,-0.13903552937472924,0.9711464862387145,0.55754729840065,0.4469773372252866,8.677503160470224e-13,240,8.650202776294691e-11,192
CyclicControl,neural,46,GDA,15,0.02733415343190817,-0.30609272704057283,1.0714682401663749,0.5815145454254805,0.44321043653283154,8.86846152070575e-13,239,8.508715954036461e-11,191
CyclicControl,neural,46,GDA,20,0.039882656616894205,-0.45082913823864695,1.0501282126812872,0.5654774998746739,0.437989618579891,8.573142196155459e-13,237,8.96887009105285e-11,187
CyclicControl,neural,46,GDA,25,0.03310963076912934,-0.5531626753974692,0.914882642284694,0.4902584533478765,0.42916963733902347,8.790745908981989e-13,236,8.542550000711913e-11,188
CyclicControl,neural,46,GDA,30,0.011994886443811421,-0.6008145448383085,0.7099868670807803,0.4204924084708256,0.4170205895939705,8.593126210598712e-13,237,8.760581149402924e-11,189
CyclicControl,neural,46,GDA,35,-0.012375645637029493,-0.5970774275134612,0.7735780654279878,0.41920310307298864,0.40412017956433915,8.544276397515205e-13,237,8.575362642204709e-11,189
CyclicControl,neural,46,GDA,40,-0.029292502735060028,-0.5509640711018551,0.887289696269645,0.4669526629947855,0.3930419335261082,8.76076988731711e-13,236,8.141587404253414e-11,188
CyclicControl,neural,46,GDA,45,-0.033060196265431246,-0.4652236975898908,0.9979288703043699,0.5105454650316668,0.3848929683263037,8.466560785791444e-13,236,8.417710972707937e-11,186
CyclicControl,neural,46,GDA,50,-0.023872632922001955,-0.3486557495932871,1.0219913251019874,0.5187538227767402,0.37963122624809886,8.670841822322473e-13,238,8.650052896186367e-11,189
CyclicControl,neural,46,GDA,55,-0.006114844223830368,-0.21125497923916836,0.9602961741365219,0.49952540346708485,0.3768519135020794,8.679723606519474e-13,239,8.167261311697871e-11,191
CyclicControl,neural,46,GDA,60,0.013714450467723247,-0.20722179416181136,0.959146493477367,0.5110940832674449,0.37611657349664884,8.713030297258229e-13,239,8.168660192708899e-11,191
CyclicControl,neural,46,Adam-GDA,0,-0.04123301142954973,-0.638779524457907,1.2853846756625782,0.6956437466297898,0.453064256245867,8.326672684688674e-13,238,8.908929149953337e-11,188
CyclicControl,neural,46,Adam-GDA,5,0.18935825929653263,-1.555779129255651,2.275524273474648,1.7768060198623932,1.3133128037619703,8.624212455288216e-13,246,8.274358975768337e-11,201
CyclicControl,neural,46,Adam-GDA,10,-0.6263897992699223,-2.971215926463932,4.181276259399164,3.681696381462677,2.565020224930393,8.752998326144734e-13,252,8.384359873048197e-11,208
CyclicControl,neural,46,Adam-GDA,15,-1.1107516816075587,-5.192443912530089,9.519404860810091,8.98346616893036,4.8613615830403045,8.135714324453147e-13,258,8.838973997171706e-11,213
CyclicControl,neural,46,Adam-GDA,20,-2.3766020945520525,-3.170651699309709,11.693271295531712,11.29101368668752,5.816378627408921,8.757439218243235e-13,262,8.885159274996113e-11,218
CyclicControl,neural,46,Adam-GDA,25,0.8408906251790139,-1.6048354332720625,11.402259915953364,11.08551750253267,5.471981021661033,8.189005029635155e-13,264,8.379075211450981e-11,220
CyclicControl,neural,46,Adam-GDA,30,4.993803997604319,-4.281132773957511,14.222336680168329,13.963794550510205,5.75669202087366,8.277822871605167e-13,264,8.519940308815421e-11,220
CyclicControl,neural,46,Adam-GDA,35,9.09040031952957,-8.596166389479778,18.562651409896116,18.47365835056287,2.122080207676352,8.313350008393172e-13,264,8.545697482986725e-11,220
CyclicControl,neural,46,Adam-GDA,40,9.882789806080662,-9.863688692589172,19.832429074328964,19.81328697786087,0.26240261961175343,8.313350008393172e-13,264,8.548539653929765e-11,220
CyclicControl,neural,46,Adam-GDA,45,9.935356077151374,-9.973155892193779,19.9260551540655,19.914993331738984,0.21075556567641765,8.313350008393172e-13,264,8.553691088764026e-11,220
CyclicControl,neural,46,Adam-GDA,50,9.824071949956176,-9.990193900787315,19.820781781626508,19.799469759881713,0.7827816332352773,8.331113576787175e-13,264,8.571809928525909e-11,220
CyclicControl,neural,46,Adam-GDA,55,7.3276817193901485,-9.994723373520607,18.324643010587003,18.240443351017962,4.68777761839309,8.36664071357518e-13,264,8.575895549256529e-11,220
CyclicControl,neural,46,Adam-GDA,60,3.321858915626907,-9.996390273758891,17.016177757001103,16.875680206476275,4.509856887156214,8.384404281969182e-13,264,8.57767190609593e-11,220
CyclicControl,neural,46,EGM,0,-0.04123301142954973,-0.638779524457907,1.2853846756625782,0.6956437466297898,0.453064256245867,8.326672684688674e-13,238,8.908929149953337e-11,188
CyclicControl,neural,46,EGM,5,-0.02568005312121944,-0.32863386561320007,1.0979067395423134,0.5806250389445969,0.4390120774752916,8.913980664715382e-13,239,8.531952921941865e-11,191
CyclicControl,neural,46,EGM,10,0.0004472726290066308,-0.13940393945526053,0.9289859843831412,0.5180489813630711,0.4240572554881436,8.234524173644786e-13,240,8.891343217243275e-11,191
CyclicControl,neural,46,EGM,15,0.023257301034448105,-0.2926046695402821,1.0000259985879234,0.5187674806491978,0.4096562940789479,8.197886813832156e-13,239,8.395439898833956e-11,190
CyclicControl,neural,46,EGM,20,0.03246178024282239,-0.41867269234642945,0.9597217163021812,0.4874050484504121,0.39463788258371385,8.599787548746463e-13,236,8.490402825245269e-11,186
CyclicControl,neural,46,EGM,25,0.026043237049496945,-0.5014789750726054,0.8228378913650465,0.41448606283636513,0.37767606325946884,8.855138844410249e-13,235,8.986406063726804e-11,186
CyclicControl,neural,46,EGM,30,0.009616068464671694,-0.534393251548431,0.6394511791401954,0.3522968022811964,0.3593565903964061,8.493206138382448e-13,236,8.998107814406353e-11,187
CyclicControl,neural,46,EGM,35,-0.007997741538821341,-0.5283960180946685,0.6885739707140538,0.3401930983747662,0.34165123026573263,8.40105762733856e-13,236,8.625167247089394e-11,187
CyclicControl,neural,46,EGM,40,-0.019523855136341382,-0.4836490475698812,0.7576979599550877,0.36157358072427104,0.32626147554259977,8.54316617449058e-13,235,8.9169616135365e-11,185
CyclicControl,neural,46,EGM,45,-0.021730937487447546,-0.40749049962062617,0.8376354352897757,0.379525905000602,0.3137726855869786,8.440470544712753e-13,234,8.214784408266951e-11,183
CyclicControl,neural,46,EGM,50,-0.015386478213280395,-0.30854667273549335,0.845873760627105,0.37294263474399136,0.30387407342679207,8.540945728441329e-13,236,8.326622724652566e-11,186
CyclicControl,neural,46,EGM,55,-0.003920690650838615,-0.19649918715081457,0.7831601088791875,0.3492782469946152,0.29587625521276023,8.392175843141558e-13,237,8.509959403824041e-11,187
CyclicControl,neural,46,EGM,60,0.008048568584420874,-0.1666143964360987,0.7412721867218819,0.3403670248626017,0.2890930082444168,8.222311720373909e-13,237,8.16477441212271e-11,187
CyclicControl,neural,46,PPM-3,0,-0.04123301142954973,-0.638779524457907,1.2853846756625782,0.6956437466297898,0.453064256245867,8.326672684688674e-13,238,8.908929149953337e-11,188
CyclicControl,neural,46,PPM-3,5,-0.025799957477033064,-0.3303558122728202,1.0991408446174304,0.5811206350556953,0.43907857988323606,8.908429549592256e-13,239,8.523814987171363e-11,191
CyclicControl,neural,46,PPM-3,10,0.00016246248299457263,-0.1388573208438172,0.9285762536011211,0.5180473204565895,0.4241943334050219,8.235634396669411e-13,240,8.893824565703312e-11,191
CyclicControl,neural,46,PPM-3,15,0.022980410365959353,-0.29032073739944664,0.9995297000237938,0.5186679211228142,0.40986627541601,8.220091274324659e-13,239,8.42806935352769e-11,190
CyclicControl,neural,46,PPM-3,20,0.03243693521246018,-0.4163873972719588,0.9614160923830408,0.48849895655854286,0.3949661818798955,8.664180484174722e-13,236,8.589345901199863e-11,186
CyclicControl,neural,46,PPM-3,25,0.02638006245093107,-0.49989590164856834,0.8272944428555162,0.41650495172687585,0.3781642073819135,8.826828157282307e-13,235,8.939227136295358e-11,186
CyclicControl,neural,46,PPM-3,30,0.01019540173155126,-0.5341225017739848,0.640677820368188,0.3535539919138583,0.35998169189739204,8.489875469308572e-13,236,8.990908018091659e-11,187
CyclicControl,neural,46,PPM-3,35,-0.007446580308282791,-0.5295693350311956,0.6867195611209398,0.3399126252834222,0.3423393973875883,8.419931418757187e-13,236,8.661515948915621e-11,187
CyclicControl,neural,46,PPM-3,40,-0.01925759110046234,-0.4863217222757936,0.755010438769243,0.36085082569727067,0.32694553106410174,8.590350653037149e-13,235,8.110345728340462e-11,186
CyclicControl,neural,46,PPM-3,45,-0.021866497675729367,-0.41153908473876927,0.8363849056428372,0.3796561325379715,0.3144222187732305,8.3366646919103e-13,234,8.95736262940261e-11,182
CyclicControl,neural,46,PPM-3,50,-0.015872848560990572,-0.313708638253855,0.847836973319926,0.3743138992679763,0.3044850843290196,8.489875469308572e-13,236,8.252171168621203e-11,186
CyclicControl,neural,46,PPM-3,55,-0.004580134643111732,-0.20238719071131048,0.7885287115413545,0.35080222879851863,0.2964527574851694,8.385514504993807e-13,237,8.501577219988121e-11,187
CyclicControl,neural,46,PPM-3,60,0.007458754225372602,-0.1587491217471976,0.736070147051301,0.3403257207947408,0.28963648238668577,8.25894908018654e-13,237,8.229300574313925e-11,187
CyclicControl,neural,47,QP+G,0,0.004240351849628015,-0.6083391387937963,1.3268712141819718,0.7667894374439163,0.5346433149169293,8.325562461664049e-13,239,8.271638929358005e-11,191
CyclicControl,neural,47,QP+G,5,-0.0008639256348863566,-0.2913557842676456,0.5344993762019816,0.18587804155270302,0.21889181171576166,8.713585408770541e-13,230,8.132544637717842e-11,177
CyclicControl,neural,47,QP+G,10,0.0004030556962899873,-0.11600938234222503,0.25744601295751707,0.05150758937999598,0.09563191516439852,8.844869281432466e-13,223,8.101699172646804e-11,166
CyclicControl,neural,47,QP+G,15,0.0007047560675484377,-0.08385527545457654,0.18135983828274466,0.024005718899914305,0.043084886765539995,8.363310044501304e-13,220,8.390000152957988e-11,158
CyclicControl,neural,47,QP+G,20,0.0007281924900455729,-0.0787801870522108,0.1631996813426853,0.018895655250144465,0.022000542943323514,8.93951579428176e-13,218,8.620021710314951e-11,155
CyclicControl,neural,47,QP+G,25,0.0007319578815195347,-0.07721395274335043,0.1583589659299121,0.017986464468024245,0.014984855476047066,8.593403766354868e-13,218,8.950267436913517e-11,154
CyclicControl,neural,47,QP+G,30,0.0007272127551213412,-0.07712940188601504,0.1571348882104857,0.017771947924862426,0.01325789269295116,8.472667012426882e-13,218,8.68330407577389e-11,154
CyclicControl,neural,47,QP+G,35,0.0007211946311384278,-0.07740129170412247,0.1559671787573897,0.017647009394578313,0.012896055516109787,8.320150124419001e-13,218,8.476252512379379e-11,154
CyclicControl,neural,47,QP+G,40,0.0007152011895965957,-0.07790845403476915,0.15496140513887272,0.017530491430211924,0.012808772367456533,8.249234628721069e-13,218,8.268975087988295e-11,154
CyclicControl,neural,47,QP+G,45,0.0007089656836051228,-0.07853924561473218,0.1540728504112867,0.017415970400718413,0.012772448162467118,8.315986788076657e-13,218,8.954535203609115e-11,153
CyclicControl,neural,47,QP+G,50,0.0007023767210357954,-0.07922333100940535,0.1532448689641579,0.01730425449202635,0.012745129464674468,8.388428840433448e-13,218,8.722213402923007e-11,153
CyclicControl,neural,47,QP+G,55,0.000695420271839782,-0.07992326370795781,0.15243903817613366,0.017195585925376348,0.012719140863747777,8.462536227327178e-13,218,8.667074870294389e-11,153
CyclicControl,neural,47,QP+G,60,0.0006881040767401774,-0.08062117981125609,0.15183030991323554,0.017089720849456154,0.012693111779352352,8.536504836342829e-13,218,8.786782065839382e-11,153
CyclicControl,neural,47,noG,0,0.004240351849628015,-0.6083391387937963,1.3268712141819718,0.7667894374439163,0.5346433149169293,8.325562461664049e-13,239,8.271638929358005e-11,191
CyclicControl,neural,47,noG,5,0.020232378557577636,-0.6921033869738904,1.1975330642165412,0.7358246270422069,0.5257764460108054,8.912870441690757e-13,238,8.729256206763125e-11,189
CyclicControl,neural,47,noG,10,0.020415221402434028,-0.692693385783218,1.2418980340606036,0.7182097773253409,0.5175540934481768,8.919531779838508e-13,238,8.166911591445114e-11,190
CyclicControl,neural,47,noG,15,0.015625652325371824,-0.65093412117872,1.2644503038701735,0.7174639237731767,0.5115805910490334,8.382183835919932e-13,238,8.632200509950394e-11,189
CyclicControl,neural,47,noG,20,0.009261297739536805,-0.5731070388935059,1.2407708164699738,0.716666137654888,0.5056649183209058,8.597567102697212e-13,238,8.220629732491602e-11,189
CyclicControl,neural,47,noG,25,0.0040199671407524906,-0.4964197412381625,1.196814522997795,0.7154632963313295,0.5004620657998545,8.115730310009894e-13,239,8.786149585660041e-11,189
CyclicControl,neural,47,noG,30,0.0022074184826188148,-0.4813538798871898,1.1891962262577063,0.7161797635341658,0.49777580739922545,8.202327705930657e-13,239,8.932338202427559e-11,189
CyclicControl,neural,47,noG,35,0.0016952315223058578,-0.4824041202137841,1.1914369441932764,0.7167999488466525,0.49676535412969514,8.215650382226158e-13,239,8.958883634946346e-11,189
CyclicControl,neural,47,noG,40,0.001538201537126629,-0.485419893286454,1.1946752772363263,0.7170568137748435,0.4964170463650599,8.220091274324659e-13,239,8.964640141329028e-11,189
CyclicControl,neural,47,noG,45,0.001487358230453109,-0.48642278504364167,1.1957322614423962,0.7171483250220954,0.49629948007261715,8.220091274324659e-13,239,8.966200004678626e-11,189
CyclicControl,neural,47,noG,50,0.0014705368576376585,-0.48675765512270386,1.196082931770666,0.7171795698615422,0.4962600277879993,8.220091274324659e-13,239,8.966671849464092e-11,189
CyclicControl,neural,47,noG,55,0.001464929061578423,-0.48686963927170945,1.1961999452840648,0.7171900958406048,0.49624681246232666,8.220091274324659e-13,239,8.966827280687539e-11,189
CyclicControl,neural,47,noG,60,0.0014630547272954891,-0.4869071076090018,1.196239067839839,0.7171936263603405,0.4962423883253322,8.220091274324659e-13,239,8.96688279183877e-11,189
CyclicControl,neural,47,GDA,0,0.004240351849628015,-0.6083391387937963,1.3268712141819718,0.7667894374439163,0.5346433149169293,8.325562461664049e-13,239,8.271638929358005e-11,191
CyclicControl,neural,47,GDA,5,0.020232378557577636,-0.6921033869738904,1.1975330642165412,0.7358246270422069,0.5257764460108054,8.912870441690757e-13,238,8.729256206763125e-11,189
CyclicControl,neural,47,GDA,10,0.019738540778204458,-0.6882751069432582,1.2513397197629705,0.7193100792257172,0.5171732284336298,8.861800182558e-13,238,8.140627061337113e-11,190
CyclicControl,neural,47,GDA,15,0.009042295759871952,-0.5762345730091922,1.2486769832747673,0.7241394655032963,0.509111022182606,8.657519146026971e-13,238,8.310446775183777e-11,189
CyclicControl,neural,47,GDA,20,0.0004900308648585394,-0.5016058516295091,1.2212411171711803,0.7334897887636309,0.5024896234634582,8.338885137959551e-13,239,8.267891926649895e-11,190
CyclicControl,neural,47,GDA,25,-0.00026173668745241334,-0.6758612993391504,1.3518937670782583,0.7708393593854889,0.49797232352070375,8.704148513061227e-13,238,8.811146257059477e-11,189
CyclicControl,neural,47,GDA,30,0.0016328405898047608,-0.8095189893152324,1.3365972047052546,0.7880843498763688,0.4952499806258715,8.443246102274315e-13,240,8.125466965935857e-11,192
CyclicControl,neural,47,GDA,35,-0.0019859931586039136,-0.8668775614305553,1.3063765588544969,0.8003082634499449,0.49355268829712967,8.135714324453147e-13,241,8.991507538524957e-11,192
CyclicControl,neural,47,GDA,40,-0.011547908696743978,-0.8183155541770717,1.4424758470413035,0.8459718267506607,0.492658457897949,8.535394613318203e-13,240,8.290368391783431e-11,192
CyclicControl,neural,47,GDA,45,-0.017998569413377026,-0.6507481778894615,1.4408890757312107,0.8435696254721774,0.49278017532918195,8.238965065743287e-13,240,8.669476248002184e-11,191
CyclicControl,neural,47,GDA,50,-0.01197864221411926,-0.39120455129953147,1.2734170447090336,0.7818122867207498,0.49362349915918163,8.280043317654417e-13,241,8.310785393206288e-11,193
CyclicControl,neural,47,GDA,55,0.005869613185037878,-0.47654153883366246,1.348754986834535,0.780850292264693,0.49432390610643634,8.186784583585904e-13,241,8.21087642322027e-11,193
CyclicControl,neural,47,GDA,60,0.023858113105176115,-0.6705750601400023,1.4161367370013394,0.809379014411931,0.4942932481442363,8.639755577632968e-13,239,8.118344885232887e-11,191
CyclicControl,neural,47,Adam-GDA,0,0.004240351849628015,-0.6083391387937963,1.3268712141819718,0.7667894374439163,0.5346433149169293,8.325562461664049e-13,239,8.271638929358005e-11,191
CyclicControl,neural,47,Adam-GDA,5,0.05255490238033842,-2.381326911504244,3.938351453421048,3.3676748088536965,1.9450989839628512,8.664180484174722e-13,250,8.603606715951173e-11,205
CyclicControl,neural,47,Adam-GDA,10,-0.8919117417291356,-3.4046842334255745,7.5755467677746715,7.003863102728628,4.430906096338546,8.952838470577262e-13,255,8.590905764549461e-11,211
CyclicControl,neural,47,Adam-GDA,15,1.5324002897062416,-3.8854009282395174,10.073338250262008,9.574647316762654,6.454640797279014,8.739675649849232e-13,259,8.679545970835534e-11,215
CyclicControl,neural,47,Adam-GDA,20,1.054671334531807,-6.790503474123211,11.933386163451653,11.508560322135256,8.027993393896901,8.624212455288216e-13,260,8.636291681796138e-11,216
CyclicControl,neural,47,Adam-GDA,25,-2.2527514437557827,-5.761666606278615,13.649155088008524,13.312542336182192,10.20206774833821,8.109068971862143e-13,262,8.197087453254426e-11,218
CyclicControl,neural,47,Adam-GDA,30,3.8758104593890055,-6.550744298571053,15.723563786435307,15.513700436328927,9.992480090935244,8.5087492607272e-13,263,8.688516572874505e-11,219
CyclicControl,neural,47,Adam-GDA,35,7.433741868897139,-9.734393976313044,17.406149709945367,17.280239947294277,6.681216955143699,8.135714324453147e-13,264,8.323475242377754e-11,220
CyclicControl,neural,47,Adam-GDA,40,-0.5235877785081504,-9.936824624619172,16.571364632861474,16.415662988290457,9.842456643679476,8.29558643999917e-13,264,8.519052130395721e-11,220
CyclicControl,neural,47,Adam-GDA,45,-8.734140567818116,-9.964757122824324,19.320914489393278,19.25667198108647,4.491144554997344,8.331113576787175e-13,264,8.546585661406425e-11,220
CyclicControl,neural,47,Adam-GDA,50,-9.928749514096985,-9.971878531218218,19.945777883039746,19.93730834818304,0.1872386744146351,8.348877145181177e-13,264,8.553513453080086e-11,220
CyclicControl,neural,47,Adam-GDA,55,-9.964440250264596,-9.972943124173433,19.96638886924713,19.96179474022204,0.11922967475557052,8.348877145181177e-13,264,8.573763921049249e-11,220
CyclicControl,neural,47,Adam-GDA,60,-9.967098883701583,-9.970987388024874,19.96741830084467,19.963290576685914,0.1264721591056845,8.348877145181177e-13,264,8.57713899904411e-11,220
CyclicControl,neural,47,EGM,0,0.004240351849628015,-0.6083391387937963,1.3268712141819718,0.7667894374439163,0.5346433149169293,8.325562461664049e-13,239,8.271638929358005e-11,191
CyclicControl,neural,47,EGM,5,0.01848973331470548,-0.6748864969490246,1.168224252824033,0.7088520810917949,0.5123275327898316,8.688605390716475e-13,238,8.377387672453551e-11,189
CyclicControl,neural,47,EGM,10,0.017408773000901077,-0.6485277756332043,1.1959265325019728,0.669710140576163,0.4915905973190069,8.348877145181177e-13,238,8.256084704783007e-11,189
CyclicControl,neural,47,EGM,15,0.009028832517719984,-0.5209456534873499,1.1578225179669315,0.64993662961971,0.47260150803637785,8.200107259881406e-13,238,8.456785272059619e-11,188
CyclicControl,neural,47,EGM,20,0.003076521168029932,-0.46625122100304867,1.1243471840952184,0.6395091300238154,0.4558470172488883,8.473222123939195e-13,238,8.806555484852652e-11,188
CyclicControl,neural,47,EGM,25,0.0018938983563378566,-0.6215987109253496,1.2141810773804598,0.6482334167220544,0.4414781307380035,8.892886427247504e-13,237,8.571338083740443e-11,188
CyclicControl,neural,47,EGM,30,0.0009659918435825636,-0.7230191470575311,1.162648875344239,0.6390661044582288,0.4289561714285676,8.377742943821431e-13,239,8.410094842759008e-11,190
CyclicControl,neural,47,EGM,35,-0.0036630888991531553,-0.746634481018465,1.127499781443459,0.6310001962892621,0.41762151960462596,8.65307825392847e-13,239,8.801553930126715e-11,190
CyclicControl,neural,47,EGM,40,-0.009966010310378135,-0.6771524899944067,1.2106166001285747,0.6383984499820872,0.40727130704703274,8.718581412381354e-13,238,8.432210485409541e-11,189
CyclicControl,neural,47,EGM,45,-0.011911568784970869,-0.5165019783703736,1.174516873122452,0.6090670656989975,0.3978818372730597,8.47211190091457e-13,238,8.877509838356445e-11,188
CyclicControl,neural,47,EGM,50,-0.00590671600115884,-0.3140708169711004,1.025463314057888,0.5502765461252472,0.3890935045221945,8.244516180866412e-13,239,8.147327257290726e-11,190
CyclicControl,neural,47,EGM,55,0.005213958554933175,-0.37499430234329123,1.0546221707235641,0.5266657494632617,0.380275929384402,8.750777880095484e-13,238,8.4782403320105e-11,189
CyclicControl,neural,47,EGM,60,0.014183026252937509,-0.515942511552012,1.0778545770479835,0.5162310011657301,0.37101285542424,8.931744233109384e-13,236,8.773476389833945e-11,186
CyclicControl,neural,47,PPM-3,0,0.004240351849628015,-0.6083391387937963,1.3268712141819718,0.7667894374439163,0.5346433149169293,8.325562461664049e-13,239,8.271638929358005e-11,191
CyclicControl,neural,47,PPM-3,5,0.018474642486683936,-0.6742398853730452,1.168410796796508,0.7089190467652844,0.5124666683156008,8.680833829544099e-13,238,8.363471026839875e-11,189
CyclicControl,neural,47,PPM-3,10,0.01758321790673882,-0.6484466237269125,1.1945841125748504,0.6694188052334176,0.49182823593797836,8.348877145181177e-13,238,8.2509943322151e-11,189
CyclicControl,neural,47,PPM-3,15,0.00931359083389987,-0.5228489620383228,1.1580305062993201,0.649536757066728,0.4728902633610405,8.177902799388903e-13,238,8.426964681618188e-11,188
CyclicControl,neural,47,PPM-3,20,0.0032165591411177324,-0.4655834708534729,1.1224924854228238,0.63886859387783,0.45613577229500035,8.457679001594443e-13,238,8.778699989164807e-11,188
CyclicControl,neural,47,PPM-3,25,0.0017886429972801174,-0.6191405008078902,1.2124180186446507,0.647310262903937,0.4417358228691888,8.857359290459499e-13,237,8.543066254418363e-11,188
CyclicControl,neural,47,PPM-3,30,0.0007964661053267536,-0.7208888494829201,1.164260478905121,0.6387223339604127,0.429187482415472,8.353318037279678e-13,239,8.376049853708878e-11,190
CyclicControl,neural,47,PPM-3,35,-0.003662745959520785,-0.7461241322094669,1.1269549296226504,0.6305170975189717,0.41784758669566535,8.645306692756094e-13,239,8.791473105063119e-11,190
CyclicControl,neural,47,PPM-3,40,-0.009805847053026142,-0.6797096918954679,1.209112071717406,0.6382830108074007,0.4075048942614668,8.751888103120109e-13,238,8.477407664742032e-11,189
CyclicControl,neural,47,PPM-3,45,-0.011847869875406716,-0.5230355149735588,1.178224084016327,0.6109652527133216,0.39813649820176955,8.435474541101939e-13,238,8.820660868380514e-11,188
CyclicControl,neural,47,PPM-3,50,-0.006148018861734186,-0.3175338311128252,1.0285998831918686,0.5526031756887653,0.38939911037558805,8.240075288767912e-13,239,8.139505736082242e-11,190
CyclicControl,neural,47,PPM-3,55,0.0047638128969101105,-0.36845074250601634,1.051497217394971,0.5275501848532925,0.38066603018798334,8.79518680108049e-13,238,8.539907669913305e-11,189
CyclicControl,neural,47,PPM-3,60,0.01387548761440251,-0.5110533566109027,1.0808306365948068,0.5182292712208885,0.37150153613131104,8.151257446797899e-13,237,8.947526053404431e-11,186
CyclicControl,neural,48,QP+G,0,0.004118032258207498,-0.14088002363661237,0.5387521857926567,0.2278287579194374,0.281348242620071,8.675282714420973e-13,233,8.649936322768781e-11,183
CyclicControl,neural,48,QP+G,5,0.0012023613160294841,-0.10113809774201785,0.2445968989774742,0.052604776184266296,0.10671978956942792,8.969214260190483e-13,223,8.791917194272969e-11,167
CyclicControl,neural,48,QP+G,10,0.00031502509660630545,-0.08778282973014276,0.149813488901697,0.018190384869658863,0.04137127648562688,8.366363157819023e-13,219,8.562827009950258e-11,156
CyclicControl,neural,48,QP+G,15,5.580611537630229e-05,-0.08181869390405418,0.12401362771670026,0.012915879090052682,0.01739779392790168,8.664596817808956e-13,218,8.573330760597297e-11,155
CyclicControl,neural,48,QP+G,20,1.1387633042761365e-05,-0.08410336305677109,0.1255475415415094,0.01230684197665401,0.00979087735045299,8.906902992933396e-13,218,8.402787840533499e-11,155
CyclicControl,neural,48,QP+G,25,3.1913678994686762e-06,-0.08464260205479618,0.12661488858695907,0.012256785035115327,0.008854340843798592,8.964079478701592e-13,218,8.388288848248937e-11,155
CyclicControl,neural,48,QP+G,30,-2.9530700058705373e-06,-0.08479693114100405,0.1271561405831223,0.012235508908858581,0.008835818521115495,8.980316490436735e-13,218,8.37291069810675e-11,155
CyclicControl,neural,48,QP+G,35,-4.7546295532065466e-06,-0.0848867201199144,0.12737888279412724,0.012234241885369063,0.008828597609010046,8.989753386146049e-13,218,8.369698684118632e-11,155
CyclicControl,neural,48,QP+G,40,-4.7546295532065466e-06,-0.0848867201199144,0.12737888279412724,0.012234241885369063,0.008828597609010046,8.989753386146049e-13,218,8.369698684118632e-11,155
CyclicControl,neural,48,QP+G,45,-4.7546295532065466e-06,-0.0848867201199144,0.12737888279412724,0.012234241885369063,0.008828597609010046,8.989753386146049e-13,218,8.369698684118632e-11,155
CyclicControl,neural,48,QP+G,50,-4.7546295532065466e-06,-0.0848867201199144,0.12737888279412724,0.012234241885369063,0.008828597609010046,8.989753386146049e-13,218,8.369698684118632e-11,155
CyclicControl,neural,48,QP+G,55,-4.7546295532065466e-06,-0.0848867201199144,0.12737888279412724,0.012234241885369063,0.008828597609010046,8.989753386146049e-13,218,8.369698684118632e-11,155
CyclicControl,neural,48,QP+G,60,-4.7546295532065466e-06,-0.0848867201199144,0.12737888279412724,0.012234241885369063,0.008828597609010046,8.989753386146049e-13,218,8.369698684118632e-11,155
CyclicControl,neural,48,noG,0,0.004118032258207498,-0.14088002363661237,0.5387521857926567,0.2278287579194374,0.281348242620071,8.675282714420973e-13,233,8.649936322768781e-11,183
CyclicControl,neural,48,noG,5,0.004118032258207498,-0.14088002363661237,0.5387521857926567,0.2278287579194374,0.281348242620071,8.675282714420973e-13,233,8.649936322768781e-11,183
CyclicControl,neural,48,noG,10,0.004118032258207498,-0.14088002363661237,0.5387521857926567,0.2278287579194374,0.281348242620071,8.675282714420973e-13,233,8.649936322768781e-11,183
CyclicControl,neural,48,noG,15,0.004118032258207498,-0.14088002363661237,0.5387521857926567,0.2278287579194374,0.281348242620071,8.675282714420973e-13,233,8.649936322768781e-11,183
CyclicControl,neural,48,noG,20,0.004118032258207498,-0.14088002363661237,0.5387521857926567,0.2278287579194374,0.281348242620071,8.675282714420973e-13,233,8.649936322768781e-11,183
CyclicControl,neural,48,noG,25,0.004118032258207498,-0.14088002363661237,0.5387521857926567,0.2278287579194374,0.281348242620071,8.675282714420973e-13,233,8.649936322768781e-11,183
CyclicControl,neural,48,noG,30,0.004118032258207498,-0.14088002363661237,0.5387521857926567,0.2278287579194374,0.281348242620071,8.675282714420973e-13,233,8.649936322768781e-11,183
CyclicControl,neural,48,noG,35,0.004118032258207498,-0.14088002363661237,0.5387521857926567,0.2278287579194374,0.281348242620071,8.675282714420973e-13,233,8.649936322768781e-11,183
CyclicControl,neural,48,noG,40,0.004118032258207498,-0.14088002363661237,0.5387521857926567,0.2278287579194374,0.281348242620071,8.675282714420973e-13,233,8.649936322768781e-11,183
CyclicControl,neural,48,noG,45,0.004118032258207498,-0.14088002363661237,0.5387521857926567,0.2278287579194374,0.281348242620071,8.675282714420973e-13,233,8.649936322768781e-11,183
CyclicControl,neural,48,noG,50,0.004118032258207498,-0.14088002363661237,0.5387521857926567,0.2278287579194374,0.281348242620071,8.675282714420973e-13,233,8.649936322768781e-11,183
CyclicControl,neural,48,noG,55,0.004118032258207498,-0.14088002363661237,0.5387521857926567,0.2278287579194374,0.281348242620071,8.675282714420973e-13,233,8.649936322768781e-11,183
CyclicControl,neural,48,noG,60,0.004118032258207498,-0.14088002363661237,0.5387521857926567,0.2278287579194374,0.281348242620071,8.675282714420973e-13,233,8.649936322768781e-11,183
CyclicControl,neural,48,GDA,0,0.004118032258207498,-0.14088002363661237,0.5387521857926567,0.2278287579194374,0.281348242620071,8.675282714420973e-13,233,8.649936322768781e-11,183
CyclicControl,neural,48,GDA,5,0.012859387001851115,-0.2704726393971941,0.6451271502697961,0.2507870138834238,0.2773676314678341,8.169021015191902e-13,233,8.210732094227069e-11,182
CyclicControl,neural,48,GDA,10,0.01497385311411726,-0.37780096168316,0.678602170724387,0.2589691404826776,0.2748226655862518,8.237854842718662e-13,233,8.493739045434268e-11,180
CyclicControl,neural,48,GDA,15,0.009743378794507103,-0.43681397627366764,0.6276633275839996,0.23754739113093312,0.27244861607253706,8.572587084643146e-13,234,8.250572447465743e-11,183
CyclicControl,neural,48,GDA,20,-3.1566128339340663e-07,-0.4434169222814044,0.5114644648482312,0.2138949938162086,0.2692917339943353,8.701372955499664e-13,234,8.737774392919562e-11,183
CyclicControl,neural,48,GDA,25,-0.009471006505246989,-0.3980094330413442,0.6174118268237505,0.22564255572966352,0.265786350386375,8.678058271982536e-13,233,8.46429870637877e-11,182
CyclicControl,neural,48,GDA,30,-0.014213851034730541,-0.30512598243777694,0.6991591217489874,0.2643562023953145,0.26338683952136527,8.591460876061774e-13,233,8.974437859521345e-11,179
CyclicControl,neural,48,GDA,35,-0.01207807985288016,-0.17377881357472008,0.6909268200633487,0.29247476872954453,0.26324264503586076,8.220091274324659e-13,236,8.782768956550058e-11,184
CyclicControl,neural,48,GDA,40,-0.0041600810046293615,-0.10256604967709242,0.6763926437809159,0.2975146804778419,0.26502098045054673,8.208989044078407e-13,237,8.567885290133859e-11,186
CyclicControl,neural,48,GDA,45,0.005661004593075375,-0.14949102627995076,0.7066738068145728,0.29166612964183847,0.2669872825424972,8.857359290459499e-13,236,8.1505135973714e-11,186
CyclicControl,neural,48,GDA,50,0.012520707939466583,-0.2572515758683446,0.7268114761336997,0.28328420073868865,0.2674350496309288,8.292810882437607e-13,235,8.265829687381654e-11,183
CyclicControl,neural,48,GDA,55,0.012984581079961085,-0.4052064167242758,0.7277015792192375,0.270226189559926,0.26619267263722646,8.836265052991621e-13,233,8.916584137708128e-11,181
CyclicControl,neural,48,GDA,60,0.006862744527453651,-0.4989145398136643,0.6341428127896868,0.26180197415282547,0.2646682981869864,8.81239525796218e-13,235,8.943526474958219e-11,184
CyclicControl,neural,48,Adam-GDA,0,0.004118032258207498,-0.14088002363661237,0.5387521857926567,0.2278287579194374,0.281348242620071,8.675282714420973e-13,233,8.649936322768781e-11,183
CyclicControl,neural,48,Adam-GDA,5,-0.013497222823982472,-1.3375214225754402,4.192712432335963,3.5583160615274343,1.6270524010145169,8.415490526658687e-13,252,8.58557669403126e-11,207
CyclicControl,neural,48,Adam-GDA,10,0.5012646545069963,-3.370104871438109,5.20065543197352,4.750924011594368,2.600267085342328,8.93951579428176e-13,253,8.408296281459116e-11,209
CyclicControl,neural,48,Adam-GDA,15,-0.198431487319163,-6.337610522301207,9.118025011943772,8.58473665507007,3.8563242131981568,8.93507490218326e-13,259,8.870326695387121e-11,215
CyclicControl,neural,48,Adam-GDA,20,-1.1407581621788085,-3.121544460553746,7.064136278809718,6.659019704276854,4.338865852798715,8.473222123939195e-13,255,8.136602502872847e-11,211
CyclicControl,neural,48,Adam-GDA,25,-2.0110780199405696,-8.767809400932194,15.672428658493317,15.373345340921393,4.941272802263998,8.117950756059145e-13,263,8.267164730568766e-11,219
CyclicControl,neural,48,Adam-GDA,30,-6.46262074021816,-9.053646274105711,13.720472595303978,13.469732062362555,6.649335991036695,8.384404281969182e-13,263,8.541256590888224e-11,219
CyclicControl,neural,48,Adam-GDA,35,-5.529221468646782,-7.2369902686535195,16.799009323792504,16.613039043909563,5.523567091539807,8.881784197001252e-13,263,8.173728360816312e-11,220
CyclicControl,neural,48,Adam-GDA,40,-3.308471013340369,-8.6589058629326,18.595906005780563,18.479186394252043,1.5916002360470398,8.313350008393172e-13,264,8.519229766079661e-11,220
CyclicControl,neural,48,Adam-GDA,45,-0.7086253249916418,-7.210622868784021,17.191698293215783,17.058832845131022,4.080625262714374,8.331113576787175e-13,264,8.562217601593147e-11,220
CyclicControl,neural,48,Adam-GDA,50,2.033123976951863,-8.521175313173302,18.512146555708092,18.40479999069878,2.1852073219420998,8.348877145181177e-13,264,8.572342835577729e-11,220
CyclicControl,neural,48,Adam-GDA,55,5.2966395644450595,-9.150146149600417,19.144409376414337,19.084163718521914,2.7915047360722793,8.36664071357518e-13,264,8.575185006520769e-11,220
CyclicControl,neural,48,Adam-GDA,60,6.130855428228764,-9.67342653917719,19.66906532455896,19.632399250072954,0.6059633820451443,8.331113576787175e-13,264,8.576606091992289e-11,220
CyclicControl,neural,48,EGM,0,0.004118032258207498,-0.14088002363661237,0.5387521857926567,0.2278287579194374,0.281348242620071,8.675282714420973e-13,233,8.649936322768781e-11,183
CyclicControl,neural,48,EGM,5,0.012178920817161716,-0.2632353557444191,0.6275426323659492,0.23992877581931776,0.2701909016957194,8.826273045769994e-13,232,8.743289425794387e-11,181
CyclicControl,neural,48,EGM,10,0.013493683889950876,-0.35905191904804284,0.644498515075147,0.23699972216068588,0.2609456211492442,8.699152509450414e-13,232,8.625022918096192e-11,179
CyclicControl,neural,48,EGM,15,0.008396188613736663,-0.4057930899101405,0.5838005653443074,0.20943810869385002,0.2523552153662699,8.847922394750185e-13,233,8.98195962051318e-11,181
CyclicControl,neural,48,EGM,20,7.916186403349481e-05,-0.40256767517133063,0.4674355133395498,0.18234944597854205,0.2435348867144975,8.777423232686488e-13,233,8.260056527653603e-11,182
CyclicControl,neural,48,EGM,25,-0.007275992763343794,-0.35268755343453023,0.544193865598927,0.18250483614895308,0.23476965651544981,8.544831509027517e-13,232,8.55005788391594e-11,180
CyclicControl,neural,48,EGM,30,-0.01045167374510399,-0.2633260023107079,0.6004118008479675,0.20127864236283569,0.22709438655529535,8.166245457630339e-13,232,8.203322743316477e-11,177
CyclicControl,neural,48,EGM,35,-0.008468023065939929,-0.1454855518345351,0.5777188055338609,0.2128622348137082,0.2212112497761667,8.481548796623883e-13,234,8.654035821287209e-11,181
CyclicControl,neural,48,EGM,40,-0.0027901691316796016,-0.09460651366235696,0.5626387367449412,0.20892404756526473,0.21668900431893873,8.266720641358916e-13,235,8.1399637030799e-11,183
CyclicControl,neural,48,EGM,45,0.0035430154664344744,-0.1356236878918769,0.578895725019281,0.19623917284431255,0.21222269328433435,8.698042286425789e-13,234,8.201972434562776e-11,182
CyclicControl,neural,48,EGM,50,0.0074645978720160175,-0.20377382439020708,0.5681917544134951,0.18065780805077403,0.20675518636819498,8.827938380306932e-13,232,8.713377241953424e-11,178
CyclicControl,neural,48,EGM,55,0.007356728919874326,-0.3033778491876263,0.5478568060911722,0.1650875496950968,0.2003489601328199,8.166800569142652e-13,231,8.477965551811906e-11,177
CyclicControl,neural,48,EGM,60,0.0037173206151918485,-0.36402742687233736,0.4649900850059515,0.15523410748123936,0.19393668961963406,8.819611707622244e-13,232,8.987563471229976e-11,179
CyclicControl,neural,48,PPM-3,0,0.004118032258207498,-0.14088002363661237,0.5387521857926567,0.2278287579194374,0.281348242620071,8.675282714420973e-13,233,8.649936322768781e-11,183
CyclicControl,neural,48,PPM-3,5,0.012153034543526994,-0.26265286229349905,0.6273239428317826,0.23991471442629578,0.27025830050454747,8.834599718454683e-13,232,8.759176717276773e-11,181
CyclicControl,neural,48,PPM-3,10,0.013517412121614539,-0.3583625896970266,0.6449381557110576,0.23724800759938394,0.2610661734357122,8.681944052568724e-13,232,8.591111155809017e-11,179
CyclicControl,neural,48,PPM-3,15,0.00851096874512228,-0.40549191982798793,0.5854671852204061,0.21001840703929142,0.25253133131933936,8.841261056602434e-13,233,8.965753139911214e-11,181
CyclicControl,neural,48,PPM-3,20,0.0002533536982316316,-0.4030979756361178,0.4694195102262378,0.18271292983063828,0.2437646331984516,8.789635685957364e-13,233,8.273148832671495e-11,182
CyclicControl,neural,48,PPM-3,25,-0.007132291481096017,-0.3543914219563128,0.5417439134776547,0.18218662190793716,0.2350271719950797,8.585909760938648e-13,232,8.610268054098924e-11,180
CyclicControl,neural,48,PPM-3,30,-0.010433699580350186,-0.2663838806648644,0.5997975294254758,0.2007514408363602,0.227337970455198,8.974487819557453e-13,231,8.924107286478744e-11,176
CyclicControl,neural,48,PPM-3,35,-0.008616285123963976,-0.14983947969304476,0.5797253473399357,0.2127702643406813,0.2214162755245257,8.436029652614252e-13,234,8.565753661926578e-11,181
CyclicControl,neural,48,PPM-3,40,-0.0030554257944685713,-0.09401831427616494,0.5617886794938121,0.20932299394323053,0.21687591444072807,8.26116952623579e-13,235,8.131037509961914e-11,183
CyclicControl,neural,48,PPM-3,45,0.003286381437278448,-0.13351136731751828,0.5791255771614654,0.19688398807521845,0.21244512904890908,8.744671653460045e-13,234,8.281367258611283e-11,182
CyclicControl,neural,48,PPM-3,50,0.007356173423902246,-0.198871662115229,0.56837150265105,0.18146013896150143,0.20705054734719586,8.951728247552637e-13,232,8.940416462710488e-11,178
CyclicControl,neural,48,PPM-3,55,0.0074694717611013366,-0.298593000029742,0.5505673838678143,0.1658617594468547,0.20069999285771103,8.931189121597072e-13,230,8.280709451469193e-11,177
CyclicControl,neural,48,PPM-3,60,0.0040077910196254524,-0.36178680271287506,0.47187764133923144,0.15559542312670974,0.19429197155378103,8.765210779415611e-13,232,8.906564374910886e-11,179
CyclicControl,neural,49,QP+G,0,-0.006328067430073097,-0.19005050300060872,0.6872884070716478,0.2625407411523423,0.23469922375356775,8.781864124784988e-13,235,8.372103010856335e-11,184
CyclicControl,neural,49,QP+G,5,-0.0011979833758752104,-0.1371224538893678,0.35381014461022947,0.0729319584056573,0.10235514841781794,8.890110869685941e-13,227,8.559670333641023e-11,170
CyclicControl,neural,49,QP+G,10,-0.000996942774610932,-0.1323069855926494,0.2323224350880599,0.036786777726383536,0.045708484189672036,8.272826867994354e-13,223,8.980080221099307e-11,161
CyclicControl,neural,49,QP+G,15,-0.0011759305172292255,-0.1324041267709001,0.2115608194507306,0.031118020582396305,0.02478695285760483,8.278933094629792e-13,223,8.656663233463924e-11,161
CyclicControl,neural,49,QP+G,20,-0.001229436419043546,-0.13264918009714793,0.21774672841934622,0.03027844828864611,0.01904874009509857,8.294198661218388e-13,223,8.36230008849359e-11,161
CyclicControl,neural,49,QP+G,25,-0.0012387249808185063,-0.1321182658363038,0.22174181466526155,0.03004800613477595,0.017874637053199974,8.26116952623579e-13,223,8.131370229924606e-11,161
CyclicControl,neural,49,QP+G,30,-0.0012392037069752042,-0.1309496398088398,0.2225548763751123,0.029847752709346517,0.017638091634948404,8.188172362366686e-13,223,8.796612049888353e-11,160
CyclicControl,neural,49,QP+G,35,-0.0012378951636420497,-0.12940995693256405,0.2221718275239975,0.02963115069797451,0.01756443502143955,8.99114116492683e-13,222,8.558901851141165e-11,160
CyclicControl,neural,49,QP+G,40,-0.001235682066183271,-0.12768432734517457,0.22140355677359644,0.029408797323682775,0.01751696097402379,8.871237078267313e-13,222,8.320738542622053e-11,160
CyclicControl,neural,49,QP+G,45,-0.0012326100866377906,-0.12587268330222845,0.2205239811627085,0.02918881180159638,0.017472683034445984,8.745226764972358e-13,222,8.982160154547003e-11,159
CyclicControl,neural,49,QP+G,50,-0.0012286743250548766,-0.12402212493994827,0.21962001423562075,0.02897452048412523,0.017427864677506417,8.616302116237762e-13,222,8.721996389016162e-11,159
CyclicControl,neural,49,QP+G,55,-0.0012238809626144878,-0.12215278023699018,0.21912236000905086,0.028766949395133058,0.01738196847507283,8.486544800234697e-13,222,8.465469644725054e-11,159
CyclicControl,neural,49,QP+G,60,-0.0012182413993482824,-0.12027258867842083,0.21859530162501323,0.028566277019579187,0.01733497352521389,8.355816039085084e-13,222,8.212896335235698e-11,159
CyclicControl,neural,49,noG,0,-0.006328067430073097,-0.19005050300060872,0.6872884070716478,0.2625407411523423,0.23469922375356775,8.781864124784988e-13,235,8.372103010856335e-11,184
CyclicControl,neural,49,noG,5,-0.0028951722422071993,-0.14491603310450285,0.6576627365104704,0.2608548199081275,0.2348419369866396,8.151257446797899e-13,236,8.80044370710209e-11,184
CyclicControl,neural,49,noG,10,0.00022199482837890737,-0.12361735481664664,0.6379507616532312,0.25951258816529843,0.234959482509118,8.176792576364278e-13,236,8.826839259512553e-11,184
CyclicControl,neural,49,noG,15,0.00247652157359264,-0.13545085618344535,0.6438376810499516,0.25881236997290796,0.2349574968385553,8.978373600143641e-13,235,8.635417381164245e-11,184
CyclicControl,neural,49,noG,20,0.004215312363091711,-0.16010796021941692,0.6591323536623832,0.2583875047157988,0.2349015518364719,8.813505480986805e-13,235,8.347453284152095e-11,184
CyclicControl,neural,49,noG,25,0.005823173374007201,-0.19270040713395414,0.6781501011931849,0.2579746559068695,0.23482450985595765,8.573697307667771e-13,235,8.822617636461416e-11,183
CyclicControl,neural,49,noG,30,0.007683776259428487,-0.24326048499893158,0.7035172150879501,0.257146467144758,0.23477484403013066,8.129052986305396e-13,235,8.899342374135699e-11,182
CyclicControl,neural,49,noG,35,0.009789349919702199,-0.3388994274007393,0.7239840342835024,0.25270698894199234,0.23541161613312603,8.396061623727746e-13,233,8.806577689313144e-11,179
CyclicControl,neural,49,noG,40,0.007889897746158288,-0.43233997345640207,0.6749257115044849,0.23693747229575532,0.23659771768381577,8.484324354185446e-13,234,8.351494495961731e-11,182
CyclicControl,neural,49,noG,45,0.0015127054460924356,-0.47332317155460313,0.5559743215106966,0.223605144914858,0.23768873000515567,8.359979375427429e-13,235,8.832928832802622e-11,183
CyclicControl,neural,49,noG,50,-0.0023356628899689745,-0.4715382634832635,0.5779449769237941,0.2216666462215293,0.23750991057482967,8.328338019225612e-13,235,8.803424655923209e-11,183
CyclicControl,neural,49,noG,55,-0.003975966192446871,-0.46618627883961306,0.5924112271622932,0.22152884289464958,0.23721321656621897,8.234524173644786e-13,235,8.646841576087638e-11,183
CyclicControl,neural,49,noG,60,-0.004910127679998134,-0.46179538728630143,0.5995883234242225,0.22156972068911923,0.23699232085673091,8.156253450408713e-13,235,8.516648497547408e-11,183
CyclicControl,neural,49,GDA,0,-0.006328067430073097,-0.19005050300060872,0.6872884070716478,0.2625407411523423,0.23469922375356775,8.781864124784988e-13,235,8.372103010856335e-11,184
CyclicControl,neural,49,GDA,5,0.0009287355697536976,-0.1261937341826291,0.6427760697201572,0.26207532279350876,0.23648607266941407,8.212319713152283e-13,236,8.890235769776211e-11,184
CyclicControl,neural,49,GDA,10,0.007540934642757523,-0.234989695022699,0.7090873151221869,0.2641526218709358,0.23835540765853566,8.373302051722931e-13,235,8.448411414896384e-11,183
CyclicControl,neural,49,GDA,15,0.010259257876580738,-0.36318968808842683,0.7348375613670841,0.25872053282273216,0.23984780277399273,8.102962745226705e-13,233,8.434780651711549e-11,179
CyclicControl,neural,49,GDA,20,0.0073837952260494355,-0.45055489429659296,0.6700526335497797,0.24096913444941173,0.2410697876062389,8.842371279627059e-13,234,8.975009624379027e-11,182
CyclicControl,neural,49,GDA,25,3.0016335237119496e-05,-0.4831397718710556,0.561986011404431,0.22920535296939504,0.24232127468941908,8.533174167268953e-13,235,8.242506677191841e-11,184
CyclicControl,neural,49,GDA,30,-0.00812473092563661,-0.4539408308004278,0.6316436880676912,0.23254053825286164,0.24333120695369934,8.908984661104569e-13,234,8.300421461271412e-11,183
CyclicControl,neural,49,GDA,35,-0.012765020446108555,-0.36543551469012536,0.6393356891229187,0.2322647202611285,0.24315568254067418,8.854028621385623e-13,232,8.882475310834081e-11,179
CyclicControl,neural,49,GDA,40,-0.01144166813059513,-0.2298622840097682,0.5756524673406297,0.21814719852234932,0.24112338926806196,8.376632720796806e-13,232,8.716771748851215e-11,180
CyclicControl,neural,49,GDA,45,-0.005007908143981191,-0.12628286592468607,0.5060701344633627,0.20336074660806103,0.23763986350922567,8.281153540679043e-13,233,8.452660793523137e-11,182
CyclicControl,neural,49,GDA,50,0.002987247330200607,-0.14377983235310973,0.5143958410396419,0.20008373889651682,0.23373004184540117,8.978373600143641e-13,232,8.206579860114971e-11,182
CyclicControl,neural,49,GDA,55,0.00846382531979668,-0.2224445679106864,0.5484136424659236,0.20095967413020444,0.22994197172274458,8.772982340587987e-13,231,8.934708528585134e-11,179
CyclicControl,neural,49,GDA,60,0.009011038176170435,-0.29474898361798785,0.5565114046286331,0.1939272194403313,0.22605607430559055,8.817391261572993e-13,230,8.599679302001562e-11,177
CyclicControl,neural,49,Adam-GDA,0,-0.006328067430073097,-0.19005050300060872,0.6872884070716478,0.2625407411523423,0.23469922375356775,8.781864124784988e-13,235,8.372103010856335e-11,184
CyclicControl,neural,49,Adam-GDA,5,-0.14541031442477745,-2.5241391348404134,2.980090477931816,2.4609928212269523,1.5264163866714353,8.264500195309665e-13,251,8.307576848665121e-11,206
CyclicControl,neural,49,Adam-GDA,10,-0.08818630693877871,-0.7534308952287376,2.917725626472119,2.461609949439753,2.1773751941284942,8.739675649849232e-13,249,8.191491929210315e-11,205
CyclicControl,neural,49,Adam-GDA,15,1.009402642388769,-2.378289725720185,6.207885472635425,5.666266343340216,2.892150058271952,8.22897305852166e-13,255,8.768630266331456e-11,210
CyclicControl,neural,49,Adam-GDA,20,2.5722028248642648,-5.997549382788764,12.14455694193844,11.679529356587347,6.07129079690512,8.668621376273222e-13,259,8.592060396495071e-11,215
CyclicControl,neural,49,Adam-GDA,25,2.345959359201184,-9.418031263290368,12.11359726831176,11.763783181751082,6.704908254309486,8.72191208145523e-13,263,8.914646798530157e-11,219
CyclicControl,neural,49,Adam-GDA,30,-2.154994630047092,-9.921930065501206,12.350743650452726,12.057726574268136,7.220313614555265,8.29558643999917e-13,264,8.501288562001719e-11,220
CyclicControl,neural,49,Adam-GDA,35,-7.29940755750841,-9.976353976672815,17.0251851995056,16.84099142563379,5.047676716841033,8.348877145181177e-13,264,8.556177988339186e-11,220
CyclicControl,neural,49,Adam-GDA,40,-9.603725384638267,-9.987762967617558,19.54884161523599,19.50362548543983,0.9403184463071563,8.331113576787175e-13,264,8.568257214847108e-11,220
CyclicControl,neural,49,Adam-GDA,45,-9.922799196500112,-9.991366650240241,19.912657134617078,19.900871590247142,0.18101492182980902,8.384404281969182e-13,264,8.571987564209849e-11,220
CyclicControl,neural,49,Adam-GDA,50,-9.971987325613316,-9.992720436469389,19.969030260325844,19.964138433539407,0.062276092555495245,8.348877145181177e-13,264,8.574119192417129e-11,220
CyclicControl,neural,49,Adam-GDA,55,-9.983670330056377,-9.993181816098183,19.98237730230432,19.979395027897574,0.03790089533406384,8.36664071357518e-13,264,8.574119192417129e-11,220
CyclicControl,neural,49,Adam-GDA,60,-9.987406805116606,-9.993190976251558,19.986652552142154,19.984344485290723,0.03231783060171449,8.348877145181177e-13,264,8.574474463785009e-11,220
CyclicControl,neural,49,EGM,0,-0.006328067430073097,-0.19005050300060872,0.6872884070716478,0.2625407411523423,0.23469922375356775,8.781864124784988e-13,235,8.372103010856335e-11,184
CyclicControl,neural,49,EGM,5,0.0008672850183636678,-0.12470785327073622,0.6290561878377989,0.25206127618648955,0.23102931381685265,8.907319326567631e-13,235,8.524617123306655e-11,184
CyclicControl,neural,49,EGM,10,0.006790870477357587,-0.22511640766273056,0.6762366970109277,0.24332093044681413,0.2272081842325367,8.852363286848686e-13,234,8.588427191646986e-11,182
CyclicControl,neural,49,EGM,15,0.008696748269771282,-0.33940205902914644,0.6834543413175016,0.227728285883965,0.22285568022969857,8.335554468885675e-13,232,8.356058900371721e-11,178
CyclicControl,neural,49,EGM,20,0.005768789346668517,-0.41008765949609643,0.6073094980144584,0.20440110066871567,0.21817496213797735,8.941736240331011e-13,233,8.483647118140425e-11,181
CyclicControl,neural,49,EGM,25,-0.0003308810402362594,-0.4279584627971476,0.5086550880211762,0.1882349643530424,0.21346726047490405,8.398282069776997e-13,234,8.272105223028348e-11,182
CyclicControl,neural,49,EGM,30,-0.006351350439386096,-0.3914254434217194,0.5574639020900187,0.18302931787948873,0.20852340358835833,8.534839501805891e-13,233,8.847128585287578e-11,180
CyclicControl,neural,49,EGM,35,-0.009292671399492032,-0.30730436062127653,0.5483541524798915,0.17595399418293678,0.20274234404781588,8.272826867994354e-13,231,8.216483049494627e-11,177
CyclicControl,neural,49,EGM,40,-0.008027525742192907,-0.18951050089744842,0.4841939004157853,0.16219244547808356,0.19588072560372038,8.812950369474493e-13,230,8.803902051823798e-11,177
CyclicControl,neural,49,EGM,45,-0.00370767886470556,-0.1228740226805363,0.4384600033682079,0.1493571264642724,0.18841478638999284,8.49376124989476e-13,231,8.243317139999817e-11,179
CyclicControl,neural,49,EGM,50,0.0011623583845152509,-0.13906481629104817,0.44198885776876035,0.14226253527888288,0.18106404459499081,8.152367669822524e-13,231,8.623102232263591e-11,178
CyclicControl,neural,49,EGM,55,0.004226843595858962,-0.1881578793853387,0.4594482795631306,0.13651747995073438,0.17414613473216758,8.112399640936019e-13,230,8.256188788191565e-11,176
CyclicControl,neural,49,EGM,60,0.00438942541341346,-0.23247193705940428,0.453691143599551,0.12699602060649107,0.16751852801608658,8.585077093670179e-13,228,8.37148961263523e-11,173
CyclicControl,neural,49,PPM-3,0,-0.006328067430073097,-0.19005050300060872,0.6872884070716478,0.2625407411523423,0.23469922375356775,8.781864124784988e-13,235,8.372103010856335e-11,184
CyclicControl,neural,49,PPM-3,5,0.0008341045013250315,-0.1245645723584775,0.6289482819611566,0.25206395370826135,0.23102764651606775,8.908429549592256e-13,235,8.525918859803028e-11,184
CyclicControl,neural,49,PPM-3,10,0.006744873573742412,-0.22391257063320077,0.6756979090919368,0.24335169852914346,0.2272074088503947,8.865685963144188e-13,234,8.611505952771381e-11,182
CyclicControl,neural,49,PPM-3,15,0.00869417419105288,-0.33800719883631575,0.6838474044387395,0.22794658370830284,0.22286444832066968,8.378298055333744e-13,232,8.295669706726017e-11,178
CyclicControl,neural,49,PPM-3,20,0.005856239228100065,-0.4090597935998439,0.6094074181053201,0.2047336729551607,0.2181957356010649,8.919531779838508e-13,233,8.445016907998593e-11,181
CyclicControl,neural,49,PPM-3,25,-0.00016748517652649344,-0.4279416759643337,0.5072232401810782,0.18833121105000486,0.2135006863582037,8.398282069776997e-13,234,8.269829265827866e-11,182
CyclicControl,neural,49,PPM-3,30,-0.006195585472066188,-0.3929574042436631,0.5565706475152145,0.182987915876838,0.20858622427950627,8.568146192544646e-13,233,8.904249559904542e-11,180
CyclicControl,neural,49,PPM-3,35,-0.009247882781758861,-0.3106261453992397,0.5493351545842539,0.1761913651095749,0.20286535774733094,8.362754932988992e-13,231,8.360057091039153e-11,177
CyclicControl,neural,49,PPM-3,40,-0.008142690310892448,-0.19445556339043563,0.48753334396274844,0.16268661667673823,0.19607959470648836,8.764655667903298e-13,230,8.702515097436248e-11,177
CyclicControl,neural,49,PPM-3,45,-0.003936674189066276,-0.12395087526389112,0.43919486708932465,0.14972755082294067,0.18867340893799583,8.484879465697759e-13,231,8.220704672545764e-11,179
CyclicControl,neural,49,PPM-3,50,0.0009361686326940549,-0.13801380507775246,0.441968996712223,0.142433442953031,0.18135567846869025,8.180123245438153e-13,231,8.682457530717613e-11,178
CyclicControl,neural,49,PPM-3,55,0.004120637553904864,-0.18500259173936232,0.45861219194583047,0.1368147281334584,0.17446267872025464,8.181788579975091e-13,230,8.416352337281552e-11,176
CyclicControl,neural,49,PPM-3,60,0.004456009597682601,-0.22944885378533364,0.4541451615617315,0.12762711373161909,0.1678693219695844,8.472667012426882e-13,228,8.185319089193399e-11,173
FrequencyHopping,neural,40,QP+G,0,-0.011808681961510883,-0.7146253444275262,2.6502840212902847,2.062706880047242,0.44719023878008995,8.5131901528257e-13,248,8.292633246753667e-11,203
FrequencyHopping,neural,40,QP+G,5,-0.008839211870480455,-0.32881320818108956,2.29242812487224,1.7645355785868893,0.2761564351179622,8.730793865652231e-13,248,8.386114025427105e-11,203
FrequencyHopping,neural,40,QP+G,10,-0.007316962912466795,-0.1817686987824205,2.1690082243860185,1.7101022301179953,0.2227494228422477,8.890665981198254e-13,248,8.549583263572913e-11,203
FrequencyHopping,neural,40,QP+G,15,-0.0010652706482993863,-0.11398507723344317,2.118650802127414,1.704908189424241,0.21375654784080336,8.997247391562269e-13,248,8.674527762764228e-11,203
FrequencyHopping,neural,40,QP+G,20,0.0013105980583489197,-0.10890607570328667,2.115891378014694,1.7040509435224278,0.21423745776654077,8.109068971862143e-13,249,8.689227115610265e-11,203
FrequencyHopping,neural,40,QP+G,25,0.0013105980583489197,-0.10890607570328667,2.115891378014694,1.7040509435224278,0.21423745776654077,8.109068971862143e-13,249,8.689227115610265e-11,203
FrequencyHopping,neural,40,QP+G,30,0.0013105980583489197,-0.10890607570328667,2.115891378014694,1.7040509435224278,0.21423745776654077,8.109068971862143e-13,249,8.689227115610265e-11,203
FrequencyHopping,neural,40,QP+G,35,0.0013105980583489197,-0.10890607570328667,2.115891378014694,1.7040509435224278,0.21423745776654077,8.109068971862143e-13,249,8.689227115610265e-11,203
FrequencyHopping,neural,40,QP+G,40,0.0013105980583489197,-0.10890607570328667,2.115891378014694,1.7040509435224278,0.21423745776654077,8.109068971862143e-13,249,8.689227115610265e-11,203
FrequencyHopping,neural,40,QP+G,45,0.0013105980583489197,-0.10890607570328667,2.115891378014694,1.7040509435224278,0.21423745776654077,8.109068971862143e-13,249,8.689227115610265e-11,203
FrequencyHopping,neural,40,QP+G,50,0.0013105980583489197,-0.10890607570328667,2.115891378014694,1.7040509435224278,0.21423745776654077,8.109068971862143e-13,249,8.689227115610265e-11,203
FrequencyHopping,neural,40,QP+G,55,0.0013105980583489197,-0.10890607570328667,2.115891378014694,1.7040509435224278,0.21423745776654077,8.109068971862143e-13,249,8.689227115610265e-11,203
FrequencyHopping,neural,40,QP+G,60,0.0013105980583489197,-0.10890607570328667,2.115891378014694,1.7040509435224278,0.21423745776654077,8.109068971862143e-13,249,8.689227115610265e-11,203
FrequencyHopping,neural,40,noG,0,-0.011808681961510883,-0.7146253444275262,2.6502840212902847,2.062706880047242,0.44719023878008995,8.5131901528257e-13,248,8.292633246753667e-11,203
FrequencyHopping,neural,40,noG,5,-0.011808681961510883,-0.7146253444275262,2.6502840212902847,2.062706880047242,0.44719023878008995,8.5131901528257e-13,248,8.292633246753667e-11,203
FrequencyHopping,neural,40,noG,10,-0.011808681961510883,-0.7146253444275262,2.6502840212902847,2.062706880047242,0.44719023878008995,8.5131901528257e-13,248,8.292633246753667e-11,203
FrequencyHopping,neural,40,noG,15,-0.011808681961510883,-0.7146253444275262,2.6502840212902847,2.062706880047242,0.44719023878008995,8.5131901528257e-13,248,8.292633246753667e-11,203
FrequencyHopping,neural,40,noG,20,-0.011808681961510883,-0.7146253444275262,2.6502840212902847,2.062706880047242,0.44719023878008995,8.5131901528257e-13,248,8.292633246753667e-11,203
FrequencyHopping,neural,40,noG,25,-0.011808681961510883,-0.7146253444275262,2.6502840212902847,2.062706880047242,0.44719023878008995,8.5131901528257e-13,248,8.292633246753667e-11,203
FrequencyHopping,neural,40,noG,30,-0.011808681961510883,-0.7146253444275262,2.6502840212902847,2.062706880047242,0.44719023878008995,8.5131901528257e-13,248,8.292633246753667e-11,203
FrequencyHopping,neural,40,noG,35,-0.011808681961510883,-0.7146253444275262,2.6502840212902847,2.062706880047242,0.44719023878008995,8.5131901528257e-13,248,8.292633246753667e-11,203
FrequencyHopping,neural,40,noG,40,-0.011808681961510883,-0.7146253444275262,2.6502840212902847,2.062706880047242,0.44719023878008995,8.5131901528257e-13,248,8.292633246753667e-11,203
FrequencyHopping,neural,40,noG,45,-0.011808681961510883,-0.7146253444275262,2.6502840212902847,2.062706880047242,0.44719023878008995,8.5131901528257e-13,248,8.292633246753667e-11,203
FrequencyHopping,neural,40,noG,50,-0.011808681961510883,-0.7146253444275262,2.6502840212902847,2.062706880047242,0.44719023878008995,8.5131901528257e-13,248,8.292633246753667e-11,203
FrequencyHopping,neural,40,noG,55,-0.011808681961510883,-0.7146253444275262,2.6502840212902847,2.062706880047242,0.44719023878008995,8.5131901528257e-13,248,8.292633246753667e-11,203
FrequencyHopping,neural,40,noG,60,-0.011808681961510883,-0.7146253444275262,2.6502840212902847,2.062706880047242,0.44719023878008995,8.5131901528257e-13,248,8.292633246753667e-11,203
FrequencyHopping,neural,40,GDA,0,-0.011808681961510883,-0.7146253444275262,2.6502840212902847,2.062706880047242,0.44719023878008995,8.5131901528257e-13,248,8.292633246753667e-11,203
FrequencyHopping,neural,40,GDA,5,-0.010703545569280808,-0.6496993497848698,2.6620409030854244,2.069305725975094,0.451305617485801,8.877343304902752e-13,248,8.642730975338964e-11,203
FrequencyHopping,neural,40,GDA,10,-0.005073750125727725,-0.5064841034480246,2.6128279719601624,2.0425232912297417,0.4562065153728623,8.419931418757187e-13,249,8.171374688004107e-11,204
FrequencyHopping,neural,40,GDA,15,0.006697565469943968,-0.37715251461286614,2.5623583393137888,2.035277676793539,0.4589761853759109,8.79296635503124e-13,249,8.56623660894229e-11,204
FrequencyHopping,neural,40,GDA,20,0.021643696051904224,-0.4236316625132801,2.66135130756257,2.1122506527310545,0.46031557150145014,8.15347789284715e-13,250,8.864775580263995e-11,204
FrequencyHopping,neural,40,GDA,25,0.033688364368829674,-0.5971330991063692,2.8562064965116907,2.239950002043545,0.4633154220815478,8.282263763703668e-13,250,8.12305778197242e-11,205
FrequencyHopping,neural,40,GDA,30,0.03814231136046051,-0.7008761187934014,2.952184571704949,2.322325870800012,0.4704568360885048,8.304468224196171e-13,250,8.155054409542117e-11,205
FrequencyHopping,neural,40,GDA,35,0.035897330107547684,-0.7106124012132067,2.9400958330447278,2.3188564575145167,0.4810912906543541,8.268941087408166e-13,250,8.126188610901863e-11,205
FrequencyHopping,neural,40,GDA,40,0.03376862945568468,-0.6155352800167533,2.832134664666666,2.237087029176718,0.4916210307176709,8.237854842718662e-13,250,8.967315778818374e-11,204
FrequencyHopping,neural,40,GDA,45,0.03988461257702612,-0.5206345652893222,2.712891242537474,2.120894725063331,0.49844550254140013,8.149037000748649e-13,250,8.854206257069563e-11,204
FrequencyHopping,neural,40,GDA,50,0.05704423545406713,-0.46055428634193923,2.6148216696582867,2.031744432421327,0.5010103505411888,8.886225089099753e-13,249,8.661449335534144e-11,204
FrequencyHopping,neural,40,GDA,55,0.07973019034908077,-0.47407374455652856,2.573268301649236,2.001674241955951,0.5019435046823914,8.628653347386717e-13,249,8.365463877169077e-11,204
FrequencyHopping,neural,40,GDA,60,0.09816339382715755,-0.5606839579471422,2.586514874944635,2.001450040543136,0.5042493285815777,8.273381979506667e-13,249,8.8452134505701e-11,203
FrequencyHopping,neural,40,Adam-GDA,0,-0.011808681961510883,-0.7146253444275262,2.6502840212902847,2.062706880047242,0.44719023878008995,8.5131901528257e-13,248,8.292633246753667e-11,203
FrequencyHopping,neural,40,Adam-GDA,5,0.15275781864712756,-2.6013155509701216,5.604795230596315,4.987951613103455,1.897994781507635,8.36664071357518e-13,253,8.617195845772585e-11,208
FrequencyHopping,neural,40,Adam-GDA,10,-0.5213497608570385,-2.6842719766146903,7.192112716626696,6.643888016702968,3.8352742461036033,8.961720254774264e-13,256,8.72386607397857e-11,212
FrequencyHopping,neural,40,Adam-GDA,15,1.4789022917400563,-3.1106502733440444,9.28344595291709,8.84971518013545,4.531076723087793,8.899547765395255e-13,259,8.940936879753281e-11,215
FrequencyHopping,neural,40,Adam-GDA,20,3.4321268560524816,-6.168169614403105,11.648394550210657,11.321696000180122,2.925563181912949,8.686384944667225e-13,259,8.640554938210698e-11,215
FrequencyHopping,neural,40,Adam-GDA,25,1.932993267498862,-7.305519726718508,10.116353054823065,9.763615180598237,5.4678148383280645,8.322231792590173e-13,261,8.398526318842414e-11,217
FrequencyHopping,neural,40,Adam-GDA,30,-2.49990052596051,-6.2601730823600565,9.67558654490546,9.291983050056748,5.1063395184387605,8.686384944667225e-13,259,8.743228363528033e-11,215
FrequencyHopping,neural,40,Adam-GDA,35,-1.7255099540561265,-6.798890345445755,12.091164487474067,11.850848580850144,6.7591905618991674,8.65085780787922e-13,260,8.704859055796987e-11,216
FrequencyHopping,neural,40,Adam-GDA,40,3.56695108862073,-9.958041621000586,15.561829733275353,15.436787231252257,4.253822357687089,8.313350008393172e-13,264,8.489564606861677e-11,220
FrequencyHopping,neural,40,Adam-GDA,45,-0.09920636618273382,-10.893212596385917,15.200139173336504,15.03832297711629,8.1623673571353,8.189005029635155e-13,265,8.400036222155904e-11,221
FrequencyHopping,neural,40,Adam-GDA,50,-6.243494680322263,-10.947874301442255,17.413200473451727,17.298650854779623,3.9756637412543316,8.22453216642316e-13,265,8.446932042716071e-11,221
FrequencyHopping,neural,40,Adam-GDA,55,-9.309480947308032,-10.948711315690344,18.25420483528954,18.168916437329717,4.969538370902826,8.242295734817162e-13,265,8.447642585451831e-11,221
FrequencyHopping,neural,40,Adam-GDA,60,-10.884169407767548,-10.91907338804476,18.28398573286607,18.273519821852943,0.40988144034110124,8.206768598029157e-13,265,8.422418318332348e-11,221
FrequencyHopping,neural,40,EGM,0,-0.011808681961510883,-0.7146253444275262,2.6502840212902847,2.062706880047242,0.44719023878008995,8.5131901528257e-13,248,8.292633246753667e-11,203
FrequencyHopping,neural,40,EGM,5,-0.010270990811428899,-0.634677726808798,2.6466727579507756,2.0548516056432713,0.443725806005564,8.881784197001252e-13,248,8.63773497172815e-11,203
FrequencyHopping,neural,40,EGM,10,-0.00390628608792083,-0.4832969511212366,2.5840195059589925,2.0186256673184544,0.4409743466875441,8.397726958264684e-13,249,8.146483487792011e-11,204
FrequencyHopping,neural,40,EGM,15,0.007707740879768901,-0.3590417638351264,2.530214707091128,2.0068669097193057,0.43652690062798466,8.735234757750732e-13,249,8.501843673514031e-11,204
FrequencyHopping,neural,40,EGM,20,0.021015431071290384,-0.393761989731006,2.6089677149562065,2.068432522104719,0.4312915254589805,8.966161146872764e-13,249,8.757727876229637e-11,204
FrequencyHopping,neural,40,EGM,25,0.03101863125621117,-0.5377937104148937,2.768740290656352,2.1637972376859613,0.42788977083125646,8.175682353339653e-13,250,8.889178282345256e-11,204
FrequencyHopping,neural,40,EGM,30,0.03518447213042871,-0.6107551464969354,2.832681148894122,2.2154453580996067,0.42802695201506374,8.189005029635155e-13,250,8.916378746448572e-11,204
FrequencyHopping,neural,40,EGM,35,0.03564067154734398,-0.5978846456431886,2.801780564385804,2.1966295570021677,0.430845988919731,8.15791878494565e-13,250,8.886358315862708e-11,204
FrequencyHopping,neural,40,EGM,40,0.037805211331535686,-0.5135169110120583,2.703956935622433,2.122910863558721,0.4336544476491071,8.122391648157645e-13,250,8.818545893518603e-11,204
FrequencyHopping,neural,40,EGM,45,0.04628385354804854,-0.455841447029754,2.6210045626609126,2.0340240564981946,0.43431530171180094,8.917311333789257e-13,249,8.694289732602556e-11,204
FrequencyHopping,neural,40,EGM,50,0.06125427537381545,-0.42121157511140683,2.548181507258863,1.9672436484604856,0.4329141995711284,8.744116541947733e-13,249,8.49562642457613e-11,204
FrequencyHopping,neural,40,EGM,55,0.07844165737804847,-0.4379495140380968,2.5129734280219784,1.9312193052152988,0.4312181352724137,8.499867476530198e-13,249,8.215428337621233e-11,204
FrequencyHopping,neural,40,EGM,60,0.09270340609051825,-0.46348751613183214,2.4742526468151635,1.9029268235161974,0.4308880064820004,8.193445921733655e-13,249,8.738076928693772e-11,203
FrequencyHopping,neural,40,PPM-3,0,-0.011808681961510883,-0.7146253444275262,2.6502840212902847,2.062706880047242,0.44719023878008995,8.5131901528257e-13,248,8.292633246753667e-11,203
FrequencyHopping,neural,40,PPM-3,5,-0.010243061271834494,-0.6351099604823015,2.646647100817111,2.054864591481363,0.44373443029162896,8.877343304902752e-13,248,8.635847592586288e-11,203
FrequencyHopping,neural,40,PPM-3,10,-0.003912265088640159,-0.48479949747993983,2.5847396405684906,2.0188645545443245,0.4410074525921988,8.393286066166183e-13,249,8.14284195627124e-11,204
FrequencyHopping,neural,40,PPM-3,15,0.0076116763378388085,-0.36059021140737213,2.530957229922484,2.0067103727158617,0.4366095992700421,8.72635297355373e-13,249,8.497558212638978e-11,204
FrequencyHopping,neural,40,PPM-3,20,0.020866763858983707,-0.39075161701130634,2.6054677450941193,2.066942497295461,0.43140935272260766,8.961720254774264e-13,249,8.75473027406315e-11,204
FrequencyHopping,neural,40,PPM-3,25,0.030945260518444425,-0.5349485843018319,2.7659612180720363,2.161869475639584,0.4279921525459022,8.171241461241152e-13,250,8.888534352990973e-11,204
FrequencyHopping,neural,40,PPM-3,30,0.035295320167553074,-0.6091119346664982,2.831721950864911,2.214610562967364,0.428082928212942,8.189005029635155e-13,250,8.917888649762062e-11,204
FrequencyHopping,neural,40,PPM-3,35,0.03590285655287056,-0.5985439351840205,2.8028498619702047,2.1977231269390987,0.43089800493951275,8.15791878494565e-13,250,8.888889624358853e-11,204
FrequencyHopping,neural,40,PPM-3,40,0.03803253152687309,-0.5164565278304506,2.707575574249625,2.125923566325321,0.43380500285112267,8.126832540256146e-13,250,8.821920971513464e-11,204
FrequencyHopping,neural,40,PPM-3,45,0.046280948975710945,-0.45926921468053505,2.6254193208900083,2.0378778175629346,0.43464424590418266,8.921752225887758e-13,249,8.699263531752877e-11,204
FrequencyHopping,neural,40,PPM-3,50,0.06100631896869353,-0.4223812352134181,2.550783043125542,1.9704922342627478,0.43340863848860844,8.748557434046234e-13,249,8.503286963446044e-11,204
FrequencyHopping,neural,40,PPM-3,55,0.07815975226856779,-0.43989417938428943,2.5169412276902112,1.9333391002966624,0.4317930031763818,8.5087492607272e-13,249,8.226619385709455e-11,204
FrequencyHopping,neural,40,PPM-3,60,0.09265894453477216,-0.46387605812418664,2.4772838044813965,1.9049797340951165,0.4314684277217454,8.204548151979907e-13,249,8.754508229458224e-11,203
FrequencyHopping,neural,41,QP+G,0,-0.009785928894033229,-0.3127108210124748,2.4690339479283288,1.9561597792896013,0.3979646312875043,8.877343304902752e-13,249,8.65041371866937e-11,204
FrequencyHopping,neural,41,QP+G,5,-0.003674287228331458,-0.21446305323847864,2.2788888448836433,1.7910251220307964,0.2489265030861085,8.411049634560186e-13,249,8.110534466254649e-11,204
FrequencyHopping,neural,41,QP+G,10,0.0007602373605559529,-0.1174571642055613,2.149634758901772,1.728034965422649,0.205915176113893,8.242295734817162e-13,249,8.810041585149975e-11,203
FrequencyHopping,neural,41,QP+G,15,0.0061489049273360805,-0.0949123485389279,2.1174621758359464,1.7096908339025303,0.20005709523624784,8.193445921733655e-13,249,8.752998326144734e-11,203
FrequencyHopping,neural,41,QP+G,20,0.01184962549265496,-0.10189978207433584,2.1164031131066174,1.6985815081701658,0.20224209495852627,8.149037000748649e-13,249,8.70612471004506e-11,203
FrequencyHopping,neural,41,QP+G,25,0.017703488441749963,-0.10932105235320151,2.1169657389133505,1.6896390550173075,0.20623119013721553,8.117950756059145e-13,249,8.6669116328153e-11,203
FrequencyHopping,neural,41,QP+G,30,0.01781022725159989,-0.10956021156167295,2.1170997114576426,1.6895042951416714,0.20631887513744532,8.113509863960644e-13,249,8.66637872576348e-11,203
FrequencyHopping,neural,41,QP+G,35,0.01781022725159989,-0.10956021156167295,2.1170997114576426,1.6895042951416714,0.20631887513744532,8.113509863960644e-13,249,8.66637872576348e-11,203
FrequencyHopping,neural,41,QP+G,40,0.01781022725159989,-0.10956021156167295,2.1170997114576426,1.6895042951416714,0.20631887513744532,8.113509863960644e-13,249,8.66637872576348e-11,203
FrequencyHopping,neural,41,QP+G,45,0.01781022725159989,-0.10956021156167295,2.1170997114576426,1.6895042951416714,0.20631887513744532,8.113509863960644e-13,249,8.66637872576348e-11,203
FrequencyHopping,neural,41,QP+G,50,0.01781022725159989,-0.10956021156167295,2.1170997114576426,1.6895042951416714,0.20631887513744532,8.113509863960644e-13,249,8.66637872576348e-11,203
FrequencyHopping,neural,41,QP+G,55,0.01781022725159989,-0.10956021156167295,2.1170997114576426,1.6895042951416714,0.20631887513744532,8.113509863960644e-13,249,8.66637872576348e-11,203
FrequencyHopping,neural,41,QP+G,60,0.01781022725159989,-0.10956021156167295,2.1170997114576426,1.6895042951416714,0.20631887513744532,8.113509863960644e-13,249,8.66637872576348e-11,203
FrequencyHopping,neural,41,noG,0,-0.009785928894033229,-0.3127108210124748,2.4690339479283288,1.9561597792896013,0.3979646312875043,8.877343304902752e-13,249,8.65041371866937e-11,204
FrequencyHopping,neural,41,noG,5,-0.0006327415044047953,-0.4024350409298453,2.5311334743548772,1.9591758513907012,0.39391894657791865,8.748557434046234e-13,249,8.497114123429128e-11,204
FrequencyHopping,neural,41,noG,10,0.0029202364699599465,-0.4360345199052486,2.5509308872786565,1.9635366085809378,0.39201564554768814,8.677503160470224e-13,249,8.4195983518498e-11,204
FrequencyHopping,neural,41,noG,15,0.005770662842589382,-0.46294113187533276,2.5647107091608286,1.9672353977388815,0.3904492597277998,8.610889778992714e-13,249,8.345724111791242e-11,204
FrequencyHopping,neural,41,noG,20,0.009623675610517298,-0.49982715677612444,2.579086110980705,1.970847701101979,0.3884795339620197,8.499867476530198e-13,249,8.218781211155601e-11,204
FrequencyHopping,neural,41,noG,25,0.014656327966560296,-0.5507866752558245,2.573909159529688,1.9580218927818194,0.38680076301948685,8.22453216642316e-13,249,8.783151983493553e-11,203
FrequencyHopping,neural,41,noG,30,0.014820606807743676,-0.5437789502459591,2.502871082362827,1.9005016417707399,0.3859017185383143,8.786305016883489e-13,248,8.405653950660508e-11,203
FrequencyHopping,neural,41,noG,35,0.012748710062052426,-0.4718182782027085,2.3716924647100317,1.814175963988191,0.3836693964679385,8.462119893692943e-13,248,8.101741499899617e-11,203
FrequencyHopping,neural,41,noG,40,0.012243858038509147,-0.3454431575345084,2.2132611882529027,1.7384412439901324,0.37929520757973584,8.268941087408166e-13,248,8.799827533323423e-11,202
FrequencyHopping,neural,41,noG,45,0.015090636878746327,-0.3350201587574268,2.1900159001857875,1.7154392822199518,0.37437080642344295,8.197886813832156e-13,248,8.749490021386919e-11,202
FrequencyHopping,neural,41,noG,50,0.01614792317970665,-0.34839811814513155,2.2044631129101164,1.7179513705019862,0.3731119988857858,8.197886813832156e-13,248,8.757150560256832e-11,202
FrequencyHopping,neural,41,noG,55,0.016231321976971077,-0.34946122846371674,2.2058670634907185,1.7182212917464526,0.3730125572488285,8.202327705930657e-13,248,8.757994329755547e-11,202
FrequencyHopping,neural,41,noG,60,0.01623768682249873,-0.34954163033545765,2.2059734567925853,1.7182422375702853,0.37300496995993665,8.200107259881406e-13,248,8.758060943137025e-11,202
FrequencyHopping,neural,41,GDA,0,-0.009785928894033229,-0.3127108210124748,2.4690339479283288,1.9561597792896013,0.3979646312875043,8.877343304902752e-13,249,8.65041371866937e-11,204
FrequencyHopping,neural,41,GDA,5,0.004111678665713033,-0.44831344162110454,2.55899054895145,1.9669734779342813,0.3928795591671064,8.65529869997772e-13,249,8.396194850490701e-11,204
FrequencyHopping,neural,41,GDA,10,0.012995824875653181,-0.5357921463800893,2.589310840005188,1.9739710195615876,0.39012726157374006,8.375522497772181e-13,249,8.971579035232935e-11,203
FrequencyHopping,neural,41,GDA,15,0.015469994423851718,-0.5610555245911343,2.550652355689038,1.9378746156200113,0.3891183519886446,8.952838470577262e-13,248,8.58149107330064e-11,203
FrequencyHopping,neural,41,GDA,20,0.013791525268868713,-0.5192022787662611,2.445509864676244,1.8605989074123046,0.38773410969241084,8.608669332943464e-13,248,8.230416348453673e-11,203
FrequencyHopping,neural,41,GDA,25,0.011987450212611004,-0.4159903375676452,2.293249927422875,1.7725300336577934,0.3842742801352627,8.326672684688674e-13,248,8.871814394240118e-11,202
FrequencyHopping,neural,41,GDA,30,0.013175519526379312,-0.3097372057747855,2.168414117335946,1.7197908053012434,0.379116790187407,8.215650382226158e-13,248,8.748690660809189e-11,202
FrequencyHopping,neural,41,GDA,35,0.018030431177973996,-0.37823949027228965,2.241913131745177,1.7296012432950616,0.3747898713660481,8.22897305852166e-13,248,8.775380422321177e-11,202
FrequencyHopping,neural,41,GDA,40,0.025300272714536456,-0.43442940762949306,2.327117422382586,1.775046743844273,0.3742746389237693,8.357758929378178e-13,248,8.913092486295682e-11,202
FrequencyHopping,neural,41,GDA,45,0.03357274432706055,-0.44249437045580275,2.370026264439629,1.8141102813328724,0.3788090667978121,8.5087492607272e-13,248,8.2054585348601e-11,203
FrequencyHopping,neural,41,GDA,50,0.042579790349547154,-0.3988715458869934,2.3714652767964455,1.8345001603843707,0.3872042657395203,8.719691635405979e-13,248,8.43964897967453e-11,203
FrequencyHopping,neural,41,GDA,55,0.052971551738054685,-0.36494671174797244,2.400347051869955,1.8533076123132775,0.397236189179216,8.140155216551648e-13,249,8.72750760549934e-11,203
FrequencyHopping,neural,41,GDA,60,0.0649914009218285,-0.3508752959814407,2.4411205284487907,1.8944412101661912,0.4075585476099501,8.411049634560186e-13,249,8.129252826449829e-11,204
FrequencyHopping,neural,41,Adam-GDA,0,-0.009785928894033229,-0.3127108210124748,2.4690339479283288,1.9561597792896013,0.3979646312875043,8.877343304902752e-13,249,8.65041371866937e-11,204
FrequencyHopping,neural,41,Adam-GDA,5,0.023870692529313536,-1.544781270041959,3.97533509602125,3.3918079354625124,1.5273096634356063,8.766321002440236e-13,250,8.923395355964203e-11,205
FrequencyHopping,neural,41,Adam-GDA,10,-0.01771601510940181,-2.642617322533584,6.289310886285357,5.705712939545756,3.5407447945578654,8.704148513061227e-13,254,8.264411377467695e-11,210
FrequencyHopping,neural,41,Adam-GDA,15,1.7659669390146884,-3.6872035079064736,8.868036604761018,8.43797966651282,4.100441710922333,8.304468224196171e-13,258,8.313616461919082e-11,214
FrequencyHopping,neural,41,Adam-GDA,20,1.7589008061417895,-7.059241825346096,11.23670751675261,10.846961212667702,4.498324749906881,8.952838470577262e-13,260,8.982237176269336e-11,216
FrequencyHopping,neural,41,Adam-GDA,25,-1.3088801551706366,-5.725717657629088,10.37304557905371,9.925659458047537,8.118690626613317,8.943956686380261e-13,258,8.911893445429087e-11,214
FrequencyHopping,neural,41,Adam-GDA,30,1.9660145634460404,-6.782583273109953,12.169106028133886,11.866022150472892,5.230479332250238,8.570921750106208e-13,260,8.644818194625259e-11,216
FrequencyHopping,neural,41,Adam-GDA,35,1.7752564240071544,-10.381307426718456,15.19567716871513,14.961565700917644,7.177683430525755,8.686384944667225e-13,264,8.871303691648791e-11,220
FrequencyHopping,neural,41,Adam-GDA,40,-6.575130690260522,-10.924612767287892,16.483729303887863,16.295260131624737,9.977394490907312,8.206768598029157e-13,265,8.428280295902368e-11,221
FrequencyHopping,neural,41,Adam-GDA,45,-10.671436325550225,-10.9780085843644,17.52099775631194,17.512517769991835,0.8657804455940397,8.277822871605167e-13,265,8.472866852571315e-11,221
FrequencyHopping,neural,41,Adam-GDA,50,-10.933351660993122,-10.98836764589613,17.642709537493708,17.65832519479214,0.1829350695874506,8.260059303211165e-13,265,8.481571001084376e-11,221
FrequencyHopping,neural,41,Adam-GDA,55,-10.97208689636653,-10.991594665783333,17.66170444119913,17.68321642250131,0.07660453259522436,8.277822871605167e-13,265,8.484413172027416e-11,221
FrequencyHopping,neural,41,Adam-GDA,60,-10.982737103246802,-10.99282417340262,17.66705962013721,17.69053401813288,0.047371629005209075,8.260059303211165e-13,265,8.485301350447116e-11,221
FrequencyHopping,neural,41,EGM,0,-0.009785928894033229,-0.3127108210124748,2.4690339479283288,1.9561597792896013,0.3979646312875043,8.877343304902752e-13,249,8.65041371866937e-11,204
FrequencyHopping,neural,41,EGM,5,0.0036088446573519376,-0.43894822033114855,2.5475577831721266,1.9581892631665063,0.38648480835236104,8.646416915780719e-13,249,8.38322744556308e-11,204
FrequencyHopping,neural,41,EGM,10,0.01171836540970499,-0.5121707949804024,2.5637038388031526,1.952870158073858,0.3776416663169845,8.362199821476679e-13,249,8.957146135912808e-11,203
FrequencyHopping,neural,41,EGM,15,0.014178733086644527,-0.52310732479072,2.5138739049283823,1.9077136147270488,0.3706880227077652,8.957279362675763e-13,248,8.586176214464558e-11,203
FrequencyHopping,neural,41,EGM,20,0.013573197841359014,-0.47232155944161575,2.4061452803176238,1.8301993670538215,0.3637248490148169,8.641976023682219e-13,248,8.267098117187288e-11,203
FrequencyHopping,neural,41,EGM,25,0.013267400586774766,-0.3699147275490438,2.2584763901804474,1.7508792507470452,0.35554367420348254,8.393286066166183e-13,248,8.946376972573944e-11,202
FrequencyHopping,neural,41,EGM,30,0.015378757723195776,-0.28726352675216127,2.157464342925306,1.7059361876679418,0.3468103703067336,8.280043317654417e-13,248,8.841460896746867e-11,202
FrequencyHopping,neural,41,EGM,35,0.020161097198806703,-0.33546451401403465,2.2077999348124777,1.708734206866605,0.33972813584663025,8.286704655802168e-13,248,8.863287881410997e-11,202
FrequencyHopping,neural,41,EGM,40,0.026812401895632956,-0.37066433304500496,2.269088573328427,1.7365522007453318,0.3364902872092377,8.393286066166183e-13,248,8.982303789650814e-11,202
FrequencyHopping,neural,41,EGM,45,0.03466286080489055,-0.36554610992611536,2.29557952011236,1.7617422898584456,0.3377968450661316,8.535394613318203e-13,248,8.249378957714271e-11,203
FrequencyHopping,neural,41,EGM,50,0.04367968483479463,-0.3314271847924521,2.3098550345126014,1.7778226023287542,0.34269783267892495,8.775202786637237e-13,248,8.456391142885877e-11,203
FrequencyHopping,neural,41,EGM,55,0.05406378260429414,-0.3032752233592237,2.328944284520766,1.7960603206537473,0.34970514520100665,8.117950756059145e-13,249,8.689693409280608e-11,203
FrequencyHopping,neural,41,EGM,60,0.06556738480950067,-0.29466063684465243,2.359454010698335,1.8291527529116531,0.3579677743224594,8.317790900491673e-13,249,8.915890248317737e-11,203
FrequencyHopping,neural,41,PPM-3,0,-0.009785928894033229,-0.3127108210124748,2.4690339479283288,1.9561597792896013,0.3979646312875043,8.877343304902752e-13,249,8.65041371866937e-11,204
FrequencyHopping,neural,41,PPM-3,5,0.0035779247700731464,-0.43837799709902586,2.547188942353541,1.9580294882895304,0.38653271228974984,8.646416915780719e-13,249,8.384426486429675e-11,204
FrequencyHopping,neural,41,PPM-3,10,0.011724552640322499,-0.5115441815533505,2.5635782394033164,1.9528506645357993,0.3777192068214732,8.36664071357518e-13,249,8.960276964842251e-11,203
FrequencyHopping,neural,41,PPM-3,15,0.014264689054859747,-0.5230662821719738,2.514641950132132,1.908350688294958,0.37079845505844433,8.961720254774264e-13,248,8.590972377930939e-11,203
FrequencyHopping,neural,41,PPM-3,20,0.013711429272734678,-0.47343385518575143,2.4082562700294265,1.8316113605262678,0.36389897572250535,8.65085780787922e-13,248,8.272316165403026e-11,203
FrequencyHopping,neural,41,PPM-3,25,0.013383658731843134,-0.3724793075442408,2.261989235111934,1.752496184170679,0.35580861034827554,8.397726958264684e-13,248,8.950795660211952e-11,202
FrequencyHopping,neural,41,PPM-3,30,0.01541526719994905,-0.28635801170016306,2.156860302310503,1.7067092451079666,0.3471511048893516,8.282263763703668e-13,248,8.843192844665282e-11,202
FrequencyHopping,neural,41,PPM-3,35,0.020119008505088652,-0.33436530392444114,2.2061355932059397,1.7082154758210975,0.3400832540736508,8.282263763703668e-13,248,8.861644751334552e-11,202
FrequencyHopping,neural,41,PPM-3,40,0.02673859337251503,-0.3696941734341091,2.2672577189905527,1.7353474314049293,0.33679499479279823,8.388845174067683e-13,248,8.977396603881971e-11,202
FrequencyHopping,neural,41,PPM-3,45,0.03460234304867159,-0.3658190377346906,2.2940250873959345,1.760527759912568,0.3380346767386037,8.526512829121202e-13,248,8.241962667909775e-11,203
FrequencyHopping,neural,41,PPM-3,50,0.043643892217322525,-0.3322882461781257,2.3084172189144248,1.7766835323590897,0.34290664037022456,8.764100556390986e-13,248,8.445866228612431e-11,203
FrequencyHopping,neural,41,PPM-3,55,0.05404233569347767,-0.3042420741000534,2.3274846802033706,1.7946368460124609,0.3499343207553657,8.113509863960644e-13,249,8.676792617734463e-11,203
FrequencyHopping,neural,41,PPM-3,60,0.06556416181145559,-0.29590258553343785,2.3585263550501923,1.8271196254502526,0.358233212456536,8.308909116294672e-13,249,8.902656389864205e-11,203
FrequencyHopping,neural,42,QP+G,0,-0.025855704736221414,-0.4849976938732036,2.620043581028136,2.048014701661894,0.3198536857081492,8.65085780787922e-13,249,8.42084180163738e-11,204
FrequencyHopping,neural,42,QP+G,5,-0.02086274370580173,-0.21515113667004312,2.3596219007913932,1.887910901661062,0.25091801755151105,8.699707620962727e-13,249,8.470180112851722e-11,204
FrequencyHopping,neural,42,QP+G,10,-0.013188650246024444,-0.10694395681261008,2.252925365637349,1.8504721736865428,0.2398112085278601,8.713030297258229e-13,249,8.47850678553641e-11,204
FrequencyHopping,neural,42,QP+G,15,-0.004956818324176601,-0.0651173787859124,2.211706814833783,1.8364357751009293,0.23941305796370344,8.717471189356729e-13,249,8.482237134899151e-11,204
FrequencyHopping,neural,42,QP+G,20,0.003575124758603221,-0.05050760105553353,2.1990992708699415,1.827956242250057,0.24025727154060583,8.72635297355373e-13,249,8.493272751763925e-11,204
FrequencyHopping,neural,42,QP+G,25,0.006293459488607047,-0.049037253402211385,2.1980321738092305,1.8256604273893506,0.24092337248924503,8.730793865652231e-13,249,8.495604220115638e-11,204
FrequencyHopping,neural,42,QP+G,30,0.006293459488607047,-0.049037253402211385,2.1980321738092305,1.8256604273893506,0.24092337248924503,8.730793865652231e-13,249,8.495604220115638e-11,204
FrequencyHopping,neural,42,QP+G,35,0.006293459488607047,-0.049037253402211385,2.1980321738092305,1.8256604273893506,0.24092337248924503,8.730793865652231e-13,249,8.495604220115638e-11,204
FrequencyHopping,neural,42,QP+G,40,0.006293459488607047,-0.049037253402211385,2.1980321738092305,1.8256604273893506,0.24092337248924503,8.730793865652231e-13,249,8.495604220115638e-11,204
FrequencyHopping,neural,42,QP+G,45,0.006293459488607047,-0.049037253402211385,2.1980321738092305,1.8256604273893506,0.24092337248924503,8.730793865652231e-13,249,8.495604220115638e-11,204
FrequencyHopping,neural,42,QP+G,50,0.006293459488607047,-0.049037253402211385,2.1980321738092305,1.8256604273893506,0.24092337248924503,8.730793865652231e-13,249,8.495604220115638e-11,204
FrequencyHopping,neural,42,QP+G,55,0.006293459488607047,-0.049037253402211385,2.1980321738092305,1.8256604273893506,0.24092337248924503,8.730793865652231e-13,249,8.495604220115638e-11,204
FrequencyHopping,neural,42,QP+G,60,0.006293459488607047,-0.049037253402211385,2.1980321738092305,1.8256604273893506,0.24092337248924503,8.730793865652231e-13,249,8.495604220115638e-11,204
FrequencyHopping,neural,42,noG,0,-0.025855704736221414,-0.4849976938732036,2.620043581028136,2.048014701661894,0.3198536857081492,8.65085780787922e-13,249,8.42084180163738e-11,204
FrequencyHopping,neural,42,noG,5,-0.025855704736221414,-0.4849976938732036,2.620043581028136,2.048014701661894,0.3198536857081492,8.65085780787922e-13,249,8.42084180163738e-11,204
FrequencyHopping,neural,42,noG,10,-0.025855704736221414,-0.4849976938732036,2.620043581028136,2.048014701661894,0.3198536857081492,8.65085780787922e-13,249,8.42084180163738e-11,204
FrequencyHopping,neural,42,noG,15,-0.025855704736221414,-0.4849976938732036,2.620043581028136,2.048014701661894,0.3198536857081492,8.65085780787922e-13,249,8.42084180163738e-11,204
FrequencyHopping,neural,42,noG,20,-0.025855704736221414,-0.4849976938732036,2.620043581028136,2.048014701661894,0.3198536857081492,8.65085780787922e-13,249,8.42084180163738e-11,204
FrequencyHopping,neural,42,noG,25,-0.025855704736221414,-0.4849976938732036,2.620043581028136,2.048014701661894,0.3198536857081492,8.65085780787922e-13,249,8.42084180163738e-11,204
FrequencyHopping,neural,42,noG,30,-0.025855704736221414,-0.4849976938732036,2.620043581028136,2.048014701661894,0.3198536857081492,8.65085780787922e-13,249,8.42084180163738e-11,204
FrequencyHopping,neural,42,noG,35,-0.025855704736221414,-0.4849976938732036,2.620043581028136,2.048014701661894,0.3198536857081492,8.65085780787922e-13,249,8.42084180163738e-11,204
FrequencyHopping,neural,42,noG,40,-0.025855704736221414,-0.4849976938732036,2.620043581028136,2.048014701661894,0.3198536857081492,8.65085780787922e-13,249,8.42084180163738e-11,204
FrequencyHopping,neural,42,noG,45,-0.025855704736221414,-0.4849976938732036,2.620043581028136,2.048014701661894,0.3198536857081492,8.65085780787922e-13,249,8.42084180163738e-11,204
FrequencyHopping,neural,42,noG,50,-0.025855704736221414,-0.4849976938732036,2.620043581028136,2.048014701661894,0.3198536857081492,8.65085780787922e-13,249,8.42084180163738e-11,204
FrequencyHopping,neural,42,noG,55,-0.025855704736221414,-0.4849976938732036,2.620043581028136,2.048014701661894,0.3198536857081492,8.65085780787922e-13,249,8.42084180163738e-11,204
FrequencyHopping,neural,42,noG,60,-0.025855704736221414,-0.4849976938732036,2.620043581028136,2.048014701661894,0.3198536857081492,8.65085780787922e-13,249,8.42084180163738e-11,204
FrequencyHopping,neural,42,GDA,0,-0.025855704736221414,-0.4849976938732036,2.620043581028136,2.048014701661894,0.3198536857081492,8.65085780787922e-13,249,8.42084180163738e-11,204
FrequencyHopping,neural,42,GDA,5,-0.024095713752586317,-0.42198311708478964,2.618619417981561,2.0545027510012077,0.3170158022393428,8.930634010084759e-13,249,8.739498014165292e-11,204
FrequencyHopping,neural,42,GDA,10,-0.018634904240560555,-0.3095312239149331,2.562001805308387,2.0322414828213784,0.3144407855854408,8.268941087408166e-13,250,8.118394845268995e-11,205
FrequencyHopping,neural,42,GDA,15,-0.008599767158268498,-0.16285372080648486,2.453929444301382,2.006299031171698,0.312185173016302,8.424372310855688e-13,250,8.30056023914949e-11,205
FrequencyHopping,neural,42,GDA,20,0.004449372774351409,-0.10461592837211024,2.412205980919342,1.9977444047283142,0.3112446748329107,8.499867476530198e-13,250,8.38837888039734e-11,205
FrequencyHopping,neural,42,GDA,25,0.01760834970266098,-0.15858468869744072,2.459494748572551,2.0026802180075425,0.3124523801170779,8.482103908136196e-13,250,8.376366267270896e-11,205
FrequencyHopping,neural,42,GDA,30,0.028365126380737703,-0.19947181167744057,2.4761018398397447,2.004135093019875,0.31568474291445736,8.393286066166183e-13,250,8.276401786133647e-11,205
FrequencyHopping,neural,42,GDA,35,0.03582671068124521,-0.23413247974753054,2.477814304093688,1.9910325528930495,0.32018548699378585,8.260059303211165e-13,250,8.110689897478096e-11,205
FrequencyHopping,neural,42,GDA,40,0.04086432726331436,-0.2581354812302297,2.4594500422600984,1.9613376500776731,0.32546989044361674,8.988365607365267e-13,249,8.780598470536916e-11,204
FrequencyHopping,neural,42,GDA,45,0.0454256453705619,-0.2694692554138999,2.4232827692031464,1.9172257074580217,0.3318113613186023,8.766321002440236e-13,249,8.525025130268205e-11,204
FrequencyHopping,neural,42,GDA,50,0.05162887736143055,-0.27119256386021084,2.3761910953367273,1.8617788896245453,0.3399740531022985,8.539835505416704e-13,249,8.26516632912444e-11,204
FrequencyHopping,neural,42,GDA,55,0.061090263245166324,-0.254903150116162,2.3132769474576333,1.7998432809447358,0.35055377284853506,8.322231792590173e-13,249,8.911582582982192e-11,203
FrequencyHopping,neural,42,GDA,60,0.07458486826719227,-0.22068412995754558,2.2380750784019656,1.7425921281244392,0.3634895995290637,8.131273432354647e-13,249,8.678457952271401e-11,203
FrequencyHopping,neural,42,Adam-GDA,0,-0.025855704736221414,-0.4849976938732036,2.620043581028136,2.048014701661894,0.3198536857081492,8.65085780787922e-13,249,8.42084180163738e-11,204
FrequencyHopping,neural,42,Adam-GDA,5,0.2181349240132368,-1.1486114103639151,3.779819822509705,3.1567998268541597,1.3584253280604728,8.997247391562269e-13,251,8.164979803382266e-11,207
FrequencyHopping,neural,42,Adam-GDA,10,-0.051914998527551576,-4.701371085840276,6.532613068611657,5.98622560392516,3.2755755480821107,8.197886813832156e-13,257,8.86917206344151e-11,212
FrequencyHopping,neural,42,Adam-GDA,15,-1.5988592264602235,-2.922679083477103,7.327972022524861,6.864122640163632,4.884960549864852,8.5087492607272e-13,256,8.320544253592743e-11,212
FrequencyHopping,neural,42,Adam-GDA,20,1.7553854251102905,-3.248162469631048,9.271780162045983,8.942379480904371,4.510035625853222,8.464340339742193e-13,259,8.630163250700207e-11,215
FrequencyHopping,neural,42,Adam-GDA,25,4.319889306000567,-5.6779360525824085,11.923962617036064,11.680470818359147,2.909889566409308,8.784084570834239e-13,259,8.990586053414518e-11,215
FrequencyHopping,neural,42,Adam-GDA,30,5.0248206259583075,-7.0183372982621535,12.695438292529223,12.475059280957865,2.760360278143036,8.890665981198254e-13,260,8.967315778818374e-11,216
FrequencyHopping,neural,42,Adam-GDA,35,2.0077437661535527,-7.2331446959233014,11.364559648665919,11.066495541724972,5.1135707309983784,8.260059303211165e-13,261,8.352873948069828e-11,217
FrequencyHopping,neural,42,Adam-GDA,40,-1.1200054499778056,-7.511033367372556,10.966377008653396,10.680827513193003,5.410445632144467,8.570921750106208e-13,261,8.691269925975575e-11,217
FrequencyHopping,neural,42,Adam-GDA,45,-3.776362039915923,-8.696209106937465,13.618234517217685,13.398843052413387,3.287451421116599,8.917311333789257e-13,262,8.186340494376054e-11,219
FrequencyHopping,neural,42,Adam-GDA,50,-4.911573488696076,-10.66637165914534,16.386940035247044,16.221425884333364,2.525732931272123,8.917311333789257e-13,264,8.216538560645859e-11,221
FrequencyHopping,neural,42,Adam-GDA,55,-7.083041662765778,-10.883890952269583,16.462237131525654,16.342797828499396,3.579011098627058,8.171241461241152e-13,265,8.393818973218004e-11,221
FrequencyHopping,neural,42,Adam-GDA,60,-9.829815486033002,-10.910989883729357,17.23876876893018,17.169674439967835,3.2687320434223723,8.206768598029157e-13,265,8.416023433710507e-11,221
FrequencyHopping,neural,42,EGM,0,-0.025855704736221414,-0.4849976938732036,2.620043581028136,2.048014701661894,0.3198536857081492,8.65085780787922e-13,249,8.42084180163738e-11,204
FrequencyHopping,neural,42,EGM,5,-0.023719074126503394,-0.41195059705334997,2.606534699071224,2.045831410086505,0.3132248537709327,8.917311333789257e-13,249,8.730394185363366e-11,204
FrequencyHopping,neural,42,EGM,10,-0.017723205050742524,-0.29532706547567145,2.5410009182051083,2.0183754056822587,0.30693861019815727,8.233413950620161e-13,250,8.988676469812162e-11,204
FrequencyHopping,neural,42,EGM,15,-0.007697812565054546,-0.15268460572059722,2.431029534925178,1.9908857025392885,0.30140525658124445,8.375522497772181e-13,250,8.245937266337933e-11,205
FrequencyHopping,neural,42,EGM,20,0.0045440709403549925,-0.09608235216918398,2.385811502351293,1.9790953913732008,0.2977011306044755,8.428813202954188e-13,250,8.310863108818012e-11,205
FrequencyHopping,neural,42,EGM,25,0.016537363704513273,-0.13915943256127283,2.4196037231913583,1.977064994803172,0.296537175849864,8.402167850363185e-13,250,8.286926700407093e-11,205
FrequencyHopping,neural,42,EGM,30,0.026551546758956136,-0.17337547968293984,2.432591891100075,1.971317155032496,0.297778392104954,8.322231792590173e-13,250,8.189027234095647e-11,205
FrequencyHopping,neural,42,EGM,35,0.03425059592077448,-0.20189664158113313,2.4308800768454533,1.9541348556948617,0.3008565345583401,8.197886813832156e-13,250,8.931078099294609e-11,204
FrequencyHopping,neural,42,EGM,40,0.04052358483042097,-0.22327308704903281,2.4147493958905244,1.9244536106215862,0.3054403735384096,8.93951579428176e-13,249,8.726774858303088e-11,204
FrequencyHopping,neural,42,EGM,45,0.046871323543803745,-0.2305520442928929,2.380983803246158,1.884311280020149,0.3116877712554676,8.748557434046234e-13,249,8.505907089784159e-11,204
FrequencyHopping,neural,42,EGM,50,0.05478305191301394,-0.22914598759881602,2.3383552148501985,1.8370978130854096,0.31999498170891577,8.557599073810707e-13,249,8.286216157671333e-11,204
FrequencyHopping,neural,42,EGM,55,0.06532379531281234,-0.2150720716811535,2.2859442167430095,1.7886521369952377,0.33058012219161215,8.379963389870682e-13,249,8.982614652097709e-11,203
FrequencyHopping,neural,42,EGM,60,0.07894496158033026,-0.2083583801695944,2.2466029012557773,1.749774602668738,0.3432599223262804,8.22453216642316e-13,249,8.795031369857043e-11,203
FrequencyHopping,neural,42,PPM-3,0,-0.025855704736221414,-0.4849976938732036,2.620043581028136,2.048014701661894,0.3198536857081492,8.65085780787922e-13,249,8.42084180163738e-11,204
FrequencyHopping,neural,42,PPM-3,5,-0.02369932892628196,-0.41239247264286405,2.6066911125906578,2.045858231918714,0.31323083055204953,8.912870441690757e-13,249,8.729017508812831e-11,204
FrequencyHopping,neural,42,PPM-3,10,-0.017730945875913957,-0.2966032386208439,2.5418597670020606,2.018604085698724,0.30697026897535284,8.233413950620161e-13,250,8.986589250525867e-11,204
FrequencyHopping,neural,42,PPM-3,15,-0.0077625453008433095,-0.15487089920785704,2.432898092652206,1.991081391520426,0.3014708662266741,8.375522497772181e-13,250,8.244427363024442e-11,205
FrequencyHopping,neural,42,PPM-3,20,0.004442408532874699,-0.09461160611488634,2.3843492929015344,1.979030269454889,0.29779208126926887,8.428813202954188e-13,250,8.310685473134072e-11,205
FrequencyHopping,neural,42,PPM-3,25,0.01645627616680815,-0.1377819730718779,2.418706988908128,1.9769077972353384,0.29664621342991077,8.402167850363185e-13,250,8.288680852786001e-11,205
FrequencyHopping,neural,42,PPM-3,30,0.02654498216027841,-0.17224455485306195,2.4321893659520284,1.9714282046927332,0.29791397750435455,8.322231792590173e-13,250,8.192757583458388e-11,205
FrequencyHopping,neural,42,PPM-3,35,0.0343347612892478,-0.2013166974712252,2.431385847867138,1.9547681545787856,0.301034005069682,8.202327705930657e-13,250,8.937095508088078e-11,204
FrequencyHopping,neural,42,PPM-3,40,0.04067079901161867,-0.2232615287013235,2.416086322050309,1.9256889472060301,0.3056631109836302,8.948397578478762e-13,249,8.734124534726107e-11,204
FrequencyHopping,neural,42,PPM-3,45,0.04702800122014729,-0.23133659490535718,2.3832626509766133,1.8861062781784972,0.3119403773152486,8.757439218243235e-13,249,8.51398951340343e-11,204
FrequencyHopping,neural,42,PPM-3,50,0.05489552873556622,-0.23002847901232737,2.3407485287795655,1.8393136547667177,0.3202542101688158,8.566480858007708e-13,249,8.294320785751097e-11,204
FrequencyHopping,neural,42,PPM-3,55,0.0653589745899058,-0.21714000329546798,2.2893955599030784,1.79098373851428,0.3308324661877929,8.384404281969182e-13,249,8.990719280177473e-11,203
FrequencyHopping,neural,42,PPM-3,60,0.07890159076759175,-0.21012447685709315,2.24946293788678,1.7516255678737216,0.34351037214219315,8.22897305852166e-13,249,8.801381845557898e-11,203
FrequencyHopping,neural,43,QP+G,0,-0.013833370637705143,-0.4493939232549932,2.6918638139830007,2.129810550195984,0.3691222191192666,8.251177519014163e-13,250,8.109646287834948e-11,205
FrequencyHopping,neural,43,QP+G,5,0.004345530811261719,-0.151167104443536,2.3007165030605625,1.865319088586183,0.25200751361066853,8.730793865652231e-13,249,8.522427208390582e-11,204
FrequencyHopping,neural,43,QP+G,10,0.0137810728830512,-0.06321272547217746,2.162364743406588,1.7832066361403494,0.22854640133032503,8.499867476530198e-13,249,8.252598604485684e-11,204
FrequencyHopping,neural,43,QP+G,15,0.015382795016375784,-0.07201822510752835,2.150533346755205,1.7573516220773324,0.22818815354541133,8.402167850363185e-13,249,8.139222629210963e-11,204
FrequencyHopping,neural,43,QP+G,20,0.015853110704700385,-0.07562899258619055,2.1489859509371296,1.7516893131583506,0.23027226438138704,8.379963389870682e-13,249,8.111422644674349e-11,204
FrequencyHopping,neural,43,QP+G,25,0.015853110704700385,-0.07562899258619055,2.1489859509371296,1.7516893131583506,0.23027226438138704,8.379963389870682e-13,249,8.111422644674349e-11,204
FrequencyHopping,neural,43,QP+G,30,0.015853110704700385,-0.07562899258619055,2.1489859509371296,1.7516893131583506,0.23027226438138704,8.379963389870682e-13,249,8.111422644674349e-11,204
FrequencyHopping,neural,43,QP+G,35,0.015853110704700385,-0.07562899258619055,2.1489859509371296,1.7516893131583506,0.23027226438138704,8.379963389870682e-13,249,8.111422644674349e-11,204
FrequencyHopping,neural,43,QP+G,40,0.015853110704700385,-0.07562899258619055,2.1489859509371296,1.7516893131583506,0.23027226438138704,8.379963389870682e-13,249,8.111422644674349e-11,204
FrequencyHopping,neural,43,QP+G,45,0.015853110704700385,-0.07562899258619055,2.1489859509371296,1.7516893131583506,0.23027226438138704,8.379963389870682e-13,249,8.111422644674349e-11,204
FrequencyHopping,neural,43,QP+G,50,0.015853110704700385,-0.07562899258619055,2.1489859509371296,1.7516893131583506,0.23027226438138704,8.379963389870682e-13,249,8.111422644674349e-11,204
FrequencyHopping,neural,43,QP+G,55,0.015853110704700385,-0.07562899258619055,2.1489859509371296,1.7516893131583506,0.23027226438138704,8.379963389870682e-13,249,8.111422644674349e-11,204
FrequencyHopping,neural,43,QP+G,60,0.015853110704700385,-0.07562899258619055,2.1489859509371296,1.7516893131583506,0.23027226438138704,8.379963389870682e-13,249,8.111422644674349e-11,204
FrequencyHopping,neural,43,noG,0,-0.013833370637705143,-0.4493939232549932,2.6918638139830007,2.129810550195984,0.3691222191192666,8.251177519014163e-13,250,8.109646287834948e-11,205
FrequencyHopping,neural,43,noG,5,-0.005792401905694914,-0.27928758419909777,2.5498908104818923,2.051396793973642,0.3665199527185751,8.339995360984176e-13,250,8.195488732098966e-11,205
FrequencyHopping,neural,43,noG,10,0.00747437049174059,-0.22577799379657545,2.5001462620694195,2.012935951407415,0.3650160791057699,8.331113576787175e-13,250,8.182166055803464e-11,205
FrequencyHopping,neural,43,noG,15,0.01710098682530089,-0.27437997794048197,2.5368026605213405,2.005939132714138,0.36501444336463773,8.268941087408166e-13,250,8.112222005252079e-11,205
FrequencyHopping,neural,43,noG,20,0.02266674459480492,-0.2961489023128157,2.5463205691261526,2.002590230521326,0.3654219083426468,8.220091274324659e-13,250,8.942779849974158e-11,204
FrequencyHopping,neural,43,noG,25,0.027969381611882657,-0.31237200789295855,2.5467698711834887,1.9976014514218479,0.36635080240632856,8.144596108650148e-13,250,8.855338684554681e-11,204
FrequencyHopping,neural,43,noG,30,0.0350733307590467,-0.32539682808048936,2.530702724591665,1.985191073206758,0.3688484579863761,8.912870441690757e-13,249,8.699352349594847e-11,204
FrequencyHopping,neural,43,noG,35,0.044133359057307975,-0.32429160040432936,2.4709622672522467,1.9520383774765147,0.3750599991396326,8.641976023682219e-13,249,8.397860185027639e-11,204
FrequencyHopping,neural,43,noG,40,0.05042475549085253,-0.3693781415058241,2.446288792022894,1.911911781279973,0.3820769635274968,8.331113576787175e-13,249,8.954481600653708e-11,203
FrequencyHopping,neural,43,noG,45,0.05350314000835251,-0.403066291519243,2.431741812670179,1.8908807084525572,0.38634353888217277,8.117950756059145e-13,249,8.711475985023753e-11,203
FrequencyHopping,neural,43,noG,50,0.05461159797195859,-0.4202670784671885,2.430173274856431,1.8846024181416081,0.38781814381621044,8.930634010084759e-13,248,8.621769964634041e-11,203
FrequencyHopping,neural,43,noG,55,0.05504258630400878,-0.42819698244541443,2.4308660307825,1.882455000997291,0.3883689849012155,8.899547765395255e-13,248,8.587996980224943e-11,203
FrequencyHopping,neural,43,noG,60,0.055215450724660844,-0.43129546939230706,2.4310908065142143,1.881641733259837,0.38858593973919087,8.881784197001252e-13,248,8.574718712850427e-11,203
FrequencyHopping,neural,43,GDA,0,-0.013833370637705143,-0.4493939232549932,2.6918638139830007,2.129810550195984,0.3691222191192666,8.251177519014163e-13,250,8.109646287834948e-11,205
FrequencyHopping,neural,43,GDA,5,-0.005792401905694914,-0.27928758419909777,2.5498908104818923,2.051396793973642,0.3665199527185751,8.339995360984176e-13,250,8.195488732098966e-11,205
FrequencyHopping,neural,43,GDA,10,0.00747437049174059,-0.22577799379657545,2.5001462620694195,2.012935951407415,0.3650160791057699,8.331113576787175e-13,250,8.182166055803464e-11,205
FrequencyHopping,neural,43,GDA,15,0.02236250166335475,-0.29636792692280217,2.548418865689325,2.00459880601629,0.36642788497944406,8.22453216642316e-13,250,8.95254981259086e-11,204
FrequencyHopping,neural,43,GDA,20,0.03536946508583319,-0.32912932552971613,2.5354620561870345,1.9887009785450234,0.3710664463119067,8.917311333789257e-13,249,8.703793241693347e-11,204
FrequencyHopping,neural,43,GDA,25,0.04476476502685899,-0.32769626904019095,2.4714087704503545,1.9529844083567365,0.3776567068586604,8.628653347386717e-13,249,8.382383676064364e-11,204
FrequencyHopping,neural,43,GDA,30,0.05082351772919683,-0.37452322899389817,2.447491195377226,1.9123580286886421,0.3845768196046073,8.313350008393172e-13,249,8.933431772106815e-11,203
FrequencyHopping,neural,43,GDA,35,0.05496822703548417,-0.4304758590245871,2.4336885118535765,1.8857210083529918,0.3911738258224328,8.897327319346005e-13,248,8.589728928143359e-11,203
FrequencyHopping,neural,43,GDA,40,0.0588307904028343,-0.49174047971791224,2.4338886739709964,1.8744866620912999,0.3981095563151073,8.613110225041964e-13,248,8.325451439361586e-11,203
FrequencyHopping,neural,43,GDA,45,0.06397399702370385,-0.5242082661444375,2.4346875840626767,1.8658145437255402,0.40658446433347184,8.464340339742193e-13,248,8.15898459904929e-11,203
FrequencyHopping,neural,43,GDA,50,0.07214124000256705,-0.5235117108088618,2.421469121422311,1.846302261539776,0.41709065819062685,8.408829188510936e-13,248,8.985501231961734e-11,202
FrequencyHopping,neural,43,GDA,55,0.08524287916125685,-0.48870395116971493,2.389415517146458,1.8126648782416575,0.42874685284164127,8.428813202954188e-13,248,8.992451228095888e-11,202
FrequencyHopping,neural,43,GDA,60,0.10451050171743728,-0.4238679799965326,2.3387598888939625,1.7791612878488428,0.4398289891286566,8.517631044924201e-13,248,8.158607123220918e-11,203
FrequencyHopping,neural,43,Adam-GDA,0,-0.013833370637705143,-0.4493939232549932,2.6918638139830007,2.129810550195984,0.3691222191192666,8.251177519014163e-13,250,8.109646287834948e-11,205
FrequencyHopping,neural,43,Adam-GDA,5,0.19605493902849902,-1.889178174266999,3.6806955363055036,3.0902260602282623,1.225167703678624,8.44213587924969e-13,248,8.237099891061916e-11,203
FrequencyHopping,neural,43,Adam-GDA,10,-0.6361794111691769,-3.096107929660087,5.578402271361716,5.045440856039612,3.6536757894961456,8.15347789284715e-13,253,8.519229766079661e-11,208
FrequencyHopping,neural,43,Adam-GDA,15,0.8518206289126546,-3.0538599085472895,8.509812136537349,8.105313799002772,4.568795867764778,8.562039965909207e-13,258,8.622880187658666e-11,214
FrequencyHopping,neural,43,Adam-GDA,20,3.274852536872582,-6.364408447628756,12.2745152725043,11.998660427895384,3.00438528479267,8.117950756059145e-13,260,8.103206994292123e-11,216
FrequencyHopping,neural,43,Adam-GDA,25,2.854394765917063,-7.958906424951558,13.24091260055815,13.001497896468706,2.814087604313838,8.952838470577262e-13,261,8.179856791912243e-11,218
FrequencyHopping,neural,43,Adam-GDA,30,0.107642623204901,-9.405230889968886,12.915832747404849,12.632898790958969,6.480947020288054,8.704148513061227e-13,263,8.86171136471603e-11,219
FrequencyHopping,neural,43,Adam-GDA,35,-4.611925445485905,-7.891530379642681,12.234514448303472,11.97961127237712,6.868803366026306,8.988365607365267e-13,261,8.205081059031727e-11,218
FrequencyHopping,neural,43,Adam-GDA,40,-2.051210937590988,-7.223774974608394,13.781183435811151,13.57246937991151,3.674516922214978,8.277822871605167e-13,261,8.36530844594563e-11,217
FrequencyHopping,neural,43,Adam-GDA,45,3.252784044694406,-8.937495665783999,15.81881215893334,15.678562543062279,5.890024584807625,8.29558643999917e-13,263,8.425615760643268e-11,219
FrequencyHopping,neural,43,Adam-GDA,50,2.918335512977469,-10.874024491565015,16.829501308128634,16.751293459481,7.9128537154469765,8.189005029635155e-13,265,8.384226646285242e-11,221
FrequencyHopping,neural,43,Adam-GDA,55,-3.7006227477196383,-10.927922338626098,17.82184521222458,17.752177563034394,4.367091080747174,8.206768598029157e-13,265,8.429523745689949e-11,221
FrequencyHopping,neural,43,Adam-GDA,60,-7.098402070729677,-10.92201985442333,17.76530023735796,17.64464160147406,7.070153416038623,8.22453216642316e-13,265,8.425082853591448e-11,221
FrequencyHopping,neural,43,EGM,0,-0.013833370637705143,-0.4493939232549932,2.6918638139830007,2.129810550195984,0.3691222191192666,8.251177519014163e-13,250,8.109646287834948e-11,205
FrequencyHopping,neural,43,EGM,5,-0.005254390397200992,-0.2743358960519773,2.539938895145207,2.0434045439995554,0.3611432588777595,8.313350008393172e-13,250,8.173395293908925e-11,205
FrequencyHopping,neural,43,EGM,10,0.007815496173152513,-0.217079199788491,2.4811808111373463,1.9986137511990636,0.3549116168047318,8.291145547900669e-13,250,8.136935569780235e-11,205
FrequencyHopping,neural,43,EGM,15,0.021805629387211325,-0.2773237459275638,2.5156826204695673,1.981058081459229,0.352131796441267,8.171241461241152e-13,250,8.886669178309603e-11,204
FrequencyHopping,neural,43,EGM,20,0.03387719914466411,-0.29947758151778325,2.4921413369601884,1.9575512334447178,0.3529269074153115,8.859579736508749e-13,249,8.640510529289713e-11,204
FrequencyHopping,neural,43,EGM,25,0.042962435245677166,-0.29771887070576875,2.4317894984693567,1.9205293410344204,0.3560668396718248,8.588685318500211e-13,249,8.341882740126039e-11,204
FrequencyHopping,neural,43,EGM,30,0.04954584529700079,-0.3462132456088083,2.4169542462375793,1.8833409232618168,0.3601758375779769,8.313350008393172e-13,249,8.930101103032939e-11,203
FrequencyHopping,neural,43,EGM,35,0.054858728594751285,-0.39448106856271364,2.404775236075409,1.8586388976459765,0.36473446404626003,8.948397578478762e-13,248,8.631828585237145e-11,203
FrequencyHopping,neural,43,EGM,40,0.06027818257770373,-0.4455751255554973,2.404921799427048,1.8450231033823299,0.370169734821529,8.706368959110478e-13,248,8.406053630949373e-11,203
FrequencyHopping,neural,43,EGM,45,0.06720680438492797,-0.4708551254004035,2.406061231564461,1.8328359266667618,0.3771635835822861,8.593126210598712e-13,248,8.265232942505918e-11,203
FrequencyHopping,neural,43,EGM,50,0.07710882891124135,-0.4687478075846333,2.3935645103411436,1.8145687502418728,0.3858393645252642,8.548717289613705e-13,248,8.203793200323162e-11,203
FrequencyHopping,neural,43,EGM,55,0.09123369932759534,-0.44108091823937934,2.3672287662637865,1.791473262716552,0.3955097801806531,8.564260411958458e-13,248,8.206280099898322e-11,203
FrequencyHopping,neural,43,EGM,60,0.10998056003873558,-0.3937025121187533,2.3298760144239425,1.7761285944183545,0.40515173181795244,8.624212455288216e-13,248,8.255796046796604e-11,203
FrequencyHopping,neural,43,PPM-3,0,-0.013833370637705143,-0.4493939232549932,2.6918638139830007,2.129810550195984,0.3691222191192666,8.251177519014163e-13,250,8.109646287834948e-11,205
FrequencyHopping,neural,43,PPM-3,5,-0.005282632591977207,-0.2750479575126917,2.5405773816604733,2.043656728307316,0.361187978068166,8.313350008393172e-13,250,8.173128840383015e-11,205
FrequencyHopping,neural,43,PPM-3,10,0.007739591961128016,-0.2162428007229813,2.480441290751732,1.9987192820001967,0.3549948096779109,8.29558643999917e-13,250,8.137535090213532e-11,205
FrequencyHopping,neural,43,PPM-3,15,0.021719060682732105,-0.27646254835651196,2.5152928077554897,1.9811041125674407,0.35223421158613194,8.171241461241152e-13,250,8.889244895726733e-11,204
FrequencyHopping,neural,43,PPM-3,20,0.03383637662556779,-0.29901101203967756,2.492613100926138,1.9579445944927527,0.35304374399522165,8.86402062860725e-13,249,8.645395510598064e-11,204
FrequencyHopping,neural,43,PPM-3,25,0.04299985779994415,-0.2972425518713831,2.432671699667603,1.921410404147725,0.3562162682883126,8.597567102697212e-13,249,8.34863289611576e-11,204
FrequencyHopping,neural,43,PPM-3,30,0.04965578716669325,-0.34582569398223845,2.418178817218983,1.8844631701538914,0.36038014711938443,8.317790900491673e-13,249,8.938472184638613e-11,203
FrequencyHopping,neural,43,PPM-3,35,0.055012066549826835,-0.3936021997089021,2.4055277386845484,1.8597157917174933,0.3649962152147275,8.952838470577262e-13,248,8.639577941949028e-11,203
FrequencyHopping,neural,43,PPM-3,40,0.0604414776567169,-0.44536525868693555,2.405711830789745,1.8460558778764051,0.37046770703077225,8.713030297258229e-13,248,8.411826790677424e-11,203
FrequencyHopping,neural,43,PPM-3,45,0.0673460091886445,-0.4715948232026589,2.4073077707147914,1.8340673805521857,0.37747413401485186,8.593126210598712e-13,248,8.268230544672406e-11,203
FrequencyHopping,neural,43,PPM-3,50,0.07718374502915493,-0.47067242435539103,2.3954283198868014,1.8162244587783498,0.3861645057663416,8.546496843564455e-13,248,8.203770995862669e-11,203
FrequencyHopping,neural,43,PPM-3,55,0.09120614044714048,-0.44429210027176164,2.3698416222204655,1.7934369787968063,0.3958834613459736,8.562039965909207e-13,248,8.203437928955282e-11,203
FrequencyHopping,neural,43,PPM-3,60,0.10984555228253795,-0.39808114179329007,2.3332245124904643,1.7777265519002272,0.4056143330444291,8.619771563189715e-13,248,8.250644611962343e-11,203
FrequencyHopping,neural,44,QP+G,0,-0.0028586989295425135,-0.8244744170275475,2.923464236883422,2.28810415467757,0.47009210782883354,8.566480858007708e-13,249,8.303224774408591e-11,204
FrequencyHopping,neural,44,QP+G,5,0.01211805761118292,-0.37166807428039506,2.4085346854931977,1.853164678407417,0.30096065421305535,8.268941087408166e-13,249,8.853695554478236e-11,203
FrequencyHopping,neural,44,QP+G,10,0.01601289050294058,-0.16716958424576853,2.1762533572839966,1.7212914108026423,0.25029407606809123,8.135714324453147e-13,249,8.692047082092813e-11,203
FrequencyHopping,neural,44,QP+G,15,0.017445754085727117,-0.10510795123823764,2.1026332994667953,1.6859477097529296,0.24344316167870408,8.979483823168266e-13,248,8.626832581626331e-11,203
FrequencyHopping,neural,44,QP+G,20,0.01804483148946983,-0.0959428401905901,2.0899300616956293,1.6795302152268683,0.2455981434082237,8.961720254774264e-13,248,8.607470292076869e-11,203
FrequencyHopping,neural,44,QP+G,25,0.01804483148946983,-0.0959428401905901,2.0899300616956293,1.6795302152268683,0.2455981434082237,8.961720254774264e-13,248,8.607470292076869e-11,203
FrequencyHopping,neural,44,QP+G,30,0.01804483148946983,-0.0959428401905901,2.0899300616956293,1.6795302152268683,0.2455981434082237,8.961720254774264e-13,248,8.607470292076869e-11,203
FrequencyHopping,neural,44,QP+G,35,0.01804483148946983,-0.0959428401905901,2.0899300616956293,1.6795302152268683,0.2455981434082237,8.961720254774264e-13,248,8.607470292076869e-11,203
FrequencyHopping,neural,44,QP+G,40,0.01804483148946983,-0.0959428401905901,2.0899300616956293,1.6795302152268683,0.2455981434082237,8.961720254774264e-13,248,8.607470292076869e-11,203
FrequencyHopping,neural,44,QP+G,45,0.01804483148946983,-0.0959428401905901,2.0899300616956293,1.6795302152268683,0.2455981434082237,8.961720254774264e-13,248,8.607470292076869e-11,203
FrequencyHopping,neural,44,QP+G,50,0.01804483148946983,-0.0959428401905901,2.0899300616956293,1.6795302152268683,0.2455981434082237,8.961720254774264e-13,248,8.607470292076869e-11,203
FrequencyHopping,neural,44,QP+G,55,0.01804483148946983,-0.0959428401905901,2.0899300616956293,1.6795302152268683,0.2455981434082237,8.961720254774264e-13,248,8.607470292076869e-11,203
FrequencyHopping,neural,44,QP+G,60,0.01804483148946983,-0.0959428401905901,2.0899300616956293,1.6795302152268683,0.2455981434082237,8.961720254774264e-13,248,8.607470292076869e-11,203
FrequencyHopping,neural,44,noG,0,-0.0028586989295425135,-0.8244744170275475,2.923464236883422,2.28810415467757,0.47009210782883354,8.566480858007708e-13,249,8.303224774408591e-11,204
FrequencyHopping,neural,44,noG,5,-0.0028586989295425135,-0.8244744170275475,2.923464236883422,2.28810415467757,0.47009210782883354,8.566480858007708e-13,249,8.303224774408591e-11,204
FrequencyHopping,neural,44,noG,10,-0.0028586989295425135,-0.8244744170275475,2.923464236883422,2.28810415467757,0.47009210782883354,8.566480858007708e-13,249,8.303224774408591e-11,204
FrequencyHopping,neural,44,noG,15,-0.0028586989295425135,-0.8244744170275475,2.923464236883422,2.28810415467757,0.47009210782883354,8.566480858007708e-13,249,8.303224774408591e-11,204
FrequencyHopping,neural,44,noG,20,-0.0028586989295425135,-0.8244744170275475,2.923464236883422,2.28810415467757,0.47009210782883354,8.566480858007708e-13,249,8.303224774408591e-11,204
FrequencyHopping,neural,44,noG,25,-0.0028586989295425135,-0.8244744170275475,2.923464236883422,2.28810415467757,0.47009210782883354,8.566480858007708e-13,249,8.303224774408591e-11,204
FrequencyHopping,neural,44,noG,30,-0.0028586989295425135,-0.8244744170275475,2.923464236883422,2.28810415467757,0.47009210782883354,8.566480858007708e-13,249,8.303224774408591e-11,204
FrequencyHopping,neural,44,noG,35,-0.0028586989295425135,-0.8244744170275475,2.923464236883422,2.28810415467757,0.47009210782883354,8.566480858007708e-13,249,8.303224774408591e-11,204
FrequencyHopping,neural,44,noG,40,-0.0028586989295425135,-0.8244744170275475,2.923464236883422,2.28810415467757,0.47009210782883354,8.566480858007708e-13,249,8.303224774408591e-11,204
FrequencyHopping,neural,44,noG,45,-0.0028586989295425135,-0.8244744170275475,2.923464236883422,2.28810415467757,0.47009210782883354,8.566480858007708e-13,249,8.303224774408591e-11,204
FrequencyHopping,neural,44,noG,50,-0.0028586989295425135,-0.8244744170275475,2.923464236883422,2.28810415467757,0.47009210782883354,8.566480858007708e-13,249,8.303224774408591e-11,204
FrequencyHopping,neural,44,noG,55,-0.0028586989295425135,-0.8244744170275475,2.923464236883422,2.28810415467757,0.47009210782883354,8.566480858007708e-13,249,8.303224774408591e-11,204
FrequencyHopping,neural,44,noG,60,-0.0028586989295425135,-0.8244744170275475,2.923464236883422,2.28810415467757,0.47009210782883354,8.566480858007708e-13,249,8.303224774408591e-11,204
FrequencyHopping,neural,44,GDA,0,-0.0028586989295425135,-0.8244744170275475,2.923464236883422,2.28810415467757,0.47009210782883354,8.566480858007708e-13,249,8.303224774408591e-11,204
FrequencyHopping,neural,44,GDA,5,-0.014404428744919567,-0.7246022230753969,2.8873852578810593,2.2547633925228974,0.4739327529778249,8.895106873296754e-13,249,8.670220097428682e-11,204
FrequencyHopping,neural,44,GDA,10,-0.011238615692483835,-0.538886055854013,2.749391589036043,2.1393348500419638,0.47948022966770076,8.233413950620161e-13,250,8.958478403542358e-11,204
FrequencyHopping,neural,44,GDA,15,0.009250619257792466,-0.28884132488602143,2.528248823711565,1.996531840070095,0.4863257384313565,8.37108160567368e-13,250,8.22462098426513e-11,205
FrequencyHopping,neural,44,GDA,20,0.04242661337717345,-0.14483157070155683,2.391637644421759,1.9243744040271986,0.4953267899028579,8.411049634560186e-13,250,8.270006901511806e-11,205
FrequencyHopping,neural,44,GDA,25,0.07836384210055786,-0.21206915637522436,2.4424838732441922,1.9651206701697337,0.5072509732741147,8.339995360984176e-13,250,8.185629951640294e-11,205
FrequencyHopping,neural,44,GDA,30,0.106318805201254,-0.454416189130141,2.64313058207435,2.0730113400228163,0.5215551287439398,8.149037000748649e-13,250,8.850675747851255e-11,204
FrequencyHopping,neural,44,GDA,35,0.11911048812900916,-0.6569288474126641,2.7783177317162218,2.169239618630752,0.5369011867043015,8.713030297258229e-13,249,8.45996606102517e-11,204
FrequencyHopping,neural,44,GDA,40,0.11601695554576,-0.7790573526828516,2.809523026720523,2.191175457486446,0.5522318407891946,8.264500195309665e-13,249,8.831069209236375e-11,203
FrequencyHopping,neural,44,GDA,45,0.10389100008188112,-0.7916019236223862,2.7139685221902363,2.112705854112813,0.5664724339015496,8.593126210598712e-13,248,8.210276902786973e-11,203
FrequencyHopping,neural,44,GDA,50,0.09546650169675992,-0.6786783000718836,2.5074931272179364,1.970706845112498,0.5775115552167239,8.970602038971265e-13,247,8.630340886384147e-11,202
FrequencyHopping,neural,44,GDA,55,0.10352376727893878,-0.5712182254123813,2.393565177684029,1.8705657026069196,0.5829999149348686,8.895106873296754e-13,247,8.597922374065092e-11,202
FrequencyHopping,neural,44,GDA,60,0.1328815144552902,-0.5525234161507967,2.43976620660904,1.865285523691922,0.5830949743189034,8.351097591230427e-13,248,8.8268503617428e-11,202
FrequencyHopping,neural,44,Adam-GDA,0,-0.0028586989295425135,-0.8244744170275475,2.923464236883422,2.28810415467757,0.47009210782883354,8.566480858007708e-13,249,8.303224774408591e-11,204
FrequencyHopping,neural,44,Adam-GDA,5,0.5063239316925876,-1.9061103768942371,4.226376059867668,3.6233227037950186,1.7171831693312407,8.455458555545192e-13,250,8.457612388212965e-11,205
FrequencyHopping,neural,44,Adam-GDA,10,0.028217873527248603,-3.3030608891586,5.115553509803536,4.581208520270685,3.187650628216686,8.597567102697212e-13,253,8.147393870672204e-11,209
FrequencyHopping,neural,44,Adam-GDA,15,0.6008709839864304,-4.662339632915438,8.202240673927358,7.747547625674571,4.241768342685374,8.926193117986259e-13,256,8.750600244411544e-11,212
FrequencyHopping,neural,44,Adam-GDA,20,-0.4174809943460126,-6.744203408304169,10.536746394887714,10.124672720465394,6.968602187655269,8.544276397515205e-13,260,8.57829363098972e-11,216
FrequencyHopping,neural,44,Adam-GDA,25,-0.7718400354712858,-7.363651675329111,13.167072550440189,12.869638651427582,4.746681049508214,8.393286066166183e-13,261,8.479084101509216e-11,217
FrequencyHopping,neural,44,Adam-GDA,30,0.5021928290641051,-8.439330452363446,14.291655842293867,14.088531931515979,4.931962580055639,8.65085780787922e-13,262,8.809308837953722e-11,218
FrequencyHopping,neural,44,Adam-GDA,35,1.2653208679808121,-10.00968578767683,15.800570575895406,15.60567150838951,5.20164958227683,8.348877145181177e-13,264,8.541078955204284e-11,220
FrequencyHopping,neural,44,Adam-GDA,40,-1.0172584597112266,-10.956761305806017,15.707737722731693,15.50637181957098,7.991691597694391,8.260059303211165e-13,265,8.454570377125492e-11,221
FrequencyHopping,neural,44,Adam-GDA,45,-9.658561078628576,-10.981359388295598,17.411457015060357,17.29383845882875,3.4899402190958613,8.277822871605167e-13,265,8.475353752146475e-11,221
FrequencyHopping,neural,44,Adam-GDA,50,-10.839873862502177,-10.983898808241321,18.09969556034577,18.076516474586388,0.4165943160850373,8.242295734817162e-13,265,8.477840651721635e-11,221
FrequencyHopping,neural,44,Adam-GDA,55,-10.940005202679263,-10.982943637003313,18.176172106799754,18.16686858088298,0.14561456370852277,8.260059303211165e-13,265,8.476597201934055e-11,221
FrequencyHopping,neural,44,Adam-GDA,60,-10.958762808718035,-10.979888591778506,18.189636562073648,18.183204375256448,0.10859177074857691,8.29558643999917e-13,265,8.473932666674955e-11,221
FrequencyHopping,neural,44,EGM,0,-0.0028586989295425135,-0.8244744170275475,2.923464236883422,2.28810415467757,0.47009210782883354,8.566480858007708e-13,249,8.303224774408591e-11,204
FrequencyHopping,neural,44,EGM,5,-0.012936693752746703,-0.7077281091024933,2.8673918620863676,2.2363688642188846,0.46630835597361286,8.881784197001252e-13,249,8.65236771119271e-11,204
FrequencyHopping,neural,44,EGM,10,-0.007872414131754246,-0.5135732486180982,2.7166013745502684,2.1114535443610802,0.4643010976403254,8.197886813832156e-13,250,8.91404727809686e-11,204
FrequencyHopping,neural,44,EGM,15,0.012874897609900116,-0.26807732650921157,2.4948993551512575,1.972990643443532,0.4642147706486185,8.313350008393172e-13,250,8.15623124594822e-11,205
FrequencyHopping,neural,44,EGM,20,0.04352088529492907,-0.1464142141276216,2.3754579976478176,1.9063037461831591,0.46701890570465,8.331113576787175e-13,250,8.173173249304e-11,205
FrequencyHopping,neural,44,EGM,25,0.07492511373139524,-0.20509906400040287,2.4134256845047473,1.934414799397963,0.47306830366216013,8.233413950620161e-13,250,8.962341979668054e-11,204
FrequencyHopping,neural,44,EGM,30,0.0986591639728459,-0.399475800081803,2.563811214223912,2.0108762295869806,0.48143616082576146,8.926193117986259e-13,249,8.706613208175895e-11,204
FrequencyHopping,neural,44,EGM,35,0.11022820548198586,-0.5618847557398063,2.6602754172873273,2.069436013092861,0.49067071020585606,8.597567102697212e-13,249,8.328093770160194e-11,204
FrequencyHopping,neural,44,EGM,40,0.11076602912309721,-0.6448173116094145,2.659411243314236,2.062728556775034,0.4995806474966324,8.186784583585904e-13,249,8.735412393434672e-11,203
FrequencyHopping,neural,44,EGM,45,0.106858798116956,-0.6302344799258981,2.5512452497428555,1.9811138775559083,0.507011656328703,8.588685318500211e-13,248,8.203127066508387e-11,203
FrequencyHopping,neural,44,EGM,50,0.10784855930718093,-0.5569074891420001,2.395582536479518,1.8683955745934546,0.5115409285008363,8.137934770502397e-13,248,8.681766416884784e-11,202
FrequencyHopping,neural,44,EGM,55,0.12100412157584164,-0.5159286091886133,2.3309037084442465,1.802075464520775,0.5123495957333024,8.881784197001252e-13,247,8.537859308432871e-11,202
FrequencyHopping,neural,44,EGM,60,0.14737545774394284,-0.5307607465914814,2.350283371053414,1.8006618260249132,0.5105254600151756,8.886225089099753e-13,247,8.58095816624882e-11,202
FrequencyHopping,neural,44,PPM-3,0,-0.0028586989295425135,-0.8244744170275475,2.923464236883422,2.28810415467757,0.47009210782883354,8.566480858007708e-13,249,8.303224774408591e-11,204
FrequencyHopping,neural,44,PPM-3,5,-0.012885572501335622,-0.7083549427784348,2.8678613497334258,2.2367867877375702,0.46632204589850235,8.877343304902752e-13,249,8.651412919391532e-11,204
FrequencyHopping,neural,44,PPM-3,10,-0.00790190317441474,-0.5155005760908966,2.718311654128919,2.1127605366781714,0.4643517065776564,8.193445921733655e-13,250,8.912692806006817e-11,204
FrequencyHopping,neural,44,PPM-3,15,0.012663737958423,-0.27151006838801967,2.4981715684088734,1.9745389996804028,0.46431564974715145,8.313350008393172e-13,250,8.155276454147042e-11,205
FrequencyHopping,neural,44,PPM-3,20,0.04315916377515532,-0.14767734971293595,2.376757462637695,1.9066586447782068,0.46715365722628976,8.331113576787175e-13,250,8.173395293908925e-11,205
FrequencyHopping,neural,44,PPM-3,25,0.07457712743882183,-0.20345753878350484,2.4121739510391778,1.933147447017904,0.47321795963068564,8.233413950620161e-13,250,8.964740061401244e-11,204
FrequencyHopping,neural,44,PPM-3,30,0.09853460557350241,-0.39499400646605065,2.560234912232355,2.0088458010587535,0.48160626031336795,8.93507490218326e-13,249,8.712075505457051e-11,204
FrequencyHopping,neural,44,PPM-3,35,0.11047205181561276,-0.5582273216132657,2.6581810098324667,2.0681256322448087,0.49088252967558677,8.606448886894214e-13,249,8.33719759896212e-11,204
FrequencyHopping,neural,44,PPM-3,40,0.11136643653812303,-0.6431744426246032,2.660039423280981,2.06352210086936,0.4998601055488494,8.193445921733655e-13,249,8.749312385702979e-11,203
FrequencyHopping,neural,44,PPM-3,45,0.10760077126234091,-0.6318353173730668,2.555668368117759,1.9845025454024041,0.5074076982988671,8.602007994795713e-13,248,8.217782010433439e-11,203
FrequencyHopping,neural,44,PPM-3,50,0.10837500299967555,-0.5599484272940862,2.40074670393774,1.872755392506748,0.5121319299906071,8.149037000748649e-13,248,8.691003472449665e-11,202
FrequencyHopping,neural,44,PPM-3,55,0.12101967427753511,-0.5190468014487468,2.3341520869763923,1.8049385297451392,0.5131834853347927,8.881784197001252e-13,247,8.536615858645291e-11,202
FrequencyHopping,neural,44,PPM-3,60,0.14687478091434245,-0.5327632561547957,2.350581686869513,1.8021084654470783,0.5115405195027077,8.872902412804251e-13,247,8.575740118033082e-11,202
FrequencyHopping,neural,45,QP+G,0,-0.0097981883388639,-0.3265250191466462,2.5298956266311414,2.059058611041962,0.3465521162099779,8.100187187665142e-13,250,8.802558681964001e-11,204
FrequencyHopping,neural,45,QP+G,5,0.0014200432191348446,-0.17157062455698036,2.313820983051562,1.882679209745174,0.26834936633213513,8.704148513061227e-13,249,8.468625800617247e-11,204
FrequencyHopping,neural,45,QP+G,10,0.004275978725059096,-0.09476424991760013,2.207370385234416,1.8122461011556337,0.24948508897887994,8.562039965909207e-13,249,8.309752885793387e-11,204
FrequencyHopping,neural,45,QP+G,15,0.005019283053398379,-0.085038368868327,2.18637652565262,1.7914176672916056,0.250836006606557,8.5131901528257e-13,249,8.250466976278403e-11,204
FrequencyHopping,neural,45,QP+G,20,0.005019283053398379,-0.085038368868327,2.18637652565262,1.7914176672916056,0.250836006606557,8.5131901528257e-13,249,8.250466976278403e-11,204
FrequencyHopping,neural,45,QP+G,25,0.005019283053398379,-0.085038368868327,2.18637652565262,1.7914176672916056,0.250836006606557,8.5131901528257e-13,249,8.250466976278403e-11,204
FrequencyHopping,neural,45,QP+G,30,0.005019283053398379,-0.085038368868327,2.18637652565262,1.7914176672916056,0.250836006606557,8.5131901528257e-13,249,8.250466976278403e-11,204
FrequencyHopping,neural,45,QP+G,35,0.005019283053398379,-0.085038368868327,2.18637652565262,1.7914176672916056,0.250836006606557,8.5131901528257e-13,249,8.250466976278403e-11,204
FrequencyHopping,neural,45,QP+G,40,0.005019283053398379,-0.085038368868327,2.18637652565262,1.7914176672916056,0.250836006606557,8.5131901528257e-13,249,8.250466976278403e-11,204
FrequencyHopping,neural,45,QP+G,45,0.005019283053398379,-0.085038368868327,2.18637652565262,1.7914176672916056,0.250836006606557,8.5131901528257e-13,249,8.250466976278403e-11,204
FrequencyHopping,neural,45,QP+G,50,0.005019283053398379,-0.085038368868327,2.18637652565262,1.7914176672916056,0.250836006606557,8.5131901528257e-13,249,8.250466976278403e-11,204
FrequencyHopping,neural,45,QP+G,55,0.005019283053398379,-0.085038368868327,2.18637652565262,1.7914176672916056,0.250836006606557,8.5131901528257e-13,249,8.250466976278403e-11,204
FrequencyHopping,neural,45,QP+G,60,0.005019283053398379,-0.085038368868327,2.18637652565262,1.7914176672916056,0.250836006606557,8.5131901528257e-13,249,8.250466976278403e-11,204
FrequencyHopping,neural,45,noG,0,-0.0097981883388639,-0.3265250191466462,2.5298956266311414,2.059058611041962,0.3465521162099779,8.100187187665142e-13,250,8.802558681964001e-11,204
FrequencyHopping,neural,45,noG,5,-0.008691760583362854,-0.30356362900336215,2.5322620557100133,2.0600807819762452,0.3457501661815118,8.215650382226158e-13,250,8.942957485658098e-11,204
FrequencyHopping,neural,45,noG,10,-0.002439005123551458,-0.24995745677581865,2.520612545867444,2.044350747536319,0.3476288894200847,8.402167850363185e-13,250,8.261036299472835e-11,205
FrequencyHopping,neural,45,noG,15,0.010169698528641084,-0.16730440908322097,2.465589065653946,2.009865995274679,0.3537278542931764,8.526512829121202e-13,250,8.40363334475569e-11,205
FrequencyHopping,neural,45,noG,20,0.01763520039068158,-0.14261815254564247,2.446986141220442,1.9939876916444548,0.3573550694083835,8.557599073810707e-13,250,8.435874221390804e-11,205
FrequencyHopping,neural,45,noG,25,0.019125034315323215,-0.13937927358263538,2.4443848306868996,1.991343643208326,0.35804513689833256,8.557599073810707e-13,250,8.43938252614862e-11,205
FrequencyHopping,neural,45,noG,30,0.019368691821424262,-0.1388471231213761,2.4439408020727447,1.990929127388116,0.3581568941013754,8.562039965909207e-13,250,8.439871024279455e-11,205
FrequencyHopping,neural,45,noG,35,0.01940735062593421,-0.13876262891493593,2.4438698797702734,1.9908638285457316,0.3581745971033481,8.557599073810707e-13,250,8.439893228739948e-11,205
FrequencyHopping,neural,45,noG,40,0.019413455292672147,-0.13874928473814613,2.4438586685278554,1.990853528863292,0.3581773918974777,8.557599073810707e-13,250,8.439893228739948e-11,205
FrequencyHopping,neural,45,noG,45,0.019414418571092162,-0.13874717907081394,2.4438568991696763,1.9908519039304444,0.35817783288085797,8.557599073810707e-13,250,8.439937637660933e-11,205
FrequencyHopping,neural,45,noG,50,0.01941457055252184,-0.13874684684778588,2.4438566200015437,1.9908516475636011,0.3581779024566503,8.562039965909207e-13,250,8.43991543320044e-11,205
FrequencyHopping,neural,45,noG,55,0.019414594531153944,-0.13874679443179375,2.4438565759560484,1.9908516071158293,0.35817791343385097,8.562039965909207e-13,250,8.439959842121425e-11,205
FrequencyHopping,neural,45,noG,60,0.019414598314688464,-0.13874678616119127,2.4438565690062046,1.9908516007337713,0.35817791516591807,8.562039965909207e-13,250,8.439937637660933e-11,205
FrequencyHopping,neural,45,GDA,0,-0.0097981883388639,-0.3265250191466462,2.5298956266311414,2.059058611041962,0.3465521162099779,8.100187187665142e-13,250,8.802558681964001e-11,204
FrequencyHopping,neural,45,GDA,5,-0.00588930775552245,-0.2766161787258069,2.5315891557347676,2.0548343335512995,0.3468076860121609,8.331113576787175e-13,250,8.181189059541794e-11,205
FrequencyHopping,neural,45,GDA,10,0.0044619232354701464,-0.203273036882589,2.4934067846232315,2.0251598239586586,0.3513628012234472,8.486544800234697e-13,250,8.361134007373039e-11,205
FrequencyHopping,neural,45,GDA,15,0.0205449234875732,-0.13655986183058424,2.443352048228582,1.9903600134576331,0.3598849877524311,8.570921750106208e-13,250,8.448708399555471e-11,205
FrequencyHopping,neural,45,GDA,20,0.03992535791199148,-0.15102656393030625,2.4548845455619563,1.982001012618017,0.3714155338335731,8.557599073810707e-13,250,8.4361850838377e-11,205
FrequencyHopping,neural,45,GDA,25,0.059073040801839526,-0.24733381440677515,2.5283088822113755,2.0173013634674817,0.3849695146686449,8.459899447643693e-13,250,8.321165978486533e-11,205
FrequencyHopping,neural,45,GDA,30,0.07444148119444867,-0.413459492543931,2.6521040745542654,2.0763359331526474,0.39993608766668826,8.268941087408166e-13,250,8.10727041056225e-11,205
FrequencyHopping,neural,45,GDA,35,0.08390733269714384,-0.541520598788391,2.7202641033952792,2.115578687899982,0.4160156631961067,8.895106873296754e-13,249,8.67437233154078e-11,204
FrequencyHopping,neural,45,GDA,40,0.08813030071411752,-0.6047331935474436,2.7100052218596575,2.1000025068947723,0.4327883706545194,8.539835505416704e-13,249,8.272693641231399e-11,204
FrequencyHopping,neural,45,GDA,45,0.09100923948777623,-0.588082947645314,2.6129893338182306,2.019151578928309,0.4493370128861267,8.15347789284715e-13,249,8.727019107368506e-11,203
FrequencyHopping,neural,45,GDA,50,0.09842993571424884,-0.4956674011677121,2.4424432863150507,1.897776765139459,0.46440520412138775,8.641976023682219e-13,248,8.33728641680409e-11,203
FrequencyHopping,neural,45,GDA,55,0.11539129703864767,-0.41040243083642436,2.3032200214272236,1.7968953549710867,0.4771149811418519,8.351097591230427e-13,248,8.999068157322654e-11,202
FrequencyHopping,neural,45,GDA,60,0.14306467423305483,-0.4338785481106901,2.3109613700951623,1.7661468229197594,0.48767527341597733,8.264500195309665e-13,248,8.882250490671595e-11,202
FrequencyHopping,neural,45,Adam-GDA,0,-0.0097981883388639,-0.3265250191466462,2.5298956266311414,2.059058611041962,0.3465521162099779,8.100187187665142e-13,250,8.802558681964001e-11,204
FrequencyHopping,neural,45,Adam-GDA,5,0.23929171973812569,-2.2311180569583207,3.9373394125297363,3.3126824184095445,1.3326338765952312,8.122391648157645e-13,250,8.884648572404785e-11,204
FrequencyHopping,neural,45,Adam-GDA,10,-0.3477521568644505,-2.5933188847566258,5.373844172736385,4.819209181915504,3.246429808124976,8.171241461241152e-13,252,8.457190503463607e-11,207
FrequencyHopping,neural,45,Adam-GDA,15,1.2613023825555516,-4.336968036976044,8.6820144104105,8.247774302929475,4.2915540624299675,8.428813202954188e-13,256,8.253309147221444e-11,212
FrequencyHopping,neural,45,Adam-GDA,20,-0.32498505126579263,-5.677429278469615,9.818890797783428,9.401230606498341,6.351442379462869,8.837375276016246e-13,258,8.811440466161002e-11,214
FrequencyHopping,neural,45,Adam-GDA,25,0.8787363486983909,-6.8365972721510095,12.607170798511168,12.291693063261526,5.284856474558348,8.65085780787922e-13,260,8.673239904055663e-11,216
FrequencyHopping,neural,45,Adam-GDA,30,2.0146295705252393,-10.10958917986174,15.928553920597608,15.727748024014982,4.040997494996237,8.473222123939195e-13,264,8.619416291821835e-11,220
FrequencyHopping,neural,45,Adam-GDA,35,0.13386228251535526,-10.846357392852894,16.392326491968674,16.192914365648356,5.511138631132238,8.171241461241152e-13,265,8.360423464637279e-11,221
FrequencyHopping,neural,45,Adam-GDA,40,-6.897060119038548,-10.892180909353252,16.257765766347685,16.079042700143845,7.538493405411529,8.206768598029157e-13,265,8.399503315104084e-11,221
FrequencyHopping,neural,45,Adam-GDA,45,-10.476337492330874,-10.85653171439717,17.69775274797429,17.65053117325397,1.3623335283213533,8.15347789284715e-13,265,8.37019342725398e-11,221
FrequencyHopping,neural,45,Adam-GDA,50,-10.495927470458264,-10.540261118760068,17.722738203657354,17.68100780654221,1.9005016095885023,8.810729923425242e-13,264,8.108003157758503e-11,221
FrequencyHopping,neural,45,Adam-GDA,55,-6.734742568025519,-8.276201047035254,15.489699631432607,15.399827459891386,11.106793320040028,8.384404281969182e-13,262,8.528999728696363e-11,218
FrequencyHopping,neural,45,Adam-GDA,60,1.3962735781217912,-10.4901918241754,17.709578379255756,17.639627103442404,3.7198822797906317,8.775202786637237e-13,264,8.9361407162869e-11,220
FrequencyHopping,neural,45,EGM,0,-0.0097981883388639,-0.3265250191466462,2.5298956266311414,2.059058611041962,0.3465521162099779,8.100187187665142e-13,250,8.802558681964001e-11,204
FrequencyHopping,neural,45,EGM,5,-0.005241876229675899,-0.2713377135739873,2.523211496410604,2.0479971121843885,0.3434271132950026,8.317790900491673e-13,250,8.165601528276056e-11,205
FrequencyHopping,neural,45,EGM,10,0.00558261274185853,-0.19474347942421377,2.477685619008602,2.013570819588417,0.34473772685501264,8.459899447643693e-13,250,8.324563260941886e-11,205
FrequencyHopping,neural,45,EGM,15,0.021474144413083665,-0.1319163202730091,2.4272289263410913,1.9769769780146853,0.3499771503217793,8.517631044924201e-13,250,8.389866579250338e-11,205
FrequencyHopping,neural,45,EGM,20,0.03982915599622117,-0.1486548434533292,2.437304666996513,1.9658190320040692,0.35813413927660626,8.486544800234697e-13,250,8.358047587364581e-11,205
FrequencyHopping,neural,45,EGM,25,0.05743837504980054,-0.2290923643616982,2.4925137573808245,1.9898583389911728,0.36825371193875195,8.379963389870682e-13,250,8.231237913491896e-11,205
FrequencyHopping,neural,45,EGM,30,0.07158969554986266,-0.3639278028459813,2.5850325353283834,2.0278693755610466,0.37973992655396965,8.193445921733655e-13,250,8.909206705709494e-11,204
FrequencyHopping,neural,45,EGM,35,0.08123925175199811,-0.46399863788092666,2.628633347752122,2.0445797749749457,0.39225552489058035,8.828493491819245e-13,249,8.596234835067662e-11,204
FrequencyHopping,neural,45,EGM,40,0.0877522332413945,-0.5026670775810869,2.601489991254055,2.0161667599945394,0.4054009849625581,8.5087492607272e-13,249,8.238432158691467e-11,204
FrequencyHopping,neural,45,EGM,45,0.09463145641536849,-0.4721532033127952,2.5025069742899007,1.9425851901247417,0.41854021866634683,8.180123245438153e-13,249,8.758127556518502e-11,203
FrequencyHopping,neural,45,EGM,50,0.1060378776912505,-0.41472475591812563,2.381764659773968,1.8525882520058465,0.4310133492156367,8.748557434046234e-13,248,8.429656972452904e-11,203
FrequencyHopping,neural,45,EGM,55,0.12473530168237405,-0.4072444071687723,2.3236201866205137,1.792139182290022,0.44257753288906565,8.484324354185446e-13,248,8.212786006822625e-11,203
FrequencyHopping,neural,45,EGM,60,0.15072224837879822,-0.43996172772235753,2.330701405820035,1.7848337228892015,0.45366752624091833,8.344436253082677e-13,248,8.997691480772119e-11,202
FrequencyHopping,neural,45,PPM-3,0,-0.0097981883388639,-0.3265250191466462,2.5298956266311414,2.059058611041962,0.3465521162099779,8.100187187665142e-13,250,8.802558681964001e-11,204
FrequencyHopping,neural,45,PPM-3,5,-0.00524100646075554,-0.2715127330438704,2.5232445936720884,2.0480621166319692,0.34344664949604664,8.317790900491673e-13,250,8.164846576619311e-11,205
FrequencyHopping,neural,45,PPM-3,10,0.005547105338295277,-0.19527979464250117,2.478062711339795,2.013812388539022,0.34475610207154034,8.455458555545192e-13,250,8.323741695903664e-11,205
FrequencyHopping,neural,45,PPM-3,15,0.021386950629717377,-0.132381821692076,2.4276447098317955,1.977243522577527,0.3499852419152522,8.5131901528257e-13,250,8.389600125724428e-11,205
FrequencyHopping,neural,45,PPM-3,20,0.03971077931851358,-0.14796083499419332,2.436794968051858,1.9657169546298283,0.35813620729066853,8.490985692333197e-13,250,8.358957970244774e-11,205
FrequencyHopping,neural,45,PPM-3,25,0.05734566602534109,-0.2267567470368174,2.4907135054328635,1.989186525810752,0.3682606341904495,8.379963389870682e-13,250,8.233969062132473e-11,205
FrequencyHopping,neural,45,PPM-3,30,0.07159621276898565,-0.3609045437958879,2.5829900025413473,2.0270535247362442,0.3797623044225183,8.197886813832156e-13,250,8.914691207451142e-11,204
FrequencyHopping,neural,45,PPM-3,35,0.08139509239424164,-0.4617889435300426,2.6278902804575863,2.044488731460358,0.3923047614554221,8.832934383917745e-13,249,8.604339463147426e-11,204
FrequencyHopping,neural,45,PPM-3,40,0.08803902913254325,-0.5020780077099509,2.602797243272006,2.0175844249581294,0.4054978751630751,8.517631044924201e-13,249,8.248624006057526e-11,204
FrequencyHopping,neural,45,PPM-3,45,0.09494556841707083,-0.47389629462492106,2.506386713432085,1.9456729114219016,0.4187192353373896,8.189005029635155e-13,249,8.770051351802977e-11,203
FrequencyHopping,neural,45,PPM-3,50,0.10623180316832853,-0.4173257976560272,2.386418776762436,1.8563876504628962,0.4313100696510745,8.761880110341735e-13,248,8.439338117227635e-11,203
FrequencyHopping,neural,45,PPM-3,55,0.12470792161431549,-0.4084731911304003,2.326413451716074,1.7950878145231652,0.44300307630489266,8.495426584431698e-13,248,8.218425939787721e-11,203
FrequencyHopping,neural,45,PPM-3,60,0.15049737849908518,-0.44148715109356906,2.332334839860875,1.786295675495167,0.4541905690858331,8.344436253082677e-13,248,8.999645473295459e-11,202
FrequencyHopping,neural,46,QP+G,0,-0.004868584439328377,-0.5831773814160816,2.7552288636385804,2.14460131451441,0.4697486188884957,8.877343304902752e-13,249,8.648792793053417e-11,204
FrequencyHopping,neural,46,QP+G,5,0.0017531462864400662,-0.31481480119282973,2.4271347084190813,1.891944496236521,0.314881685694523,8.562039965909207e-13,249,8.293254971647457e-11,204
FrequencyHopping,neural,46,QP+G,10,0.011243906177372366,-0.161295694358178,2.26501198956545,1.8228159101895038,0.27517031526201374,8.5087492607272e-13,249,8.245670812812023e-11,204
FrequencyHopping,neural,46,QP+G,15,0.021599528471949368,-0.17603669584001003,2.271233352893203,1.8082541985506952,0.27574471918644233,8.468781231840694e-13,249,8.203793200323162e-11,204
FrequencyHopping,neural,46,QP+G,20,0.023530514352764362,-0.1812497523177496,2.2741705624749073,1.806451121871201,0.2767145098770855,8.459899447643693e-13,249,8.192291289788045e-11,204
FrequencyHopping,neural,46,QP+G,25,0.023530514352764362,-0.1812497523177496,2.2741705624749073,1.806451121871201,0.2767145098770855,8.459899447643693e-13,249,8.192291289788045e-11,204
FrequencyHopping,neural,46,QP+G,30,0.023530514352764362,-0.1812497523177496,2.2741705624749073,1.806451121871201,0.2767145098770855,8.459899447643693e-13,249,8.192291289788045e-11,204
FrequencyHopping,neural,46,QP+G,35,0.023530514352764362,-0.1812497523177496,2.2741705624749073,1.806451121871201,0.2767145098770855,8.459899447643693e-13,249,8.192291289788045e-11,204
FrequencyHopping,neural,46,QP+G,40,0.023530514352764362,-0.1812497523177496,2.2741705624749073,1.806451121871201,0.2767145098770855,8.459899447643693e-13,249,8.192291289788045e-11,204
FrequencyHopping,neural,46,QP+G,45,0.023530514352764362,-0.1812497523177496,2.2741705624749073,1.806451121871201,0.2767145098770855,8.459899447643693e-13,249,8.192291289788045e-11,204
FrequencyHopping,neural,46,QP+G,50,0.023530514352764362,-0.1812497523177496,2.2741705624749073,1.806451121871201,0.2767145098770855,8.459899447643693e-13,249,8.192291289788045e-11,204
FrequencyHopping,neural,46,QP+G,55,0.023530514352764362,-0.1812497523177496,2.2741705624749073,1.806451121871201,0.2767145098770855,8.459899447643693e-13,249,8.192291289788045e-11,204
FrequencyHopping,neural,46,QP+G,60,0.023530514352764362,-0.1812497523177496,2.2741705624749073,1.806451121871201,0.2767145098770855,8.459899447643693e-13,249,8.192291289788045e-11,204
FrequencyHopping,neural,46,noG,0,-0.004868584439328377,-0.5831773814160816,2.7552288636385804,2.14460131451441,0.4697486188884957,8.877343304902752e-13,249,8.648792793053417e-11,204
FrequencyHopping,neural,46,noG,5,0.008108017106921817,-0.6421943452617181,2.748067875965699,2.11979476674948,0.46614211906194747,8.553158181712206e-13,249,8.283040919820905e-11,204
FrequencyHopping,neural,46,noG,10,0.01699141392664982,-0.6266107582509054,2.6641977321930326,2.046214831131473,0.46701934688818747,8.22453216642316e-13,249,8.798095585405008e-11,203
FrequencyHopping,neural,46,noG,15,0.02329864375505323,-0.5365821808820697,2.5120619739282244,1.9423172930174744,0.46862783354378784,8.79740724712974e-13,248,8.469713819181379e-11,203
FrequencyHopping,neural,46,noG,20,0.029553909752411713,-0.4586625065406052,2.3951854570000926,1.875225034916942,0.46819868676029563,8.566480858007708e-13,248,8.272449392165981e-11,203
FrequencyHopping,neural,46,noG,25,0.03157750296788758,-0.47695010965144086,2.4084904644599843,1.8744570354691201,0.46722677182405437,8.544276397515205e-13,248,8.244449567484935e-11,203
FrequencyHopping,neural,46,noG,30,0.031628554286509465,-0.47735954854174173,2.4087949091368572,1.8745575273899486,0.4671891456987112,8.537615059367454e-13,248,8.2439610693541e-11,203
FrequencyHopping,neural,46,noG,35,0.031629814000024015,-0.4773696209971896,2.4088024032248394,1.874560076022257,0.46718820980559483,8.539835505416704e-13,248,8.2439610693541e-11,203
FrequencyHopping,neural,46,noG,40,0.03162984506078802,-0.47736986933517483,2.4088025879955475,1.8745601389057764,0.4671881867247471,8.537615059367454e-13,248,8.2439610693541e-11,203
FrequencyHopping,neural,46,noG,45,0.031629845826674115,-0.47736987545860055,2.4088025925515555,1.8745601404563477,0.46718818615562396,8.535394613318203e-13,248,8.2439610693541e-11,203
FrequencyHopping,neural,46,noG,50,0.03162984584554372,-0.4773698756094677,2.4088025926638044,1.8745601404945686,0.46718818614160246,8.537615059367454e-13,248,8.243938864893607e-11,203
FrequencyHopping,neural,46,noG,55,0.03162984584602055,-0.4773698756132794,2.408802592666642,1.874560140495531,0.4671881861412486,8.537615059367454e-13,248,8.243983273814592e-11,203
FrequencyHopping,neural,46,noG,60,0.03162984584602055,-0.4773698756132794,2.408802592666642,1.874560140495531,0.4671881861412486,8.537615059367454e-13,248,8.243983273814592e-11,203
FrequencyHopping,neural,46,GDA,0,-0.004868584439328377,-0.5831773814160816,2.7552288636385804,2.14460131451441,0.4697486188884957,8.877343304902752e-13,249,8.648792793053417e-11,204
FrequencyHopping,neural,46,GDA,5,0.008108017106921817,-0.6421943452617181,2.748067875965699,2.11979476674948,0.46614211906194747,8.553158181712206e-13,249,8.283040919820905e-11,204
FrequencyHopping,neural,46,GDA,10,0.01699141392664982,-0.6266107582509054,2.6641977321930326,2.046214831131473,0.46701934688818747,8.22453216642316e-13,249,8.798095585405008e-11,203
FrequencyHopping,neural,46,GDA,15,0.02329864375505323,-0.5365821808820697,2.5120619739282244,1.9423172930174744,0.46862783354378784,8.79740724712974e-13,248,8.469713819181379e-11,203
FrequencyHopping,neural,46,GDA,20,0.029553909752411713,-0.4586625065406052,2.3951854570000926,1.875225034916942,0.46819868676029563,8.566480858007708e-13,248,8.272449392165981e-11,203
FrequencyHopping,neural,46,GDA,25,0.036791579604411026,-0.5414344416999202,2.464858352896308,1.9102120453044356,0.4661249455636092,8.490985692333197e-13,248,8.22897305852166e-11,203
FrequencyHopping,neural,46,GDA,30,0.044226128715809485,-0.6357044446838718,2.5849623353473565,2.006234209636281,0.4656116955708186,8.602007994795713e-13,248,8.341149992929786e-11,203
FrequencyHopping,neural,46,GDA,35,0.05135784172708603,-0.678074669259823,2.673552530476403,2.095797940087608,0.47015157729662443,8.801848139228241e-13,248,8.567946352400213e-11,203
FrequencyHopping,neural,46,GDA,40,0.060266730870782464,-0.6701398441739671,2.724931704641699,2.144024777206359,0.4805328030588913,8.162359677044151e-13,249,8.860689959533374e-11,203
FrequencyHopping,neural,46,GDA,45,0.07521705911699703,-0.5998115343075449,2.7292555344835963,2.151811606652593,0.4941899668638529,8.486544800234697e-13,249,8.274603224833754e-11,204
FrequencyHopping,neural,46,GDA,50,0.09901522496965473,-0.5198363985791827,2.712136405389524,2.1450933027152486,0.5077731451591678,8.775202786637237e-13,249,8.563705300446145e-11,204
FrequencyHopping,neural,46,GDA,55,0.12921807049449177,-0.5225513299724855,2.753053238898427,2.1582305573725935,0.5200245421205298,8.961720254774264e-13,249,8.765654868625461e-11,204
FrequencyHopping,neural,46,GDA,60,0.15838011398443602,-0.550750210594734,2.7887767307863625,2.1986902806128983,0.5321158493213464,8.131273432354647e-13,250,8.83413342478434e-11,204
FrequencyHopping,neural,46,Adam-GDA,0,-0.004868584439328377,-0.5831773814160816,2.7552288636385804,2.14460131451441,0.4697486188884957,8.877343304902752e-13,249,8.648792793053417e-11,204
FrequencyHopping,neural,46,Adam-GDA,5,0.18929735349417243,-2.7459842145070144,4.734084218692454,4.148098005110193,1.5540540656802435,8.109068971862143e-13,252,8.341505264297666e-11,207
FrequencyHopping,neural,46,Adam-GDA,10,-0.6227059937026849,-2.778917715165349,6.009087746944761,5.471053582379117,3.765809861070222,8.317790900491673e-13,253,8.72084626735159e-11,208
FrequencyHopping,neural,46,Adam-GDA,15,1.4735438748381098,-3.0158961021121273,8.295375157589078,7.854726198525334,4.1754848250938315,8.22453216642316e-13,258,8.264677830993605e-11,214
FrequencyHopping,neural,46,Adam-GDA,20,2.518349763477243,-6.310399852558281,10.564589871795095,10.21719952783225,3.7918343349370964,8.872902412804251e-13,259,8.846967602949007e-11,215
FrequencyHopping,neural,46,Adam-GDA,25,0.6618019995603341,-7.270445576346988,10.872533243471734,10.519166465429715,4.33309533172084,8.29558643999917e-13,261,8.363265635580319e-11,217
FrequencyHopping,neural,46,Adam-GDA,30,-1.4321636133071445,-7.248755823055452,10.91681414053062,10.57372991038853,5.119669461395134,8.22453216642316e-13,261,8.30153723541116e-11,217
FrequencyHopping,neural,46,Adam-GDA,35,-2.8693728206930733,-10.330483866839433,15.700239078997058,15.536329416833333,3.9946111208861357,8.615330671091215e-13,264,8.823519692668924e-11,220
FrequencyHopping,neural,46,Adam-GDA,40,-4.473323876892007,-10.820811028280788,16.734413834159337,16.631905298188034,2.194807334135694,8.135714324453147e-13,265,8.340883539403876e-11,221
FrequencyHopping,neural,46,Adam-GDA,45,-5.938839350607042,-10.896980195331633,16.47353248992367,16.412665936019273,4.3287793930714935,8.189005029635155e-13,265,8.403766571518645e-11,221
FrequencyHopping,neural,46,Adam-GDA,50,-8.115476973009205,-10.909004412154374,16.791800459144987,16.7259489031066,2.468074558839752,8.22453216642316e-13,265,8.414424712555046e-11,221
FrequencyHopping,neural,46,Adam-GDA,55,-10.731248893160005,-10.891113562556615,17.864414579245633,17.81914801000692,0.841357742058533,8.206768598029157e-13,265,8.399148043736204e-11,221
FrequencyHopping,neural,46,Adam-GDA,60,-10.803320073959044,-10.820510587032999,18.033725932386268,18.01301463939383,0.605021052389371,8.15347789284715e-13,265,8.340350632352056e-11,221
FrequencyHopping,neural,46,EGM,0,-0.004868584439328377,-0.5831773814160816,2.7552288636385804,2.14460131451441,0.4697486188884957,8.877343304902752e-13,249,8.648792793053417e-11,204
FrequencyHopping,neural,46,EGM,5,0.007654668191315949,-0.6289348920769363,2.7346887464623113,2.108107324193538,0.4593588739376951,8.553158181712206e-13,249,8.281197949600028e-11,204
FrequencyHopping,neural,46,EGM,10,0.016326359044358967,-0.6000169480420708,2.6402811090963683,2.025716081918,0.4536153294667974,8.233413950620161e-13,249,8.811373852779525e-11,203
FrequencyHopping,neural,46,EGM,15,0.02302656655355204,-0.5026209394559442,2.486543730182084,1.9222043674685485,0.44892265976404844,8.837375276016246e-13,248,8.508882487490155e-11,203
FrequencyHopping,neural,46,EGM,20,0.029827672666583257,-0.43493460473972806,2.379937900696805,1.861365480763844,0.4430135676957311,8.615330671091215e-13,248,8.335909740253555e-11,203
FrequencyHopping,neural,46,EGM,25,0.03730582165841425,-0.5061680104026788,2.4401683732470274,1.8899505442706532,0.43650118382901826,8.546496843564455e-13,248,8.304135157288783e-11,203
FrequencyHopping,neural,46,EGM,30,0.04502417136289776,-0.5814557841960809,2.5388723514283114,1.9658123851507734,0.43210430897684987,8.646416915780719e-13,248,8.407408103039415e-11,203
FrequencyHopping,neural,46,EGM,35,0.053327921777108794,-0.6087655718053675,2.6100382288863693,2.0341845041862534,0.4323668628444584,8.837375276016246e-13,248,8.609557511363164e-11,203
FrequencyHopping,neural,46,EGM,40,0.06431122991939293,-0.5860846259078538,2.646102088263701,2.071118804548102,0.43762139514659343,8.200107259881406e-13,249,8.86437589997513e-11,203
FrequencyHopping,neural,46,EGM,45,0.08059590859456195,-0.5386510472607626,2.6559483694007646,2.0803994611842365,0.4460360933718329,8.451017663446692e-13,249,8.220202296627122e-11,204
FrequencyHopping,neural,46,EGM,50,0.10282278436900194,-0.4807032118166802,2.6427579219468798,2.0819252590690627,0.45552017786619,8.659739592076221e-13,249,8.431388920371319e-11,204
FrequencyHopping,neural,46,EGM,55,0.12833231854605465,-0.49384077435902174,2.6806326649069185,2.096505872401865,0.4652875783079497,8.79296635503124e-13,249,8.566969356138543e-11,204
FrequencyHopping,neural,46,EGM,60,0.15261552824048835,-0.528402858220377,2.7178435114496162,2.1223075013022865,0.47584243953594796,8.832934383917745e-13,249,8.608225243733614e-11,204
FrequencyHopping,neural,46,PPM-3,0,-0.004868584439328377,-0.5831773814160816,2.7552288636385804,2.14460131451441,0.4697486188884957,8.877343304902752e-13,249,8.648792793053417e-11,204
FrequencyHopping,neural,46,PPM-3,5,0.007648700831247307,-0.6287311601809544,2.7347427552109025,2.108183312029781,0.45940439805481154,8.553158181712206e-13,249,8.28264123953204e-11,204
FrequencyHopping,neural,46,PPM-3,10,0.016359865642811118,-0.6002871670580338,2.64106760844629,2.026333659931814,0.45369439345190554,8.237854842718662e-13,249,8.814327046025028e-11,203
FrequencyHopping,neural,46,PPM-3,15,0.02309123169141592,-0.503926242066323,2.4884926210045784,1.9233077046338112,0.44906495797709156,8.841816168114747e-13,248,8.512079929801075e-11,203
FrequencyHopping,neural,46,PPM-3,20,0.029886182575189265,-0.43441354076688415,2.3799367907621334,1.8618849244339644,0.4432477349037196,8.624212455288216e-13,248,8.33781932385591e-11,203
FrequencyHopping,neural,46,PPM-3,25,0.03734857171539723,-0.5052838292586574,2.439350868815656,1.8891415766482267,0.4368080364465972,8.548717289613705e-13,248,8.303513432394993e-11,203
FrequencyHopping,neural,46,PPM-3,30,0.04508010167850058,-0.5807202350811147,2.537228298123769,1.9644010274283192,0.43241413287249986,8.644196469731469e-13,248,8.403411300150765e-11,203
FrequencyHopping,neural,46,PPM-3,35,0.05340892136765328,-0.6093318891175252,2.6088644922602664,2.033148414920381,0.43261332822611653,8.828493491819245e-13,248,8.602296652782115e-11,203
FrequencyHopping,neural,46,PPM-3,40,0.06435599964430343,-0.5883179843675953,2.646039484550462,2.0710860357852927,0.43780621845798284,8.193445921733655e-13,249,8.854117439227593e-11,203
FrequencyHopping,neural,46,PPM-3,45,0.08050066469292744,-0.5422825636738161,2.657155576690218,2.0813761075948243,0.44622756439205497,8.44213587924969e-13,249,8.209344315446288e-11,204
FrequencyHopping,neural,46,PPM-3,50,0.10255828523429983,-0.48556759245968123,2.6456240737852004,2.083297076004241,0.45578227249485515,8.65529869997772e-13,249,8.421419117610185e-11,204
FrequencyHopping,neural,46,PPM-3,55,0.12803097899901467,-0.49470692191266025,2.680411791594625,2.0976749957563703,0.46562278016681524,8.788525462932739e-13,249,8.560663289358672e-11,204
FrequencyHopping,neural,46,PPM-3,60,0.15251442464949727,-0.529901344820826,2.7194026004404264,2.1234568288841484,0.4762010461062148,8.837375276016246e-13,249,8.606981793946034e-11,204
FrequencyHopping,neural,47,QP+G,0,0.04778342725808081,-0.46090041150134287,2.558351174583972,2.0013026920835233,0.5341395654752359,8.58424442640171e-13,249,8.325962141952914e-11,204
FrequencyHopping,neural,47,QP+G,5,0.004836322640474098,-0.19702714766685014,2.27872289510977,1.8007763394852327,0.3091925888017289,8.477663016037695e-13,249,8.18718426387477e-11,204
FrequencyHopping,neural,47,QP+G,10,-0.002632256588156006,-0.10214076453001386,2.179897655355333,1.7671353276319492,0.24013997284019645,8.43769498715119e-13,249,8.152700736729912e-11,204
FrequencyHopping,neural,47,QP+G,15,0.003322462306662795,-0.07578284836967308,2.1534744870915543,1.7598658665770825,0.22792504572513228,8.433254095052689e-13,249,8.152545305506465e-11,204
FrequencyHopping,neural,47,QP+G,20,0.010840731136149641,-0.05979022136473122,2.136363707585544,1.7529552221323492,0.23041511505252835,8.428813202954188e-13,249,8.148548502617814e-11,204
FrequencyHopping,neural,47,QP+G,25,0.017029157330930737,-0.054064399303566504,2.129403965880054,1.748351951179033,0.23408610462034446,8.419931418757187e-13,249,8.143263841020598e-11,204
FrequencyHopping,neural,47,QP+G,30,0.017111749478338472,-0.05411949720787669,2.1294478268652814,1.7483074681898048,0.23413104896683148,8.415490526658687e-13,249,8.143241636560106e-11,204
FrequencyHopping,neural,47,QP+G,35,0.017111749478338472,-0.05411949720787669,2.1294478268652814,1.7483074681898048,0.23413104896683148,8.415490526658687e-13,249,8.143241636560106e-11,204
FrequencyHopping,neural,47,QP+G,40,0.017111749478338472,-0.05411949720787669,2.1294478268652814,1.7483074681898048,0.23413104896683148,8.415490526658687e-13,249,8.143241636560106e-11,204
FrequencyHopping,neural,47,QP+G,45,0.017111749478338472,-0.05411949720787669,2.1294478268652814,1.7483074681898048,0.23413104896683148,8.415490526658687e-13,249,8.143241636560106e-11,204
FrequencyHopping,neural,47,QP+G,50,0.017111749478338472,-0.05411949720787669,2.1294478268652814,1.7483074681898048,0.23413104896683148,8.415490526658687e-13,249,8.143241636560106e-11,204
FrequencyHopping,neural,47,QP+G,55,0.017111749478338472,-0.05411949720787669,2.1294478268652814,1.7483074681898048,0.23413104896683148,8.415490526658687e-13,249,8.143241636560106e-11,204
FrequencyHopping,neural,47,QP+G,60,0.017111749478338472,-0.05411949720787669,2.1294478268652814,1.7483074681898048,0.23413104896683148,8.415490526658687e-13,249,8.143241636560106e-11,204
FrequencyHopping,neural,47,noG,0,0.04778342725808081,-0.46090041150134287,2.558351174583972,2.0013026920835233,0.5341395654752359,8.58424442640171e-13,249,8.325962141952914e-11,204
FrequencyHopping,neural,47,noG,5,0.04778342725808081,-0.46090041150134287,2.558351174583972,2.0013026920835233,0.5341395654752359,8.58424442640171e-13,249,8.325962141952914e-11,204
FrequencyHopping,neural,47,noG,10,0.04778342725808081,-0.46090041150134287,2.558351174583972,2.0013026920835233,0.5341395654752359,8.58424442640171e-13,249,8.325962141952914e-11,204
FrequencyHopping,neural,47,noG,15,0.04778342725808081,-0.46090041150134287,2.558351174583972,2.0013026920835233,0.5341395654752359,8.58424442640171e-13,249,8.325962141952914e-11,204
FrequencyHopping,neural,47,noG,20,0.04778342725808081,-0.46090041150134287,2.558351174583972,2.0013026920835233,0.5341395654752359,8.58424442640171e-13,249,8.325962141952914e-11,204
FrequencyHopping,neural,47,noG,25,0.04778342725808081,-0.46090041150134287,2.558351174583972,2.0013026920835233,0.5341395654752359,8.58424442640171e-13,249,8.325962141952914e-11,204
FrequencyHopping,neural,47,noG,30,0.04778342725808081,-0.46090041150134287,2.558351174583972,2.0013026920835233,0.5341395654752359,8.58424442640171e-13,249,8.325962141952914e-11,204
FrequencyHopping,neural,47,noG,35,0.04778342725808081,-0.46090041150134287,2.558351174583972,2.0013026920835233,0.5341395654752359,8.58424442640171e-13,249,8.325962141952914e-11,204
FrequencyHopping,neural,47,noG,40,0.04778342725808081,-0.46090041150134287,2.558351174583972,2.0013026920835233,0.5341395654752359,8.58424442640171e-13,249,8.325962141952914e-11,204
FrequencyHopping,neural,47,noG,45,0.04778342725808081,-0.46090041150134287,2.558351174583972,2.0013026920835233,0.5341395654752359,8.58424442640171e-13,249,8.325962141952914e-11,204
FrequencyHopping,neural,47,noG,50,0.04778342725808081,-0.46090041150134287,2.558351174583972,2.0013026920835233,0.5341395654752359,8.58424442640171e-13,249,8.325962141952914e-11,204
FrequencyHopping,neural,47,noG,55,0.04778342725808081,-0.46090041150134287,2.558351174583972,2.0013026920835233,0.5341395654752359,8.58424442640171e-13,249,8.325962141952914e-11,204
FrequencyHopping,neural,47,noG,60,0.04778342725808081,-0.46090041150134287,2.558351174583972,2.0013026920835233,0.5341395654752359,8.58424442640171e-13,249,8.325962141952914e-11,204
FrequencyHopping,neural,47,GDA,0,0.04778342725808081,-0.46090041150134287,2.558351174583972,2.0013026920835233,0.5341395654752359,8.58424442640171e-13,249,8.325962141952914e-11,204
FrequencyHopping,neural,47,GDA,5,0.05504280877608276,-0.6256770470023506,2.7122520936815313,2.13203916711212,0.5217238243351499,8.517631044924201e-13,249,8.232237114214058e-11,204
FrequencyHopping,neural,47,GDA,10,0.04196570896776545,-0.7334709826203532,2.814916662224663,2.2211559000339776,0.5096879860518383,8.464340339742193e-13,249,8.177458710179053e-11,204
FrequencyHopping,neural,47,GDA,15,0.01809046268443088,-0.7687919641003119,2.8546683199851284,2.2569469976197905,0.4979061625342035,8.464340339742193e-13,249,8.192557743313955e-11,204
FrequencyHopping,neural,47,GDA,20,-0.004765902524215727,-0.7214238354601821,2.8395563434120534,2.2422756960196426,0.488440052130851,8.562039965909207e-13,249,8.305311993694886e-11,204
FrequencyHopping,neural,47,GDA,25,-0.016371376857361453,-0.59588145858115,2.760287618350791,2.1783006833082217,0.48394736650641224,8.713030297258229e-13,249,8.475509183369923e-11,204
FrequencyHopping,neural,47,GDA,30,-0.010864837234131895,-0.40669530597573117,2.6072117238969743,2.0747913491186485,0.48633280041438365,8.841816168114747e-13,249,8.620215652399565e-11,204
FrequencyHopping,neural,47,GDA,35,0.011929629868432975,-0.23782067760821157,2.456868745403079,1.9637064848426293,0.4959828268523096,8.895106873296754e-13,249,8.691269925975575e-11,204
FrequencyHopping,neural,47,GDA,40,0.046894162363121585,-0.13455428519832255,2.350639634180585,1.897012625674268,0.5114412159214297,8.86846152070575e-13,249,8.667844220155985e-11,204
FrequencyHopping,neural,47,GDA,45,0.08526378601820234,-0.2965255264878799,2.4887154774931095,1.9463053273068975,0.5298484035391906,8.766321002440236e-13,249,8.552825114804818e-11,204
FrequencyHopping,neural,47,GDA,50,0.11681806253346852,-0.5183773970617225,2.670351499548647,2.0971484676109915,0.5485165252252652,8.606448886894214e-13,249,8.369549497899698e-11,204
FrequencyHopping,neural,47,GDA,55,0.13263454693109378,-0.7612288333659569,2.8638025289444586,2.262792027103236,0.5669254408068193,8.424372310855688e-13,249,8.15543188537049e-11,204
FrequencyHopping,neural,47,GDA,60,0.12904624629967515,-0.9301046010296468,2.9817675535041284,2.3728306365267695,0.5869399336477945,8.260059303211165e-13,249,8.847322874316887e-11,203
FrequencyHopping,neural,47,Adam-GDA,0,0.04778342725808081,-0.46090041150134287,2.558351174583972,2.0013026920835233,0.5341395654752359,8.58424442640171e-13,249,8.325962141952914e-11,204
FrequencyHopping,neural,47,Adam-GDA,5,-0.058904117224342564,-1.549637336221524,3.6211609420894524,3.034525349959031,1.1636302016727917,8.237854842718662e-13,249,8.921730021427265e-11,203
FrequencyHopping,neural,47,Adam-GDA,10,0.5550108588335032,-1.4732936936435084,5.467330635182627,4.9528315735357715,3.2340929851847493,8.446576771348191e-13,255,8.166090026406891e-11,211
FrequencyHopping,neural,47,Adam-GDA,15,2.3460988885497125,-4.017831704971805,7.81545611238232,7.32192545811549,3.5231673448780665,8.553158181712206e-13,255,8.287459607458914e-11,211
FrequencyHopping,neural,47,Adam-GDA,20,0.5565252061218706,-6.4107950200802275,7.484058474933541,7.064839276211844,3.4666171600785898,8.117950756059145e-13,260,8.137313045608607e-11,216
FrequencyHopping,neural,47,Adam-GDA,25,-1.8644161599628242,-7.393510544884722,11.025309900166892,10.665648167322887,4.287925980872945,8.419931418757187e-13,261,8.524647654439832e-11,217
FrequencyHopping,neural,47,Adam-GDA,30,-0.30259531871391443,-7.088362933705277,12.4616057461223,12.206495289314883,5.991494246319901,8.961720254774264e-13,260,8.166711751300681e-11,217
FrequencyHopping,neural,47,Adam-GDA,35,-0.004792110350234718,-8.193091777505568,12.980966826382673,12.779039866098513,4.433246899024704,8.402167850363185e-13,262,8.561507058857387e-11,218
FrequencyHopping,neural,47,Adam-GDA,40,-3.440284594883787,-10.556137399005554,15.429980600022539,15.271043877744276,8.86537800457933,8.810729923425242e-13,264,8.127365447307966e-11,221
FrequencyHopping,neural,47,Adam-GDA,45,-10.109927500162113,-10.94717404355451,17.27230993392209,17.21868940846616,2.3213515113076215,8.206768598029157e-13,265,8.446932042716071e-11,221
FrequencyHopping,neural,47,Adam-GDA,50,-10.880009950273957,-10.980322212538887,17.6183402473195,17.63589927646798,0.30670628576985265,8.277822871605167e-13,265,8.474820845094655e-11,221
FrequencyHopping,neural,47,Adam-GDA,55,-10.95786866764978,-10.98706888723303,17.654741054021596,17.67716054999047,0.11424121192132092,8.260059303211165e-13,265,8.480682822664676e-11,221
FrequencyHopping,neural,47,Adam-GDA,60,-10.975283028754287,-10.988705292173123,17.662149254407318,17.686067415984585,0.07588224134143325,8.260059303211165e-13,265,8.482281543820136e-11,221
FrequencyHopping,neural,47,EGM,0,0.04778342725808081,-0.46090041150134287,2.558351174583972,2.0013026920835233,0.5341395654752359,8.58424442640171e-13,249,8.325962141952914e-11,204
FrequencyHopping,neural,47,EGM,5,0.052948060390438076,-0.6121382085181212,2.6987251136995796,2.119829830247206,0.512666370386611,8.5131901528257e-13,249,8.23110468672894e-11,204
FrequencyHopping,neural,47,EGM,10,0.039727747000521355,-0.7024959144285138,2.7848207758245382,2.1936843093893024,0.49306318673925087,8.473222123939195e-13,249,8.181744171054106e-11,204
FrequencyHopping,neural,47,EGM,15,0.018319386393804413,-0.7206914480133653,2.8074688346304963,2.213909394745245,0.4749924713674141,8.468781231840694e-13,249,8.197553746924768e-11,204
FrequencyHopping,neural,47,EGM,20,-0.00040326128025951343,-0.6616354104097704,2.7755369033921484,2.1859579310201886,0.46005889235218783,8.548717289613705e-13,249,8.292810882437607e-11,204
FrequencyHopping,neural,47,EGM,25,-0.00814277082223502,-0.5342726929492635,2.687150530553345,2.1163263005513007,0.450412359133622,8.677503160470224e-13,249,8.428413522665323e-11,204
FrequencyHopping,neural,47,EGM,30,-0.0010904118820961118,-0.3604073399467558,2.541058171062872,2.0179333222407947,0.44753751438256967,8.766321002440236e-13,249,8.534040141228161e-11,204
FrequencyHopping,neural,47,EGM,35,0.019675029010932293,-0.21412862946978514,2.4063285175414304,1.9186973573094537,0.45144358205306384,8.79296635503124e-13,249,8.573186605076444e-11,204
FrequencyHopping,neural,47,EGM,40,0.049116539064786635,-0.1359417961054633,2.321792623531705,1.8627896492351859,0.46041630716000903,8.757439218243235e-13,249,8.535505635620666e-11,204
FrequencyHopping,neural,47,EGM,45,0.07992460159065334,-0.27391955889048775,2.437304385275085,1.9001147516250847,0.47170397329070046,8.664180484174722e-13,249,8.429656972452904e-11,204
FrequencyHopping,neural,47,EGM,50,0.1045684046554057,-0.45698995600217035,2.586178924807019,2.0092749550205093,0.48303632964453047,8.535394613318203e-13,249,8.27784507606566e-11,204
FrequencyHopping,neural,47,EGM,55,0.11779184405984289,-0.6206396115790616,2.7095233670291785,2.12095184903386,0.493934060450975,8.393286066166183e-13,249,8.111111782227454e-11,204
FrequencyHopping,neural,47,EGM,60,0.11938214772389918,-0.7304638934481456,2.778364817135756,2.1856356849695597,0.5053333174624297,8.264500195309665e-13,249,8.856781974486694e-11,203
FrequencyHopping,neural,47,PPM-3,0,0.04778342725808081,-0.46090041150134287,2.558351174583972,2.0013026920835233,0.5341395654752359,8.58424442640171e-13,249,8.325962141952914e-11,204
FrequencyHopping,neural,47,PPM-3,5,0.053013661512409105,-0.611610698790816,2.6982666912353874,2.1194535817778704,0.5128277161350633,8.5087492607272e-13,249,8.231637593780761e-11,204
FrequencyHopping,neural,47,PPM-3,10,0.0399502927670024,-0.7020105033891392,2.7843396083341845,2.1932886607208477,0.49335012775198867,8.473222123939195e-13,249,8.181966215659031e-11,204
FrequencyHopping,neural,47,PPM-3,15,0.01865415729652688,-0.7209105432690219,2.8075051323202276,2.213869150566685,0.47536367888594105,8.468781231840694e-13,249,8.196465728360636e-11,204
FrequencyHopping,neural,47,PPM-3,20,-9.706509387297799e-05,-0.6631407649738821,2.776209565180565,2.1865785887576954,0.460459090146971,8.548717289613705e-13,249,8.289813280271119e-11,204
FrequencyHopping,neural,47,PPM-3,25,-0.008029576962775238,-0.537420850454814,2.6893841212728806,2.117878706714114,0.45078598178392865,8.677503160470224e-13,249,8.42448333315815e-11,204
FrequencyHopping,neural,47,PPM-3,30,-0.0012761418751513537,-0.3646934115747978,2.5446059638785092,2.0201804595904904,0.447844947421458,8.761880110341735e-13,249,8.53075388107527e-11,204
FrequencyHopping,neural,47,PPM-3,35,0.019201583844928417,-0.2183766670112178,2.410276989666981,1.920809776328116,0.45167667170343717,8.79296635503124e-13,249,8.571876541907386e-11,204
FrequencyHopping,neural,47,PPM-3,40,0.04849415479041204,-0.13406337309558308,2.320226103873696,1.8631992199635812,0.46060820650166023,8.757439218243235e-13,249,8.537059947855141e-11,204
FrequencyHopping,neural,47,PPM-3,45,0.0793856050947247,-0.2684226059534097,2.432754105070124,1.8978159500873375,0.4719142877064378,8.668621376273222e-13,249,8.433986842248942e-11,204
FrequencyHopping,neural,47,PPM-3,50,0.10437401541080633,-0.45187555445697475,2.582515976634717,2.005669698992695,0.48330545813081116,8.544276397515205e-13,249,8.284217756227008e-11,204
FrequencyHopping,neural,47,PPM-3,55,0.11813259988748046,-0.6151828261502199,2.705785903440537,2.1180516621301333,0.4942453251816969,8.397726958264684e-13,249,8.118039573901115e-11,204
FrequencyHopping,neural,47,PPM-3,60,0.12024157406585967,-0.7281269405092812,2.77774405411085,2.184955595928774,0.5056497710822041,8.268941087408166e-13,249,8.86215545392588e-11,203
FrequencyHopping,neural,48,QP+G,0,0.00023425199598464626,-0.1051336795393127,2.0154326452098,1.630225059833183,0.32841406800315204,8.408829188510936e-13,248,8.164047216041581e-11,203
FrequencyHopping,neural,48,QP+G,5,0.010406099496041366,-0.06870830665538029,2.042822633125387,1.6591485254407454,0.24322163870141192,8.79296635503124e-13,248,8.461342737575706e-11,203
FrequencyHopping,neural,48,QP+G,10,0.010809246202959304,-0.06526695632938623,2.0562034700381826,1.6749136550254107,0.23275256708053715,8.895106873296754e-13,248,8.571010567948179e-11,203
FrequencyHopping,neural,48,QP+G,15,0.010809246202959304,-0.06526695632938623,2.0562034700381826,1.6749136550254107,0.23275256708053715,8.895106873296754e-13,248,8.571010567948179e-11,203
FrequencyHopping,neural,48,QP+G,20,0.010809246202959304,-0.06526695632938623,2.0562034700381826,1.6749136550254107,0.23275256708053715,8.895106873296754e-13,248,8.571010567948179e-11,203
FrequencyHopping,neural,48,QP+G,25,0.010809246202959304,-0.06526695632938623,2.0562034700381826,1.6749136550254107,0.23275256708053715,8.895106873296754e-13,248,8.571010567948179e-11,203
FrequencyHopping,neural,48,QP+G,30,0.010809246202959304,-0.06526695632938623,2.0562034700381826,1.6749136550254107,0.23275256708053715,8.895106873296754e-13,248,8.571010567948179e-11,203
FrequencyHopping,neural,48,QP+G,35,0.010809246202959304,-0.06526695632938623,2.0562034700381826,1.6749136550254107,0.23275256708053715,8.895106873296754e-13,248,8.571010567948179e-11,203
FrequencyHopping,neural,48,QP+G,40,0.010809246202959304,-0.06526695632938623,2.0562034700381826,1.6749136550254107,0.23275256708053715,8.895106873296754e-13,248,8.571010567948179e-11,203
FrequencyHopping,neural,48,QP+G,45,0.010809246202959304,-0.06526695632938623,2.0562034700381826,1.6749136550254107,0.23275256708053715,8.895106873296754e-13,248,8.571010567948179e-11,203
FrequencyHopping,neural,48,QP+G,50,0.010809246202959304,-0.06526695632938623,2.0562034700381826,1.6749136550254107,0.23275256708053715,8.895106873296754e-13,248,8.571010567948179e-11,203
FrequencyHopping,neural,48,QP+G,55,0.010809246202959304,-0.06526695632938623,2.0562034700381826,1.6749136550254107,0.23275256708053715,8.895106873296754e-13,248,8.571010567948179e-11,203
FrequencyHopping,neural,48,QP+G,60,0.010809246202959304,-0.06526695632938623,2.0562034700381826,1.6749136550254107,0.23275256708053715,8.895106873296754e-13,248,8.571010567948179e-11,203
FrequencyHopping,neural,48,noG,0,0.00023425199598464626,-0.1051336795393127,2.0154326452098,1.630225059833183,0.32841406800315204,8.408829188510936e-13,248,8.164047216041581e-11,203
FrequencyHopping,neural,48,noG,5,0.010418485387601276,-0.08053653567241165,1.9866122709185967,1.6171139653756892,0.32856294872071057,8.388845174067683e-13,248,8.142087004614496e-11,203
FrequencyHopping,neural,48,noG,10,0.010886169764063806,-0.08209747667091258,1.9880255992283724,1.617168313641304,0.3285376282404443,8.386624728018433e-13,248,8.141354257418243e-11,203
FrequencyHopping,neural,48,noG,15,0.010898011845289478,-0.08213698545898042,1.9880614228317812,1.6171704035039292,0.32853692248377747,8.388845174067683e-13,248,8.14133205295775e-11,203
FrequencyHopping,neural,48,noG,20,0.010898312172588643,-0.08213798743306609,1.9880623313793842,1.617170456962736,0.3285369045435723,8.388845174067683e-13,248,8.141354257418243e-11,203
FrequencyHopping,neural,48,noG,25,0.010898319789678614,-0.08213801284575788,1.9880623544225569,1.617170458318869,0.3285369040885347,8.388845174067683e-13,248,8.141354257418243e-11,203
FrequencyHopping,neural,48,noG,30,0.010898319982689475,-0.0821380134896949,1.9880623550064522,1.6171704583532258,0.32853690407700414,8.388845174067683e-13,248,8.141354257418243e-11,203
FrequencyHopping,neural,48,noG,35,0.010898319987651913,-0.08213801350625083,1.9880623550214638,1.6171704583541031,0.328536904076708,8.388845174067683e-13,248,8.141354257418243e-11,203
FrequencyHopping,neural,48,noG,40,0.01089831998771828,-0.082138013506472,1.9880623550216643,1.6171704583541224,0.32853690407670394,8.391065620116933e-13,248,8.14133205295775e-11,203
FrequencyHopping,neural,48,noG,45,0.01089831998771828,-0.082138013506472,1.9880623550216643,1.6171704583541224,0.32853690407670394,8.391065620116933e-13,248,8.14133205295775e-11,203
FrequencyHopping,neural,48,noG,50,0.01089831998771828,-0.082138013506472,1.9880623550216643,1.6171704583541224,0.32853690407670394,8.391065620116933e-13,248,8.14133205295775e-11,203
FrequencyHopping,neural,48,noG,55,0.01089831998771828,-0.082138013506472,1.9880623550216643,1.6171704583541224,0.32853690407670394,8.391065620116933e-13,248,8.14133205295775e-11,203
FrequencyHopping,neural,48,noG,60,0.01089831998771828,-0.082138013506472,1.9880623550216643,1.6171704583541224,0.32853690407670394,8.391065620116933e-13,248,8.14133205295775e-11,203
FrequencyHopping,neural,48,GDA,0,0.00023425199598464626,-0.1051336795393127,2.0154326452098,1.630225059833183,0.32841406800315204,8.408829188510936e-13,248,8.164047216041581e-11,203
FrequencyHopping,neural,48,GDA,5,0.015949423977446874,-0.10826496709396469,2.0126288856020556,1.6211706350827595,0.3293110883053266,8.382183835919932e-13,248,8.13387135423227e-11,203
FrequencyHopping,neural,48,GDA,10,0.029703098559262543,-0.23077009365331147,2.1327773066902966,1.6657251773628525,0.33197388133124334,8.375522497772181e-13,248,8.13662470733334e-11,203
FrequencyHopping,neural,48,GDA,15,0.0386160234801568,-0.329610855693091,2.254316450276621,1.7368732442153274,0.336318257350798,8.526512829121202e-13,248,8.214495750280548e-11,203
FrequencyHopping,neural,48,GDA,20,0.042189325392259655,-0.38778651380771884,2.348539753012715,1.8113682800391229,0.3418861370098676,8.739675649849232e-13,248,8.403522322453227e-11,203
FrequencyHopping,neural,48,GDA,25,0.04247544821787699,-0.39572382027578257,2.4100476404126336,1.871810052395758,0.3481436733778573,8.129052986305396e-13,249,8.686540375890672e-11,203
FrequencyHopping,neural,48,GDA,30,0.04315590010345545,-0.3779508892069295,2.44642460921717,1.9092120446626715,0.35473796862058776,8.397726958264684e-13,249,8.107714499772101e-11,204
FrequencyHopping,neural,48,GDA,35,0.0479063113258821,-0.3519997422543639,2.469955425404493,1.9277544629140866,0.3617249091707043,8.646416915780719e-13,249,8.38598079866415e-11,204
FrequencyHopping,neural,48,GDA,40,0.05877673065947088,-0.337712615748864,2.496275668076917,1.938781777395569,0.3696714067791577,8.850697952311748e-13,249,8.618949998151493e-11,204
FrequencyHopping,neural,48,GDA,45,0.07544209290844753,-0.32120899901292244,2.5084204588866252,1.9510236661279867,0.3793589837970358,8.997247391562269e-13,249,8.784062366373746e-11,204
FrequencyHopping,neural,48,GDA,50,0.09572231937735927,-0.33988766593333525,2.5417251234885367,1.9680047140487138,0.39118804208459906,8.162359677044151e-13,250,8.867351297681125e-11,204
FrequencyHopping,neural,48,GDA,55,0.11690948667734508,-0.3660234339737971,2.5671577766646863,1.9869909025926051,0.40492074024664826,8.15791878494565e-13,250,8.861511524571597e-11,204
FrequencyHopping,neural,48,GDA,60,0.136985143844531,-0.38424117280154074,2.5685571556124,2.00281794482903,0.4201338418525921,8.979483823168266e-13,249,8.764300396535418e-11,204
FrequencyHopping,neural,48,Adam-GDA,0,0.00023425199598464626,-0.1051336795393127,2.0154326452098,1.630225059833183,0.32841406800315204,8.408829188510936e-13,248,8.164047216041581e-11,203
FrequencyHopping,neural,48,Adam-GDA,5,0.09330272683783555,-1.5533296781149994,3.3765825083380565,2.785754442958274,1.4393100037156061,8.191225475684405e-13,248,8.620015812255133e-11,202
FrequencyHopping,neural,48,Adam-GDA,10,0.4554867501488678,-3.6698068262794354,7.344577786424588,6.78038033388507,2.698889466232848,8.983924715266767e-13,254,8.576206411703424e-11,210
FrequencyHopping,neural,48,Adam-GDA,15,-0.1572221198898856,-4.580432942605788,6.975196344625061,6.477650227475172,3.74021622380715,8.952838470577262e-13,256,8.71978045324795e-11,212
FrequencyHopping,neural,48,Adam-GDA,20,-1.560875485701946,-7.124586586118677,11.364518637719835,10.980506006575885,3.430941218057304,8.15347789284715e-13,261,8.178702159966633e-11,217
FrequencyHopping,neural,48,Adam-GDA,25,-4.089870300682657,-7.14862582795048,12.374481188391456,12.047639039628866,6.746201560573344,8.171241461241152e-13,261,8.181366695225734e-11,217
FrequencyHopping,neural,48,Adam-GDA,30,0.5488390216225444,-3.456008168492643,9.969743529834341,9.708848243901219,8.776884434221348,8.233413950620161e-13,260,8.491252145859107e-11,216
FrequencyHopping,neural,48,Adam-GDA,35,5.120689596429756,-7.653517058817775,14.297493434428244,14.16856546305787,1.989350294049446,8.72191208145523e-13,261,8.793676897767e-11,217
FrequencyHopping,neural,48,Adam-GDA,40,5.927724564986824,-8.72003408421911,15.381827593242992,15.313119883735583,0.658027340009772,8.970602038971265e-13,262,8.210143676024018e-11,219
FrequencyHopping,neural,48,Adam-GDA,45,6.141376592191465,-9.022150927685844,15.688093623236535,15.641738834458579,0.3659936760062691,8.36664071357518e-13,263,8.525802286385442e-11,219
FrequencyHopping,neural,48,Adam-GDA,50,6.23401049018185,-9.056260470267604,15.723062189286004,15.68582509157953,0.2735559255886801,8.384404281969182e-13,263,8.570388843054388e-11,219
FrequencyHopping,neural,48,Adam-GDA,55,6.290568646904305,-8.892333285557017,15.558558485630172,15.524195781207174,0.26621882691979337,8.242295734817162e-13,263,8.418332697601727e-11,219
FrequencyHopping,neural,48,Adam-GDA,60,6.3406424871708875,-8.519694005237103,15.18429951238761,15.15123056854581,0.2760364384938122,8.757439218243235e-13,262,8.955503005836363e-11,218
FrequencyHopping,neural,48,EGM,0,0.00023425199598464626,-0.1051336795393127,2.0154326452098,1.630225059833183,0.32841406800315204,8.408829188510936e-13,248,8.164047216041581e-11,203
FrequencyHopping,neural,48,EGM,5,0.015753401409815494,-0.10685513907609451,2.011952805520558,1.6212339429575615,0.32513806792250394,8.393286066166183e-13,248,8.138978380145545e-11,203
FrequencyHopping,neural,48,EGM,10,0.028751703590479693,-0.2201371375985683,2.127349076797833,1.6627952901242993,0.32397735115968207,8.415490526658687e-13,248,8.152478692124987e-11,203
FrequencyHopping,neural,48,EGM,15,0.03707283892164111,-0.30663530286161916,2.2376837029724066,1.7270104988568704,0.3248064636651091,8.566480858007708e-13,248,8.24378343367016e-11,203
FrequencyHopping,neural,48,EGM,20,0.04094440584552005,-0.35126076848311144,2.3181610978415006,1.7917344795643877,0.327180214743856,8.770761894538737e-13,248,8.434208886853867e-11,203
FrequencyHopping,neural,48,EGM,25,0.0426462058242683,-0.34976587036056833,2.3659412503384716,1.8424214733821862,0.3306404507009855,8.140155216551648e-13,249,8.697531583834461e-11,203
FrequencyHopping,neural,48,EGM,30,0.04537005250681084,-0.3416383497857698,2.4059639313684946,1.8740326951494337,0.3349654816518059,8.379963389870682e-13,249,8.983214172531007e-11,203
FrequencyHopping,neural,48,EGM,35,0.0518064157514366,-0.3231156293933113,2.4300286731221874,1.8916870314462282,0.3403295652064348,8.588685318500211e-13,249,8.322853517483964e-11,204
FrequencyHopping,neural,48,EGM,40,0.0631208712458948,-0.3129091346758611,2.4534578060717123,1.9040019535700317,0.34724659394422713,8.757439218243235e-13,249,8.514500215994758e-11,204
FrequencyHopping,neural,48,EGM,45,0.07878848141816472,-0.31241724076876404,2.4752938145779586,1.916959994602165,0.356226038054728,8.872902412804251e-13,249,8.642575544115516e-11,204
FrequencyHopping,neural,48,EGM,50,0.09722916024090701,-0.3274683063163503,2.4999117847729457,1.9325665523928335,0.3674083142640899,8.917311333789257e-13,249,8.697487174913476e-11,204
FrequencyHopping,neural,48,EGM,55,0.11673154526816726,-0.35526346646114354,2.5238039422876084,1.9488319232088371,0.38056213162484187,8.899547765395255e-13,249,8.675593576867868e-11,204
FrequencyHopping,neural,48,EGM,60,0.1361573676845828,-0.37993936745710116,2.5311106238795795,1.9624823874980546,0.39543361917103914,8.815170815523743e-13,249,8.578782129120555e-11,204
FrequencyHopping,neural,48,PPM-3,0,0.00023425199598464626,-0.1051336795393127,2.0154326452098,1.630225059833183,0.32841406800315204,8.408829188510936e-13,248,8.164047216041581e-11,203
FrequencyHopping,neural,48,PPM-3,5,0.01571736509425182,-0.10653004108729722,2.011623286751933,1.6211080603290264,0.32516961248125537,8.388845174067683e-13,248,8.138911766764068e-11,203
FrequencyHopping,neural,48,PPM-3,10,0.028719390358467347,-0.21915003174282865,2.1261418680002926,1.6622266974001418,0.32403390948552574,8.413270080609436e-13,248,8.151834762770704e-11,203
FrequencyHopping,neural,48,PPM-3,15,0.037098141919826855,-0.30561130647551216,2.2362183854261435,1.726043271486744,0.32488585773265355,8.562039965909207e-13,248,8.241629601002387e-11,203
FrequencyHopping,neural,48,PPM-3,20,0.04105282004205001,-0.3506787439054634,2.3166938724432526,1.7906475594306013,0.32728746598322506,8.768541448489486e-13,248,8.429879017057829e-11,203
FrequencyHopping,neural,48,PPM-3,25,0.04281086304195285,-0.3500154488121706,2.3651009966177057,1.8415981382218223,0.33078533840624774,8.135714324453147e-13,249,8.691358743817545e-11,203
FrequencyHopping,neural,48,PPM-3,30,0.04552062150432486,-0.3425572856290082,2.4057108024160647,1.8737067082209475,0.3351565664879629,8.373302051722931e-13,249,8.976108745173406e-11,203
FrequencyHopping,neural,48,PPM-3,35,0.05186841781670089,-0.32440444613597275,2.4302016465530727,1.8917990726093712,0.34056476384566553,8.58424442640171e-13,249,8.316547450704093e-11,204
FrequencyHopping,neural,48,PPM-3,40,0.06306205087295311,-0.31432341432078126,2.4539492865633146,1.904338234762026,0.34750832928721614,8.757439218243235e-13,249,8.509259963318527e-11,204
FrequencyHopping,neural,48,PPM-3,45,0.07863998779547944,-0.3137490168573486,2.476019868721467,1.9173539929319217,0.3564903641016148,8.86846152070575e-13,249,8.639222670581148e-11,204
FrequencyHopping,neural,48,PPM-3,50,0.09706757762161916,-0.32774744187371796,2.5000102632532197,1.9330315820488368,0.36766002970021766,8.921752225887758e-13,249,8.696665609875254e-11,204
FrequencyHopping,neural,48,PPM-3,55,0.11663839900424414,-0.35607581530310284,2.5249541274657545,1.9495524218002076,0.3807965406407388,8.903988657493755e-13,249,8.677769613996134e-11,204
FrequencyHopping,neural,48,PPM-3,60,0.13618385626433444,-0.38130570545758863,2.53340713681371,1.9636655892867254,0.39564235857726315,8.819611707622244e-13,249,8.584288835322695e-11,204
FrequencyHopping,neural,49,QP+G,0,0.010352443031066517,-0.1932443236782778,2.1376111282188126,1.6699770784040258,0.32033031242258764,8.633094239485217e-13,248,8.311529242632787e-11,203
FrequencyHopping,neural,49,QP+G,5,0.006151081647106085,-0.13364638429118428,2.179193258507862,1.7388377021426225,0.24037383259419848,8.246736626915663e-13,249,8.837752751844619e-11,203
FrequencyHopping,neural,49,QP+G,10,0.005967190747870988,-0.12800478656780312,2.185397944013434,1.7493784684760618,0.23495212551414116,8.30002733209767e-13,249,8.906675397213348e-11,203
FrequencyHopping,neural,49,QP+G,15,0.005967190747870988,-0.12800478656780312,2.185397944013434,1.7493784684760618,0.23495212551414116,8.30002733209767e-13,249,8.906675397213348e-11,203
FrequencyHopping,neural,49,QP+G,20,0.005967190747870988,-0.12800478656780312,2.185397944013434,1.7493784684760618,0.23495212551414116,8.30002733209767e-13,249,8.906675397213348e-11,203
FrequencyHopping,neural,49,QP+G,25,0.005967190747870988,-0.12800478656780312,2.185397944013434,1.7493784684760618,0.23495212551414116,8.30002733209767e-13,249,8.906675397213348e-11,203
FrequencyHopping,neural,49,QP+G,30,0.005967190747870988,-0.12800478656780312,2.185397944013434,1.7493784684760618,0.23495212551414116,8.30002733209767e-13,249,8.906675397213348e-11,203
FrequencyHopping,neural,49,QP+G,35,0.005967190747870988,-0.12800478656780312,2.185397944013434,1.7493784684760618,0.23495212551414116,8.30002733209767e-13,249,8.906675397213348e-11,203
FrequencyHopping,neural,49,QP+G,40,0.005967190747870988,-0.12800478656780312,2.185397944013434,1.7493784684760618,0.23495212551414116,8.30002733209767e-13,249,8.906675397213348e-11,203
FrequencyHopping,neural,49,QP+G,45,0.005967190747870988,-0.12800478656780312,2.185397944013434,1.7493784684760618,0.23495212551414116,8.30002733209767e-13,249,8.906675397213348e-11,203
FrequencyHopping,neural,49,QP+G,50,0.005967190747870988,-0.12800478656780312,2.185397944013434,1.7493784684760618,0.23495212551414116,8.30002733209767e-13,249,8.906675397213348e-11,203
FrequencyHopping,neural,49,QP+G,55,0.005967190747870988,-0.12800478656780312,2.185397944013434,1.7493784684760618,0.23495212551414116,8.30002733209767e-13,249,8.906675397213348e-11,203
FrequencyHopping,neural,49,QP+G,60,0.005967190747870988,-0.12800478656780312,2.185397944013434,1.7493784684760618,0.23495212551414116,8.30002733209767e-13,249,8.906675397213348e-11,203
FrequencyHopping,neural,49,noG,0,0.010352443031066517,-0.1932443236782778,2.1376111282188126,1.6699770784040258,0.32033031242258764,8.633094239485217e-13,248,8.311529242632787e-11,203
FrequencyHopping,neural,49,noG,5,0.010352443031066517,-0.1932443236782778,2.1376111282188126,1.6699770784040258,0.32033031242258764,8.633094239485217e-13,248,8.311529242632787e-11,203
FrequencyHopping,neural,49,noG,10,0.010352443031066517,-0.1932443236782778,2.1376111282188126,1.6699770784040258,0.32033031242258764,8.633094239485217e-13,248,8.311529242632787e-11,203
FrequencyHopping,neural,49,noG,15,0.010352443031066517,-0.1932443236782778,2.1376111282188126,1.6699770784040258,0.32033031242258764,8.633094239485217e-13,248,8.311529242632787e-11,203
FrequencyHopping,neural,49,noG,20,0.010352443031066517,-0.1932443236782778,2.1376111282188126,1.6699770784040258,0.32033031242258764,8.633094239485217e-13,248,8.311529242632787e-11,203
FrequencyHopping,neural,49,noG,25,0.010352443031066517,-0.1932443236782778,2.1376111282188126,1.6699770784040258,0.32033031242258764,8.633094239485217e-13,248,8.311529242632787e-11,203
FrequencyHopping,neural,49,noG,30,0.010352443031066517,-0.1932443236782778,2.1376111282188126,1.6699770784040258,0.32033031242258764,8.633094239485217e-13,248,8.311529242632787e-11,203
FrequencyHopping,neural,49,noG,35,0.010352443031066517,-0.1932443236782778,2.1376111282188126,1.6699770784040258,0.32033031242258764,8.633094239485217e-13,248,8.311529242632787e-11,203
FrequencyHopping,neural,49,noG,40,0.010352443031066517,-0.1932443236782778,2.1376111282188126,1.6699770784040258,0.32033031242258764,8.633094239485217e-13,248,8.311529242632787e-11,203
FrequencyHopping,neural,49,noG,45,0.010352443031066517,-0.1932443236782778,2.1376111282188126,1.6699770784040258,0.32033031242258764,8.633094239485217e-13,248,8.311529242632787e-11,203
FrequencyHopping,neural,49,noG,50,0.010352443031066517,-0.1932443236782778,2.1376111282188126,1.6699770784040258,0.32033031242258764,8.633094239485217e-13,248,8.311529242632787e-11,203
FrequencyHopping,neural,49,noG,55,0.010352443031066517,-0.1932443236782778,2.1376111282188126,1.6699770784040258,0.32033031242258764,8.633094239485217e-13,248,8.311529242632787e-11,203
FrequencyHopping,neural,49,noG,60,0.010352443031066517,-0.1932443236782778,2.1376111282188126,1.6699770784040258,0.32033031242258764,8.633094239485217e-13,248,8.311529242632787e-11,203
FrequencyHopping,neural,49,GDA,0,0.010352443031066517,-0.1932443236782778,2.1376111282188126,1.6699770784040258,0.32033031242258764,8.633094239485217e-13,248,8.311529242632787e-11,203
FrequencyHopping,neural,49,GDA,5,0.022555914562526286,-0.30694136187285653,2.2663197759523426,1.741526304669487,0.32156632109446215,8.708589405159728e-13,248,8.38304980987914e-11,203
FrequencyHopping,neural,49,GDA,10,0.029908091455758144,-0.4120725346010748,2.406100452160881,1.8478503204660235,0.32490051580723056,8.886225089099753e-13,248,8.55993054216242e-11,203
FrequencyHopping,neural,49,GDA,15,0.031933334894621065,-0.48121499549756397,2.525802892892159,1.9506887129663097,0.3308106003460036,8.233413950620161e-13,249,8.844525112294832e-11,203
FrequencyHopping,neural,49,GDA,20,0.03107645543830817,-0.4858422632837888,2.596974264700146,2.0227731072335455,0.3389817541668654,8.535394613318203e-13,249,8.287659447603346e-11,204
FrequencyHopping,neural,49,GDA,25,0.031900668156863356,-0.43647008505149404,2.6176348646243475,2.052591919136127,0.34823620505510516,8.850697952311748e-13,249,8.633160852866695e-11,204
FrequencyHopping,neural,49,GDA,30,0.03872364713888442,-0.3562454817377742,2.596484105531813,2.0466743733258195,0.3575591222984138,8.211209490127658e-13,250,8.93480844865735e-11,204
FrequencyHopping,neural,49,GDA,35,0.05295916789930402,-0.2887710781346486,2.5670806084997446,2.023510008253359,0.367140357009496,8.362199821476679e-13,250,8.223222103254102e-11,205
FrequencyHopping,neural,49,GDA,40,0.07217996929851328,-0.24522095517105025,2.5341915612131913,2.003188054661934,0.3780050593386339,8.415490526658687e-13,250,8.283551622412233e-11,205
FrequencyHopping,neural,49,GDA,45,0.09182677171482091,-0.22529743110877237,2.496392711883896,1.9927351014288788,0.39061992842519755,8.357758929378178e-13,250,8.216272107119948e-11,205
FrequencyHopping,neural,49,GDA,50,0.10824547573966029,-0.2520857206205186,2.4806974445382486,1.9813868262128245,0.4043557584905309,8.193445921733655e-13,250,8.933698225632725e-11,204
FrequencyHopping,neural,49,GDA,55,0.12074449596123235,-0.29924312024219235,2.469076792716684,1.9578083225356893,0.4183922957235135,8.850697952311748e-13,249,8.654721384004915e-11,204
FrequencyHopping,neural,49,GDA,60,0.131560379036737,-0.33587222255809535,2.446910096770709,1.9215148212155544,0.43267855990078136,8.57980353430321e-13,249,8.33186852844392e-11,204
FrequencyHopping,neural,49,Adam-GDA,0,0.010352443031066517,-0.1932443236782778,2.1376111282188126,1.6699770784040258,0.32033031242258764,8.633094239485217e-13,248,8.311529242632787e-11,203
FrequencyHopping,neural,49,Adam-GDA,5,0.3714800555160007,-0.6698344935392061,3.8724180002263275,3.2927643706624017,1.841666636475014,8.619771563189715e-13,253,8.940448381622446e-11,208
FrequencyHopping,neural,49,Adam-GDA,10,0.4216384727207465,-3.2848157820845967,4.903643427748981,4.355876959745121,2.2381778043567313,8.677503160470224e-13,253,8.244827043313308e-11,209
FrequencyHopping,neural,49,Adam-GDA,15,-1.243489895041337,-5.353696204133579,8.441720160466854,7.949147456501002,3.853643566092625,8.393286066166183e-13,258,8.30153723541116e-11,214
FrequencyHopping,neural,49,Adam-GDA,20,-1.306464146506658,-4.421443451515012,9.534273256617727,9.149132312845467,5.534275817072932,8.899547765395255e-13,257,8.852474309151148e-11,213
FrequencyHopping,neural,49,Adam-GDA,25,1.8834757470190882,-6.442801976245864,12.053821194121088,11.778982848743212,4.267058255979952,8.180123245438153e-13,260,8.186695765743934e-11,216
FrequencyHopping,neural,49,Adam-GDA,30,2.3827688317677933,-6.93652706135535,12.43224772312631,12.17788600976639,3.433237345094373,8.704148513061227e-13,260,8.737721657325892e-11,216
FrequencyHopping,neural,49,Adam-GDA,35,2.885125862184026,-7.952559368695003,12.892196703400412,12.700643282120197,3.0174155114941854,8.135714324453147e-13,262,8.246203719863843e-11,218
FrequencyHopping,neural,49,Adam-GDA,40,1.8939450317241753,-9.249766812458889,14.01199572820914,13.824886567778886,5.446150045958544,8.57980353430321e-13,263,8.731326772704051e-11,219
FrequencyHopping,neural,49,Adam-GDA,45,-1.3515051118564283,-10.225397461496103,15.133845784745198,14.94853921903881,9.034525323917745,8.544276397515205e-13,264,8.71978045324795e-11,220
FrequencyHopping,neural,49,Adam-GDA,50,-6.2593199998294065,-10.897278008887298,17.696696568300275,17.63014297231835,4.326829074078867,8.206768598029157e-13,265,8.402700757415005e-11,221
FrequencyHopping,neural,49,Adam-GDA,55,-8.65630243640642,-10.913302329786207,18.009406724604734,17.938323797132917,2.3924666370731833,8.22453216642316e-13,265,8.416556340762327e-11,221
FrequencyHopping,neural,49,Adam-GDA,60,-10.83330596231001,-10.885060247492804,18.247800921248242,18.23634373923677,0.5478230088653283,8.171241461241152e-13,265,8.392042616378603e-11,221
FrequencyHopping,neural,49,EGM,0,0.010352443031066517,-0.1932443236782778,2.1376111282188126,1.6699770784040258,0.32033031242258764,8.633094239485217e-13,248,8.311529242632787e-11,203
FrequencyHopping,neural,49,EGM,5,0.02207168684802387,-0.30153503059422154,2.2646880313795044,1.7408371791783146,0.3174965590553902,8.72635297355373e-13,248,8.401013218417575e-11,203
FrequencyHopping,neural,49,EGM,10,0.028888793109814428,-0.39317651034579904,2.3930110510047635,1.8393412669178975,0.31668682819619887,8.917311333789257e-13,248,8.590328448576656e-11,203
FrequencyHopping,neural,49,EGM,15,0.031142048447098728,-0.4440409842069651,2.4934816932912867,1.9288102584304172,0.31830926103721113,8.255618411112664e-13,249,8.872103052226521e-11,203
FrequencyHopping,neural,49,EGM,20,0.03167611538135076,-0.4429622071861771,2.55349504354269,1.986959292942226,0.3220737821308185,8.530953721219703e-13,249,8.287770469905809e-11,204
FrequencyHopping,neural,49,EGM,25,0.03447926372277471,-0.3947720295743611,2.565989870404696,2.00834355124091,0.3271645663156735,8.806289031326742e-13,249,8.587330846410168e-11,204
FrequencyHopping,neural,49,EGM,30,0.042494648428961404,-0.3289919879388471,2.5478433454307083,2.0022156209757926,0.33314572481903965,8.126832540256146e-13,250,8.830980391394405e-11,204
FrequencyHopping,neural,49,EGM,35,0.05602123991892394,-0.2797626337397894,2.526122030441223,1.9842471259181227,0.34046189912639774,8.242295734817162e-13,250,8.978751075972013e-11,204
FrequencyHopping,neural,49,EGM,40,0.07286895770390604,-0.251005547938943,2.501494576601744,1.9673447842008673,0.34983914474248623,8.264500195309665e-13,250,8.110534466254649e-11,205
FrequencyHopping,neural,49,EGM,45,0.09005893428080088,-0.24470705557165826,2.4769069747447774,1.9543211301002856,0.3613992905737794,8.197886813832156e-13,250,8.933787043474695e-11,204
FrequencyHopping,neural,49,EGM,50,0.10570002848520808,-0.25200981505045567,2.4477851492157425,1.9399760738073741,0.3745994503044873,8.952838470577262e-13,249,8.766565251505654e-11,204
FrequencyHopping,neural,49,EGM,55,0.11983227032310352,-0.2862061569921497,2.434946260324102,1.9209859393968405,0.38886196277139307,8.748557434046234e-13,249,8.539924323258674e-11,204
FrequencyHopping,neural,49,EGM,60,0.13405477033533247,-0.34439045548113206,2.446125208959587,1.902270351849919,0.4039848525918767,8.539835505416704e-13,249,8.284262165147993e-11,204
FrequencyHopping,neural,49,PPM-3,0,0.010352443031066517,-0.1932443236782778,2.1376111282188126,1.6699770784040258,0.32033031242258764,8.633094239485217e-13,248,8.311529242632787e-11,203
FrequencyHopping,neural,49,PPM-3,5,0.02205768840188522,-0.30103624035544896,2.2640472682871677,1.740381269066613,0.3175087278659525,8.72635297355373e-13,248,8.400280471221322e-11,203
FrequencyHopping,neural,49,PPM-3,10,0.02891306610087871,-0.3923883839302683,2.3917774892490193,1.838324049966304,0.316702522107779,8.912870441690757e-13,248,8.587952571303958e-11,203
FrequencyHopping,neural,49,PPM-3,15,0.031241019249306636,-0.4434736373297443,2.492084501680745,1.9275822023765055,0.31831898384003604,8.255618411112664e-13,249,8.867240275378663e-11,203
FrequencyHopping,neural,49,PPM-3,20,0.03182487277980954,-0.44345722088818446,2.552651211540833,1.9860865383143695,0.32208411966581996,8.526512829121202e-13,249,8.28130897190249e-11,204
FrequencyHopping,neural,49,PPM-3,25,0.03458964351971681,-0.3964665391122195,2.566168953979235,2.008257162596191,0.3272013741938567,8.801848139228241e-13,249,8.579781329842717e-11,204
FrequencyHopping,neural,49,PPM-3,30,0.04247550295418302,-0.3311333312657926,2.5486413175552243,2.0029469483072573,0.33322891414151284,8.117950756059145e-13,250,8.824119213102222e-11,204
FrequencyHopping,neural,49,PPM-3,35,0.055859235391076845,-0.2827118479823125,2.528290031032313,1.9854292134222213,0.3405836670525786,8.233413950620161e-13,250,8.974576637399423e-11,204
FrequencyHopping,neural,49,PPM-3,40,0.07265456364615537,-0.25306208537033803,2.503633909048448,1.9685460458797726,0.34998106837653836,8.264500195309665e-13,250,8.110556670715141e-11,205
FrequencyHopping,neural,49,PPM-3,45,0.08992852301279491,-0.24672863522849778,2.4799909214180906,1.9555267839973667,0.36156397485321934,8.202327705930657e-13,250,8.938605411401568e-11,204
FrequencyHopping,neural,49,PPM-3,50,0.10574404431431315,-0.2536444763199115,2.451369171567876,1.9415410836259666,0.37480924800917065,8.970602038971265e-13,249,8.77558026246561e-11,204
FrequencyHopping,neural,49,PPM-3,55,0.12004159137440246,-0.28698797805441034,2.4378265240331083,1.923147691020381,0.3891297716779082,8.757439218243235e-13,249,8.551892527464133e-11,204
FrequencyHopping,neural,49,PPM-3,60,0.13433294587085864,-0.3441790723741016,2.4483012681707166,1.9047911310931398,0.40429897156581535,8.548717289613705e-13,249,8.297584841443495e-11,204
RoutingInterdiction,neural,40,QP+G,0,-1.0045574236306778,-1.512424148961696,2.1446896049500666,1.5387461796475947,0.3285274788748613,8.382183835919932e-13,246,8.67206306764956e-11,200
RoutingInterdiction,neural,40,QP+G,5,-0.9984052421232861,-1.313531757421026,1.9671105526776764,1.4174813581465897,0.25752140080404595,8.990586053414518e-13,244,8.542033747005462e-11,199
RoutingInterdiction,neural,40,QP+G,10,-0.9914516418484102,-1.1798325929430378,1.852053313628586,1.3733004990053663,0.21792617040692377,8.972822485020515e-13,243,8.956080321809168e-11,198
RoutingInterdiction,neural,40,QP+G,15,-0.986431328039622,-1.1010133074996955,1.7873307277650077,1.3647559942583682,0.19947727151996908,8.37108160567368e-13,243,8.764655667903298e-11,198
RoutingInterdiction,neural,40,QP+G,20,-0.9854285434750559,-1.0678012526587455,1.7628797165861079,1.366767991364262,0.19140203789741833,8.117950756059145e-13,243,8.70861160962022e-11,198
RoutingInterdiction,neural,40,QP+G,25,-0.9849899154965702,-1.0575799204356888,1.7558114111037624,1.3680556904469674,0.1900015459874725,8.930634010084759e-13,242,8.693157305117438e-11,198
RoutingInterdiction,neural,40,QP+G,30,-0.9849899154965702,-1.0575799204356888,1.7558114111037624,1.3680556904469674,0.1900015459874725,8.930634010084759e-13,242,8.693157305117438e-11,198
RoutingInterdiction,neural,40,QP+G,35,-0.9849899154965702,-1.0575799204356888,1.7558114111037624,1.3680556904469674,0.1900015459874725,8.930634010084759e-13,242,8.693157305117438e-11,198
RoutingInterdiction,neural,40,QP+G,40,-0.9849899154965702,-1.0575799204356888,1.7558114111037624,1.3680556904469674,0.1900015459874725,8.930634010084759e-13,242,8.693157305117438e-11,198
RoutingInterdiction,neural,40,QP+G,45,-0.9849899154965702,-1.0575799204356888,1.7558114111037624,1.3680556904469674,0.1900015459874725,8.930634010084759e-13,242,8.693157305117438e-11,198
RoutingInterdiction,neural,40,QP+G,50,-0.9849899154965702,-1.0575799204356888,1.7558114111037624,1.3680556904469674,0.1900015459874725,8.930634010084759e-13,242,8.693157305117438e-11,198
RoutingInterdiction,neural,40,QP+G,55,-0.9849899154965702,-1.0575799204356888,1.7558114111037624,1.3680556904469674,0.1900015459874725,8.930634010084759e-13,242,8.693157305117438e-11,198
RoutingInterdiction,neural,40,QP+G,60,-0.9849899154965702,-1.0575799204356888,1.7558114111037624,1.3680556904469674,0.1900015459874725,8.930634010084759e-13,242,8.693157305117438e-11,198
RoutingInterdiction,neural,40,noG,0,-1.0045574236306778,-1.512424148961696,2.1446896049500666,1.5387461796475947,0.3285274788748613,8.382183835919932e-13,246,8.67206306764956e-11,200
RoutingInterdiction,neural,40,noG,5,-1.0034015815745383,-1.4685301633566479,2.096706806807938,1.500031985625896,0.3294148155717595,8.142375662600898e-13,246,8.422418318332348e-11,200
RoutingInterdiction,neural,40,noG,10,-1.0001504543525317,-1.3965711160008318,2.025025092994551,1.4519579686171418,0.3303515694017061,8.602007994795713e-13,245,8.971734466456383e-11,199
RoutingInterdiction,neural,40,noG,15,-0.9942425030641922,-1.3015997565047126,1.9346747737104855,1.4085904972026058,0.3306880109009624,8.906209103543006e-13,244,8.589950972748284e-11,199
RoutingInterdiction,neural,40,noG,20,-0.985965177076304,-1.1998765301189815,1.841783152675834,1.3880464975057651,0.33042675249077996,8.208989044078407e-13,244,8.360534486939741e-11,199
RoutingInterdiction,neural,40,noG,25,-0.9837160667592579,-1.195099329653836,1.8397955073455576,1.3880818575466252,0.33014535761877534,8.180123245438153e-13,244,8.340528268035996e-11,199
RoutingInterdiction,neural,40,noG,30,-0.9836304411286966,-1.1949772869024893,1.8397838169572274,1.388123282854991,0.33013030657215475,8.180123245438153e-13,244,8.340061974365653e-11,199
RoutingInterdiction,neural,40,noG,35,-0.983627250588689,-1.1949727292675216,1.8397833772126422,1.3881248816755736,0.33012973987560407,8.177902799388903e-13,244,8.340017565444668e-11,199
RoutingInterdiction,neural,40,noG,40,-0.9836271317891746,-1.1949725595502767,1.839783360833057,1.3881249412841394,0.3301297187665671,8.175682353339653e-13,244,8.340017565444668e-11,199
RoutingInterdiction,neural,40,noG,45,-0.9836271273658554,-1.1949725532310942,1.83978336022318,1.3881249435036709,0.33012971798059293,8.177902799388903e-13,244,8.340039769905161e-11,199
RoutingInterdiction,neural,40,noG,50,-0.9836271272012145,-1.1949725529958868,1.8397833602004798,1.3881249435862915,0.33012971795133805,8.180123245438153e-13,244,8.340039769905161e-11,199
RoutingInterdiction,neural,40,noG,55,-0.983627127195011,-1.1949725529870259,1.8397833601996252,1.3881249435894016,0.33012971795023605,8.177902799388903e-13,244,8.340017565444668e-11,199
RoutingInterdiction,neural,40,noG,60,-0.9836271271947913,-1.194972552986711,1.8397833601995934,1.388124943589522,0.33012971795019636,8.180123245438153e-13,244,8.340017565444668e-11,199
RoutingInterdiction,neural,40,GDA,0,-1.0045574236306778,-1.512424148961696,2.1446896049500666,1.5387461796475947,0.3285274788748613,8.382183835919932e-13,246,8.67206306764956e-11,200
RoutingInterdiction,neural,40,GDA,5,-1.0034015815745383,-1.4685301633566479,2.096706806807938,1.500031985625896,0.3294148155717595,8.142375662600898e-13,246,8.422418318332348e-11,200
RoutingInterdiction,neural,40,GDA,10,-1.0001504543525317,-1.3965711160008318,2.025025092994551,1.4519579686171418,0.3303515694017061,8.602007994795713e-13,245,8.971734466456383e-11,199
RoutingInterdiction,neural,40,GDA,15,-0.9942425030641922,-1.3015997565047126,1.9346747737104855,1.4085904972026058,0.3306880109009624,8.906209103543006e-13,244,8.589950972748284e-11,199
RoutingInterdiction,neural,40,GDA,20,-0.985965177076304,-1.1998765301189815,1.841783152675834,1.3880464975057651,0.33042675249077996,8.208989044078407e-13,244,8.360534486939741e-11,199
RoutingInterdiction,neural,40,GDA,25,-0.9764292724758069,-1.2234796651338204,1.8781475674966763,1.401868150331763,0.3301483016948172,8.375522497772181e-13,244,8.377432081374536e-11,199
RoutingInterdiction,neural,40,GDA,30,-0.9671845557955072,-1.3124963250036228,1.9833770099750696,1.4449989978003912,0.33071784132496085,8.983924715266767e-13,244,8.60127524759946e-11,199
RoutingInterdiction,neural,40,GDA,35,-0.9596214591560821,-1.3811974160140772,2.0710134221855308,1.500522119358651,0.33289283000296077,8.506528814677949e-13,245,8.899703196618702e-11,199
RoutingInterdiction,neural,40,GDA,40,-0.954401110808841,-1.4229329236494461,2.13338637155733,1.551378017649677,0.33698965739868914,8.764100556390986e-13,245,8.229439352192003e-11,200
RoutingInterdiction,neural,40,GDA,45,-0.9511495351545837,-1.4327401894217064,2.1642189079038667,1.586746242590893,0.342757598197578,8.824052599720744e-13,245,8.33337843175741e-11,200
RoutingInterdiction,neural,40,GDA,50,-0.9485567035503755,-1.4173425575602523,2.168687211510915,1.6038632567106095,0.34951421678860417,8.733014311701481e-13,245,8.314260391273365e-11,200
RoutingInterdiction,neural,40,GDA,55,-0.9448729016465395,-1.4065039184709052,2.1749093965493715,1.6079916195918211,0.35646096064575605,8.666400930223972e-13,245,8.222134084689969e-11,200
RoutingInterdiction,neural,40,GDA,60,-0.9386292751477663,-1.3943852176778324,2.1754917759323913,1.6093893808263036,0.3630133567131218,8.586464872450961e-13,245,8.141909368930556e-11,200
RoutingInterdiction,neural,40,Adam-GDA,0,-1.0045574236306778,-1.512424148961696,2.1446896049500666,1.5387461796475947,0.3285274788748613,8.382183835919932e-13,246,8.67206306764956e-11,200
RoutingInterdiction,neural,40,Adam-GDA,5,-0.8101167632791498,-2.339273271857602,3.1399389179635726,2.5606529321962146,1.180264204905927,8.5087492607272e-13,250,8.460965261747333e-11,205
RoutingInterdiction,neural,40,Adam-GDA,10,-0.7152853779247794,-3.182926231578427,4.689263420684012,4.136571393783641,2.4028549277850364,8.459899447643693e-13,253,8.818235031071708e-11,208
RoutingInterdiction,neural,40,Adam-GDA,15,-0.5645336468057043,-5.435659021447282,6.430743791518691,6.009333909660244,3.347266219276124,8.535394613318203e-13,258,8.447820221135771e-11,214
RoutingInterdiction,neural,40,Adam-GDA,20,-2.427344584440972,-5.403660032188871,7.1284614792335095,6.745110262464797,4.1484532171125,8.419931418757187e-13,258,8.382361471603872e-11,214
RoutingInterdiction,neural,40,Adam-GDA,25,-2.1591531569336033,-5.562822452801774,8.615137782348802,8.385481426866535,3.395829937231854,8.86402062860725e-13,258,8.894929237612814e-11,214
RoutingInterdiction,neural,40,Adam-GDA,30,0.7691340319042776,-6.193069635589614,9.392820463851105,9.167121411275557,3.7761703623183767,8.704148513061227e-13,259,8.756817493349445e-11,215
RoutingInterdiction,neural,40,Adam-GDA,35,-0.8110528659193925,-8.554693987044958,11.199008271886651,10.993974209529004,6.104616540938315,8.810729923425242e-13,262,8.103562265660003e-11,219
RoutingInterdiction,neural,40,Adam-GDA,40,-4.589389739886478,-8.521495127851589,11.951608722475632,11.820558059861293,3.6728659935359556,8.775202786637237e-13,262,8.966694053924584e-11,218
RoutingInterdiction,neural,40,Adam-GDA,45,-6.3364989819102755,-6.63071655395513,10.48417002293268,10.338278686693666,6.028390940576195,8.384404281969182e-13,260,8.461675804483093e-11,216
RoutingInterdiction,neural,40,Adam-GDA,50,-1.7647870418179585,-6.688461784243046,10.59258479005615,10.48741972519966,5.821029038155028,8.268941087408166e-13,260,8.358558289955909e-11,216
RoutingInterdiction,neural,40,Adam-GDA,55,2.7418923975277067,-8.82060592827322,12.71470444299336,12.713096982570972,0.8213744409212822,8.189005029635155e-13,263,8.384049010601302e-11,219
RoutingInterdiction,neural,40,Adam-GDA,60,2.8693789254126063,-8.987029867376881,12.817360920554858,12.85194793875761,0.6371713776884665,8.331113576787175e-13,263,8.562750508644967e-11,219
RoutingInterdiction,neural,40,EGM,0,-1.0045574236306778,-1.512424148961696,2.1446896049500666,1.5387461796475947,0.3285274788748613,8.382183835919932e-13,246,8.67206306764956e-11,200
RoutingInterdiction,neural,40,EGM,5,-1.003194874689751,-1.463040242322308,2.0920528852582123,1.4965148690557548,0.3267711976735052,8.109068971862143e-13,246,8.392975203719288e-11,200
RoutingInterdiction,neural,40,EGM,10,-0.9996332151703831,-1.3874128823249972,2.0175109678401695,1.4468944726127373,0.32508382036291905,8.544276397515205e-13,245,8.922529382004996e-11,199
RoutingInterdiction,neural,40,EGM,15,-0.9935409736778158,-1.2915033171066301,1.9269246360183574,1.4042424206752986,0.322931218596768,8.837375276016246e-13,244,8.54352144585846e-11,199
RoutingInterdiction,neural,40,EGM,20,-0.9854117183316651,-1.193105650679339,1.8378590812254834,1.3849713207621464,0.320410027293727,8.164580123093401e-13,244,8.322276201511158e-11,199
RoutingInterdiction,neural,40,EGM,25,-0.9763972355031691,-1.2126484636384132,1.8703467724498741,1.3974581704638371,0.3181167653607724,8.30002733209767e-13,244,8.327738498792314e-11,199
RoutingInterdiction,neural,40,EGM,30,-0.9678627784569697,-1.291226381863497,1.9648773838102545,1.435040949318947,0.3168439805411327,8.835154829966996e-13,244,8.508727056266707e-11,199
RoutingInterdiction,neural,40,EGM,35,-0.9608511341471931,-1.34987883765335,2.041642825313658,1.4820007701750937,0.3172292796085666,8.315570454442422e-13,245,8.74444960885512e-11,199
RoutingInterdiction,neural,40,EGM,40,-0.9556741152525203,-1.3819855609428588,2.0929240305424646,1.5237709425078545,0.3194960261680801,8.5131901528257e-13,245,8.927458772234331e-11,199
RoutingInterdiction,neural,40,EGM,45,-0.9517933985418742,-1.3842214109840334,2.1140819578767402,1.5520872890930764,0.3233936255089745,8.526512829121202e-13,245,8.103406834436555e-11,200
RoutingInterdiction,neural,40,EGM,50,-0.9480400428609179,-1.3766903167633016,2.123784984210705,1.5660855409105077,0.328351529142127,8.484324354185446e-13,245,8.979195165181864e-11,199
RoutingInterdiction,neural,40,EGM,55,-0.9430907199436196,-1.3731379919320166,2.1343663048999915,1.571228129172696,0.3337503736862102,8.457679001594443e-13,245,8.908873638802106e-11,199
RoutingInterdiction,neural,40,EGM,60,-0.9360069106088966,-1.3727089943667716,2.143749143530734,1.5755860311846785,0.33916409487207644,8.462119893692943e-13,245,8.867084844155215e-11,199
RoutingInterdiction,neural,40,PPM-3,0,-1.0045574236306778,-1.512424148961696,2.1446896049500666,1.5387461796475947,0.3285274788748613,8.382183835919932e-13,246,8.67206306764956e-11,200
RoutingInterdiction,neural,40,PPM-3,5,-1.0031871507644148,-1.4631732363099736,2.092184932743895,1.4966107363595111,0.32678262020114873,8.111289417911394e-13,246,8.393663541994556e-11,200
RoutingInterdiction,neural,40,PPM-3,10,-0.9996302326428531,-1.387799760305058,2.0178836144172894,1.4471139973790519,0.3251112618289593,8.546496843564455e-13,245,8.924416761146858e-11,199
RoutingInterdiction,neural,40,PPM-3,15,-0.9935566690129538,-1.2922134095917923,1.9275939608771437,1.4044954411656483,0.32298066187527213,8.844036614163997e-13,244,8.545808505289187e-11,199
RoutingInterdiction,neural,40,PPM-3,20,-0.9854515631307202,-1.193529980673484,1.8382021932464665,1.3850612390648687,0.32048343277179686,8.166800569142652e-13,244,8.323608469140709e-11,199
RoutingInterdiction,neural,40,PPM-3,25,-0.9764523005380454,-1.2119960825814313,1.8695594346359516,1.3972224971829457,0.3182095744630983,8.29780688604842e-13,244,8.326828115912122e-11,199
RoutingInterdiction,neural,40,PPM-3,30,-0.9679116568576659,-1.2902674481702985,1.9637194091685313,1.434489466213594,0.3169468190888794,8.830713937868495e-13,244,8.505818271942189e-11,199
RoutingInterdiction,neural,40,PPM-3,35,-0.960869261272746,-1.3490736474410252,2.0405702267547956,1.4812938075022886,0.3173329371849017,8.308909116294672e-13,245,8.74089689517632e-11,199
RoutingInterdiction,neural,40,PPM-3,40,-0.9556461067384662,-1.3815196788871418,2.092127505048377,1.5231181099646431,0.3195969633577688,8.5087492607272e-13,245,8.924860850356708e-11,199
RoutingInterdiction,neural,40,PPM-3,45,-0.9517223142813924,-1.3842785630595866,2.113762416834238,1.5516620132797425,0.3234967958901307,8.524292383071952e-13,245,8.103029358608183e-11,200
RoutingInterdiction,neural,40,PPM-3,50,-0.9479484238269198,-1.3770557912343198,2.123757740928796,1.5659620781680021,0.3284687220964566,8.486544800234697e-13,245,8.981237975547174e-11,199
RoutingInterdiction,neural,40,PPM-3,55,-0.9430115858053988,-1.3737273411197233,2.1345878397418216,1.5713549670319784,0.3338948237891046,8.466560785791444e-13,245,8.912737214927802e-11,199
RoutingInterdiction,neural,40,PPM-3,60,-0.9359678658076551,-1.3728836836963974,2.1436279701603036,1.5758387503813138,0.3393442133237682,8.464340339742193e-13,245,8.871370305030268e-11,199
RoutingInterdiction,neural,41,QP+G,0,-1.017208862021889,-1.2410616115383883,2.032176775881975,1.5517024187074058,0.2956098455312497,8.493206138382448e-13,244,8.497469394797008e-11,199
RoutingInterdiction,neural,41,QP+G,5,-1.013214586242054,-1.2145396197148874,1.9705099869438811,1.48757438945379,0.22491368037545603,8.313350008393172e-13,244,8.299605447348313e-11,199
RoutingInterdiction,neural,41,QP+G,10,-1.0110370605515435,-1.1702610938226976,1.9019750195870324,1.4425261699723537,0.1847253528626659,8.897327319346005e-13,243,8.144285246203253e-11,199
RoutingInterdiction,neural,41,QP+G,15,-1.0089108397233535,-1.1265468356537975,1.8418468305484526,1.4125758461162063,0.1629516388206039,8.566480858007708e-13,243,8.93383145239568e-11,198
RoutingInterdiction,neural,41,QP+G,20,-1.0065841198583274,-1.0966938565019233,1.80096967981475,1.3931148827435464,0.15204471757704682,8.337774914934926e-13,243,8.86100082198027e-11,198
RoutingInterdiction,neural,41,QP+G,25,-1.0040385553605946,-1.0851902351445395,1.7820462978633673,1.380042434600952,0.14744788733740288,8.253397965063414e-13,243,8.81177353306839e-11,198
RoutingInterdiction,neural,41,QP+G,30,-1.001255646674738,-1.0747932425832418,1.7665812445999418,1.370670789002513,0.1466031215278693,8.171241461241152e-13,243,8.774114768073105e-11,198
RoutingInterdiction,neural,41,QP+G,35,-0.9982012876109261,-1.0707267844505943,1.7597566959308222,1.3648892876097607,0.14666661860531155,8.140155216551648e-13,243,8.747624846705548e-11,198
RoutingInterdiction,neural,41,QP+G,40,-0.9951166135159389,-1.0740179519665616,1.760483771976832,1.3596856331470462,0.14736292706621998,8.166800569142652e-13,243,8.724376776569898e-11,198
RoutingInterdiction,neural,41,QP+G,45,-0.9919880276709794,-1.0763921999567911,1.7602399496183398,1.3545854400065895,0.14894417309308502,8.184564137536654e-13,243,8.702505382984782e-11,198
RoutingInterdiction,neural,41,QP+G,50,-0.9887691533300144,-1.0778288297283374,1.7590966982340697,1.3496592487971133,0.151399572089654,8.195666367782906e-13,243,8.681766416884784e-11,198
RoutingInterdiction,neural,41,QP+G,55,-0.9884909363616929,-1.0779039850941972,1.758958652918552,1.3492529003590104,0.15164826312549806,8.197886813832156e-13,243,8.680056673426861e-11,198
RoutingInterdiction,neural,41,QP+G,60,-0.9884909363616929,-1.0779039850941972,1.758958652918552,1.3492529003590104,0.15164826312549806,8.197886813832156e-13,243,8.680056673426861e-11,198
RoutingInterdiction,neural,41,noG,0,-1.017208862021889,-1.2410616115383883,2.032176775881975,1.5517024187074058,0.2956098455312497,8.493206138382448e-13,244,8.497469394797008e-11,199
RoutingInterdiction,neural,41,noG,5,-1.0098348724778021,-1.306402688537485,2.09338205505498,1.5615708116321207,0.2900942838140297,8.941736240331011e-13,244,8.616041213826975e-11,199
RoutingInterdiction,neural,41,noG,10,-1.0061594236083793,-1.337827950709916,2.1202582616074244,1.5692899167646401,0.28705573498013126,8.242295734817162e-13,245,8.717981891948057e-11,199
RoutingInterdiction,neural,41,noG,15,-1.0031980782486807,-1.36292634336008,2.139590616747498,1.5758904779863552,0.2844359456723265,8.395506512215434e-13,245,8.820300045897511e-11,199
RoutingInterdiction,neural,41,noG,20,-0.9997438253337768,-1.391917440753873,2.1564673009400726,1.5814642697937982,0.2811470750641398,8.573142196155459e-13,245,8.966360987017197e-11,199
RoutingInterdiction,neural,41,noG,25,-0.9980142787244572,-1.4027683250536,2.1499841393685366,1.5743335828168663,0.27823739101769746,8.639755577632968e-13,245,8.146838759159891e-11,200
RoutingInterdiction,neural,41,noG,30,-0.9980610979410133,-1.3884476521356555,2.1157755970152916,1.5515405294432827,0.2754964419140918,8.550937735662956e-13,245,8.128719919398009e-11,200
RoutingInterdiction,neural,41,noG,35,-0.9988565902337099,-1.3503248786357571,2.0564669628570353,1.5172235923978854,0.27231573442372076,8.315570454442422e-13,245,8.928635608640434e-11,199
RoutingInterdiction,neural,41,noG,40,-0.999408786298484,-1.2917450862414193,1.9766866095866653,1.479173457084609,0.26842805523003577,8.841816168114747e-13,244,8.79305517287321e-11,199
RoutingInterdiction,neural,41,noG,45,-0.9990713265781883,-1.2541621476990197,1.919090172325033,1.4458498104550594,0.26403547501412145,8.586464872450961e-13,244,8.681833030266262e-11,199
RoutingInterdiction,neural,41,noG,50,-0.9976635897810558,-1.2641673046620339,1.9112927982003636,1.4224501121656734,0.25973525069762377,8.659739592076221e-13,244,8.628564529544747e-11,199
RoutingInterdiction,neural,41,noG,55,-0.9953826178025423,-1.291404111275845,1.9237197747704147,1.4085413753545362,0.25627205065495756,8.837375276016246e-13,244,8.625788971983184e-11,199
RoutingInterdiction,neural,41,noG,60,-0.9925794313290985,-1.3195955375060282,1.940610249915265,1.3993287152208542,0.2542184625899256,8.126832540256146e-13,245,8.634759574022155e-11,199
RoutingInterdiction,neural,41,GDA,0,-1.017208862021889,-1.2410616115383883,2.032176775881975,1.5517024187074058,0.2956098455312497,8.493206138382448e-13,244,8.497469394797008e-11,199
RoutingInterdiction,neural,41,GDA,5,-1.0091105920825134,-1.3127349094420855,2.099053118445845,1.563135135837164,0.2896539602519584,8.983924715266767e-13,244,8.634493120496245e-11,199
RoutingInterdiction,neural,41,GDA,10,-1.002880008049724,-1.3662206532535945,2.142547940801245,1.5774551095501153,0.284904063808115,8.415490526658687e-13,245,8.835510101334876e-11,199
RoutingInterdiction,neural,41,GDA,15,-0.999173598968015,-1.397323027840538,2.1591876559675955,1.5826461196134567,0.28134952820797976,8.606448886894214e-13,245,8.997846911995566e-11,199
RoutingInterdiction,neural,41,GDA,20,-0.997855259789739,-1.4036054482586309,2.147506110609884,1.5725406175141037,0.278520701726562,8.646416915780719e-13,245,8.158163034011068e-11,200
RoutingInterdiction,neural,41,GDA,25,-0.9981517977966993,-1.3846959306627151,2.1082944639959713,1.5470454435611818,0.2757325480658755,8.530953721219703e-13,245,8.123435257800793e-11,200
RoutingInterdiction,neural,41,GDA,30,-0.9990024336811242,-1.3423530546439424,2.044585659242588,1.51116252000072,0.27241666926894814,8.268941087408166e-13,245,8.911316129456281e-11,199
RoutingInterdiction,neural,41,GDA,35,-0.9994511104657671,-1.2802651839130428,1.9613500893879339,1.4731459751296196,0.26838636081612427,8.759659664292485e-13,244,8.774936333111327e-11,199
RoutingInterdiction,neural,41,GDA,40,-0.9989301032420521,-1.255340419741422,1.9166764926481907,1.441228779342668,0.26392954703774185,8.597567102697212e-13,244,8.672040863189068e-11,199
RoutingInterdiction,neural,41,GDA,45,-0.9973409756553031,-1.2666491743177462,1.9106222507562678,1.4197000100960542,0.25969779518780606,8.673062268371723e-13,244,8.629608139187894e-11,199
RoutingInterdiction,neural,41,GDA,50,-0.9949323366292213,-1.2988960522010535,1.9286278705622844,1.4071055738369957,0.25643359325150095,8.888445535149003e-13,244,8.632805581498815e-11,199
RoutingInterdiction,neural,41,GDA,55,-0.9920613501587373,-1.323911995427303,1.9429932181985206,1.3981581263562362,0.25465109308817985,8.15347789284715e-13,245,8.639400306265088e-11,199
RoutingInterdiction,neural,41,GDA,60,-0.9889665344627436,-1.3293989528341565,1.9416417974708855,1.3874530433297032,0.2544272185783071,8.186784583585904e-13,245,8.606759749341109e-11,199
RoutingInterdiction,neural,41,Adam-GDA,0,-1.017208862021889,-1.2410616115383883,2.032176775881975,1.5517024187074058,0.2956098455312497,8.493206138382448e-13,244,8.497469394797008e-11,199
RoutingInterdiction,neural,41,Adam-GDA,5,-0.9243150876286811,-2.057375111533997,2.7624803389865,2.141122205995221,0.9450073137416718,8.313350008393172e-13,249,8.987277588801135e-11,203
RoutingInterdiction,neural,41,Adam-GDA,10,-0.945370511255323,-2.8442920226364303,4.019877396613477,3.4298731538749005,2.415478519213745,8.406608742461685e-13,252,8.61688498332569e-11,207
RoutingInterdiction,neural,41,Adam-GDA,15,-0.3789364869070277,-5.1691499624897155,6.651990431652612,6.202040145439021,3.0012849839218383,8.100187187665142e-13,258,8.857359290459499e-11,213
RoutingInterdiction,neural,41,Adam-GDA,20,-2.197011397807587,-7.624115398811569,10.440506161841341,10.10177116242642,4.09408074961475,8.72191208145523e-13,261,8.836043008386696e-11,217
RoutingInterdiction,neural,41,Adam-GDA,25,-4.554586635883554,-5.953339658975948,9.444595007511165,9.101632956786126,5.9166658340316935,8.402167850363185e-13,259,8.423306496752048e-11,215
RoutingInterdiction,neural,41,Adam-GDA,30,0.00031623242552660663,-5.088932610004197,9.213627988863145,9.020153082740231,4.992763724003537,8.810729923425242e-13,257,8.750600244411544e-11,213
RoutingInterdiction,neural,41,Adam-GDA,35,2.5528897919087523,-8.142683994069003,12.360183412194433,12.28714580749961,1.0236987688805426,8.384404281969182e-13,262,8.538147966419274e-11,218
RoutingInterdiction,neural,41,Adam-GDA,40,2.8778436692658653,-8.566024422393735,12.773411962616963,12.737221401448155,0.4774919008964873,8.810729923425242e-13,262,8.120082384266425e-11,219
RoutingInterdiction,neural,41,Adam-GDA,45,2.8684388209561984,-8.3982717056755,12.485818691901077,12.448107874204508,0.9743973515099625,8.668621376273222e-13,262,8.842881982218387e-11,218
RoutingInterdiction,neural,41,Adam-GDA,50,2.0607742746326547,-7.6076807701760245,10.982155290248901,10.855382819529654,3.9113562176111736,8.704148513061227e-13,261,8.876810397850932e-11,217
RoutingInterdiction,neural,41,Adam-GDA,55,-2.596401197164326,-6.066698255683625,9.234367882584376,8.955939521758479,5.177390590648911,8.428813202954188e-13,259,8.51212433872206e-11,215
RoutingInterdiction,neural,41,Adam-GDA,60,-3.4260618658691824,-6.508439890437913,10.506270457622293,10.403192582206982,1.9374078904140712,8.348877145181177e-13,260,8.524292383071952e-11,216
RoutingInterdiction,neural,41,EGM,0,-1.017208862021889,-1.2410616115383883,2.032176775881975,1.5517024187074058,0.2956098455312497,8.493206138382448e-13,244,8.497469394797008e-11,199
RoutingInterdiction,neural,41,EGM,5,-1.0092975909509603,-1.3092802288464949,2.094554373184479,1.5601959225098352,0.28726682957372174,8.961720254774264e-13,244,8.620593128227938e-11,199
RoutingInterdiction,neural,41,EGM,10,-1.003385503990336,-1.3578550112638825,2.1324028319450097,1.5704437613486546,0.2802412240298748,8.362199821476679e-13,245,8.79563089029034e-11,199
RoutingInterdiction,neural,41,EGM,15,-0.9999065158143207,-1.3835026849706777,2.1433010771778784,1.5713221437144678,0.2744703427189007,8.522071937022702e-13,245,8.926148709065274e-11,199
RoutingInterdiction,neural,41,EGM,20,-0.9985598112780549,-1.3848592019145145,2.1269362321893523,1.5579668766874772,0.26947914744997,8.528733275170453e-13,245,8.965250763992572e-11,199
RoutingInterdiction,neural,41,EGM,25,-0.9985458245028314,-1.3626098260312458,2.085166978509801,1.5313306772002204,0.2646390962783322,8.393286066166183e-13,245,8.911471560679729e-11,199
RoutingInterdiction,neural,41,EGM,30,-0.9989190639621238,-1.319368896307602,2.0218182954235333,1.4966892725102883,0.2594741483717649,8.126832540256146e-13,245,8.796896544538413e-11,199
RoutingInterdiction,neural,41,EGM,35,-0.9989119785259146,-1.2600155417681442,1.9429226058955167,1.4614193626528054,0.2538733794629527,8.621992009238966e-13,244,8.670353324191638e-11,199
RoutingInterdiction,neural,41,EGM,40,-0.9981179734930861,-1.2399579478439384,1.9048969295034555,1.4319340676008012,0.24813231356005985,8.490985692333197e-13,244,8.574430054864024e-11,199
RoutingInterdiction,neural,41,EGM,45,-0.9964940162135456,-1.2484807929922581,1.8978276917721548,1.4108777252697826,0.24282053922700067,8.548717289613705e-13,244,8.524558836597862e-11,199
RoutingInterdiction,neural,41,EGM,50,-0.9942226586796945,-1.2696550287975645,1.906351791202579,1.3965276911774964,0.23853744287224352,8.690825836765725e-13,244,8.504597026615102e-11,199
RoutingInterdiction,neural,41,EGM,55,-0.9915246930783573,-1.287745290441493,1.915067997930066,1.3847812411402878,0.235665201960877,8.812950369474493e-13,244,8.481482183242406e-11,199
RoutingInterdiction,neural,41,EGM,60,-0.9885171913776369,-1.2881106591590488,1.9094647877457165,1.3719653198538975,0.2342367178121123,8.815170815523743e-13,244,8.426237485537058e-11,199
RoutingInterdiction,neural,41,PPM-3,0,-1.017208862021889,-1.2410616115383883,2.032176775881975,1.5517024187074058,0.2956098455312497,8.493206138382448e-13,244,8.497469394797008e-11,199
RoutingInterdiction,neural,41,PPM-3,5,-1.009307578085961,-1.3091239043824563,2.094423171369124,1.5601593324162324,0.287289117131981,8.959499808725013e-13,244,8.62008242563661e-11,199
RoutingInterdiction,neural,41,PPM-3,10,-1.0033920405121264,-1.3576422613463035,2.1322608918182464,1.5703927785528253,0.28028051955133865,8.362199821476679e-13,245,8.794609485107685e-11,199
RoutingInterdiction,neural,41,PPM-3,15,-0.9998969411730273,-1.3833567272580136,2.1432834266653975,1.5713421359560822,0.27452356521196414,8.522071937022702e-13,245,8.925216121724588e-11,199
RoutingInterdiction,neural,41,PPM-3,20,-0.9985295237684648,-1.3849063626594131,2.1271709966288928,1.5581444623868586,0.26954800857558114,8.530953721219703e-13,245,8.965095332769124e-11,199
RoutingInterdiction,neural,41,PPM-3,25,-0.9985006380688963,-1.3629575598062462,2.0857533209572376,1.5317042916706516,0.26472931475684913,8.393286066166183e-13,245,8.912537374783369e-11,199
RoutingInterdiction,neural,41,PPM-3,30,-0.9988720958822166,-1.3200859982832993,2.022807905939878,1.4972201302854842,0.2595917644025839,8.129052986305396e-13,245,8.798961559364216e-11,199
RoutingInterdiction,neural,41,PPM-3,35,-0.998877138758638,-1.2607831441083879,1.9439732628471227,1.4619974023496922,0.25402025831661296,8.626432901337466e-13,244,8.672729201464335e-11,199
RoutingInterdiction,neural,41,PPM-3,40,-0.998103593449929,-1.2401200217446933,1.9053264122255524,1.4324301684837586,0.2483033847017621,8.495426584431698e-13,244,8.576317434005887e-11,199
RoutingInterdiction,neural,41,PPM-3,45,-0.9964997922158085,-1.2484517720215822,1.89802493861594,1.4112161733019368,0.24300459777105227,8.548717289613705e-13,244,8.525580241780517e-11,199
RoutingInterdiction,neural,41,PPM-3,50,-0.9942411078550258,-1.2690049320598804,1.9058649440861648,1.396721820179066,0.23872158983809966,8.684164498617974e-13,244,8.504930093522489e-11,199
RoutingInterdiction,neural,41,PPM-3,55,-0.991545865169454,-1.287369822071595,1.9147763287612567,1.3849078893796736,0.23584076119386665,8.810729923425242e-13,244,8.481793045689301e-11,199
RoutingInterdiction,neural,41,PPM-3,60,-0.9885338172043219,-1.288120476412034,1.9094686054136165,1.3721068754566477,0.23440314846847937,8.815170815523743e-13,244,8.427303299640698e-11,199
RoutingInterdiction,neural,42,QP+G,0,-1.0067869460825198,-1.346152022570778,2.0749860938937914,1.518001956908674,0.2440864350541424,8.291145547900669e-13,245,8.761702474657795e-11,199
RoutingInterdiction,neural,42,QP+G,5,-1.0033799872280325,-1.2135235502931705,1.942871873821403,1.4531322825564637,0.21362472583717607,8.304468224196171e-13,244,8.248868255122943e-11,199
RoutingInterdiction,neural,42,QP+G,10,-0.9978557642472174,-1.1515771928783507,1.8814050923527512,1.4250415430765697,0.20245986615579137,8.759659664292485e-13,243,8.91644535983005e-11,198
RoutingInterdiction,neural,42,QP+G,15,-0.9921100135483342,-1.1326512075757766,1.862158030821956,1.4126192086042066,0.20112224723202496,8.615330671091215e-13,243,8.8111518081746e-11,198
RoutingInterdiction,neural,42,QP+G,20,-0.9918581401064853,-1.129763937045321,1.8589508423197008,1.4113089256268578,0.2013748670083149,8.593126210598712e-13,243,8.802669704266464e-11,198
RoutingInterdiction,neural,42,QP+G,25,-0.9918581401064853,-1.129763937045321,1.8589508423197008,1.4113089256268578,0.2013748670083149,8.593126210598712e-13,243,8.802669704266464e-11,198
RoutingInterdiction,neural,42,QP+G,30,-0.9918581401064853,-1.129763937045321,1.8589508423197008,1.4113089256268578,0.2013748670083149,8.593126210598712e-13,243,8.802669704266464e-11,198
RoutingInterdiction,neural,42,QP+G,35,-0.9918581401064853,-1.129763937045321,1.8589508423197008,1.4113089256268578,0.2013748670083149,8.593126210598712e-13,243,8.802669704266464e-11,198
RoutingInterdiction,neural,42,QP+G,40,-0.9918581401064853,-1.129763937045321,1.8589508423197008,1.4113089256268578,0.2013748670083149,8.593126210598712e-13,243,8.802669704266464e-11,198
RoutingInterdiction,neural,42,QP+G,45,-0.9918581401064853,-1.129763937045321,1.8589508423197008,1.4113089256268578,0.2013748670083149,8.593126210598712e-13,243,8.802669704266464e-11,198
RoutingInterdiction,neural,42,QP+G,50,-0.9918581401064853,-1.129763937045321,1.8589508423197008,1.4113089256268578,0.2013748670083149,8.593126210598712e-13,243,8.802669704266464e-11,198
RoutingInterdiction,neural,42,QP+G,55,-0.9918581401064853,-1.129763937045321,1.8589508423197008,1.4113089256268578,0.2013748670083149,8.593126210598712e-13,243,8.802669704266464e-11,198
RoutingInterdiction,neural,42,QP+G,60,-0.9918581401064853,-1.129763937045321,1.8589508423197008,1.4113089256268578,0.2013748670083149,8.593126210598712e-13,243,8.802669704266464e-11,198
RoutingInterdiction,neural,42,noG,0,-1.0067869460825198,-1.346152022570778,2.0749860938937914,1.518001956908674,0.2440864350541424,8.291145547900669e-13,245,8.761702474657795e-11,199
RoutingInterdiction,neural,42,noG,5,-1.0053708324102189,-1.326293806173698,2.0544806435651837,1.5049600484730181,0.24324513802903186,8.169021015191902e-13,245,8.663469941438962e-11,199
RoutingInterdiction,neural,42,noG,10,-1.0030416688249093,-1.2860382275037998,2.0138618829080737,1.4828828728198866,0.24284816526114203,8.799627693178991e-13,244,8.491252145859107e-11,199
RoutingInterdiction,neural,42,noG,15,-0.9991013089722891,-1.2307250627227069,1.9585754116239569,1.4565636527923527,0.24273722089685676,8.424372310855688e-13,244,8.282063923559235e-11,199
RoutingInterdiction,neural,42,noG,20,-0.9932920303814181,-1.1853707683310997,1.9136977532456665,1.4319931210391514,0.2429534056856795,8.117950756059145e-13,244,8.981126953244711e-11,198
RoutingInterdiction,neural,42,noG,25,-0.9858420989999395,-1.1550660401618464,1.8843162574768864,1.4142961603185762,0.24369746678900175,8.786305016883489e-13,243,8.81656969653477e-11,198
RoutingInterdiction,neural,42,noG,30,-0.9794618929862641,-1.1363902276335736,1.8665970826321676,1.407103365223644,0.24469971158813256,8.641976023682219e-13,243,8.74462724453906e-11,198
RoutingInterdiction,neural,42,noG,35,-0.9786080242193014,-1.1339339761017135,1.8642790403568132,1.4065731509120698,0.2448291215811677,8.621992009238966e-13,243,8.73876526696904e-11,198
RoutingInterdiction,neural,42,noG,40,-0.9785363417839481,-1.1337282386346301,1.8640850021192756,1.4065327764250495,0.2448398230003082,8.621992009238966e-13,243,8.738298973298697e-11,198
RoutingInterdiction,neural,42,noG,45,-0.9785303734652736,-1.133711112099254,1.8640688503204499,1.4065294433035138,0.2448407129301503,8.621992009238966e-13,243,8.738254564377712e-11,198
RoutingInterdiction,neural,42,noG,50,-0.978529876868988,-1.1337096871019166,1.8640675064309538,1.406529166166885,0.24484078696969,8.619771563189715e-13,243,8.738276768838205e-11,198
RoutingInterdiction,neural,42,noG,55,-0.9785298355517527,-1.1337095685410814,1.8640673946183919,1.406529143110231,0.2448407931297908,8.619771563189715e-13,243,8.738276768838205e-11,198
RoutingInterdiction,neural,42,noG,60,-0.9785298321141952,-1.1337095586769252,1.864067385315686,1.4065291411919634,0.2448407936423057,8.621992009238966e-13,243,8.738254564377712e-11,198
RoutingInterdiction,neural,42,GDA,0,-1.0067869460825198,-1.346152022570778,2.0749860938937914,1.518001956908674,0.2440864350541424,8.291145547900669e-13,245,8.761702474657795e-11,199
RoutingInterdiction,neural,42,GDA,5,-1.0053708324102189,-1.326293806173698,2.0544806435651837,1.5049600484730181,0.24324513802903186,8.169021015191902e-13,245,8.663469941438962e-11,199
RoutingInterdiction,neural,42,GDA,10,-1.0030416688249093,-1.2860382275037998,2.0138618829080737,1.4828828728198866,0.24284816526114203,8.799627693178991e-13,244,8.491252145859107e-11,199
RoutingInterdiction,neural,42,GDA,15,-0.9991013089722891,-1.2307250627227069,1.9585754116239569,1.4565636527923527,0.24273722089685676,8.424372310855688e-13,244,8.282063923559235e-11,199
RoutingInterdiction,neural,42,GDA,20,-0.9932920303814181,-1.1853707683310997,1.9136977532456665,1.4319931210391514,0.2429534056856795,8.117950756059145e-13,244,8.981126953244711e-11,198
RoutingInterdiction,neural,42,GDA,25,-0.9858420989999395,-1.1550660401618464,1.8843162574768864,1.4142961603185762,0.24369746678900175,8.786305016883489e-13,243,8.81656969653477e-11,198
RoutingInterdiction,neural,42,GDA,30,-0.9773563717726693,-1.1303316991530516,1.8608758037126962,1.405961904665669,0.24520786284017546,8.595346656647962e-13,243,8.731571021769469e-11,198
RoutingInterdiction,neural,42,GDA,35,-0.9685965806703873,-1.1097774489916978,1.841837828720072,1.4064187315637964,0.24763451540007259,8.428813202954188e-13,243,8.722755850953945e-11,198
RoutingInterdiction,neural,42,GDA,40,-0.9602370003249348,-1.1127028568230632,1.8462905898716955,1.4129885140895269,0.2509891872775955,8.451017663446692e-13,243,8.768408221726531e-11,198
RoutingInterdiction,neural,42,GDA,45,-0.9526790028083334,-1.1293070456876542,1.8641759570922534,1.4223205715874194,0.2551965434130306,8.58202398035246e-13,243,8.841039011997509e-11,198
RoutingInterdiction,neural,42,GDA,50,-0.9459704533343867,-1.1518764311155323,1.88750023488224,1.4314564161636374,0.2601993919217309,8.757439218243235e-13,243,8.916734017816452e-11,198
RoutingInterdiction,neural,42,GDA,55,-0.9398292632912425,-1.1659734126004255,1.9015492231537454,1.438313019726654,0.26604265140714156,8.8662410746565e-13,243,8.979306187484326e-11,198
RoutingInterdiction,neural,42,GDA,60,-0.9337385775463058,-1.1753264197757258,1.9098043538500127,1.4418423168601118,0.272884549884107,8.93951579428176e-13,243,8.119260819228202e-11,199
RoutingInterdiction,neural,42,Adam-GDA,0,-1.0067869460825198,-1.346152022570778,2.0749860938937914,1.518001956908674,0.2440864350541424,8.291145547900669e-13,245,8.761702474657795e-11,199
RoutingInterdiction,neural,42,Adam-GDA,5,-0.826931478516996,-1.7095622276217868,2.4195388583574577,1.8957681972124982,0.9411875408281218,8.530953721219703e-13,247,8.330380829590922e-11,202
RoutingInterdiction,neural,42,Adam-GDA,10,-0.9414100901444121,-3.8084985219840863,4.306355263595861,3.7422118861134095,1.8299859597753172,8.184564137536654e-13,255,8.687983665822685e-11,210
RoutingInterdiction,neural,42,Adam-GDA,15,-1.9207023847164444,-3.1540040240560585,4.9423503227241365,4.459778131789205,3.093387557202702,8.339995360984176e-13,253,8.7569507201124e-11,208
RoutingInterdiction,neural,42,Adam-GDA,20,0.13229718638877436,-4.036690572151292,7.229783213987195,6.874136999332162,3.2380399981526256,8.704148513061227e-13,255,8.44249115061757e-11,211
RoutingInterdiction,neural,42,Adam-GDA,25,1.361063829854392,-5.921981883853409,8.733026780473981,8.437183143927825,2.9735751230775227,8.375522497772181e-13,259,8.384937189021002e-11,215
RoutingInterdiction,neural,42,Adam-GDA,30,-0.12560303957063107,-6.828106738492145,8.255000755094436,7.963002746511515,2.9903659680315986,8.677503160470224e-13,260,8.781242399891198e-11,216
RoutingInterdiction,neural,42,Adam-GDA,35,-1.5761590979097728,-6.043551675943497,8.127364018089477,7.839379612998117,2.5581604742810433,8.490985692333197e-13,259,8.554312813657816e-11,215
RoutingInterdiction,neural,42,Adam-GDA,40,-1.5532989255183316,-7.81668708034331,10.669195897535918,10.496816873152053,2.1194921156799156,8.171241461241152e-13,262,8.330935941103235e-11,218
RoutingInterdiction,neural,42,Adam-GDA,45,-2.1967298947423703,-8.631802078868738,12.492651426699114,12.403044748735532,0.7379495879140243,8.881784197001252e-13,262,8.194156464469415e-11,219
RoutingInterdiction,neural,42,Adam-GDA,50,-2.6336692208208228,-8.793587156701115,12.74085255787518,12.650583379679022,2.3112597034830746,8.135714324453147e-13,263,8.356870750958478e-11,219
RoutingInterdiction,neural,42,Adam-GDA,55,-6.385483471843722,-8.710798560033728,12.58966681597349,12.528507743206093,2.6198343682755527,8.952838470577262e-13,262,8.271072715615446e-11,219
RoutingInterdiction,neural,42,Adam-GDA,60,-5.471061604235333,-6.957664135711076,10.929859226274447,10.75708434841654,9.272584232380533,8.917311333789257e-13,260,8.251710426065983e-11,217
RoutingInterdiction,neural,42,EGM,0,-1.0067869460825198,-1.346152022570778,2.0749860938937914,1.518001956908674,0.2440864350541424,8.291145547900669e-13,245,8.761702474657795e-11,199
RoutingInterdiction,neural,42,EGM,5,-1.0052794822366677,-1.3222499589409702,2.050484597981585,1.5027523842805879,0.24199239117546462,8.144596108650148e-13,245,8.645817395347422e-11,199
RoutingInterdiction,neural,42,EGM,10,-1.0027244451997848,-1.279071055653883,2.0070313946895633,1.4795135436502957,0.24036707969448529,8.752998326144734e-13,244,8.463918454992836e-11,199
RoutingInterdiction,neural,42,EGM,15,-0.9985547920072348,-1.2243400517194694,1.9524298198444825,1.453395589705002,0.2391303663890806,8.379963389870682e-13,244,8.255796046796604e-11,199
RoutingInterdiction,neural,42,EGM,20,-0.9926519384148856,-1.1814458206033893,1.9100903138639937,1.4300174543698991,0.23838787698347205,8.988365607365267e-13,243,8.962097730602636e-11,198
RoutingInterdiction,neural,42,EGM,25,-0.9853228912917735,-1.153124526015069,1.8827029661025898,1.4136031169613466,0.23836460140567803,8.770761894538737e-13,243,8.80910899780929e-11,198
RoutingInterdiction,neural,42,EGM,30,-0.9771508136835177,-1.1302383200831443,1.8610153604362878,1.4057309091226466,0.23928355964815062,8.595346656647962e-13,243,8.729350575720218e-11,198
RoutingInterdiction,neural,42,EGM,35,-0.9687831864514717,-1.1079158781602692,1.8399812606216588,1.4053971610202294,0.24126648749262714,8.408829188510936e-13,243,8.715739241438314e-11,198
RoutingInterdiction,neural,42,EGM,40,-0.9607356586977577,-1.1132961194953788,1.846519668397803,1.4100743658899273,0.2443134232319548,8.457679001594443e-13,243,8.747891300231458e-11,198
RoutingInterdiction,neural,42,EGM,45,-0.9532681645823826,-1.1250578155941002,1.8590647202675217,1.4169188395190657,0.24836003924406552,8.550937735662956e-13,243,8.802802931029419e-11,198
RoutingInterdiction,neural,42,EGM,50,-0.9463514711279511,-1.1419305548012204,1.8760993668905228,1.4235679797923741,0.25336231666115455,8.679723606519474e-13,243,8.861555933492582e-11,198
RoutingInterdiction,neural,42,EGM,55,-0.9397091309282051,-1.156631920530183,1.8901148591575143,1.4284920989666179,0.25935088012005103,8.79296635503124e-13,243,8.912381943559922e-11,198
RoutingInterdiction,neural,42,EGM,60,-0.9329039268496512,-1.1688257912736864,1.9005880346730113,1.4311373057859198,0.2664258327427495,8.890665981198254e-13,243,8.951883678776085e-11,198
RoutingInterdiction,neural,42,PPM-3,0,-1.0067869460825198,-1.346152022570778,2.0749860938937914,1.518001956908674,0.2440864350541424,8.291145547900669e-13,245,8.761702474657795e-11,199
RoutingInterdiction,neural,42,PPM-3,5,-1.0052711819418458,-1.3223362289582408,2.050575657826407,1.502802881042139,0.24200004300911346,8.144596108650148e-13,245,8.646194871175794e-11,199
RoutingInterdiction,neural,42,PPM-3,10,-1.0027153366840507,-1.2793395256316944,2.0073063600128025,1.479647040272274,0.24038658093440665,8.755218772193984e-13,244,8.464917655714999e-11,199
RoutingInterdiction,neural,42,PPM-3,15,-0.9985544407357108,-1.2247372552003348,1.95283053418441,1.453596164775475,0.23916568946403124,8.382183835919932e-13,244,8.257350359031079e-11,199
RoutingInterdiction,neural,42,PPM-3,20,-0.9926667955379277,-1.181843762920825,1.9104833536433892,1.4302255349391908,0.23844070456692604,8.988365607365267e-13,243,8.963962905284006e-11,198
RoutingInterdiction,neural,42,PPM-3,25,-0.9853525142747896,-1.1534840165367977,1.8830440928423204,1.4137459930149072,0.23843365512433679,8.772982340587987e-13,243,8.81053008328081e-11,198
RoutingInterdiction,neural,42,PPM-3,30,-0.977187370537064,-1.1306690942230648,1.8614107713741852,1.4057599599573198,0.23936575352359934,8.597567102697212e-13,243,8.729905687232531e-11,198
RoutingInterdiction,neural,42,PPM-3,35,-0.9688143229186755,-1.1083888903907968,1.8404007907876307,1.4053075600996727,0.24135879836303323,8.413270080609436e-13,243,8.715406174530926e-11,198
RoutingInterdiction,neural,42,PPM-3,40,-0.9607491567659976,-1.113365801947586,1.846519566909794,1.409900066912392,0.2444138506636576,8.457679001594443e-13,243,8.746936508430281e-11,198
RoutingInterdiction,neural,42,PPM-3,45,-0.9532562541357791,-1.125148393460419,1.8590739968200776,1.416713830318446,0.2484669612982639,8.553158181712206e-13,243,8.801648299083809e-11,198
RoutingInterdiction,neural,42,PPM-3,50,-0.9463132319677683,-1.1418539678395934,1.875937249972656,1.4233875309825088,0.25347295521244856,8.681944052568724e-13,243,8.860645550612389e-11,198
RoutingInterdiction,neural,42,PPM-3,55,-0.9396505184169658,-1.156656270113647,1.8900583666217101,1.428379699191656,0.25946024496741266,8.79518680108049e-13,243,8.912048876652534e-11,198
RoutingInterdiction,neural,42,PPM-3,60,-0.9328358780635163,-1.1689622052832807,1.900657704022121,1.4311156548663642,0.26652710678867614,8.890665981198254e-13,243,8.952216745683472e-11,198
RoutingInterdiction,neural,43,QP+G,0,-1.012269439010577,-1.302700426461221,2.069619693717053,1.5431358399098465,0.2799215641355875,8.912870441690757e-13,244,8.649725380394102e-11,199
RoutingInterdiction,neural,43,QP+G,5,-1.0018978764436781,-1.1570150112160058,1.9156129278720098,1.467515929480892,0.2251419027896966,8.801848139228241e-13,243,8.127787332057324e-11,199
RoutingInterdiction,neural,43,QP+G,10,-0.9949170625231338,-1.1016137259279586,1.855357207258326,1.4371421123409611,0.19981487285575622,8.377742943821431e-13,243,8.811795737528882e-11,198
RoutingInterdiction,neural,43,QP+G,15,-0.989014839667903,-1.0740995828797137,1.8254466284473074,1.4231191346537475,0.19127982736172916,8.166800569142652e-13,243,8.712119914378036e-11,198
RoutingInterdiction,neural,43,QP+G,20,-0.9865094298907646,-1.0610402870906412,1.8134906673378013,1.4198625604207376,0.18955632100784836,8.961720254774264e-13,242,8.674982954204324e-11,198
RoutingInterdiction,neural,43,QP+G,25,-0.9863689390210337,-1.0592954715089826,1.8121241893982378,1.419837339135488,0.18952187570698428,8.946177132429511e-13,242,8.671596773979218e-11,198
RoutingInterdiction,neural,43,QP+G,30,-0.9863689390210337,-1.0592954715089826,1.8121241893982378,1.419837339135488,0.18952187570698428,8.946177132429511e-13,242,8.671596773979218e-11,198
RoutingInterdiction,neural,43,QP+G,35,-0.9863689390210337,-1.0592954715089826,1.8121241893982378,1.419837339135488,0.18952187570698428,8.946177132429511e-13,242,8.671596773979218e-11,198
RoutingInterdiction,neural,43,QP+G,40,-0.9863689390210337,-1.0592954715089826,1.8121241893982378,1.419837339135488,0.18952187570698428,8.946177132429511e-13,242,8.671596773979218e-11,198
RoutingInterdiction,neural,43,QP+G,45,-0.9863689390210337,-1.0592954715089826,1.8121241893982378,1.419837339135488,0.18952187570698428,8.946177132429511e-13,242,8.671596773979218e-11,198
RoutingInterdiction,neural,43,QP+G,50,-0.9863689390210337,-1.0592954715089826,1.8121241893982378,1.419837339135488,0.18952187570698428,8.946177132429511e-13,242,8.671596773979218e-11,198
RoutingInterdiction,neural,43,QP+G,55,-0.9863689390210337,-1.0592954715089826,1.8121241893982378,1.419837339135488,0.18952187570698428,8.946177132429511e-13,242,8.671596773979218e-11,198
RoutingInterdiction,neural,43,QP+G,60,-0.9863689390210337,-1.0592954715089826,1.8121241893982378,1.419837339135488,0.18952187570698428,8.946177132429511e-13,242,8.671596773979218e-11,198
RoutingInterdiction,neural,43,noG,0,-1.012269439010577,-1.302700426461221,2.069619693717053,1.5431358399098465,0.2799215641355875,8.912870441690757e-13,244,8.649725380394102e-11,199
RoutingInterdiction,neural,43,noG,5,-1.0068265162959484,-1.2036799880126545,1.9584175810796114,1.4919787324756775,0.2768488673911766,8.237854842718662e-13,244,8.341016766166831e-11,199
RoutingInterdiction,neural,43,noG,10,-0.9993978392723453,-1.1544769363227028,1.897676987648528,1.4577584998764492,0.2742882568978127,8.784084570834239e-13,243,8.160339071139333e-11,199
RoutingInterdiction,neural,43,noG,15,-0.9910100866580448,-1.1870849162840391,1.9197724008035142,1.4421494718391872,0.27276359284642526,8.126832540256146e-13,244,8.11861688987392e-11,199
RoutingInterdiction,neural,43,noG,20,-0.9847861507522178,-1.2152312725993741,1.9409553451602948,1.4395162371585997,0.2723769625958456,8.315570454442422e-13,244,8.152256647520062e-11,199
RoutingInterdiction,neural,43,noG,25,-0.9833411528512056,-1.220713872194989,1.9448991081847373,1.439582829949318,0.27230416646808797,8.353318037279678e-13,244,8.164957598921774e-11,199
RoutingInterdiction,neural,43,noG,30,-0.9829945514292078,-1.2219625804766425,1.9457827329340966,1.4396272553178433,0.2722873905963003,8.364420267525929e-13,244,8.168221654614172e-11,199
RoutingInterdiction,neural,43,noG,35,-0.9829068591517437,-1.2222743113125805,1.9460023399776283,1.4396401190075248,0.2722832036868916,8.36664071357518e-13,244,8.169021015191902e-11,199
RoutingInterdiction,neural,43,noG,40,-0.9828843706986772,-1.222353978362643,1.9460583980194266,1.439643521626143,0.27228213395523604,8.364420267525929e-13,244,8.16926526425732e-11,199
RoutingInterdiction,neural,43,noG,45,-0.9828785835860305,-1.222374461415468,1.9460728066487296,1.4396444040668153,0.2722818589413526,8.36664071357518e-13,244,8.169287468717812e-11,199
RoutingInterdiction,neural,43,noG,50,-0.9828770930196602,-1.22237973595442,1.9460765166892264,1.439644631805622,0.2722817881248092,8.36664071357518e-13,244,8.169309673178304e-11,199
RoutingInterdiction,neural,43,noG,55,-0.9828767090116963,-1.2223810947300904,1.9460774724147574,1.439644690506897,0.27228176988184283,8.364420267525929e-13,244,8.169309673178304e-11,199
RoutingInterdiction,neural,43,noG,60,-0.9828766100754637,-1.2223814448012174,1.94607771864391,1.439644705632749,0.272281765181783,8.364420267525929e-13,244,8.169331877638797e-11,199
RoutingInterdiction,neural,43,GDA,0,-1.012269439010577,-1.302700426461221,2.069619693717053,1.5431358399098465,0.2799215641355875,8.912870441690757e-13,244,8.649725380394102e-11,199
RoutingInterdiction,neural,43,GDA,5,-1.0068265162959484,-1.2036799880126545,1.9584175810796114,1.4919787324756775,0.2768488673911766,8.237854842718662e-13,244,8.341016766166831e-11,199
RoutingInterdiction,neural,43,GDA,10,-0.9993978392723453,-1.1544769363227028,1.897676987648528,1.4577584998764492,0.2742882568978127,8.784084570834239e-13,243,8.160339071139333e-11,199
RoutingInterdiction,neural,43,GDA,15,-0.9910100866580448,-1.1870849162840391,1.9197724008035142,1.4421494718391872,0.27276359284642526,8.126832540256146e-13,244,8.11861688987392e-11,199
RoutingInterdiction,neural,43,GDA,20,-0.9827656713053539,-1.2232032048469539,1.9467431254368108,1.439820895725604,0.27257672316721304,8.373302051722931e-13,244,8.171863186134942e-11,199
RoutingInterdiction,neural,43,GDA,25,-0.9754986232897142,-1.2441496579965734,1.9602264666240916,1.4435088142330335,0.2736960418953997,8.515410598874951e-13,244,8.260658823644462e-11,199
RoutingInterdiction,neural,43,GDA,30,-0.9695812336278968,-1.24801120847577,1.958613712488701,1.448246723726555,0.27581614382322883,8.539835505416704e-13,244,8.343192803295096e-11,199
RoutingInterdiction,neural,43,GDA,35,-0.9649171542681466,-1.2476064772239104,1.954999884801408,1.4525794203327416,0.27853753330505615,8.537615059367454e-13,244,8.405010021306225e-11,199
RoutingInterdiction,neural,43,GDA,40,-0.9610800281333285,-1.2662949560188446,1.9729629647021485,1.4576210718235743,0.28156330520974,8.670841822322473e-13,244,8.452505362299689e-11,199
RoutingInterdiction,neural,43,GDA,45,-0.9575103978342085,-1.2849657627204294,1.9935107177694102,1.4651042721285843,0.2848236260454046,8.79740724712974e-13,244,8.498024506309321e-11,199
RoutingInterdiction,neural,43,GDA,50,-0.9536800801124545,-1.2994842155016304,2.012481356736404,1.4755188001318513,0.2884882572856551,8.897327319346005e-13,244,8.545697482986725e-11,199
RoutingInterdiction,neural,43,GDA,55,-0.9491675983718391,-1.306084891147426,2.0258966411944677,1.4874055518289198,0.2928765322856065,8.943956686380261e-13,244,8.586087396622588e-11,199
RoutingInterdiction,neural,43,GDA,60,-0.9436422457349631,-1.3065891696989556,2.0351560773394404,1.4980326654127878,0.2983108889664314,8.941736240331011e-13,244,8.601208634217983e-11,199
RoutingInterdiction,neural,43,Adam-GDA,0,-1.012269439010577,-1.302700426461221,2.069619693717053,1.5431358399098465,0.2799215641355875,8.912870441690757e-13,244,8.649725380394102e-11,199
RoutingInterdiction,neural,43,Adam-GDA,5,-0.8358950682577883,-2.01303650107374,2.4977910728117045,1.9474425938763877,0.8468245129582057,8.133493878403897e-13,249,8.947043106388719e-11,203
RoutingInterdiction,neural,43,Adam-GDA,10,-1.0239097366504353,-3.211984613836984,3.742881108575838,3.2280349901756487,2.1020618437839467,8.499867476530198e-13,253,8.93534135570917e-11,208
RoutingInterdiction,neural,43,Adam-GDA,15,-0.5108227949767938,-3.4691761368964076,5.749017843560903,5.270912160016368,2.7543515174518176,8.277822871605167e-13,254,8.795408845685415e-11,209
RoutingInterdiction,neural,43,Adam-GDA,20,0.07618007955215406,-4.9850134671416875,7.1404964855763335,6.775323131488757,3.7557649723248434,8.659739592076221e-13,257,8.590017586129761e-11,213
RoutingInterdiction,neural,43,Adam-GDA,25,-1.4573829243386314,-5.979409935761643,8.277605306214792,7.922227906098505,3.407592440994144,8.419931418757187e-13,259,8.481571001084376e-11,215
RoutingInterdiction,neural,43,Adam-GDA,30,-2.808408895831291,-6.458501778566877,8.411907099858018,8.155524880083693,3.8771033913856408,8.313350008393172e-13,260,8.43813907636104e-11,216
RoutingInterdiction,neural,43,Adam-GDA,35,-4.1306689563989,-6.444559456914227,9.242826101266495,9.023289260292604,4.57475073128617,8.126832540256146e-13,260,8.22444334858119e-11,216
RoutingInterdiction,neural,43,Adam-GDA,40,-2.530370173320345,-8.618583964264163,12.13416847094092,12.025404533539566,1.659708127362367,8.86402062860725e-13,262,8.188649758267275e-11,219
RoutingInterdiction,neural,43,Adam-GDA,45,-4.328847620187956,-8.955018237117386,12.688910868712114,12.597156816202471,6.85043691422583,8.29558643999917e-13,263,8.527933914592722e-11,219
RoutingInterdiction,neural,43,Adam-GDA,50,-8.347052429628251,-8.979264108112405,12.961134308155998,12.908968585787871,2.229659692757459,8.331113576787175e-13,263,8.554223995815846e-11,219
RoutingInterdiction,neural,43,Adam-GDA,55,-8.964152227617658,-8.982699660147299,13.024757201733433,13.018195871245183,0.08820849199704744,8.331113576787175e-13,263,8.558131980862527e-11,219
RoutingInterdiction,neural,43,Adam-GDA,60,-8.975839644308376,-8.98157863469718,13.02890571270974,13.024571178186763,0.07631133293949645,8.348877145181177e-13,263,8.556888531074947e-11,219
RoutingInterdiction,neural,43,EGM,0,-1.012269439010577,-1.302700426461221,2.069619693717053,1.5431358399098465,0.2799215641355875,8.912870441690757e-13,244,8.649725380394102e-11,199
RoutingInterdiction,neural,43,EGM,5,-1.006623718920527,-1.2021422019555432,1.957025618172311,1.491085728800247,0.27485749929229775,8.22675261247241e-13,244,8.333245204994455e-11,199
RoutingInterdiction,neural,43,EGM,10,-0.9991949131026016,-1.1526205839898882,1.8962747530403443,1.4568028704151499,0.27050803218683445,8.766321002440236e-13,243,8.150280450536229e-11,199
RoutingInterdiction,neural,43,EGM,15,-0.9910318014458414,-1.1806870867769628,1.9142643789491933,1.4405584402428615,0.26738951489574386,8.979483823168266e-13,243,8.100764503637947e-11,199
RoutingInterdiction,neural,43,EGM,20,-0.9831328660720254,-1.2125747817010137,1.937538082266871,1.4365823400504802,0.265766569671773,8.29780688604842e-13,244,8.137401863450577e-11,199
RoutingInterdiction,neural,43,EGM,25,-0.9761686130981818,-1.229258059629161,1.947358800152331,1.43813867913701,0.2655817387423737,8.411049634560186e-13,244,8.204947832268772e-11,199
RoutingInterdiction,neural,43,EGM,30,-0.970370676983137,-1.2296080108553231,1.9428604207315714,1.4410213229854945,0.26654140197428877,8.415490526658687e-13,244,8.267875273304526e-11,199
RoutingInterdiction,neural,43,EGM,35,-0.965581097900473,-1.2332888462386837,1.9439235933014627,1.4441692962102388,0.268291363544568,8.43769498715119e-13,244,8.31554824998193e-11,199
RoutingInterdiction,neural,43,EGM,40,-0.9613993117995872,-1.249998813303442,1.9603837305242353,1.4485057278032225,0.2705850307877017,8.559819519859957e-13,244,8.353584490805588e-11,199
RoutingInterdiction,neural,43,EGM,45,-0.9573452932829271,-1.26816005867999,1.98068296432356,1.4551663010111775,0.2733734745280811,8.681944052568724e-13,244,8.390577121986098e-11,199
RoutingInterdiction,neural,43,EGM,50,-0.9529740089580852,-1.2817247547252757,1.99864204974249,1.4641194920123521,0.27679628994468564,8.777423232686488e-13,244,8.427303299640698e-11,199
RoutingInterdiction,neural,43,EGM,55,-0.9479155443379981,-1.2883628985129054,2.01162637160267,1.4738921334783035,0.28109487226095065,8.821832153671494e-13,244,8.45490344403288e-11,199
RoutingInterdiction,neural,43,EGM,60,-0.9418572057084698,-1.2888001397742013,2.019881837692252,1.4823311376055623,0.2864956488707296,8.826273045769994e-13,244,8.460299127932558e-11,199
RoutingInterdiction,neural,43,PPM-3,0,-1.012269439010577,-1.302700426461221,2.069619693717053,1.5431358399098465,0.2799215641355875,8.912870441690757e-13,244,8.649725380394102e-11,199
RoutingInterdiction,neural,43,PPM-3,5,-1.0066317751862108,-1.2022820250899169,1.9571846398084338,1.491177841708994,0.27487756756572845,8.22675261247241e-13,244,8.33382252096726e-11,199
RoutingInterdiction,neural,43,PPM-3,10,-0.999215975881666,-1.1527955156950078,1.896482604495329,1.4568870241774934,0.27054745672869085,8.766321002440236e-13,243,8.150702335285587e-11,199
RoutingInterdiction,neural,43,PPM-3,15,-0.9910611602538106,-1.1803621607272643,1.9139804558346258,1.440566505527641,0.2674445900602728,8.975042931069765e-13,243,8.100498050112037e-11,199
RoutingInterdiction,neural,43,PPM-3,20,-0.9831594864506265,-1.212267958656738,1.9372743569332975,1.4365154387140477,0.265833485431182,8.29558643999917e-13,244,8.136491480570385e-11,199
RoutingInterdiction,neural,43,PPM-3,25,-0.9761809585247025,-1.2290611153249515,1.947200173455152,1.438042067526959,0.2656591852882022,8.411049634560186e-13,244,8.203837609244147e-11,199
RoutingInterdiction,neural,43,PPM-3,30,-0.9703618089256487,-1.2296087425239173,1.9428864179412069,1.4409408218106856,0.2666311749562817,8.415490526658687e-13,244,8.267009299345318e-11,199
RoutingInterdiction,neural,43,PPM-3,35,-0.9655508684993597,-1.2331434148834068,1.943780579511719,1.444123483269188,0.2683967914042918,8.43769498715119e-13,244,8.315126365232572e-11,199
RoutingInterdiction,neural,43,PPM-3,40,-0.9613532838480379,-1.25003417380591,1.9603878528701795,1.448483469303578,0.27070837401100806,8.557599073810707e-13,244,8.353628899726573e-11,199
RoutingInterdiction,neural,43,PPM-3,45,-0.957291638831007,-1.2682150742558618,1.9806625049722841,1.4551458976611773,0.27351382843294936,8.686384944667225e-13,244,8.39095459781447e-11,199
RoutingInterdiction,neural,43,PPM-3,50,-0.9529203522365545,-1.28197303742992,1.9987621143791097,1.4640939539672342,0.2769490915508421,8.779643678735738e-13,244,8.428102660218428e-11,199
RoutingInterdiction,neural,43,PPM-3,55,-0.947867321978494,-1.288814748871352,2.0118929672103305,1.4738819170223043,0.2812532672545655,8.824052599720744e-13,244,8.456257916122922e-11,199
RoutingInterdiction,neural,43,PPM-3,60,-0.9418179394448261,-1.2894567917642958,2.02029807516347,1.482377008859258,0.28665303131784353,8.830713937868495e-13,244,8.462497369521316e-11,199
RoutingInterdiction,neural,44,QP+G,0,-1.0074699675820789,-1.5833586274075995,2.339350521458742,1.7267204247108765,0.347665991851063,8.777423232686488e-13,246,8.247846849940288e-11,201
RoutingInterdiction,neural,44,QP+G,5,-0.9990361511523989,-1.352071845373897,2.113309498169307,1.5588707122167875,0.27641764160398713,8.326672684688674e-13,245,8.824763142456504e-11,199
RoutingInterdiction,neural,44,QP+G,10,-0.9884382383643118,-1.196052600771381,1.9535712749094185,1.4704638672267456,0.23943777847627462,8.186784583585904e-13,244,8.161626929847898e-11,199
RoutingInterdiction,neural,44,QP+G,15,-0.9803853617809907,-1.1051015232073327,1.8530209272007214,1.4288575196178008,0.22367823983077545,8.406608742461685e-13,243,8.791478656178242e-11,198
RoutingInterdiction,neural,44,QP+G,20,-0.9777254745061041,-1.0823097078785986,1.818987114918463,1.409174150354683,0.21696901464767354,8.233413950620161e-13,243,8.719291955117114e-11,198
RoutingInterdiction,neural,44,QP+G,25,-0.9759056594604201,-1.0731832180505143,1.8017518815185618,1.3971980813787186,0.21618232766535136,8.15791878494565e-13,243,8.685852037615405e-11,198
RoutingInterdiction,neural,44,QP+G,30,-0.9744867659486833,-1.0770713574861905,1.799635379276475,1.3898231441784392,0.21842323149981208,8.189005029635155e-13,243,8.673783913337729e-11,198
RoutingInterdiction,neural,44,QP+G,35,-0.9744867659486833,-1.0770713574861905,1.799635379276475,1.3898231441784392,0.21842323149981208,8.189005029635155e-13,243,8.673783913337729e-11,198
RoutingInterdiction,neural,44,QP+G,40,-0.9744867659486833,-1.0770713574861905,1.799635379276475,1.3898231441784392,0.21842323149981208,8.189005029635155e-13,243,8.673783913337729e-11,198
RoutingInterdiction,neural,44,QP+G,45,-0.9744867659486833,-1.0770713574861905,1.799635379276475,1.3898231441784392,0.21842323149981208,8.189005029635155e-13,243,8.673783913337729e-11,198
RoutingInterdiction,neural,44,QP+G,50,-0.9744867659486833,-1.0770713574861905,1.799635379276475,1.3898231441784392,0.21842323149981208,8.189005029635155e-13,243,8.673783913337729e-11,198
RoutingInterdiction,neural,44,QP+G,55,-0.9744867659486833,-1.0770713574861905,1.799635379276475,1.3898231441784392,0.21842323149981208,8.189005029635155e-13,243,8.673783913337729e-11,198
RoutingInterdiction,neural,44,QP+G,60,-0.9744867659486833,-1.0770713574861905,1.799635379276475,1.3898231441784392,0.21842323149981208,8.189005029635155e-13,243,8.673783913337729e-11,198
RoutingInterdiction,neural,44,noG,0,-1.0074699675820789,-1.5833586274075995,2.339350521458742,1.7267204247108765,0.347665991851063,8.777423232686488e-13,246,8.247846849940288e-11,201
RoutingInterdiction,neural,44,noG,5,-1.0120080256973794,-1.5228729197610484,2.3046033796453775,1.7024454134185878,0.34634478886020265,8.44213587924969e-13,246,8.803002771173851e-11,200
RoutingInterdiction,neural,44,noG,10,-1.01132029892575,-1.4329854407148308,2.23649528768014,1.6562633644428084,0.34575372555597933,8.826273045769994e-13,245,8.307554644204629e-11,200
RoutingInterdiction,neural,44,noG,15,-1.0045512816270232,-1.319517716406374,2.1397884320150524,1.5995212586093204,0.34601928358504813,8.129052986305396e-13,245,8.628386893860807e-11,199
RoutingInterdiction,neural,44,noG,20,-0.9921158907175273,-1.1897244740611632,2.021016018017649,1.5474891105139106,0.3475010835742234,8.142375662600898e-13,244,8.105804916169745e-11,199
RoutingInterdiction,neural,44,noG,25,-0.9755464416948179,-1.0886124185423753,1.9247906032349147,1.5152867572637985,0.3505995452461803,8.275602425555917e-13,243,8.662404127335321e-11,198
RoutingInterdiction,neural,44,noG,30,-0.9701716666720618,-1.0869983270646284,1.9233262148437853,1.5109270225679037,0.35168190483130457,8.260059303211165e-13,243,8.621070524128527e-11,198
RoutingInterdiction,neural,44,noG,35,-0.9698968674965013,-1.0872421729844377,1.9235590121390798,1.5107692300903712,0.3517333134715946,8.262279749260415e-13,243,8.619749358729223e-11,198
RoutingInterdiction,neural,44,noG,40,-0.9698831565819187,-1.0872543444798644,1.9235705858503342,1.5107615178797498,0.35173586925367584,8.264500195309665e-13,243,8.619693847577992e-11,198
RoutingInterdiction,neural,44,noG,45,-0.9698824732197245,-1.0872549511288838,1.9235711625897731,1.5107611338965254,0.35173599661292965,8.264500195309665e-13,243,8.619682745347745e-11,198
RoutingInterdiction,neural,44,noG,50,-0.9698824391621693,-1.0872549813632215,1.9235711913331843,1.5107611147604716,0.3517360029602311,8.262279749260415e-13,243,8.619682745347745e-11,198
RoutingInterdiction,neural,44,noG,55,-0.9698824374649416,-1.0872549828699218,1.923571192765585,1.5107611138068326,0.35173600327654275,8.264500195309665e-13,243,8.619693847577992e-11,198
RoutingInterdiction,neural,44,noG,60,-0.9698824373803071,-1.0872549829450546,1.9235711928370125,1.5107611137592973,0.35173600329231597,8.264500195309665e-13,243,8.619693847577992e-11,198
RoutingInterdiction,neural,44,GDA,0,-1.0074699675820789,-1.5833586274075995,2.339350521458742,1.7267204247108765,0.347665991851063,8.777423232686488e-13,246,8.247846849940288e-11,201
RoutingInterdiction,neural,44,GDA,5,-1.0120080256973794,-1.5228729197610484,2.3046033796453775,1.7024454134185878,0.34634478886020265,8.44213587924969e-13,246,8.803002771173851e-11,200
RoutingInterdiction,neural,44,GDA,10,-1.01132029892575,-1.4329854407148308,2.23649528768014,1.6562633644428084,0.34575372555597933,8.826273045769994e-13,245,8.307554644204629e-11,200
RoutingInterdiction,neural,44,GDA,15,-1.0045512816270232,-1.319517716406374,2.1397884320150524,1.5995212586093204,0.34601928358504813,8.129052986305396e-13,245,8.628386893860807e-11,199
RoutingInterdiction,neural,44,GDA,20,-0.9921158907175273,-1.1897244740611632,2.021016018017649,1.5474891105139106,0.3475010835742234,8.142375662600898e-13,244,8.105804916169745e-11,199
RoutingInterdiction,neural,44,GDA,25,-0.9755464416948179,-1.0886124185423753,1.9247906032349147,1.5152867572637985,0.3505995452461803,8.275602425555917e-13,243,8.662404127335321e-11,198
RoutingInterdiction,neural,44,GDA,30,-0.9570683590218741,-1.1234954031461006,1.958314015183301,1.5112283197351586,0.3555212414549328,8.539835505416704e-13,243,8.638678661299082e-11,198
RoutingInterdiction,neural,44,GDA,35,-0.9390646755732366,-1.1937474854738686,2.0210807334659897,1.5329341990875096,0.3621580611992756,8.162359677044151e-13,244,8.912848237230264e-11,198
RoutingInterdiction,neural,44,GDA,40,-0.9235915870602459,-1.2785899510341519,2.092633108594921,1.570675178731047,0.3701468363062791,8.746336987996983e-13,244,8.448175492503651e-11,199
RoutingInterdiction,neural,44,GDA,45,-0.9120289089255239,-1.3631674916289918,2.1586289617100807,1.6126280490310199,0.3790422942067667,8.393286066166183e-13,245,8.946998697467734e-11,199
RoutingInterdiction,neural,44,GDA,50,-0.9048631941685765,-1.4399031827551865,2.212203093076705,1.6475671730275017,0.3884653948088501,8.861800182558e-13,245,8.47699688222292e-11,200
RoutingInterdiction,neural,44,GDA,55,-0.9015741085371639,-1.4956883423523808,2.2411651787855043,1.6664883280500509,0.3981251561980313,8.286704655802168e-13,246,8.807088391904472e-11,200
RoutingInterdiction,neural,44,GDA,60,-0.9006387207250326,-1.5264148350331825,2.2425274387626226,1.6645077754991504,0.40771645884892965,8.457679001594443e-13,246,8.101208592847797e-11,201
RoutingInterdiction,neural,44,Adam-GDA,0,-1.0074699675820789,-1.5833586274075995,2.339350521458742,1.7267204247108765,0.347665991851063,8.777423232686488e-13,246,8.247846849940288e-11,201
RoutingInterdiction,neural,44,Adam-GDA,5,-0.6692199336799651,-1.8617388317265233,2.730641060298395,2.1555265268022055,1.0710829854821204,8.346656699131927e-13,248,8.19500023396813e-11,203
RoutingInterdiction,neural,44,Adam-GDA,10,-0.9205337096693119,-3.609267505862144,3.717983515015822,3.1604157952978973,1.6777688668799768,8.606448886894214e-13,254,8.216449742803889e-11,210
RoutingInterdiction,neural,44,Adam-GDA,15,-1.4390126603038818,-4.654993193031452,5.816780625658637,5.348858234843948,2.879684765513852,8.988365607365267e-13,256,8.833289655285625e-11,212
RoutingInterdiction,neural,44,Adam-GDA,20,-2.1306738775281278,-5.5291894452656365,7.589395326204223,7.195666472426132,4.271581921464891,8.668621376273222e-13,258,8.629452707964447e-11,214
RoutingInterdiction,neural,44,Adam-GDA,25,-1.4846327638037882,-6.095253737158223,9.180064411699801,8.883435866178818,2.5732353703960467,8.597567102697212e-13,259,8.631939607539607e-11,215
RoutingInterdiction,neural,44,Adam-GDA,30,0.6710256186405132,-7.041391456847102,10.34349492859814,10.118013822650298,4.133672198887747,8.135714324453147e-13,261,8.234213311197891e-11,217
RoutingInterdiction,neural,44,Adam-GDA,35,-0.8867526366656511,-8.695444310880559,11.03809199906673,10.804697920532226,6.904262145756953,8.952838470577262e-13,262,8.252420968801744e-11,219
RoutingInterdiction,neural,44,Adam-GDA,40,-7.246749450761564,-8.773094698803401,12.624565369007192,12.456861716120311,3.9924631778987987,8.135714324453147e-13,263,8.333955747730215e-11,219
RoutingInterdiction,neural,44,Adam-GDA,45,-8.156723094299878,-8.24112821912263,12.473956191633636,12.414134917999053,2.7388423917053446,8.490985692333197e-13,262,8.6521012576668e-11,218
RoutingInterdiction,neural,44,Adam-GDA,50,-2.8969140790801493,-6.085122948309645,10.36434055272257,10.20840769933469,9.217523099027805,8.624212455288216e-13,259,8.625278269391856e-11,215
RoutingInterdiction,neural,44,Adam-GDA,55,2.6204248272216075,-8.639774700715785,12.926881557407665,12.904239668668263,1.3605231919252796,8.899547765395255e-13,262,8.195932821308816e-11,219
RoutingInterdiction,neural,44,Adam-GDA,60,2.979807905729057,-8.985263481359825,13.274574482939551,13.28946392314791,0.05567216935602337,8.313350008393172e-13,263,8.560441244753747e-11,219
RoutingInterdiction,neural,44,EGM,0,-1.0074699675820789,-1.5833586274075995,2.339350521458742,1.7267204247108765,0.347665991851063,8.777423232686488e-13,246,8.247846849940288e-11,201
RoutingInterdiction,neural,44,EGM,5,-1.0114846413965846,-1.516867898412284,2.297895124809902,1.6969526944956057,0.3437353676417808,8.411049634560186e-13,246,8.769585058132634e-11,200
RoutingInterdiction,neural,44,EGM,10,-1.0101163276173029,-1.4232069145073147,2.2248678911988686,1.6472113138814195,0.3406346971772677,8.766321002440236e-13,245,8.25850499097669e-11,200
RoutingInterdiction,neural,44,EGM,15,-1.00288401293626,-1.3089932365426524,2.12600716159041,1.5893924327090994,0.33859041132521706,8.957279362675763e-13,244,8.580380850276015e-11,199
RoutingInterdiction,neural,44,EGM,20,-0.9905032576121681,-1.181754627953345,2.008316786049163,1.5380707331923915,0.3380142157917553,8.986145161316017e-13,243,8.979106347339894e-11,198
RoutingInterdiction,neural,44,EGM,25,-0.9746124319577436,-1.0879338918733623,1.9180333408256602,1.5064878036587819,0.3392827286463063,8.271161533457416e-13,243,8.659228889484893e-11,198
RoutingInterdiction,neural,44,EGM,30,-0.9573139715634473,-1.1216370210412596,1.949314465139453,1.5010186466184692,0.34253086446194714,8.526512829121202e-13,243,8.635658854672101e-11,198
RoutingInterdiction,neural,44,EGM,35,-0.9406907249142668,-1.186916367241364,2.0064690830604155,1.5185928565489277,0.3475857963498158,8.113509863960644e-13,244,8.876965829074379e-11,198
RoutingInterdiction,neural,44,EGM,40,-0.926414636988626,-1.2645470500551443,2.070703210357812,1.549881642053145,0.35405949222945704,8.648637361829969e-13,244,8.360423464637279e-11,199
RoutingInterdiction,neural,44,EGM,45,-0.9154853913384887,-1.3350425324886177,2.123126583604339,1.58391350817403,0.3615102884378668,8.213429936176908e-13,245,8.787126581921711e-11,199
RoutingInterdiction,neural,44,EGM,50,-0.9080840054414443,-1.4018984960622451,2.1679983020057634,1.6108424460900517,0.3695568857269525,8.628653347386717e-13,245,8.26445578638868e-11,200
RoutingInterdiction,neural,44,EGM,55,-0.9035302016807198,-1.448569366941632,2.189701522270937,1.6236968894455484,0.37788510124500807,8.917311333789257e-13,245,8.536593654184799e-11,200
RoutingInterdiction,neural,44,EGM,60,-0.9003721104639351,-1.4722264098336697,2.1864825353483712,1.6199014715541487,0.386175694093852,8.149037000748649e-13,246,8.699818643265189e-11,200
RoutingInterdiction,neural,44,PPM-3,0,-1.0074699675820789,-1.5833586274075995,2.339350521458742,1.7267204247108765,0.347665991851063,8.777423232686488e-13,246,8.247846849940288e-11,201
RoutingInterdiction,neural,44,PPM-3,5,-1.011471121595533,-1.5170488566661449,2.298025209186566,1.6970423017411496,0.3437501219355613,8.411049634560186e-13,246,8.770562054394304e-11,200
RoutingInterdiction,neural,44,PPM-3,10,-1.010113471749891,-1.42368695596627,2.225267584829007,1.647459176467256,0.3406675038547019,8.770761894538737e-13,245,8.26090307270988e-11,200
RoutingInterdiction,neural,44,PPM-3,15,-1.002914126874579,-1.3098298075480133,2.1267605980686946,1.5897651356921605,0.3386427875195459,8.963940700823514e-13,244,8.584088995178263e-11,199
RoutingInterdiction,neural,44,PPM-3,20,-0.990576252324021,-1.1829368316070428,2.009441047982844,1.538433466609426,0.33808359253434284,8.992806499463768e-13,243,8.982903310084112e-11,198
RoutingInterdiction,neural,44,PPM-3,25,-0.9747207320593878,-1.0884602927928548,1.9185528046629334,1.506675884657301,0.3393637855502881,8.275602425555917e-13,243,8.660949735173062e-11,198
RoutingInterdiction,neural,44,PPM-3,30,-0.9574344791043488,-1.1208879255097164,1.948630674670194,1.5009454062530359,0.34261926623512756,8.519851490973451e-13,243,8.63427107589132e-11,198
RoutingInterdiction,neural,44,PPM-3,35,-0.9407918109133515,-1.1861658506508237,2.00587135462104,1.5182906807979377,0.3476811538545301,8.109068971862143e-13,244,8.872658163738834e-11,198
RoutingInterdiction,neural,44,PPM-3,40,-0.9264646671737492,-1.263602220253696,2.070007101138174,1.549462444564255,0.3541654117397361,8.644196469731469e-13,244,8.354827940593168e-11,199
RoutingInterdiction,neural,44,PPM-3,45,-0.9154603500170964,-1.333940567966485,2.122370400573847,1.5835287109815148,0.36163212609376916,8.204548151979907e-13,245,8.781109173128243e-11,199
RoutingInterdiction,neural,44,PPM-3,50,-0.9079736408464641,-1.4010516342766066,2.167587580060537,1.6106614499531475,0.36969964966580493,8.626432901337466e-13,245,8.25992607644821e-11,200
RoutingInterdiction,neural,44,PPM-3,55,-0.9033427795549558,-1.4481255641961297,2.1897691095681706,1.6238783993961747,0.37805348748425893,8.915090887740007e-13,245,8.534173367991116e-11,200
RoutingInterdiction,neural,44,PPM-3,60,-0.9001366879106975,-1.4723323742677084,2.187151147817636,1.620546204469017,0.38637608842372245,8.149037000748649e-13,246,8.700418163698487e-11,200
RoutingInterdiction,neural,45,QP+G,0,-0.997351761093543,-1.2261187503754596,1.9915572006229143,1.528281113140187,0.25744661007070974,8.391065620116933e-13,244,8.549960739401286e-11,199
RoutingInterdiction,neural,45,QP+G,5,-0.9880434655176878,-1.1318187527280492,1.8946617827902965,1.4668238335415693,0.22799692166143504,8.610889778992714e-13,243,8.988187971681327e-11,198
RoutingInterdiction,neural,45,QP+G,10,-0.9839039567606628,-1.0862731290491532,1.8387460011274959,1.435562013732067,0.21206655944503103,8.260059303211165e-13,243,8.80964190486111e-11,198
RoutingInterdiction,neural,45,QP+G,15,-0.9814843062177135,-1.0567281383802194,1.8015758298644986,1.4163319703075776,0.20549786576922127,8.926193117986259e-13,242,8.71003269509174e-11,198
RoutingInterdiction,neural,45,QP+G,20,-0.9798398470439541,-1.0534524337314672,1.7928595438458919,1.404607488544325,0.2045435622084215,8.906209103543006e-13,242,8.655898220411018e-11,198
RoutingInterdiction,neural,45,QP+G,25,-0.9790461602929196,-1.0548863401811426,1.7917818336810043,1.3999252952230163,0.2055404516955142,8.915090887740007e-13,242,8.637168757985592e-11,198
RoutingInterdiction,neural,45,QP+G,30,-0.9790461602929196,-1.0548863401811426,1.7917818336810043,1.3999252952230163,0.2055404516955142,8.915090887740007e-13,242,8.637168757985592e-11,198
RoutingInterdiction,neural,45,QP+G,35,-0.9790461602929196,-1.0548863401811426,1.7917818336810043,1.3999252952230163,0.2055404516955142,8.915090887740007e-13,242,8.637168757985592e-11,198
RoutingInterdiction,neural,45,QP+G,40,-0.9790461602929196,-1.0548863401811426,1.7917818336810043,1.3999252952230163,0.2055404516955142,8.915090887740007e-13,242,8.637168757985592e-11,198
RoutingInterdiction,neural,45,QP+G,45,-0.9790461602929196,-1.0548863401811426,1.7917818336810043,1.3999252952230163,0.2055404516955142,8.915090887740007e-13,242,8.637168757985592e-11,198
RoutingInterdiction,neural,45,QP+G,50,-0.9790461602929196,-1.0548863401811426,1.7917818336810043,1.3999252952230163,0.2055404516955142,8.915090887740007e-13,242,8.637168757985592e-11,198
RoutingInterdiction,neural,45,QP+G,55,-0.9790461602929196,-1.0548863401811426,1.7917818336810043,1.3999252952230163,0.2055404516955142,8.915090887740007e-13,242,8.637168757985592e-11,198
RoutingInterdiction,neural,45,QP+G,60,-0.9790461602929196,-1.0548863401811426,1.7917818336810043,1.3999252952230163,0.2055404516955142,8.915090887740007e-13,242,8.637168757985592e-11,198
RoutingInterdiction,neural,45,noG,0,-0.997351761093543,-1.2261187503754596,1.9915572006229143,1.528281113140187,0.25744661007070974,8.391065620116933e-13,244,8.549960739401286e-11,199
RoutingInterdiction,neural,45,noG,5,-0.9945243259558832,-1.1902671175295072,1.9678637972322162,1.5147507485989777,0.25857855550671616,8.149037000748649e-13,244,8.341638491060621e-11,199
RoutingInterdiction,neural,45,noG,10,-0.9891429030964984,-1.143743202813871,1.9310350684265285,1.496189841385509,0.26173100404627114,8.697487174913476e-13,243,8.111622484818781e-11,199
RoutingInterdiction,neural,45,noG,15,-0.984208561833233,-1.1100314833760494,1.9020704881850348,1.483202300572342,0.26479849821549173,8.44213587924969e-13,243,8.852341082388193e-11,198
RoutingInterdiction,neural,45,noG,20,-0.983085686229024,-1.1041085916438762,1.8969150242136075,1.480651153488365,0.2654724267374595,8.393286066166183e-13,243,8.822320651802329e-11,198
RoutingInterdiction,neural,45,noG,25,-0.9828960315322869,-1.1031183457050402,1.8960452862275379,1.4802340851245923,0.2655853534289524,8.386624728018433e-13,243,8.817457874954471e-11,198
RoutingInterdiction,neural,45,noG,30,-0.9828654327844099,-1.1029588424206316,1.8959049888994488,1.4801671661683051,0.2656035490662402,8.388845174067683e-13,243,8.816680718837233e-11,198
RoutingInterdiction,neural,45,noG,35,-0.9828605322759763,-1.1029333040694163,1.8958825203872904,1.4801564583871207,0.2656064625543107,8.386624728018433e-13,243,8.81656969653477e-11,198
RoutingInterdiction,neural,45,noG,40,-0.9828597483664689,-1.102929219000681,1.8958789262298525,1.480154745762185,0.2656069285945186,8.386624728018433e-13,243,8.816525287613786e-11,198
RoutingInterdiction,neural,45,noG,45,-0.982859622992123,-1.1029285656607648,1.8958783513997233,1.480154471860251,0.2656070031301259,8.386624728018433e-13,243,8.816525287613786e-11,198
RoutingInterdiction,neural,45,noG,50,-0.9828596029409233,-1.1029284611718015,1.8958782594667798,1.4801544280550982,0.2656070150506433,8.386624728018433e-13,243,8.816547492074278e-11,198
RoutingInterdiction,neural,45,noG,55,-0.9828595997341343,-1.102928444460886,1.8958782447639453,1.4801544210493423,0.265607016957091,8.386624728018433e-13,243,8.816525287613786e-11,198
RoutingInterdiction,neural,45,noG,60,-0.9828595992215876,-1.1029284417899445,1.8958782424139606,1.4801544199296117,0.26560701726180325,8.388845174067683e-13,243,8.816547492074278e-11,198
RoutingInterdiction,neural,45,GDA,0,-0.997351761093543,-1.2261187503754596,1.9915572006229143,1.528281113140187,0.25744661007070974,8.391065620116933e-13,244,8.549960739401286e-11,199
RoutingInterdiction,neural,45,GDA,5,-0.9945243259558832,-1.1902671175295072,1.9678637972322162,1.5147507485989777,0.25857855550671616,8.149037000748649e-13,244,8.341638491060621e-11,199
RoutingInterdiction,neural,45,GDA,10,-0.9891429030964984,-1.143743202813871,1.9310350684265285,1.496189841385509,0.26173100404627114,8.697487174913476e-13,243,8.111622484818781e-11,199
RoutingInterdiction,neural,45,GDA,15,-0.9812365649504464,-1.0945316725911889,1.8886076909484373,1.4769419895398197,0.2668795421601595,8.322231792590173e-13,243,8.777045756858115e-11,198
RoutingInterdiction,neural,45,GDA,20,-0.9712051202235521,-1.0831808645517824,1.8807919806716626,1.462873169891802,0.27382912327005104,8.235634396669411e-13,243,8.617551117140465e-11,198
RoutingInterdiction,neural,45,GDA,25,-0.9597538316643881,-1.097349120841172,1.8950234371305514,1.459839955299202,0.2822822733032792,8.344436253082677e-13,243,8.589384759005725e-11,198
RoutingInterdiction,neural,45,GDA,30,-0.9477826301307559,-1.139184281902604,1.9333491312063602,1.4708550788518004,0.29191957269319346,8.666400930223972e-13,243,8.71986927108992e-11,198
RoutingInterdiction,neural,45,GDA,35,-0.9362316205084222,-1.1936660644391761,1.9807805183385023,1.4940972055170145,0.30246167686206854,8.166800569142652e-13,244,8.991429822913233e-11,198
RoutingInterdiction,neural,45,GDA,40,-0.925891594296485,-1.2586049700854198,2.0353064937372736,1.5234672669606026,0.3136929574045955,8.606448886894214e-13,244,8.412026630821856e-11,199
RoutingInterdiction,neural,45,GDA,45,-0.9172023427373892,-1.3195402883059653,2.0828067249970483,1.550945101489442,0.32543983599599996,8.120171202108395e-13,245,8.739364787402337e-11,199
RoutingInterdiction,neural,45,GDA,50,-0.9100819622357865,-1.3653128578232887,2.1126351318529952,1.5692413271316146,0.3375124516579709,8.399947404313934e-13,245,8.110623284096619e-11,200
RoutingInterdiction,neural,45,GDA,55,-0.9038493058168102,-1.3925867935747034,2.122139121189842,1.5739846990351993,0.34963687930771165,8.568701304056958e-13,245,8.270162332735254e-11,200
RoutingInterdiction,neural,45,GDA,60,-0.8973031260792405,-1.3992321085064003,2.1100171672928134,1.565270747695679,0.36141844621103836,8.606448886894214e-13,245,8.339107182564476e-11,200
RoutingInterdiction,neural,45,Adam-GDA,0,-0.997351761093543,-1.2261187503754596,1.9915572006229143,1.528281113140187,0.25744661007070974,8.391065620116933e-13,244,8.549960739401286e-11,199
RoutingInterdiction,neural,45,Adam-GDA,5,-0.7190492646298858,-2.6115208878752956,3.2284344411074715,2.60142383225329,0.9813892627695204,8.553158181712206e-13,251,8.646239280096779e-11,206
RoutingInterdiction,neural,45,Adam-GDA,10,-1.3006051084965944,-3.4907804133459406,4.448322272348056,3.908158884415985,2.440817960462505,8.308909116294672e-13,254,8.868061840416885e-11,209
RoutingInterdiction,neural,45,Adam-GDA,15,-0.3747109819307893,-4.103697027746485,6.701262074299258,6.289305694047922,3.4038413288807483,8.890665981198254e-13,255,8.638467718924403e-11,211
RoutingInterdiction,neural,45,Adam-GDA,20,-0.03627326804206215,-5.411328227812573,7.379014056098346,7.034291439449822,3.2684714850575003,8.43769498715119e-13,258,8.36966052020216e-11,214
RoutingInterdiction,neural,45,Adam-GDA,25,-0.9438385166198489,-5.7422990343448514,8.094632535907786,7.838222432097819,3.2952038290578898,8.979483823168266e-13,258,8.128964168463426e-11,215
RoutingInterdiction,neural,45,Adam-GDA,30,-0.5946259927080153,-6.480945079887166,9.719346196441753,9.456801943843772,3.990129394358548,8.260059303211165e-13,260,8.30100432835934e-11,216
RoutingInterdiction,neural,45,Adam-GDA,35,2.128706968754885,-8.516097936311489,11.768071388742767,11.616112333299997,1.6577284658577656,8.775202786637237e-13,262,8.970602038971265e-11,218
RoutingInterdiction,neural,45,Adam-GDA,40,1.641254299001122,-8.933785665339599,11.555314566212118,11.466399236227813,2.64158036131241,8.29558643999917e-13,263,8.503953097260819e-11,219
RoutingInterdiction,neural,45,Adam-GDA,45,-1.2520251162953473,-8.964593232745724,11.077199478010709,10.912018513979753,4.857915233061893,8.348877145181177e-13,263,8.537881512893364e-11,219
RoutingInterdiction,neural,45,Adam-GDA,50,-6.5893361849237175,-8.970974001659744,12.418648558452608,12.255757553493037,4.798579746969613,8.313350008393172e-13,263,8.544809304567025e-11,219
RoutingInterdiction,neural,45,Adam-GDA,55,-8.760619181138452,-8.969484121836095,13.078972647591954,13.082165066481357,0.5632918666435565,8.313350008393172e-13,263,8.543210583411565e-11,219
RoutingInterdiction,neural,45,Adam-GDA,60,-8.919566485407746,-8.95914201635083,13.210844111450252,13.222826868704427,0.22145086717213566,8.313350008393172e-13,263,8.532552442375163e-11,219
RoutingInterdiction,neural,45,EGM,0,-0.997351761093543,-1.2261187503754596,1.9915572006229143,1.528281113140187,0.25744661007070974,8.391065620116933e-13,244,8.549960739401286e-11,199
RoutingInterdiction,neural,45,EGM,5,-0.9942697906670783,-1.1882556416195142,1.965369237505015,1.5130235505269687,0.25745197412833926,8.135714324453147e-13,244,8.332201595351307e-11,199
RoutingInterdiction,neural,45,EGM,10,-0.9886480091480309,-1.140512924230147,1.9266637187965587,1.493306952066408,0.25954731115686464,8.673062268371723e-13,243,8.998957135020191e-11,198
RoutingInterdiction,neural,45,EGM,15,-0.9806241465277058,-1.0917404079511739,1.8839162696380538,1.4735653424359887,0.26367229679341303,8.30002733209767e-13,243,8.766787296110579e-11,198
RoutingInterdiction,neural,45,EGM,20,-0.9706708474988985,-1.0836825328648643,1.8786141078830874,1.4593961902718182,0.26960896833056053,8.242295734817162e-13,243,8.614764457348656e-11,198
RoutingInterdiction,neural,45,EGM,25,-0.959508868301062,-1.0980200607199868,1.892300611086208,1.4559011340597823,0.2770525772179729,8.348877145181177e-13,243,8.589895461597052e-11,198
RoutingInterdiction,neural,45,EGM,30,-0.9479822276259906,-1.1386662253733941,1.9288761951475801,1.4651248910340602,0.285687654573426,8.661960038125471e-13,243,8.709899468328786e-11,198
RoutingInterdiction,neural,45,EGM,35,-0.9369020535276888,-1.1890366440733682,1.971875646247593,1.484675929744999,0.2952413696395276,8.135714324453147e-13,244,8.95130636280328e-11,198
RoutingInterdiction,neural,45,EGM,40,-0.9268742857140237,-1.2412164352489188,2.013644120519396,1.5087156633075065,0.3054990806674907,8.486544800234697e-13,244,8.33284552470559e-11,199
RoutingInterdiction,neural,45,EGM,45,-0.9181395905602956,-1.2950042321177844,2.054387674646669,1.5303257573739426,0.3162812484930055,8.855138844410249e-13,244,8.609779555968089e-11,199
RoutingInterdiction,neural,45,EGM,50,-0.9104678964061269,-1.334035026170356,2.0782940866709545,1.5438809104272977,0.32739545134517317,8.211209490127658e-13,245,8.837575116160679e-11,199
RoutingInterdiction,neural,45,EGM,55,-0.9031553972067434,-1.3559592528186168,2.0836942570836214,1.5467973546532248,0.33859000461979705,8.339995360984176e-13,245,8.990364008809593e-11,199
RoutingInterdiction,neural,45,EGM,60,-0.895156495119861,-1.3765712159156975,2.0871518161795612,1.540435376205166,0.3495394524525806,8.482103908136196e-13,245,8.165867981801966e-11,200
RoutingInterdiction,neural,45,PPM-3,0,-0.997351761093543,-1.2261187503754596,1.9915572006229143,1.528281113140187,0.25744661007070974,8.391065620116933e-13,244,8.549960739401286e-11,199
RoutingInterdiction,neural,45,PPM-3,5,-0.9942686493682716,-1.1883323622425381,1.965426145889683,1.5130533308933036,0.257461742411286,8.133493878403897e-13,244,8.332601275640172e-11,199
RoutingInterdiction,neural,45,PPM-3,10,-0.9886535038651716,-1.1406958626795936,1.9268172070342566,1.4933742692342702,0.25956228182688856,8.673062268371723e-13,243,8.999845313439891e-11,198
RoutingInterdiction,neural,45,PPM-3,15,-0.9806415662315053,-1.0920163313538338,1.8841646986328526,1.4736524703653981,0.263689307190824,8.304468224196171e-13,243,8.767830905753726e-11,198
RoutingInterdiction,neural,45,PPM-3,20,-0.9707010835830636,-1.0837082044053772,1.8786264960596315,1.4594576101330068,0.26962692900614726,8.240075288767912e-13,243,8.615408386702939e-11,198
RoutingInterdiction,neural,45,PPM-3,25,-0.9595473684873771,-1.0978082729405392,1.8921018745190978,1.4558794649854043,0.2770724291506072,8.346656699131927e-13,243,8.589562394689665e-11,198
RoutingInterdiction,neural,45,PPM-3,30,-0.9480191519669687,-1.1384237831575441,1.928684263908985,1.4649847968736232,0.2857117538749897,8.661960038125471e-13,243,8.70816752041037e-11,198
RoutingInterdiction,neural,45,PPM-3,35,-0.9369239235437113,-1.188617791447211,1.9715538946728737,1.4844338634414185,0.29527269581130416,8.133493878403897e-13,244,8.948242147255314e-11,198
RoutingInterdiction,neural,45,PPM-3,40,-0.9268672237611219,-1.2404488605480724,2.0130262044949787,1.508446350363426,0.30554075400014796,8.482103908136196e-13,244,8.32947044671073e-11,199
RoutingInterdiction,neural,45,PPM-3,45,-0.9180938012437379,-1.2943873436305577,2.0539744946639518,1.5301444588447919,0.316336721048228,8.850697952311748e-13,244,8.606670931499139e-11,199
RoutingInterdiction,neural,45,PPM-3,50,-0.9103823268399556,-1.333684442699207,2.078196972898054,1.5439092259398546,0.3274693587354362,8.208989044078407e-13,245,8.835776554860786e-11,199
RoutingInterdiction,neural,45,PPM-3,55,-0.9030407563587155,-1.3559888010251333,2.0840159742000886,1.5471206671225326,0.3386891164346176,8.339995360984176e-13,245,8.99060825787501e-11,199
RoutingInterdiction,neural,45,PPM-3,60,-0.8950345644079514,-1.3768963324886634,2.087789705258965,1.5410634659411513,0.3496727617594465,8.482103908136196e-13,245,8.168110632311709e-11,200
RoutingInterdiction,neural,46,QP+G,0,-0.9763883598408417,-1.3827629858427568,2.2107876414959473,1.6439378911668234,0.3514229564039352,8.517631044924201e-13,245,8.939471385360775e-11,199
RoutingInterdiction,neural,46,QP+G,5,-0.9737310833896324,-1.2627219458388692,2.0539254838529883,1.5309643908375552,0.28015247448092956,8.641976023682219e-13,244,8.36521962810366e-11,199
RoutingInterdiction,neural,46,QP+G,10,-0.967716659238171,-1.179917278607899,1.9442772854115284,1.4623230898357684,0.24472615236305983,8.968381592922015e-13,243,8.938316753415165e-11,198
RoutingInterdiction,neural,46,QP+G,15,-0.9660275569469923,-1.1414148864458582,1.8918794682953108,1.4293994604310964,0.22722236543003774,8.679723606519474e-13,243,8.77442563052e-11,198
RoutingInterdiction,neural,46,QP+G,20,-0.9646218906500743,-1.1225677998693426,1.8633105656551032,1.4116443211573637,0.2205538981051931,8.542055951465954e-13,243,8.705003384790189e-11,198
RoutingInterdiction,neural,46,QP+G,25,-0.96315340028666,-1.11204030226695,1.845570366893474,1.4013827253810134,0.21973186673849318,8.457679001594443e-13,243,8.678524565652879e-11,198
RoutingInterdiction,neural,46,QP+G,30,-0.9617422159409347,-1.1075481972380385,1.835911087554732,1.3955528563272699,0.22160928103612432,8.424372310855688e-13,243,8.672662588082858e-11,198
RoutingInterdiction,neural,46,QP+G,35,-0.9617422159409347,-1.1075481972380385,1.835911087554732,1.3955528563272699,0.22160928103612432,8.424372310855688e-13,243,8.672662588082858e-11,198
RoutingInterdiction,neural,46,QP+G,40,-0.9617422159409347,-1.1075481972380385,1.835911087554732,1.3955528563272699,0.22160928103612432,8.424372310855688e-13,243,8.672662588082858e-11,198
RoutingInterdiction,neural,46,QP+G,45,-0.9617422159409347,-1.1075481972380385,1.835911087554732,1.3955528563272699,0.22160928103612432,8.424372310855688e-13,243,8.672662588082858e-11,198
RoutingInterdiction,neural,46,QP+G,50,-0.9617422159409347,-1.1075481972380385,1.835911087554732,1.3955528563272699,0.22160928103612432,8.424372310855688e-13,243,8.672662588082858e-11,198
RoutingInterdiction,neural,46,QP+G,55,-0.9617422159409347,-1.1075481972380385,1.835911087554732,1.3955528563272699,0.22160928103612432,8.424372310855688e-13,243,8.672662588082858e-11,198
RoutingInterdiction,neural,46,QP+G,60,-0.9617422159409347,-1.1075481972380385,1.835911087554732,1.3955528563272699,0.22160928103612432,8.424372310855688e-13,243,8.672662588082858e-11,198
RoutingInterdiction,neural,46,noG,0,-0.9763883598408417,-1.3827629858427568,2.2107876414959473,1.6439378911668234,0.3514229564039352,8.517631044924201e-13,245,8.939471385360775e-11,199
RoutingInterdiction,neural,46,noG,5,-0.9763883598408417,-1.3827629858427568,2.2107876414959473,1.6439378911668234,0.3514229564039352,8.517631044924201e-13,245,8.939471385360775e-11,199
RoutingInterdiction,neural,46,noG,10,-0.9763883598408417,-1.3827629858427568,2.2107876414959473,1.6439378911668234,0.3514229564039352,8.517631044924201e-13,245,8.939471385360775e-11,199
RoutingInterdiction,neural,46,noG,15,-0.9763883598408417,-1.3827629858427568,2.2107876414959473,1.6439378911668234,0.3514229564039352,8.517631044924201e-13,245,8.939471385360775e-11,199
RoutingInterdiction,neural,46,noG,20,-0.9763883598408417,-1.3827629858427568,2.2107876414959473,1.6439378911668234,0.3514229564039352,8.517631044924201e-13,245,8.939471385360775e-11,199
RoutingInterdiction,neural,46,noG,25,-0.9763883598408417,-1.3827629858427568,2.2107876414959473,1.6439378911668234,0.3514229564039352,8.517631044924201e-13,245,8.939471385360775e-11,199
RoutingInterdiction,neural,46,noG,30,-0.9763883598408417,-1.3827629858427568,2.2107876414959473,1.6439378911668234,0.3514229564039352,8.517631044924201e-13,245,8.939471385360775e-11,199
RoutingInterdiction,neural,46,noG,35,-0.9763883598408417,-1.3827629858427568,2.2107876414959473,1.6439378911668234,0.3514229564039352,8.517631044924201e-13,245,8.939471385360775e-11,199
RoutingInterdiction,neural,46,noG,40,-0.9763883598408417,-1.3827629858427568,2.2107876414959473,1.6439378911668234,0.3514229564039352,8.517631044924201e-13,245,8.939471385360775e-11,199
RoutingInterdiction,neural,46,noG,45,-0.9763883598408417,-1.3827629858427568,2.2107876414959473,1.6439378911668234,0.3514229564039352,8.517631044924201e-13,245,8.939471385360775e-11,199
RoutingInterdiction,neural,46,noG,50,-0.9763883598408417,-1.3827629858427568,2.2107876414959473,1.6439378911668234,0.3514229564039352,8.517631044924201e-13,245,8.939471385360775e-11,199
RoutingInterdiction,neural,46,noG,55,-0.9763883598408417,-1.3827629858427568,2.2107876414959473,1.6439378911668234,0.3514229564039352,8.517631044924201e-13,245,8.939471385360775e-11,199
RoutingInterdiction,neural,46,noG,60,-0.9763883598408417,-1.3827629858427568,2.2107876414959473,1.6439378911668234,0.3514229564039352,8.517631044924201e-13,245,8.939471385360775e-11,199
RoutingInterdiction,neural,46,GDA,0,-0.9763883598408417,-1.3827629858427568,2.2107876414959473,1.6439378911668234,0.3514229564039352,8.517631044924201e-13,245,8.939471385360775e-11,199
RoutingInterdiction,neural,46,GDA,5,-0.9675959584703951,-1.4188744869098844,2.2345295224799573,1.6468562364068695,0.35220347828155335,8.739675649849232e-13,245,8.163203446542866e-11,200
RoutingInterdiction,neural,46,GDA,10,-0.9602789512484546,-1.427072289708052,2.225299801798392,1.6332892541106003,0.35478684897109514,8.790745908981989e-13,245,8.197575951385261e-11,200
RoutingInterdiction,neural,46,GDA,15,-0.9544006387118286,-1.405859109502428,2.1827020555975474,1.6009803054959866,0.35824934958307764,8.659739592076221e-13,245,8.12465650312788e-11,200
RoutingInterdiction,neural,46,GDA,20,-0.949309967612881,-1.3563953423065769,2.1092281647841977,1.55600568669497,0.36165448819078294,8.353318037279678e-13,245,8.864775580263995e-11,199
RoutingInterdiction,neural,46,GDA,25,-0.9441763711768912,-1.2843513328676734,2.011989533198964,1.5115089651973217,0.3645210818408716,8.790745908981989e-13,244,8.712608412508871e-11,199
RoutingInterdiction,neural,46,GDA,30,-0.938388096857942,-1.2783566402082442,1.981027519091872,1.4817893705103686,0.3670623813390622,8.757439218243235e-13,244,8.672373930096455e-11,199
RoutingInterdiction,neural,46,GDA,35,-0.9317056898684513,-1.3162240303879402,1.9954147709530297,1.4722243935877826,0.370123976435938,8.117950756059145e-13,245,8.7770901657791e-11,199
RoutingInterdiction,neural,46,GDA,40,-0.9241126122297577,-1.3480750807188948,2.0063048502321528,1.4764235736846198,0.3748416256303003,8.315570454442422e-13,245,8.969336384723192e-11,199
RoutingInterdiction,neural,46,GDA,45,-0.9154870093310616,-1.3859482060718498,2.026522149511572,1.484992886176816,0.382129386436802,8.537615059367454e-13,245,8.252953875853564e-11,200
RoutingInterdiction,neural,46,GDA,50,-0.9053372220147925,-1.4124352639563982,2.039226891058375,1.4943019420533354,0.39221367359899834,8.695266728864226e-13,245,8.411493723770036e-11,200
RoutingInterdiction,neural,46,GDA,55,-0.8928290828303744,-1.4638075899245544,2.081090556125853,1.508234385064374,0.4044584568806175,8.133493878403897e-13,246,8.572120790972804e-11,200
RoutingInterdiction,neural,46,GDA,60,-0.8771772429572039,-1.524721249153752,2.1370438994134373,1.5330956438352565,0.41758237224184536,8.466560785791444e-13,246,8.776712689950728e-11,200
RoutingInterdiction,neural,46,Adam-GDA,0,-0.9763883598408417,-1.3827629858427568,2.2107876414959473,1.6439378911668234,0.3514229564039352,8.517631044924201e-13,245,8.939471385360775e-11,199
RoutingInterdiction,neural,46,Adam-GDA,5,-0.8038869473974948,-2.4358758810380166,3.117360566104968,2.5234297562258523,1.1071339222559384,8.855138844410249e-13,250,8.964118336507454e-11,205
RoutingInterdiction,neural,46,Adam-GDA,10,-0.9440130264787029,-3.56885943186876,4.649466794825223,4.101234596515505,2.5978990637412647,8.553158181712206e-13,254,8.136336049346937e-11,210
RoutingInterdiction,neural,46,Adam-GDA,15,-0.1875895832600485,-4.2977760189797305,6.544297788491393,6.095003649003575,2.9761970780395477,8.277822871605167e-13,256,8.93844998017812e-11,211
RoutingInterdiction,neural,46,Adam-GDA,20,-0.5575199499078229,-7.155811081256539,9.080600136712725,8.758748367626737,3.6481579366764407,8.180123245438153e-13,261,8.267520001936646e-11,217
RoutingInterdiction,neural,46,Adam-GDA,25,-2.7899502580707276,-6.359049840065124,9.582852202885835,9.223468257950792,4.930495493887093,8.109068971862143e-13,260,8.147438279593189e-11,216
RoutingInterdiction,neural,46,Adam-GDA,30,-0.7528663788237826,-5.903555980801635,9.72659153457833,9.442405029619742,4.802640202740544,8.348877145181177e-13,259,8.356337843906658e-11,215
RoutingInterdiction,neural,46,Adam-GDA,35,2.003157015559877,-7.856310917455799,11.709954004312099,11.600196985552547,2.2836326101942612,8.988365607365267e-13,261,8.234923853933651e-11,218
RoutingInterdiction,neural,46,Adam-GDA,40,1.5271432684883561,-8.864720166706398,11.77140391090806,11.686160064804628,3.773384984194659,8.22453216642316e-13,263,8.430234288425709e-11,219
RoutingInterdiction,neural,46,Adam-GDA,45,-2.6894264872953677,-8.91654710872563,11.672855635009956,11.552306141999482,5.881372657535424,8.260059303211165e-13,263,8.485656621814996e-11,219
RoutingInterdiction,neural,46,Adam-GDA,50,-8.179196838605709,-8.909878691596623,12.732945767138112,12.657640835952638,2.1612753190146696,8.260059303211165e-13,263,8.478906465825276e-11,219
RoutingInterdiction,neural,46,Adam-GDA,55,-8.771092370657856,-8.829894414812125,12.845761377647154,12.815417682368254,0.7311157590388297,8.189005029635155e-13,263,8.395062423005584e-11,219
RoutingInterdiction,neural,46,Adam-GDA,60,-8.260007069356147,-8.27694773694898,12.314815527684694,12.254584731203984,2.620877965796368,8.5087492607272e-13,262,8.701128706434247e-11,218
RoutingInterdiction,neural,46,EGM,0,-0.9763883598408417,-1.3827629858427568,2.2107876414959473,1.6439378911668234,0.3514229564039352,8.517631044924201e-13,245,8.939471385360775e-11,199
RoutingInterdiction,neural,46,EGM,5,-0.9677489095679341,-1.4136945506122736,2.2283507911439004,1.6421413775574605,0.3495786358086818,8.708589405159728e-13,245,8.137579499134517e-11,200
RoutingInterdiction,neural,46,EGM,10,-0.9605835744940324,-1.4162622345255105,2.2129591198924956,1.623887042651131,0.3496757688263463,8.72191208145523e-13,245,8.1426643205873e-11,200
RoutingInterdiction,neural,46,EGM,15,-0.9546790768148292,-1.3902323674821933,2.1655844575785075,1.5884595285598162,0.350792126236416,8.564260411958458e-13,245,8.941558604647071e-11,199
RoutingInterdiction,neural,46,EGM,20,-0.949353499954472,-1.3379420653560348,2.0899102982821307,1.5429846643262717,0.3520694747158762,8.242295734817162e-13,245,8.770184578565932e-11,199
RoutingInterdiction,neural,46,EGM,25,-0.943877108464454,-1.268954622988812,1.9968687376013339,1.5001440582755299,0.3531271118472582,8.686384944667225e-13,244,8.622480507369801e-11,199
RoutingInterdiction,neural,46,EGM,30,-0.9377669986040373,-1.2644979555194333,1.968961930529841,1.4719086991864945,0.35422517272850335,8.661960038125471e-13,244,8.582889954311668e-11,199
RoutingInterdiction,neural,46,EGM,35,-0.9308276584083202,-1.2971207871455281,1.979830758060614,1.4614903301381859,0.3561454259548347,8.890665981198254e-13,244,8.66886562533864e-11,199
RoutingInterdiction,neural,46,EGM,40,-0.9229651717739693,-1.3312752529317395,1.9947966703520907,1.4629560562027772,0.35984464131288846,8.215650382226158e-13,245,8.827716335702007e-11,199
RoutingInterdiction,neural,46,EGM,45,-0.9139345834674231,-1.3648328978461173,2.0123820190276396,1.4692889784778225,0.36601040929142065,8.413270080609436e-13,245,8.999623268834966e-11,199
RoutingInterdiction,neural,46,EGM,50,-0.9032197122043248,-1.3986985639368865,2.0339559342581732,1.4788779628376947,0.3747143114051197,8.628653347386717e-13,245,8.251443972540073e-11,200
RoutingInterdiction,neural,46,EGM,55,-0.8901692381246382,-1.4482573777667824,2.0752175176113616,1.4955527934493542,0.3853360114292652,8.93729534823251e-13,245,8.424860808986523e-11,200
RoutingInterdiction,neural,46,EGM,60,-0.8743566638505018,-1.5071478563030059,2.129988830296089,1.5236434469099713,0.3967875126720169,8.36886115962443e-13,246,8.648770588592924e-11,200
RoutingInterdiction,neural,46,PPM-3,0,-0.9763883598408417,-1.3827629858427568,2.2107876414959473,1.6439378911668234,0.3514229564039352,8.517631044924201e-13,245,8.939471385360775e-11,199
RoutingInterdiction,neural,46,PPM-3,5,-0.9677529338057107,-1.413621109268729,2.2283194840723133,1.6421442634565424,0.3496040296144872,8.708589405159728e-13,245,8.137313045608607e-11,200
RoutingInterdiction,neural,46,PPM-3,10,-0.9605780873762245,-1.4162536577861515,2.213051136800802,1.623980786405296,0.3497210470676794,8.72191208145523e-13,245,8.142619911666316e-11,200
RoutingInterdiction,neural,46,PPM-3,15,-0.9546579682549853,-1.3904246257349508,2.1659399703356446,1.5887195899468822,0.3508579509303746,8.566480858007708e-13,245,8.942313556303816e-11,199
RoutingInterdiction,neural,46,PPM-3,20,-0.9493206674369764,-1.338441091869375,2.0906276667024786,1.543404614505737,0.35216003481603225,8.244516180866412e-13,245,8.771761095260899e-11,199
RoutingInterdiction,neural,46,PPM-3,25,-0.9438420490302182,-1.2691782697859146,1.9973487347291328,1.5006076519797302,0.35324464122888655,8.684164498617974e-13,244,8.624123637446246e-11,199
RoutingInterdiction,neural,46,PPM-3,30,-0.9377375534724903,-1.2644255172212544,1.9691608907245173,1.4722591526577806,0.35436517230614845,8.659739592076221e-13,244,8.583556088126443e-11,199
RoutingInterdiction,neural,46,PPM-3,35,-0.9308054069641228,-1.2969135239922474,1.97988503193615,1.461663301998477,0.3562955902003057,8.886225089099753e-13,244,8.66824390044485e-11,199
RoutingInterdiction,neural,46,PPM-3,40,-0.9229467710190833,-1.3310034547218135,1.9947528228070566,1.4630134282843845,0.3599888847985491,8.213429936176908e-13,245,8.826472885914427e-11,199
RoutingInterdiction,neural,46,PPM-3,45,-0.9139179438940874,-1.3647797411759184,2.0125023334031162,1.469329323691245,0.36613675296995407,8.413270080609436e-13,245,8.998646272573296e-11,199
RoutingInterdiction,neural,46,PPM-3,50,-0.9032099943446384,-1.3985447090953875,2.033903126220215,1.478944346327893,0.3748224332027714,8.624212455288216e-13,245,8.251266336856133e-11,200
RoutingInterdiction,neural,46,PPM-3,55,-0.8901788681121152,-1.4477903299109012,2.074763203096449,1.4956163338701083,0.38543949489641155,8.93285445613401e-13,245,8.425260489275388e-11,200
RoutingInterdiction,neural,46,PPM-3,60,-0.8743969633177753,-1.5069352522873949,2.12968573820127,1.5236651888541974,0.39690876061286307,8.36664071357518e-13,246,8.649658767012625e-11,200
RoutingInterdiction,neural,47,QP+G,0,-0.9622948019572832,-1.3100029514312188,2.154930253313668,1.648987100699938,0.3870052590562174,8.966161146872764e-13,244,8.823919372957789e-11,199
RoutingInterdiction,neural,47,QP+G,5,-0.9837668380516389,-1.1929781853405588,2.007550662792661,1.5394945430214322,0.29050130701698335,8.166800569142652e-13,244,8.237810433797677e-11,199
RoutingInterdiction,neural,47,QP+G,10,-0.9929389882194267,-1.123747982361019,1.9141921455005115,1.4825121268805104,0.2334884880387564,8.548717289613705e-13,243,8.881073654265492e-11,198
RoutingInterdiction,neural,47,QP+G,15,-0.992515192218196,-1.1070182236831583,1.8760245848790933,1.4522913067112684,0.2028738243969405,8.419931418757187e-13,243,8.81106299033263e-11,198
RoutingInterdiction,neural,47,QP+G,20,-0.9893492288155208,-1.0921681037438002,1.8456297251823894,1.4294133045237438,0.1910367435416252,8.306688670245421e-13,243,8.749401203544949e-11,198
RoutingInterdiction,neural,47,QP+G,25,-0.9849618270933665,-1.0747104831298477,1.8174858730020136,1.412020609484381,0.18972998449890147,8.171241461241152e-13,243,8.691547481731732e-11,198
RoutingInterdiction,neural,47,QP+G,30,-0.9796205681465033,-1.069114075902917,1.8044236111595664,1.3996325836403019,0.19395810940022692,8.131273432354647e-13,243,8.648703975211447e-11,198
RoutingInterdiction,neural,47,QP+G,35,-0.9792153937142736,-1.0677533332596296,1.80116739626818,1.396688269950829,0.19566655698791197,8.117950756059145e-13,243,8.63954463525829e-11,198
RoutingInterdiction,neural,47,QP+G,40,-0.9792153937142736,-1.0677533332596296,1.80116739626818,1.396688269950829,0.19566655698791197,8.117950756059145e-13,243,8.63954463525829e-11,198
RoutingInterdiction,neural,47,QP+G,45,-0.9792153937142736,-1.0677533332596296,1.80116739626818,1.396688269950829,0.19566655698791197,8.117950756059145e-13,243,8.63954463525829e-11,198
RoutingInterdiction,neural,47,QP+G,50,-0.9792153937142736,-1.0677533332596296,1.80116739626818,1.396688269950829,0.19566655698791197,8.117950756059145e-13,243,8.63954463525829e-11,198
RoutingInterdiction,neural,47,QP+G,55,-0.9792153937142736,-1.0677533332596296,1.80116739626818,1.396688269950829,0.19566655698791197,8.117950756059145e-13,243,8.63954463525829e-11,198
RoutingInterdiction,neural,47,QP+G,60,-0.9792153937142736,-1.0677533332596296,1.80116739626818,1.396688269950829,0.19566655698791197,8.117950756059145e-13,243,8.63954463525829e-11,198
RoutingInterdiction,neural,47,noG,0,-0.9622948019572832,-1.3100029514312188,2.154930253313668,1.648987100699938,0.3870052590562174,8.966161146872764e-13,244,8.823919372957789e-11,199
RoutingInterdiction,neural,47,noG,5,-0.9622948019572832,-1.3100029514312188,2.154930253313668,1.648987100699938,0.3870052590562174,8.966161146872764e-13,244,8.823919372957789e-11,199
RoutingInterdiction,neural,47,noG,10,-0.9622948019572832,-1.3100029514312188,2.154930253313668,1.648987100699938,0.3870052590562174,8.966161146872764e-13,244,8.823919372957789e-11,199
RoutingInterdiction,neural,47,noG,15,-0.9622948019572832,-1.3100029514312188,2.154930253313668,1.648987100699938,0.3870052590562174,8.966161146872764e-13,244,8.823919372957789e-11,199
RoutingInterdiction,neural,47,noG,20,-0.9622948019572832,-1.3100029514312188,2.154930253313668,1.648987100699938,0.3870052590562174,8.966161146872764e-13,244,8.823919372957789e-11,199
RoutingInterdiction,neural,47,noG,25,-0.9622948019572832,-1.3100029514312188,2.154930253313668,1.648987100699938,0.3870052590562174,8.966161146872764e-13,244,8.823919372957789e-11,199
RoutingInterdiction,neural,47,noG,30,-0.9622948019572832,-1.3100029514312188,2.154930253313668,1.648987100699938,0.3870052590562174,8.966161146872764e-13,244,8.823919372957789e-11,199
RoutingInterdiction,neural,47,noG,35,-0.9622948019572832,-1.3100029514312188,2.154930253313668,1.648987100699938,0.3870052590562174,8.966161146872764e-13,244,8.823919372957789e-11,199
RoutingInterdiction,neural,47,noG,40,-0.9622948019572832,-1.3100029514312188,2.154930253313668,1.648987100699938,0.3870052590562174,8.966161146872764e-13,244,8.823919372957789e-11,199
RoutingInterdiction,neural,47,noG,45,-0.9622948019572832,-1.3100029514312188,2.154930253313668,1.648987100699938,0.3870052590562174,8.966161146872764e-13,244,8.823919372957789e-11,199
RoutingInterdiction,neural,47,noG,50,-0.9622948019572832,-1.3100029514312188,2.154930253313668,1.648987100699938,0.3870052590562174,8.966161146872764e-13,244,8.823919372957789e-11,199
RoutingInterdiction,neural,47,noG,55,-0.9622948019572832,-1.3100029514312188,2.154930253313668,1.648987100699938,0.3870052590562174,8.966161146872764e-13,244,8.823919372957789e-11,199
RoutingInterdiction,neural,47,noG,60,-0.9622948019572832,-1.3100029514312188,2.154930253313668,1.648987100699938,0.3870052590562174,8.966161146872764e-13,244,8.823919372957789e-11,199
RoutingInterdiction,neural,47,GDA,0,-0.9622948019572832,-1.3100029514312188,2.154930253313668,1.648987100699938,0.3870052590562174,8.966161146872764e-13,244,8.823919372957789e-11,199
RoutingInterdiction,neural,47,GDA,5,-0.9575168675265358,-1.3982021082958183,2.2223460128871553,1.6857614765013254,0.3785326261904584,8.610889778992714e-13,245,8.372302851000768e-11,200
RoutingInterdiction,neural,47,GDA,10,-0.9605376258721027,-1.4617371132082246,2.2610675550789727,1.7059274490322935,0.3708768389065799,8.102407633714392e-13,246,8.705258736085852e-11,200
RoutingInterdiction,neural,47,GDA,15,-0.9689468672095412,-1.4981473802788399,2.2702421930335728,1.7054048451146417,0.3636416759258191,8.304468224196171e-13,246,8.901790415904998e-11,200
RoutingInterdiction,neural,47,GDA,20,-0.9797005108432896,-1.5061653883814778,2.2501737368693817,1.6830311714260486,0.35700592547848226,8.348877145181177e-13,246,8.944622820195036e-11,200
RoutingInterdiction,neural,47,GDA,25,-0.9897322466535371,-1.4858400761270514,2.2023357826022214,1.640041716389408,0.3515495621707873,8.237854842718662e-13,246,8.833622722193013e-11,200
RoutingInterdiction,neural,47,GDA,30,-0.996416611378606,-1.4386307822632505,2.129396189220784,1.579937401549593,0.34798752425514207,8.861800182558e-13,245,8.585088195900425e-11,200
RoutingInterdiction,neural,47,GDA,35,-0.9978904996284366,-1.367377501842931,2.0351691821418205,1.5083900616239805,0.3469324124893959,8.422151864806438e-13,245,8.231215709031403e-11,200
RoutingInterdiction,neural,47,GDA,40,-0.9932362698423847,-1.2894100289562234,1.937750533316041,1.4330571263194878,0.3487247066178502,8.828493491819245e-13,244,8.688760821939923e-11,199
RoutingInterdiction,neural,47,GDA,45,-0.9825259303721564,-1.2152796825090935,1.8483008207971539,1.3636752948993214,0.35333184124102657,8.317790900491673e-13,244,8.241518578699925e-11,199
RoutingInterdiction,neural,47,GDA,50,-0.9667408870118955,-1.1330704543793717,1.755409826549491,1.3131341526838962,0.3603228453452055,8.613110225041964e-13,243,8.787282013145159e-11,198
RoutingInterdiction,neural,47,GDA,55,-0.9476023521068714,-1.1561515404179046,1.7728805081347547,1.2969272296455614,0.36894103133569184,8.79518680108049e-13,243,8.685707708622203e-11,198
RoutingInterdiction,neural,47,GDA,60,-0.9273473459877428,-1.225098075308539,1.8416403076323884,1.3244772244079765,0.3782924125991085,8.393286066166183e-13,244,8.936185125207885e-11,198
RoutingInterdiction,neural,47,Adam-GDA,0,-0.9622948019572832,-1.3100029514312188,2.154930253313668,1.648987100699938,0.3870052590562174,8.966161146872764e-13,244,8.823919372957789e-11,199
RoutingInterdiction,neural,47,Adam-GDA,5,-0.9819846079926939,-1.809868374680503,2.297275688479269,1.7412507429495583,0.7700702132931146,8.133493878403897e-13,248,8.788281213867322e-11,202
RoutingInterdiction,neural,47,Adam-GDA,10,-0.5823951087180599,-2.430727335490173,3.713545233264176,3.1995299736920653,2.1198244294824367,8.735234757750732e-13,250,8.110623284096619e-11,206
RoutingInterdiction,neural,47,Adam-GDA,15,-0.7499610103818408,-5.2041239123129,6.496802650946394,6.138444714710534,3.198748692304193,8.144596108650148e-13,258,8.980638455113876e-11,213
RoutingInterdiction,neural,47,Adam-GDA,20,-2.1936539345229096,-5.539657775489295,8.00014680148233,7.59932414306036,3.380459705274373,8.730793865652231e-13,258,8.674483353843243e-11,214
RoutingInterdiction,neural,47,Adam-GDA,25,-1.5961790833255247,-6.4067680714017,8.755602799693456,8.466578822825493,3.471621963203088,8.189005029635155e-13,260,8.256417771690394e-11,216
RoutingInterdiction,neural,47,Adam-GDA,30,-0.6389677709868857,-6.982029784480259,9.332484093268736,9.121574714035026,5.415079568137573,8.86402062860725e-13,260,8.985612254264197e-11,216
RoutingInterdiction,neural,47,Adam-GDA,35,-1.522609733968558,-8.838198028010494,11.523885959196106,11.433506630460395,2.7198533930776394,8.171241461241152e-13,263,8.402700757415005e-11,219
RoutingInterdiction,neural,47,Adam-GDA,40,-2.560440580638939,-8.939643648388206,12.270662321847606,12.230595297362443,0.6815634817896323,8.313350008393172e-13,263,8.51034798188266e-11,219
RoutingInterdiction,neural,47,Adam-GDA,45,-3.08329644932942,-8.948102928651052,11.952573997362341,11.912098223284035,2.594362232761684,8.29558643999917e-13,263,8.519229766079661e-11,219
RoutingInterdiction,neural,47,Adam-GDA,50,-7.218612704554655,-8.937797117679368,12.399112367875421,12.34449669303049,4.205680546092842,8.29558643999917e-13,263,8.50839398935932e-11,219
RoutingInterdiction,neural,47,Adam-GDA,55,-8.818787639027128,-8.894941016442495,12.878547519502705,12.852106976427072,0.4710605366939579,8.242295734817162e-13,263,8.461853440167033e-11,219
RoutingInterdiction,neural,47,Adam-GDA,60,-8.688705673735917,-8.697815500944328,12.742715611844556,12.70458606668345,1.0933542966544494,8.93507490218326e-13,262,8.254019689957204e-11,219
RoutingInterdiction,neural,47,EGM,0,-0.9622948019572832,-1.3100029514312188,2.154930253313668,1.648987100699938,0.3870052590562174,8.966161146872764e-13,244,8.823919372957789e-11,199
RoutingInterdiction,neural,47,EGM,5,-0.9583121674112478,-1.3933608698563944,2.21677767563166,1.6812107162171723,0.3752274704427756,8.58202398035246e-13,245,8.345923951935674e-11,200
RoutingInterdiction,neural,47,EGM,10,-0.9616480691599858,-1.4510259317143472,2.2495241160770947,1.6965354015217748,0.3647315720918879,8.93729534823251e-13,245,8.645195670453631e-11,200
RoutingInterdiction,neural,47,EGM,15,-0.9696915455199392,-1.4813422210406488,2.2530829895547497,1.691597295634233,0.35509435364069636,8.211209490127658e-13,246,8.806844142839054e-11,200
RoutingInterdiction,neural,47,EGM,20,-0.9794498194153565,-1.483885560182242,2.2285038992566615,1.6659671689467583,0.34643197654555663,8.22675261247241e-13,246,8.819855956687661e-11,200
RoutingInterdiction,neural,47,EGM,25,-0.9880932382933771,-1.4595414732860517,2.1779692127969428,1.6215538940529757,0.33922375960561163,8.988365607365267e-13,245,8.689782227122578e-11,200
RoutingInterdiction,neural,47,EGM,30,-0.9933409190311533,-1.4105035173598697,2.104750754951646,1.5623146045839296,0.3340694923215343,8.686384944667225e-13,245,8.43733971578331e-11,200
RoutingInterdiction,neural,47,EGM,35,-0.9937009528656833,-1.341291083090479,2.0142282480573033,1.4939860870869939,0.33147265319102504,8.260059303211165e-13,245,8.996314804221583e-11,199
RoutingInterdiction,neural,47,EGM,40,-0.9885736338809095,-1.26972778548534,1.9248990880199286,1.4238522622379084,0.3316780714178773,8.690825836765725e-13,244,8.571743315144431e-11,199
RoutingInterdiction,neural,47,EGM,45,-0.9782300509540105,-1.2012675843225915,1.8427475817758026,1.360958610975138,0.3345755420011109,8.220091274324659e-13,244,8.170220056058497e-11,199
RoutingInterdiction,neural,47,EGM,50,-0.963692701801016,-1.1307533116857384,1.7630377970601894,1.3169052305649718,0.339689321827793,8.599787548746463e-13,243,8.760614456093663e-11,198
RoutingInterdiction,neural,47,EGM,55,-0.9465522862936199,-1.1568118529375078,1.7847168246133052,1.3043374900129607,0.34627355292033796,8.801848139228241e-13,243,8.685385743945062e-11,198
RoutingInterdiction,neural,47,EGM,60,-0.9287413189351914,-1.2185203664387478,1.8470517828653037,1.3293213786568612,0.3535100020430679,8.344436253082677e-13,244,8.905298720662813e-11,198
RoutingInterdiction,neural,47,PPM-3,0,-0.9622948019572832,-1.3100029514312188,2.154930253313668,1.648987100699938,0.3870052590562174,8.966161146872764e-13,244,8.823919372957789e-11,199
RoutingInterdiction,neural,47,PPM-3,5,-0.9582955189384141,-1.3932230816029627,2.21670066619414,1.6811845284647515,0.3752838043078471,8.58202398035246e-13,245,8.345257818120899e-11,200
RoutingInterdiction,neural,47,PPM-3,10,-0.9615933851803935,-1.4508640910913069,2.2494833583710627,1.69655727596523,0.36483424437814355,8.93729534823251e-13,245,8.644462923257379e-11,200
RoutingInterdiction,neural,47,PPM-3,15,-0.9695980450433965,-1.4812730327851082,2.253184984873429,1.6917452836065017,0.3552347622697574,8.208989044078407e-13,246,8.806666507155114e-11,200
RoutingInterdiction,neural,47,PPM-3,20,-0.979333698308497,-1.4840214531329794,2.2288447649339655,1.6663081338760541,0.34659999131439095,8.22675261247241e-13,246,8.820810748488839e-11,200
RoutingInterdiction,neural,47,PPM-3,25,-0.9879812852999321,-1.4599795235865132,2.1786269483237146,1.6221285309674718,0.3394075173749594,8.992806499463768e-13,245,8.692313535618723e-11,200
RoutingInterdiction,neural,47,PPM-3,30,-0.9932630333702442,-1.4113125896411471,2.1057748766944093,1.5631213669618733,0.3342568946855151,8.693046282814976e-13,245,8.441580767737378e-11,200
RoutingInterdiction,neural,47,PPM-3,35,-0.9936825603567511,-1.342343409252118,2.0154727062556317,1.4949682355715588,0.33165335534358587,8.268941087408166e-13,245,8.102363224793407e-11,200
RoutingInterdiction,neural,47,PPM-3,40,-0.9886291699452485,-1.2709187734573146,1.9262422665199608,1.4248906902242489,0.3318454165688219,8.701928067011977e-13,244,8.578893151423017e-11,199
RoutingInterdiction,neural,47,PPM-3,45,-0.9783587394718953,-1.2027173502690554,1.8442931745351325,1.3618643951944882,0.33472821494817445,8.22897305852166e-13,244,8.176748167443293e-11,199
RoutingInterdiction,neural,47,PPM-3,50,-0.9638772943921778,-1.1314434388365702,1.7637505981371853,1.3174185882221456,0.3398321553067672,8.606448886894214e-13,243,8.764922121429208e-11,198
RoutingInterdiction,neural,47,PPM-3,55,-0.9467605822559273,-1.1562868604979795,1.7841235859426998,1.3042079917565135,0.34641651784474536,8.799627693178991e-13,243,8.684675201209302e-11,198
RoutingInterdiction,neural,47,PPM-3,60,-0.9289299421945573,-1.2173291471258778,1.8456830852871964,1.328477148620716,0.35366470361773256,8.337774914934926e-13,244,8.899103676185405e-11,198
RoutingInterdiction,neural,48,QP+G,0,-1.0110201718531537,-1.077147407856541,1.7509857378842733,1.3629930393883867,0.2435319914474674,8.193445921733655e-13,243,8.827361064334127e-11,198
RoutingInterdiction,neural,48,QP+G,5,-1.003667835846068,-1.0382784906781595,1.735836454931344,1.3758330518008615,0.20676115132283043,8.775202786637237e-13,242,8.756262381837132e-11,198
RoutingInterdiction,neural,48,QP+G,10,-0.9987850395556983,-1.0417004286561087,1.7563398919192341,1.3882933870423642,0.19035480261481072,8.806289031326742e-13,242,8.72475425239827e-11,198
RoutingInterdiction,neural,48,QP+G,15,-0.99595189931421,-1.0387494937977562,1.7630796746522892,1.3947853338132716,0.18571137506113605,8.779643678735738e-13,242,8.699885256646667e-11,198
RoutingInterdiction,neural,48,QP+G,20,-0.9959138546344539,-1.038819896520716,1.7631668415577153,1.3947805201666335,0.18571319228093527,8.779643678735738e-13,242,8.699707620962727e-11,198
RoutingInterdiction,neural,48,QP+G,25,-0.9959138546344539,-1.038819896520716,1.7631668415577153,1.3947805201666335,0.18571319228093527,8.779643678735738e-13,242,8.699707620962727e-11,198
RoutingInterdiction,neural,48,QP+G,30,-0.9959138546344539,-1.038819896520716,1.7631668415577153,1.3947805201666335,0.18571319228093527,8.779643678735738e-13,242,8.699707620962727e-11,198
RoutingInterdiction,neural,48,QP+G,35,-0.9959138546344539,-1.038819896520716,1.7631668415577153,1.3947805201666335,0.18571319228093527,8.779643678735738e-13,242,8.699707620962727e-11,198
RoutingInterdiction,neural,48,QP+G,40,-0.9959138546344539,-1.038819896520716,1.7631668415577153,1.3947805201666335,0.18571319228093527,8.779643678735738e-13,242,8.699707620962727e-11,198
RoutingInterdiction,neural,48,QP+G,45,-0.9959138546344539,-1.038819896520716,1.7631668415577153,1.3947805201666335,0.18571319228093527,8.779643678735738e-13,242,8.699707620962727e-11,198
RoutingInterdiction,neural,48,QP+G,50,-0.9959138546344539,-1.038819896520716,1.7631668415577153,1.3947805201666335,0.18571319228093527,8.779643678735738e-13,242,8.699707620962727e-11,198
RoutingInterdiction,neural,48,QP+G,55,-0.9959138546344539,-1.038819896520716,1.7631668415577153,1.3947805201666335,0.18571319228093527,8.779643678735738e-13,242,8.699707620962727e-11,198
RoutingInterdiction,neural,48,QP+G,60,-0.9959138546344539,-1.038819896520716,1.7631668415577153,1.3947805201666335,0.18571319228093527,8.779643678735738e-13,242,8.699707620962727e-11,198
RoutingInterdiction,neural,48,noG,0,-1.0110201718531537,-1.077147407856541,1.7509857378842733,1.3629930393883867,0.2435319914474674,8.193445921733655e-13,243,8.827361064334127e-11,198
RoutingInterdiction,neural,48,noG,5,-1.0023481541189823,-1.0437895511607271,1.7180957782458033,1.3555678116057348,0.23988585315642158,8.817391261572993e-13,242,8.75863825910983e-11,198
RoutingInterdiction,neural,48,noG,10,-0.9977649080725262,-1.0718301549650557,1.748188644361519,1.3587887558120646,0.2382106230780216,8.151257446797899e-13,243,8.771339210511542e-11,198
RoutingInterdiction,neural,48,noG,15,-0.9975648533330146,-1.0733946810602126,1.7498818587788945,1.3590495564637934,0.23813001083472032,8.162359677044151e-13,243,8.772671478141092e-11,198
RoutingInterdiction,neural,48,noG,20,-0.9975576399133369,-1.0734511258719772,1.749943013046861,1.3590591554306601,0.23812708598493346,8.162359677044151e-13,243,8.772693682601584e-11,198
RoutingInterdiction,neural,48,noG,25,-0.9975573788225607,-1.0734531689426554,1.749945226667812,1.3590595031218222,0.23812698009573335,8.166800569142652e-13,243,8.772715887062077e-11,198
RoutingInterdiction,neural,48,noG,30,-0.9975573693711319,-1.0734532429014245,1.7499453068005821,1.3590595157085175,0.23812697626253612,8.162359677044151e-13,243,8.772715887062077e-11,198
RoutingInterdiction,neural,48,noG,35,-0.9975573690289122,-1.073453245579341,1.7499453097020492,1.3590595161642582,0.23812697612374265,8.162359677044151e-13,243,8.772715887062077e-11,198
RoutingInterdiction,neural,48,noG,40,-0.997557369016612,-1.073453245675591,1.7499453098063338,1.3590595161806207,0.2381269761187543,8.162359677044151e-13,243,8.772693682601584e-11,198
RoutingInterdiction,neural,48,noG,45,-0.9975573690161071,-1.0734532456795405,1.7499453098106128,1.3590595161813153,0.23812697611854963,8.162359677044151e-13,243,8.772693682601584e-11,198
RoutingInterdiction,neural,48,noG,50,-0.9975573690161071,-1.0734532456795405,1.7499453098106128,1.3590595161813153,0.23812697611854963,8.162359677044151e-13,243,8.772693682601584e-11,198
RoutingInterdiction,neural,48,noG,55,-0.9975573690161071,-1.0734532456795405,1.7499453098106128,1.3590595161813153,0.23812697611854963,8.162359677044151e-13,243,8.772693682601584e-11,198
RoutingInterdiction,neural,48,noG,60,-0.9975573690161071,-1.0734532456795405,1.7499453098106128,1.3590595161813153,0.23812697611854963,8.162359677044151e-13,243,8.772693682601584e-11,198
RoutingInterdiction,neural,48,GDA,0,-1.0110201718531537,-1.077147407856541,1.7509857378842733,1.3629930393883867,0.2435319914474674,8.193445921733655e-13,243,8.827361064334127e-11,198
RoutingInterdiction,neural,48,GDA,5,-1.0023481541189823,-1.0437895511607271,1.7180957782458033,1.3555678116057348,0.23988585315642158,8.817391261572993e-13,242,8.75863825910983e-11,198
RoutingInterdiction,neural,48,GDA,10,-0.9942778621534094,-1.0995163583248253,1.7783210201569832,1.364614447289864,0.23722117208799232,8.359979375427429e-13,243,8.803735518370104e-11,198
RoutingInterdiction,neural,48,GDA,15,-0.987581366894318,-1.155844418246989,1.842817861553367,1.3857565717247562,0.23555973746804856,8.788525462932739e-13,243,8.925415961869021e-11,198
RoutingInterdiction,neural,48,GDA,20,-0.9826803249973554,-1.201958984874346,1.9002044560048588,1.4132402152428454,0.23486061096097924,8.22675261247241e-13,244,8.168132836772202e-11,199
RoutingInterdiction,neural,48,GDA,25,-0.9795700564051361,-1.2349362110932443,1.9468177619269014,1.4413859179866375,0.2350669267807633,8.453238109495942e-13,244,8.288592034944031e-11,199
RoutingInterdiction,neural,48,GDA,30,-0.9778369055376339,-1.2525297375984406,1.9795428761409557,1.465507509923322,0.23615126814951942,8.570921750106208e-13,244,8.363532089106229e-11,199
RoutingInterdiction,neural,48,GDA,35,-0.9767550796852511,-1.2533528555188311,1.9960457147722028,1.4824433548933342,0.23814226197781763,8.57980353430321e-13,244,8.375478088851196e-11,199
RoutingInterdiction,neural,48,GDA,40,-0.9754399945755701,-1.2370285066691906,1.9949803553914096,1.4908336037309695,0.24113138409631957,8.464340339742193e-13,244,8.321632272156876e-11,199
RoutingInterdiction,neural,48,GDA,45,-0.9730279340154664,-1.2055810637214859,1.9774417443950651,1.4911631706521482,0.2452644744849607,8.248957072964913e-13,244,8.213230096032476e-11,199
RoutingInterdiction,neural,48,GDA,50,-0.9688453321803787,-1.1698492651333874,1.9534371927647205,1.4855172217699222,0.25071703270941015,8.886225089099753e-13,243,8.970690856813235e-11,198
RoutingInterdiction,neural,48,GDA,55,-0.9625296556171303,-1.15563133510111,1.9480803556421962,1.477020722415345,0.25764910550564263,8.786305016883489e-13,243,8.814771135234878e-11,198
RoutingInterdiction,neural,48,GDA,60,-0.9540736873981762,-1.1410677048347155,1.9390070953339364,1.469070586762204,0.2661453444271264,8.677503160470224e-13,243,8.693190611808177e-11,198
RoutingInterdiction,neural,48,Adam-GDA,0,-1.0110201718531537,-1.077147407856541,1.7509857378842733,1.3629930393883867,0.2435319914474674,8.193445921733655e-13,243,8.827361064334127e-11,198
RoutingInterdiction,neural,48,Adam-GDA,5,-0.9460594576045294,-1.9863738345939752,2.6934645088679225,2.1118313068043246,0.7859361063462642,8.919531779838508e-13,248,8.900613579498895e-11,203
RoutingInterdiction,neural,48,Adam-GDA,10,-0.7643550809503128,-2.1438426633519394,3.7771971124400703,3.2008470889953147,1.7208724141637632,8.65085780787922e-13,249,8.488099112469172e-11,204
RoutingInterdiction,neural,48,Adam-GDA,15,0.5161306371035569,-3.950503803914199,5.842687582835792,5.333496542540111,2.641811897616729,8.499867476530198e-13,255,8.199396717145646e-11,211
RoutingInterdiction,neural,48,Adam-GDA,20,-0.7372430202442319,-5.644155561145789,5.703651613491206,5.293060768964773,3.301746629468482,8.828493491819245e-13,258,8.843592524954147e-11,214
RoutingInterdiction,neural,48,Adam-GDA,25,-2.7764578191956204,-7.755390555185334,8.819778532022413,8.50270585619987,3.4994224022228546,8.890665981198254e-13,261,8.162714948412031e-11,218
RoutingInterdiction,neural,48,Adam-GDA,30,-5.742532040596895,-8.860672509601107,11.726138666185019,11.57523831280988,4.900942927175976,8.22453216642316e-13,263,8.429346110006009e-11,219
RoutingInterdiction,neural,48,Adam-GDA,35,-8.699231683191904,-8.943722571727807,12.877436157571712,12.845813284633707,0.792070042144309,8.29558643999917e-13,263,8.516387595136621e-11,219
RoutingInterdiction,neural,48,Adam-GDA,40,-8.927105193652794,-8.941754669738234,12.984896528720085,12.974462042363356,0.2296140773457098,8.277822871605167e-13,263,8.51425596692934e-11,219
RoutingInterdiction,neural,48,Adam-GDA,45,-8.886963413240462,-8.889490662222878,12.939328362265902,12.925088050763204,0.414186675334845,8.242295734817162e-13,263,8.458833633540053e-11,219
RoutingInterdiction,neural,48,Adam-GDA,50,-8.513294589449249,-8.514148130877906,12.56492897375037,12.520886845784052,1.6436263485607217,8.757439218243235e-13,262,8.969180953499745e-11,218
RoutingInterdiction,neural,48,Adam-GDA,55,-4.493122121844141,-5.0167537889807186,9.067776019792174,8.890385353506845,6.828714353907814,8.704148513061227e-13,257,8.635137049850528e-11,213
RoutingInterdiction,neural,48,Adam-GDA,60,2.189396988388392,-7.864091968330351,11.915201845450468,11.822194066738508,2.3857796497219397,8.988365607365267e-13,261,8.23137114025485e-11,218
RoutingInterdiction,neural,48,EGM,0,-1.0110201718531537,-1.077147407856541,1.7509857378842733,1.3629930393883867,0.2435319914474674,8.193445921733655e-13,243,8.827361064334127e-11,198
RoutingInterdiction,neural,48,EGM,5,-1.002407569452306,-1.0434997422009538,1.7186126675315103,1.3562187064624887,0.23857984260655093,8.815170815523743e-13,242,8.758438418965397e-11,198
RoutingInterdiction,neural,48,EGM,10,-0.9945487469253163,-1.096818222755724,1.7770882877034975,1.365275677060409,0.2347049479819152,8.342215807033426e-13,243,8.798539674614858e-11,198
RoutingInterdiction,neural,48,EGM,15,-0.9881082800277394,-1.149884450642099,1.838718786945944,1.385298535630918,0.2319284789589357,8.744116541947733e-13,243,8.907008464120736e-11,198
RoutingInterdiction,neural,48,EGM,20,-0.9833745182728626,-1.19192087774898,1.892074324528795,1.4105205355658519,0.23021496047534015,8.160139230994901e-13,244,8.133027584733554e-11,199
RoutingInterdiction,neural,48,EGM,25,-0.9802302606007587,-1.2205003712995135,1.9339400112396778,1.4356104344123006,0.2295190203956698,8.353318037279678e-13,244,8.231726411622731e-11,199
RoutingInterdiction,neural,48,EGM,30,-0.9782067491953598,-1.2339629768371991,1.9617799373047249,1.4564489402571132,0.2298258089207953,8.446576771348191e-13,244,8.286393793355273e-11,199
RoutingInterdiction,neural,48,EGM,35,-0.9765998940570124,-1.2315479028532925,1.9739217707015004,1.4705138390096277,0.23117303052062785,8.428813202954188e-13,244,8.284439800831933e-11,199
RoutingInterdiction,neural,48,EGM,40,-0.9746217778227421,-1.2134711997672234,1.9696902936346246,1.4769973653777697,0.23365452740925133,8.306688670245421e-13,244,8.226797021393395e-11,199
RoutingInterdiction,neural,48,EGM,45,-0.9715563980633103,-1.1850905278241208,1.9536268279965214,1.4766874481300267,0.23740740262297053,8.109068971862143e-13,244,8.126344042125311e-11,199
RoutingInterdiction,neural,48,EGM,50,-0.9668874795125277,-1.1559858476385563,1.9346172935719887,1.4716103064575372,0.24258176338016518,8.784084570834239e-13,243,8.894307512719024e-11,198
RoutingInterdiction,neural,48,EGM,55,-0.9603718756577009,-1.146129378980154,1.9320965122961333,1.4644765435192661,0.24929471691187863,8.717471189356729e-13,243,8.764966530350193e-11,198
RoutingInterdiction,neural,48,EGM,60,-0.9520462235486271,-1.138160000992823,1.9283408436074554,1.4580573922122555,0.25758090184989596,8.661960038125471e-13,243,8.669442941311445e-11,198
RoutingInterdiction,neural,48,PPM-3,0,-1.0110201718531537,-1.077147407856541,1.7509857378842733,1.3629930393883867,0.2435319914474674,8.193445921733655e-13,243,8.827361064334127e-11,198
RoutingInterdiction,neural,48,PPM-3,5,-1.0024163741781413,-1.0434252606821526,1.7185278415697876,1.3562016138956363,0.23859457078523386,8.815170815523743e-13,242,8.75837180558392e-11,198
RoutingInterdiction,neural,48,PPM-3,10,-0.9945604974820148,-1.0965537528508649,1.7767869623456591,1.3651838531664136,0.23473283839448286,8.339995360984176e-13,243,8.798006767563038e-11,198
RoutingInterdiction,neural,48,PPM-3,15,-0.9881139531420744,-1.1495526886112735,1.8383116804665725,1.3851137266355018,0.23196797069249775,8.739675649849232e-13,243,8.906009263398573e-11,198
RoutingInterdiction,neural,48,PPM-3,20,-0.9833657363192296,-1.1915881043491492,1.8916210778204947,1.4102620139007613,0.2302648329544184,8.15347789284715e-13,244,8.131872952787944e-11,199
RoutingInterdiction,neural,48,PPM-3,25,-0.9802025703556776,-1.2202436216366896,1.93351704439058,1.435323819595427,0.22957821549683063,8.353318037279678e-13,244,8.230727210900568e-11,199
RoutingInterdiction,neural,48,PPM-3,30,-0.9781615377076158,-1.2338625647108723,1.9614731980293458,1.4561914433853063,0.22989306391849973,8.446576771348191e-13,244,8.285971908605916e-11,199
RoutingInterdiction,neural,48,PPM-3,35,-0.976544518052659,-1.2316780580638946,1.9738170820650445,1.470338323979785,0.23124658260238243,8.431033649003439e-13,244,8.284883890041783e-11,199
RoutingInterdiction,neural,48,PPM-3,40,-0.9745678603985766,-1.2138896728302704,1.969862088574834,1.476937461745941,0.23373194694844715,8.306688670245421e-13,244,8.2282625157859e-11,199
RoutingInterdiction,neural,48,PPM-3,45,-0.9715166760732403,-1.1857266759499756,1.9540247762800083,1.4767472824741243,0.2374855846930279,8.111289417911394e-13,244,8.128719919398009e-11,199
RoutingInterdiction,neural,48,PPM-3,50,-0.9668720483170816,-1.1564151394590603,1.9348388728816652,1.4717629806580002,0.24265725450417572,8.786305016883489e-13,243,8.897504955029945e-11,198
RoutingInterdiction,neural,48,PPM-3,55,-0.9603849755695554,-1.1466969207902153,1.9325083669854115,1.464673207082452,0.24936457047824123,8.72191208145523e-13,243,8.768097359279636e-11,198
RoutingInterdiction,neural,48,PPM-3,60,-0.9520846050919614,-1.138433298204609,1.9285294455986033,1.4582439603320245,0.25764392621145843,8.659739592076221e-13,243,8.671874329735374e-11,198
RoutingInterdiction,neural,49,QP+G,0,-0.9773434943192816,-1.0901965165686573,1.8215426801552024,1.3996657617435033,0.2463029104390819,8.293365993949919e-13,243,8.675449247874667e-11,198
RoutingInterdiction,neural,49,QP+G,5,-0.9784394694895076,-1.0683833344547202,1.7977359237398909,1.3914505051780581,0.20869006225769843,8.124612094206896e-13,243,8.626566128100421e-11,198
RoutingInterdiction,neural,49,QP+G,10,-0.9782815230635957,-1.0603726225185621,1.7874844119774513,1.386502663203147,0.190642338783939,8.959499808725013e-13,242,8.604961188041216e-11,198
RoutingInterdiction,neural,49,QP+G,15,-0.9775869606443142,-1.0608974897450594,1.785857530134742,1.383120800309156,0.1840273498611595,8.966161146872764e-13,242,8.594835954056634e-11,198
RoutingInterdiction,neural,49,QP+G,20,-0.976678732357754,-1.063054730376613,1.7860478443152452,1.3805262526203026,0.18322960732912627,8.986145161316017e-13,242,8.589440270156956e-11,198
RoutingInterdiction,neural,49,QP+G,25,-0.976678732357754,-1.063054730376613,1.7860478443152452,1.3805262526203026,0.18322960732912627,8.986145161316017e-13,242,8.589440270156956e-11,198
RoutingInterdiction,neural,49,QP+G,30,-0.976678732357754,-1.063054730376613,1.7860478443152452,1.3805262526203026,0.18322960732912627,8.986145161316017e-13,242,8.589440270156956e-11,198
RoutingInterdiction,neural,49,QP+G,35,-0.976678732357754,-1.063054730376613,1.7860478443152452,1.3805262526203026,0.18322960732912627,8.986145161316017e-13,242,8.589440270156956e-11,198
RoutingInterdiction,neural,49,QP+G,40,-0.976678732357754,-1.063054730376613,1.7860478443152452,1.3805262526203026,0.18322960732912627,8.986145161316017e-13,242,8.589440270156956e-11,198
RoutingInterdiction,neural,49,QP+G,45,-0.976678732357754,-1.063054730376613,1.7860478443152452,1.3805262526203026,0.18322960732912627,8.986145161316017e-13,242,8.589440270156956e-11,198
RoutingInterdiction,neural,49,QP+G,50,-0.976678732357754,-1.063054730376613,1.7860478443152452,1.3805262526203026,0.18322960732912627,8.986145161316017e-13,242,8.589440270156956e-11,198
RoutingInterdiction,neural,49,QP+G,55,-0.976678732357754,-1.063054730376613,1.7860478443152452,1.3805262526203026,0.18322960732912627,8.986145161316017e-13,242,8.589440270156956e-11,198
RoutingInterdiction,neural,49,QP+G,60,-0.976678732357754,-1.063054730376613,1.7860478443152452,1.3805262526203026,0.18322960732912627,8.986145161316017e-13,242,8.589440270156956e-11,198
RoutingInterdiction,neural,49,noG,0,-0.9773434943192816,-1.0901965165686573,1.8215426801552024,1.3996657617435033,0.2463029104390819,8.293365993949919e-13,243,8.675449247874667e-11,198
RoutingInterdiction,neural,49,noG,5,-0.9773434943192816,-1.0901965165686573,1.8215426801552024,1.3996657617435033,0.2463029104390819,8.293365993949919e-13,243,8.675449247874667e-11,198
RoutingInterdiction,neural,49,noG,10,-0.9773434943192816,-1.0901965165686573,1.8215426801552024,1.3996657617435033,0.2463029104390819,8.293365993949919e-13,243,8.675449247874667e-11,198
RoutingInterdiction,neural,49,noG,15,-0.9773434943192816,-1.0901965165686573,1.8215426801552024,1.3996657617435033,0.2463029104390819,8.293365993949919e-13,243,8.675449247874667e-11,198
RoutingInterdiction,neural,49,noG,20,-0.9773434943192816,-1.0901965165686573,1.8215426801552024,1.3996657617435033,0.2463029104390819,8.293365993949919e-13,243,8.675449247874667e-11,198
RoutingInterdiction,neural,49,noG,25,-0.9773434943192816,-1.0901965165686573,1.8215426801552024,1.3996657617435033,0.2463029104390819,8.293365993949919e-13,243,8.675449247874667e-11,198
RoutingInterdiction,neural,49,noG,30,-0.9773434943192816,-1.0901965165686573,1.8215426801552024,1.3996657617435033,0.2463029104390819,8.293365993949919e-13,243,8.675449247874667e-11,198
RoutingInterdiction,neural,49,noG,35,-0.9773434943192816,-1.0901965165686573,1.8215426801552024,1.3996657617435033,0.2463029104390819,8.293365993949919e-13,243,8.675449247874667e-11,198
RoutingInterdiction,neural,49,noG,40,-0.9773434943192816,-1.0901965165686573,1.8215426801552024,1.3996657617435033,0.2463029104390819,8.293365993949919e-13,243,8.675449247874667e-11,198
RoutingInterdiction,neural,49,noG,45,-0.9773434943192816,-1.0901965165686573,1.8215426801552024,1.3996657617435033,0.2463029104390819,8.293365993949919e-13,243,8.675449247874667e-11,198
RoutingInterdiction,neural,49,noG,50,-0.9773434943192816,-1.0901965165686573,1.8215426801552024,1.3996657617435033,0.2463029104390819,8.293365993949919e-13,243,8.675449247874667e-11,198
RoutingInterdiction,neural,49,noG,55,-0.9773434943192816,-1.0901965165686573,1.8215426801552024,1.3996657617435033,0.2463029104390819,8.293365993949919e-13,243,8.675449247874667e-11,198
RoutingInterdiction,neural,49,noG,60,-0.9773434943192816,-1.0901965165686573,1.8215426801552024,1.3996657617435033,0.2463029104390819,8.293365993949919e-13,243,8.675449247874667e-11,198
RoutingInterdiction,neural,49,GDA,0,-0.9773434943192816,-1.0901965165686573,1.8215426801552024,1.3996657617435033,0.2463029104390819,8.293365993949919e-13,243,8.675449247874667e-11,198
RoutingInterdiction,neural,49,GDA,5,-0.9694079490175186,-1.1476954691827208,1.874050479698536,1.4128594274555923,0.2503342982542736,8.72635297355373e-13,243,8.834843967520101e-11,198
RoutingInterdiction,neural,49,GDA,10,-0.9628052317109976,-1.2266125464351274,1.947823372602171,1.43831695319773,0.2549904729034234,8.393286066166183e-13,244,8.193068445905283e-11,199
RoutingInterdiction,neural,49,GDA,15,-0.9580514721369517,-1.2903590555487905,2.006421144665137,1.467224494091845,0.2604193360611139,8.830713937868495e-13,244,8.462208711534913e-11,199
RoutingInterdiction,neural,49,GDA,20,-0.9551340864423843,-1.3327550253140406,2.0438013364091665,1.4903417412248467,0.2667340584263146,8.208989044078407e-13,245,8.684764019051272e-11,199
RoutingInterdiction,neural,49,GDA,25,-0.9534227012870207,-1.3494061734818787,2.0557048611077158,1.501013755450648,0.2738738482966729,8.313350008393172e-13,245,8.806910756220532e-11,199
RoutingInterdiction,neural,49,GDA,30,-0.9517525564597802,-1.3376512513055923,2.039606733577743,1.4967052517722994,0.28154927461764895,8.240075288767912e-13,245,8.807310436509397e-11,199
RoutingInterdiction,neural,49,GDA,35,-0.9487082194960506,-1.3150124389775084,2.0131616233382394,1.479478491760617,0.28932743248177173,8.100187187665142e-13,245,8.700751230605874e-11,199
RoutingInterdiction,neural,49,GDA,40,-0.9430527431034531,-1.2954363359953558,1.990432214931738,1.4552198411911872,0.2968209256686866,8.875122858853501e-13,244,8.53235260223073e-11,199
RoutingInterdiction,neural,49,GDA,45,-0.9341538112654562,-1.274876240916419,1.9674542933296288,1.4313688015185573,0.30386330182717924,8.737455203799982e-13,244,8.359957170966936e-11,199
RoutingInterdiction,neural,49,GDA,50,-0.9222164048756161,-1.2669183947406795,1.957844955079872,1.4142813219712624,0.31055936355352676,8.684164498617974e-13,244,8.233991266592966e-11,199
RoutingInterdiction,neural,49,GDA,55,-0.9081937446174837,-1.2585498233609234,1.9485536297096115,1.407742024232515,0.31719389039673385,8.621992009238966e-13,244,8.186029631929159e-11,199
RoutingInterdiction,neural,49,GDA,60,-0.8933999498307066,-1.2631413557638338,1.9528300013638566,1.412469688774385,0.3240851847002619,8.639755577632968e-13,244,8.22399925937134e-11,199
RoutingInterdiction,neural,49,Adam-GDA,0,-0.9773434943192816,-1.0901965165686573,1.8215426801552024,1.3996657617435033,0.2463029104390819,8.293365993949919e-13,243,8.675449247874667e-11,198
RoutingInterdiction,neural,49,Adam-GDA,5,-0.8564155358646673,-1.7432753387279598,2.7679301350052024,2.187027831528326,1.3122980099709427,8.688605390716475e-13,247,8.33000335376255e-11,202
RoutingInterdiction,neural,49,Adam-GDA,10,-0.4844741697432585,-3.7686734866880736,4.799197130658003,4.246191176392557,2.1672898585127043,8.113509863960644e-13,255,8.632117243223547e-11,210
RoutingInterdiction,neural,49,Adam-GDA,15,-1.182438951439837,-4.478627697014349,5.357805517534616,4.841687718870047,2.178991800991311,8.695266728864226e-13,256,8.496403580693368e-11,212
RoutingInterdiction,neural,49,Adam-GDA,20,-2.3086190372085387,-5.575342191644649,7.476709542357387,7.061668322265339,2.7317418263711253,8.748557434046234e-13,258,8.692779829289066e-11,214
RoutingInterdiction,neural,49,Adam-GDA,25,-3.3767000710657866,-4.987233168103366,7.97646953749921,7.637666243722743,5.0670690763129045,8.686384944667225e-13,257,8.540723683836404e-11,213
RoutingInterdiction,neural,49,Adam-GDA,30,0.3761089688256189,-4.376907186839177,8.27642472921894,8.029271726452937,4.877602397557963,8.473222123939195e-13,256,8.282619035071548e-11,212
RoutingInterdiction,neural,49,Adam-GDA,35,2.998009109757813,-6.472484073293369,10.49909788345757,10.382332040900863,1.6090394001778023,8.22453216642316e-13,260,8.321343614170473e-11,216
RoutingInterdiction,neural,49,Adam-GDA,40,3.6829465252178917,-7.242949021992265,11.28278505369708,11.214824526687352,0.7235113463142581,8.277822871605167e-13,261,8.452794020286092e-11,217
RoutingInterdiction,neural,49,Adam-GDA,45,3.9264358171943767,-7.693114518443398,11.735823617244144,11.699412148640098,0.2330593086639335,8.801848139228241e-13,261,8.118661298794905e-11,218
RoutingInterdiction,neural,49,Adam-GDA,50,3.991023285629349,-7.793860078246739,11.837041977496872,11.81168525875708,0.08949098534825577,8.917311333789257e-13,261,8.235101489617591e-11,218
RoutingInterdiction,neural,49,Adam-GDA,55,4.007294133057112,-7.800764186837592,11.843325268435708,11.819771343720904,0.0623023795593996,8.917311333789257e-13,261,8.243450366762772e-11,218
RoutingInterdiction,neural,49,Adam-GDA,60,4.011211142525694,-7.79375690273481,11.834775373299045,11.810936493030907,0.06436243654004217,8.917311333789257e-13,261,8.235279125301531e-11,218
RoutingInterdiction,neural,49,EGM,0,-0.9773434943192816,-1.0901965165686573,1.8215426801552024,1.3996657617435033,0.2463029104390819,8.293365993949919e-13,243,8.675449247874667e-11,198
RoutingInterdiction,neural,49,EGM,5,-0.9695404510656003,-1.1460501428474668,1.8723803891426947,1.4121327730940096,0.24888004349560153,8.715250743307479e-13,243,8.828959785489587e-11,198
RoutingInterdiction,neural,49,EGM,10,-0.9631587858075084,-1.2202129600984855,1.9414383485307265,1.4354816719574768,0.25210372146622706,8.348877145181177e-13,244,8.170975007715242e-11,199
RoutingInterdiction,neural,49,EGM,15,-0.958557733706128,-1.2781462299136266,1.9943159757514337,1.4607987178823187,0.25611492562960764,8.748557434046234e-13,244,8.411249474704618e-11,199
RoutingInterdiction,neural,49,EGM,20,-0.9555544362647561,-1.3139509232570126,2.0252445711198046,1.4796183785383699,0.2610091796984717,8.992806499463768e-13,244,8.598943779247747e-11,199
RoutingInterdiction,neural,49,EGM,25,-0.9534129702464802,-1.3243562623558567,2.0310815816348673,1.4865852666278871,0.2667216513350924,8.15791878494565e-13,245,8.690559383239815e-11,199
RoutingInterdiction,neural,49,EGM,30,-0.9510023132089315,-1.3125227577829777,2.015111997955679,1.4805262733916877,0.27300732814683726,8.983924715266767e-13,244,8.675637985788853e-11,199
RoutingInterdiction,neural,49,EGM,35,-0.9471069820167355,-1.2932321033793825,1.9922287091576218,1.4643572981910609,0.27954002003367684,8.850697952311748e-13,244,8.575962162638007e-11,199
RoutingInterdiction,neural,49,EGM,40,-0.9407990863453033,-1.282570682219309,1.9786011091930775,1.443787204107874,0.2860692940980255,8.788525462932739e-13,244,8.435629972325387e-11,199
RoutingInterdiction,neural,49,EGM,45,-0.9317284530772213,-1.2686229462278908,1.9623522426612632,1.4250523985054582,0.2925308515851129,8.695266728864226e-13,244,8.303424614553023e-11,199
RoutingInterdiction,neural,49,EGM,50,-0.9202026920588431,-1.26477769918885,1.9568508084113065,1.4128884272679545,0.2990463663991452,8.668621376273222e-13,244,8.217360125684081e-11,199
RoutingInterdiction,neural,49,EGM,55,-0.9070190514904408,-1.261713898343251,1.9526860883125252,1.40968039475414,0.30583582139084164,8.646416915780719e-13,244,8.197864609371663e-11,199
RoutingInterdiction,neural,49,EGM,60,-0.8931267254797977,-1.267857464306357,1.9581178121353173,1.4155053906765374,0.31312007337375725,8.670841822322473e-13,244,8.24769141871684e-11,199
RoutingInterdiction,neural,49,PPM-3,0,-0.9773434943192816,-1.0901965165686573,1.8215426801552024,1.3996657617435033,0.2463029104390819,8.293365993949919e-13,243,8.675449247874667e-11,198
RoutingInterdiction,neural,49,PPM-3,5,-0.9695464798288823,-1.1459067357037067,1.8722445817800772,1.4120841584014427,0.24888638603423316,8.713030297258229e-13,243,8.82844908289826e-11,198
RoutingInterdiction,neural,49,PPM-3,10,-0.9631614228843413,-1.219877596120217,1.941116702626434,1.4353527987716035,0.25211636889577327,8.348877145181177e-13,244,8.169864784690617e-11,199
RoutingInterdiction,neural,49,PPM-3,15,-0.9585457416013202,-1.2777757561454233,1.9939638387729541,1.4606240468569276,0.25613311020558627,8.744116541947733e-13,244,8.409761775851621e-11,199
RoutingInterdiction,neural,49,PPM-3,20,-0.9555202581732763,-1.313680647040695,2.0249956007598664,1.479485112790325,0.26103249635572734,8.990586053414518e-13,244,8.59772253392066e-11,199
RoutingInterdiction,neural,49,PPM-3,25,-0.9533580437758001,-1.3243394760464011,2.0310868699621185,1.4865968792891886,0.2667521704743069,8.160139230994901e-13,245,8.690448360937353e-11,199
RoutingInterdiction,neural,49,PPM-3,30,-0.9509393728188646,-1.3128099271884828,2.01541881373198,1.4807580279277168,0.27305093201021213,8.988365607365267e-13,244,8.677303320325791e-11,199
RoutingInterdiction,neural,49,PPM-3,35,-0.947056983773345,-1.2937012000100407,1.992710580981107,1.4648183585347891,0.27960518978157134,8.852918398360998e-13,244,8.579514876316807e-11,199
RoutingInterdiction,neural,49,PPM-3,40,-0.9407827515653392,-1.2833280625187427,1.9793588228901666,1.4444099801191348,0.28616342690989016,8.79296635503124e-13,244,8.440581567015215e-11,199
RoutingInterdiction,neural,49,PPM-3,45,-0.9317558500328834,-1.2693314884012088,1.9630425134150125,1.4257182278840244,0.29265640195928716,8.701928067011977e-13,244,8.308886911834179e-11,199
RoutingInterdiction,neural,49,PPM-3,50,-0.9202664153993665,-1.2656383566252254,1.9576687317941803,1.413471595611737,0.29919943694232665,8.675282714420973e-13,244,8.222356129294894e-11,199
RoutingInterdiction,neural,49,PPM-3,55,-0.9070953082091179,-1.262660309388555,1.9535608916650795,1.4100911838386054,0.30600779920537863,8.65085780787922e-13,244,8.201705981036866e-11,199
RoutingInterdiction,neural,49,PPM-3,60,-0.8931843487946494,-1.2680395919878737,1.9581977078368475,1.4157212040614333,0.31330053493296023,8.673062268371723e-13,244,8.250156113831508e-11,199
PursuitEvasion,neural,40,QP+G,0,-0.008672699067659101,-0.6517199055948444,1.1541505373146355,0.6435980720449999,0.09347239280734991,8.393286066166183e-13,238,8.980266530400627e-11,188
PursuitEvasion,neural,40,QP+G,5,-0.007932871953807595,-0.5985655642217605,1.102249284743409,0.5993909624585285,0.09002113164342722,8.566480858007708e-13,237,8.711498189484246e-11,187
PursuitEvasion,neural,40,QP+G,10,-0.0071822379320431095,-0.5476239255183313,1.051718557787116,0.5576217661405674,0.08673289666981622,8.711920074233603e-13,236,8.959838426747524e-11,186
PursuitEvasion,neural,40,QP+G,15,-0.006431391502726763,-0.49890566741651804,1.0026190122617264,0.5184492908098592,0.0836042359379504,8.113509863960644e-13,236,8.94675999951744e-11,186
PursuitEvasion,neural,40,QP+G,20,-0.005689287888350538,-0.45241145456187415,0.9549972133985746,0.4819967407758039,0.0806311721642411,8.998912726099206e-13,235,8.906686499443595e-11,186
PursuitEvasion,neural,40,QP+G,25,-0.004963382232757794,-0.4081328275721342,0.9088870168625588,0.44834387246206586,0.0778092348300154,8.970602038971265e-13,235,8.841843923690362e-11,186
PursuitEvasion,neural,40,QP+G,30,-0.004259768190434894,-0.36605307450019764,0.8643108918257902,0.41752107934643895,0.07513351348746412,8.929523787060134e-13,235,8.75444716719187e-11,186
PursuitEvasion,neural,40,QP+G,35,-0.003583313932336361,-0.32614807883337504,0.8212811824576203,0.389506386788273,0.07259872541836354,8.879008639439689e-13,235,8.646644511500767e-11,186
PursuitEvasion,neural,40,QP+G,40,-0.002937793907576114,-0.28838713909249686,0.779801304584326,0.36422602052716424,0.07019929177222688,8.818501484597618e-13,235,8.520500971442857e-11,186
PursuitEvasion,neural,40,QP+G,45,-0.0023260149989433707,-0.25273375581221824,0.7398668748147519,0.3415586792365724,0.06792941723839259,8.748002322533921e-13,235,8.377976090656603e-11,186
PursuitEvasion,neural,40,QP+G,50,-0.0017499359922047634,-0.21914638232100048,0.7014667699410531,0.3213430289650172,0.06578316919394861,8.667511153248597e-13,235,8.220918390478005e-11,186
PursuitEvasion,neural,40,QP+G,55,-0.0012107795429549427,-0.1907299742447589,0.6677349528663064,0.3033874284797336,0.06375455311812402,8.578138199766272e-13,235,8.945666429838184e-11,185
PursuitEvasion,neural,40,QP+G,60,-0.0007091360691288497,-0.16702779365737563,0.6382425222851982,0.28748063543492935,0.061837581866772094,8.480993685111571e-13,235,8.744616142308814e-11,185
PursuitEvasion,neural,40,noG,0,-0.008672699067659101,-0.6517199055948444,1.1541505373146355,0.6435980720449999,0.09347239280734991,8.393286066166183e-13,238,8.980266530400627e-11,188
PursuitEvasion,neural,40,noG,5,-0.008279263939340798,-0.6024494062060094,1.1153032197138182,0.6128283546354671,0.09182158322970896,8.621992009238966e-13,237,8.802869544410896e-11,187
PursuitEvasion,neural,40,noG,10,-0.007779700003933985,-0.5527576879044479,1.0746532306169947,0.5817680270421455,0.09018250318042913,8.791856132006615e-13,236,8.617334623650663e-11,187
PursuitEvasion,neural,40,noG,15,-0.00718850640143238,-0.5028663674886896,1.0324677088148069,0.5508697186566271,0.08856296801244122,8.517631044924201e-13,236,8.864936562602566e-11,187
PursuitEvasion,neural,40,noG,20,-0.006520417493408409,-0.4529881228298798,0.9890050641396759,0.5206148165306842,0.08697067799833057,8.619771563189715e-13,236,8.165751408384381e-11,188
PursuitEvasion,neural,40,noG,25,-0.005790152488097025,-0.40332616593560655,0.9445140729806362,0.4914986680506817,0.08541286885947788,8.700817843987352e-13,236,8.317346811281823e-11,188
PursuitEvasion,neural,40,noG,30,-0.005012188591268779,-0.3540737910360796,0.8992331109084688,0.4640094004199514,0.08389601746496383,8.764100556390986e-13,236,8.433403975161013e-11,188
PursuitEvasion,neural,40,noG,35,-0.004200558682985303,-0.3054139909835389,0.8533895110197534,0.43860041971035646,0.08242561101476412,8.810729923425242e-13,236,8.51445025595865e-11,188
PursuitEvasion,neural,40,noG,40,-0.0033686741109604013,-0.2575191364774302,0.8071990378684758,0.415658733310326,0.08100598442850543,8.840705945090122e-13,236,8.561257258676847e-11,188
PursuitEvasion,neural,40,noG,45,-0.002529172839438464,-0.21055071380441676,0.7608654680442302,0.39547359363284146,0.0796402271681987,8.854028621385623e-13,236,8.574896348534367e-11,188
PursuitEvasion,neural,40,noG,50,-0.0016937928876863337,-0.17184064702142857,0.7217617987176862,0.37821156821251367,0.07833015736992237,8.852918398360998e-13,236,8.556694242045637e-11,188
PursuitEvasion,neural,40,noG,55,-0.0008732707225096621,-0.14136142717366407,0.6899003022006027,0.3639038775898752,0.07707635804090501,8.835154829966996e-13,236,8.508177495869518e-11,188
PursuitEvasion,neural,40,noG,60,-7.726402294152591e-05,-0.1216908410893909,0.6678972146410517,0.35244932347562336,0.07587826733894877,8.801848139228241e-13,236,8.4310003423127e-11,188
PursuitEvasion,neural,40,GDA,0,-0.008672699067659101,-0.6517199055948444,1.1541505373146355,0.6435980720449999,0.09347239280734991,8.393286066166183e-13,238,8.980266530400627e-11,188
PursuitEvasion,neural,40,GDA,5,-0.008279263939340798,-0.6024494062060094,1.1153032197138182,0.6128283546354671,0.09182158322970896,8.621992009238966e-13,237,8.802869544410896e-11,187
PursuitEvasion,neural,40,GDA,10,-0.007779700003933985,-0.5527576879044479,1.0746532306169947,0.5817680270421455,0.09018250318042913,8.791856132006615e-13,236,8.617334623650663e-11,187
PursuitEvasion,neural,40,GDA,15,-0.00718850640143238,-0.5028663674886896,1.0324677088148069,0.5508697186566271,0.08856296801244122,8.517631044924201e-13,236,8.864936562602566e-11,187
PursuitEvasion,neural,40,GDA,20,-0.006520417493408409,-0.4529881228298798,0.9890050641396759,0.5206148165306842,0.08697067799833057,8.619771563189715e-13,236,8.165751408384381e-11,188
PursuitEvasion,neural,40,GDA,25,-0.005790152488097025,-0.40332616593560655,0.9445140729806362,0.4914986680506817,0.08541286885947788,8.700817843987352e-13,236,8.317346811281823e-11,188
PursuitEvasion,neural,40,GDA,30,-0.005012188591268779,-0.3540737910360796,0.8992331109084688,0.4640094004199514,0.08389601746496383,8.764100556390986e-13,236,8.433403975161013e-11,188
PursuitEvasion,neural,40,GDA,35,-0.004200558682985303,-0.3054139909835389,0.8533895110197534,0.43860041971035646,0.08242561101476412,8.810729923425242e-13,236,8.51445025595865e-11,188
PursuitEvasion,neural,40,GDA,40,-0.0033686741109604013,-0.2575191364774302,0.8071990378684758,0.415658733310326,0.08100598442850543,8.840705945090122e-13,236,8.561257258676847e-11,188
PursuitEvasion,neural,40,GDA,45,-0.002529172839438464,-0.21055071380441676,0.7608654680442302,0.39547359363284146,0.0796402271681987,8.854028621385623e-13,236,8.574896348534367e-11,188
PursuitEvasion,neural,40,GDA,50,-0.0016937928876863337,-0.17184064702142857,0.7217617987176862,0.37821156821251367,0.07833015736992237,8.852918398360998e-13,236,8.556694242045637e-11,188
PursuitEvasion,neural,40,GDA,55,-0.0008732707225096621,-0.14136142717366407,0.6899003022006027,0.3639038775898752,0.07707635804090501,8.835154829966996e-13,236,8.508177495869518e-11,188
PursuitEvasion,neural,40,GDA,60,-7.726402294152591e-05,-0.1216908410893909,0.6678972146410517,0.35244932347562336,0.07587826733894877,8.801848139228241e-13,236,8.4310003423127e-11,188
PursuitEvasion,neural,40,Adam-GDA,0,-0.008672699067659101,-0.6517199055948444,1.1541505373146355,0.6435980720449999,0.09347239280734991,8.393286066166183e-13,238,8.980266530400627e-11,188
PursuitEvasion,neural,40,Adam-GDA,5,0.017397523221109424,-1.2853840950959954,2.2205461709988854,1.6420161831300328,0.3181890764967982,8.79296635503124e-13,244,8.729772460469576e-11,198
PursuitEvasion,neural,40,Adam-GDA,10,-0.18223988084005666,-2.786086684136202,5.044142108639029,4.439165495582013,0.876787207585739,8.189005029635155e-13,252,8.360911962768114e-11,207
PursuitEvasion,neural,40,Adam-GDA,15,0.12820207741799597,-1.420094749233575,7.054537474696241,6.55758128266662,1.5121635942524174,8.126832540256146e-13,259,8.957634634043643e-11,214
PursuitEvasion,neural,40,Adam-GDA,20,0.5863763224098646,-3.065511233102554,6.966455029585909,6.470264561001172,2.1703365336467533,8.446576771348191e-13,255,8.208900226236437e-11,211
PursuitEvasion,neural,40,Adam-GDA,25,-1.098718592631175,-4.807988904391593,8.352236788065062,7.830019375741257,2.1409249612641124,8.29558643999917e-13,257,8.963674247297604e-11,212
PursuitEvasion,neural,40,Adam-GDA,30,-0.6569452500893977,-7.406129858614276,12.18879627976026,11.778280966139082,2.21480831393792,8.757439218243235e-13,261,8.836131826228666e-11,217
PursuitEvasion,neural,40,Adam-GDA,35,0.19314854854407382,-7.512435109112013,12.82958042950916,12.478316831685602,4.369214585624653,8.43769498715119e-13,262,8.588596500658241e-11,218
PursuitEvasion,neural,40,Adam-GDA,40,-0.14143316300755038,-8.234077366067428,13.391868684179016,13.065368273684566,6.022836422328114,8.837375276016246e-13,262,8.103739901343943e-11,219
PursuitEvasion,neural,40,Adam-GDA,45,-1.3748373499861595,-7.941339074289246,14.735713684400103,14.489709569251744,6.11803911059535,8.135714324453147e-13,262,8.266276552149066e-11,218
PursuitEvasion,neural,40,Adam-GDA,50,-1.1434564402148677,-9.514329780875686,18.199481849259378,18.080368500636705,1.7850740793105353,8.899547765395255e-13,263,8.169820375769632e-11,220
PursuitEvasion,neural,40,Adam-GDA,55,-1.500479684761399,-9.309894801301706,18.627370333721956,18.537996188579143,1.675884678981748,8.668621376273222e-13,263,8.878942026058212e-11,219
PursuitEvasion,neural,40,Adam-GDA,60,-1.0691132214255652,-7.610510761847936,16.770593504367184,16.6475040491143,4.796612567559293,8.615330671091215e-13,263,8.831690934130165e-11,219
PursuitEvasion,neural,40,EGM,0,-0.008672699067659101,-0.6517199055948444,1.1541505373146355,0.6435980720449999,0.09347239280734991,8.393286066166183e-13,238,8.980266530400627e-11,188
PursuitEvasion,neural,40,EGM,5,-0.008268789498674638,-0.6023356273384388,1.1149132523850636,0.6124232154787828,0.0917671279686177,8.621992009238966e-13,237,8.800188355806426e-11,187
PursuitEvasion,neural,40,EGM,10,-0.007761555190380862,-0.552616940767412,1.0739730873022024,0.5810365752141863,0.09007717213503705,8.790745908981989e-13,236,8.600220535726066e-11,187
PursuitEvasion,neural,40,EGM,15,-0.007165580103396765,-0.5027810363683738,1.0315939718573395,0.5498842877833896,0.08841014033002996,8.505418591653324e-13,236,8.839451393072295e-11,187
PursuitEvasion,neural,40,EGM,20,-0.0064955863046362115,-0.45303571554009103,0.9880303548887587,0.5194380506624341,0.08677348274101349,8.604228440844963e-13,236,8.135525586538961e-11,188
PursuitEvasion,neural,40,EGM,25,-0.005766194001437238,-0.40357892437200676,0.9435264001690358,0.49018025136379184,0.08517415158649412,8.681944052568724e-13,236,8.280193197762742e-11,188
PursuitEvasion,neural,40,EGM,30,-0.004991705929192004,-0.3545983598674309,0.8983153142383047,0.46258307571775314,0.08361832400806204,8.743006318923108e-13,236,8.389788863638614e-11,188
PursuitEvasion,neural,40,EGM,35,-0.004185916799071791,-0.3062711424195121,0.8526187952403153,0.4370818411080518,0.08211118804221275,8.786305016883489e-13,236,8.464889900139383e-11,188
PursuitEvasion,neural,40,EGM,40,-0.0033619481304868826,-0.2587635495057439,0.8066465930508275,0.41404477631937,0.08065679529943716,8.812950369474493e-13,236,8.506373383454502e-11,188
PursuitEvasion,neural,40,EGM,45,-0.0025321084647307785,-0.21223080665941582,0.7605961721339554,0.39374361788376927,0.07925798068690959,8.824052599720744e-13,236,8.51535508772372e-11,188
PursuitEvasion,neural,40,EGM,50,-0.0017077786713887537,-0.17358782850996526,0.7214233653582437,0.37633075720525055,0.07791634639074398,8.821832153671494e-13,236,8.493189485037078e-11,188
PursuitEvasion,neural,40,EGM,55,-0.0008993218064024425,-0.14308799871533437,0.6894211031360467,0.36182826014251934,0.07663230447212285,8.801848139228241e-13,236,8.44142533651393e-11,188
PursuitEvasion,neural,40,EGM,60,-0.00011601674963399554,-0.12295761163341898,0.6668538364289646,0.35013162220447386,0.0754051699605946,8.767431225464861e-13,236,8.361777936727322e-11,188
PursuitEvasion,neural,40,PPM-3,0,-0.008672699067659101,-0.6517199055948444,1.1541505373146355,0.6435980720449999,0.09347239280734991,8.393286066166183e-13,238,8.980266530400627e-11,188
PursuitEvasion,neural,40,PPM-3,5,-0.008268922586548202,-0.6023443398084284,1.1149227242524389,0.6124311560094816,0.09176775584348196,8.621992009238966e-13,237,8.800399298181105e-11,187
PursuitEvasion,neural,40,PPM-3,10,-0.0077618303492354886,-0.5526338685448857,1.0739918138957294,0.581051874449267,0.09007839612579227,8.790745908981989e-13,236,8.600264944647051e-11,187
PursuitEvasion,neural,40,PPM-3,15,-0.007165998916612288,-0.5028056115032694,1.0316216203735353,0.549906174988045,0.08841192686872336,8.504308368628699e-13,236,8.839529108684019e-11,187
PursuitEvasion,neural,40,PPM-3,20,-0.006496143667560872,-0.45306730787269267,0.9880664893009673,0.5194655760105876,0.08677579700523601,8.604228440844963e-13,236,8.135636608841423e-11,188
PursuitEvasion,neural,40,PPM-3,25,-0.005766878924521733,-0.4036168499954071,0.9435704934687188,0.4902123111137221,0.08517695817127138,8.683054275593349e-13,236,8.280359731216436e-11,188
PursuitEvasion,neural,40,PPM-3,30,-0.004992502406740625,-0.3546418894751051,0.8983667604488182,0.4626184567808007,0.08362158765312974,8.743006318923108e-13,236,8.390010908243539e-11,188
PursuitEvasion,neural,40,PPM-3,35,-0.00418680471944563,-0.30631950953572473,0.8526769211771426,0.4371192863536387,0.08211487435634392,8.786305016883489e-13,236,8.465178558125785e-11,188
PursuitEvasion,neural,40,PPM-3,40,-0.0033629042051912727,-0.2588159585921462,0.8067106698034991,0.4140830669590273,0.08066087142980319,8.812950369474493e-13,236,8.506717552592136e-11,188
PursuitEvasion,neural,40,PPM-3,45,-0.002533107155370586,-0.21228644108574787,0.7606654262441366,0.39378166303925005,0.07926241589005709,8.826273045769994e-13,236,8.515771421357954e-11,188
PursuitEvasion,neural,40,PPM-3,50,-0.0017087930950370127,-0.1736333518715571,0.7214844831670963,0.3763676758141943,0.07792111247220575,8.820721930646869e-13,236,8.493683534283036e-11,188
PursuitEvasion,neural,40,PPM-3,55,-0.0009003246015379775,-0.14312674215174084,0.689477420948603,0.36186343958605155,0.07663737607343926,8.801848139228241e-13,236,8.441980448026243e-11,188
PursuitEvasion,neural,40,PPM-3,60,-0.00011698088651664919,-0.1229800694172977,0.6668958387602039,0.3501647427089834,0.0754105246849016,8.766321002440236e-13,236,8.362399661621112e-11,188
PursuitEvasion,neural,41,QP+G,0,-0.0034660222534071737,-0.42027217939471656,1.060950120874403,0.5451362602152081,0.06292369468558404,8.908429549592256e-13,237,8.36234415046988e-11,189
PursuitEvasion,neural,41,QP+G,5,-0.0029902654966644624,-0.3804836421750917,1.0054586004463513,0.5074740468221607,0.060835422582873847,8.681944052568724e-13,237,8.109291016467068e-11,189
PursuitEvasion,neural,41,QP+G,10,-0.00255263020370691,-0.34287816600843724,0.9530710460850593,0.4726220384011107,0.05883276977532354,8.497647030480948e-13,237,8.716494193095059e-11,188
PursuitEvasion,neural,41,QP+G,15,-0.0021534466656527376,-0.307421167102468,0.9032421676879463,0.44053594474666463,0.05691307517076314,8.320011346540923e-13,237,8.413919561078842e-11,188
PursuitEvasion,neural,41,QP+G,20,-0.0017923428747168616,-0.2740711548824889,0.8549123115782086,0.41112366451810173,0.05507383789616596,8.126832540256146e-13,237,8.106260107609842e-11,188
PursuitEvasion,neural,41,QP+G,25,-0.0014683588274371048,-0.2427804663272193,0.8081483778874834,0.38425674719853015,0.05331272251217939,8.802958362252866e-13,236,8.663153527876943e-11,187
PursuitEvasion,neural,41,QP+G,30,-0.0011800548417327432,-0.2134959964195903,0.7630045088570568,0.3597820288296573,0.05162755176638446,8.570921750106208e-13,236,8.32071633816156e-11,187
PursuitEvasion,neural,41,QP+G,35,-0.0009256125098735337,-0.18615991801843987,0.7195228026660596,0.33753227447445433,0.050016289955887104,8.333334022836425e-13,236,8.869549539269883e-11,186
PursuitEvasion,neural,41,QP+G,40,-0.0007029272700328302,-0.17068801541052836,0.6877117023586748,0.3173351028494617,0.048477019932440864,8.985034938291392e-13,235,8.501516157721767e-11,186
PursuitEvasion,neural,41,QP+G,45,-0.0005096919202105723,-0.15864507069623685,0.6592214919192938,0.29901989201814794,0.04700791656672712,8.707479182135103e-13,235,8.143596907927986e-11,186
PursuitEvasion,neural,41,QP+G,50,-0.00034347071186758074,-0.14747514743916953,0.6315747368648852,0.2824226884586169,0.04560721914320703,8.431033649003439e-13,235,8.664252648671322e-11,185
PursuitEvasion,neural,41,QP+G,55,-0.00020176394007842026,-0.13714152541122487,0.6054172908794886,0.26738934450839835,0.04427320473178274,8.181788579975091e-13,235,8.295447662121092e-11,185
PursuitEvasion,neural,41,QP+G,60,-8.206318778652359e-05,-0.1285102965010771,0.5843012321206876,0.25377720753993177,0.04300416412084846,8.912870441690757e-13,234,8.826100961201178e-11,184
PursuitEvasion,neural,41,noG,0,-0.0034660222534071737,-0.42027217939471656,1.060950120874403,0.5451362602152081,0.06292369468558404,8.908429549592256e-13,237,8.36234415046988e-11,189
PursuitEvasion,neural,41,noG,5,-0.0030017192498613477,-0.3758149714780004,1.0161792654963075,0.5162541313438875,0.06200761040702686,8.903988657493755e-13,237,8.36207769694397e-11,189
PursuitEvasion,neural,41,noG,10,-0.0025353037922746405,-0.33205140251387133,0.9697701109332343,0.4886495272226195,0.061108011076660536,8.8662410746565e-13,237,8.323386424535784e-11,189
PursuitEvasion,neural,41,noG,15,-0.002073798330106582,-0.2891191751134121,0.9219320855162123,0.46257114865906096,0.06022426408666566,8.79518680108049e-13,237,8.247874605515904e-11,189
PursuitEvasion,neural,41,noG,20,-0.001623739261874783,-0.2471493545779297,0.8728772979205079,0.4381955052210513,0.05935555192821059,8.691936059790351e-13,237,8.137562845789148e-11,189
PursuitEvasion,neural,41,noG,25,-0.0011910877760603657,-0.2062658810960134,0.8246383207976145,0.4156207417817109,0.0585009566532958,8.613110225041964e-13,237,8.883144220206418e-11,188
PursuitEvasion,neural,41,noG,30,-0.0007811554675062789,-0.17334397749139852,0.7827634333831787,0.3948682956191861,0.05765954583133787,8.507639037702575e-13,237,8.691547481731732e-11,188
PursuitEvasion,neural,41,noG,35,-0.0003985455308117237,-0.15392357698408624,0.7528159055538055,0.37589159649252923,0.05683045452956768,8.375522497772181e-13,237,8.470285584039061e-11,188
PursuitEvasion,neural,41,noG,40,-4.710999818364342e-05,-0.13524086209869024,0.7221261295744312,0.35858990210739083,0.05601295827048889,8.220091274324659e-13,237,8.222955649728192e-11,188
PursuitEvasion,neural,41,noG,45,0.0002700768453728977,-0.1218004133394547,0.6952972367498974,0.3428248264597173,0.05520653267846029,8.93507490218326e-13,236,8.837069964684474e-11,187
PursuitEvasion,neural,41,noG,50,0.0005507290665895366,-0.11610744162527542,0.674936623716444,0.32843716270953927,0.054410896548022426,8.719691635405979e-13,236,8.517186955714351e-11,187
PursuitEvasion,neural,41,noG,55,0.0007933442248928015,-0.11220376109324916,0.6551912187098984,0.31526206443931265,0.0536260362631227,8.487655023259322e-13,236,8.181455513067704e-11,187
PursuitEvasion,neural,41,noG,60,0.0009971838696167731,-0.11185322343968865,0.6379322151615184,0.3031413227784472,0.0528522107786605,8.232303727595536e-13,236,8.704889586930165e-11,186
PursuitEvasion,neural,41,GDA,0,-0.0034660222534071737,-0.42027217939471656,1.060950120874403,0.5451362602152081,0.06292369468558404,8.908429549592256e-13,237,8.36234415046988e-11,189
PursuitEvasion,neural,41,GDA,5,-0.0030017192498613477,-0.3758149714780004,1.0161792654963075,0.5162541313438875,0.06200761040702686,8.903988657493755e-13,237,8.36207769694397e-11,189
PursuitEvasion,neural,41,GDA,10,-0.0025353037922746405,-0.33205140251387133,0.9697701109332343,0.4886495272226195,0.061108011076660536,8.8662410746565e-13,237,8.323386424535784e-11,189
PursuitEvasion,neural,41,GDA,15,-0.002073798330106582,-0.2891191751134121,0.9219320855162123,0.46257114865906096,0.06022426408666566,8.79518680108049e-13,237,8.247874605515904e-11,189
PursuitEvasion,neural,41,GDA,20,-0.001623739261874783,-0.2471493545779297,0.8728772979205079,0.4381955052210513,0.05935555192821059,8.691936059790351e-13,237,8.137562845789148e-11,189
PursuitEvasion,neural,41,GDA,25,-0.0011910877760603657,-0.2062658810960134,0.8246383207976145,0.4156207417817109,0.0585009566532958,8.613110225041964e-13,237,8.883144220206418e-11,188
PursuitEvasion,neural,41,GDA,30,-0.0007811554675062789,-0.17334397749139852,0.7827634333831787,0.3948682956191861,0.05765954583133787,8.507639037702575e-13,237,8.691547481731732e-11,188
PursuitEvasion,neural,41,GDA,35,-0.0003985455308117237,-0.15392357698408624,0.7528159055538055,0.37589159649252923,0.05683045452956768,8.375522497772181e-13,237,8.470285584039061e-11,188
PursuitEvasion,neural,41,GDA,40,-4.710999818364342e-05,-0.13524086209869024,0.7221261295744312,0.35858990210739083,0.05601295827048889,8.220091274324659e-13,237,8.222955649728192e-11,188
PursuitEvasion,neural,41,GDA,45,0.0002700768453728977,-0.1218004133394547,0.6952972367498974,0.3428248264597173,0.05520653267846029,8.93507490218326e-13,236,8.837069964684474e-11,187
PursuitEvasion,neural,41,GDA,50,0.0005507290665895366,-0.11610744162527542,0.674936623716444,0.32843716270953927,0.054410896548022426,8.719691635405979e-13,236,8.517186955714351e-11,187
PursuitEvasion,neural,41,GDA,55,0.0007933442248928015,-0.11220376109324916,0.6551912187098984,0.31526206443931265,0.0536260362631227,8.487655023259322e-13,236,8.181455513067704e-11,187
PursuitEvasion,neural,41,GDA,60,0.0009971838696167731,-0.11185322343968865,0.6379322151615184,0.3031413227784472,0.0528522107786605,8.232303727595536e-13,236,8.704889586930165e-11,186
PursuitEvasion,neural,41,Adam-GDA,0,-0.0034660222534071737,-0.42027217939471656,1.060950120874403,0.5451362602152081,0.06292369468558404,8.908429549592256e-13,237,8.36234415046988e-11,189
PursuitEvasion,neural,41,Adam-GDA,5,-0.016428408966583357,-0.7388841069695794,1.4605927924911213,0.9390807375854154,0.18975357873728355,8.550937735662956e-13,239,8.887740543528366e-11,191
PursuitEvasion,neural,41,Adam-GDA,10,0.1037051922387564,-1.546924268901605,2.7009459868884815,2.1238484988302164,0.3906711473257266,8.564260411958458e-13,246,8.893907832430159e-11,200
PursuitEvasion,neural,41,Adam-GDA,15,-0.11299436125251662,-2.244792902612524,3.8305704686806132,3.303531962206253,0.689825922544449,8.104628079763643e-13,250,8.383516103549482e-11,205
PursuitEvasion,neural,41,Adam-GDA,20,-0.22615255992187844,-3.191622654105689,6.9015041169538645,6.36985299186317,1.1706565948643748,8.15347789284715e-13,255,8.657696781710911e-11,210
PursuitEvasion,neural,41,Adam-GDA,25,-0.4031600972176442,-5.933128700831925,9.666632034850235,9.183514325279353,1.9960650648100027,8.490985692333197e-13,259,8.44284642198545e-11,215
PursuitEvasion,neural,41,Adam-GDA,30,-1.9318450798555753,-6.151815123014693,11.875693043190228,11.476078212225685,2.7450861409009595,8.766321002440236e-13,259,8.762146563867645e-11,215
PursuitEvasion,neural,41,Adam-GDA,35,0.12688051576049642,-4.66016011365082,13.297946632412843,12.949898969107513,3.897037922533354,8.881784197001252e-13,262,8.109779514597903e-11,219
PursuitEvasion,neural,41,Adam-GDA,40,2.639482486608363,-4.976039862516678,13.77179638977083,13.46097979573102,2.9197487948742005,8.189005029635155e-13,263,8.334311019098095e-11,219
PursuitEvasion,neural,41,Adam-GDA,45,1.72776057960553,-4.767311748389076,13.823964595068253,13.553426902967928,4.937711376905903,8.473222123939195e-13,263,8.629008618754597e-11,219
PursuitEvasion,neural,41,Adam-GDA,50,2.6318948346379742,-7.86097178196619,17.577019370034034,17.435454786396427,1.6701841265125066,8.171241461241152e-13,264,8.352962765911798e-11,220
PursuitEvasion,neural,41,Adam-GDA,55,3.036905797796465,-9.500720314358473,18.85796721592861,18.773682350982185,0.7479229820307626,8.86402062860725e-13,263,8.135891960137087e-11,220
PursuitEvasion,neural,41,Adam-GDA,60,2.3454249285123874,-9.713603995466794,18.299561847367485,18.235085193773163,2.327857576552994,8.100187187665142e-13,264,8.308909116294672e-11,220
PursuitEvasion,neural,41,EGM,0,-0.0034660222534071737,-0.42027217939471656,1.060950120874403,0.5451362602152081,0.06292369468558404,8.908429549592256e-13,237,8.36234415046988e-11,189
PursuitEvasion,neural,41,EGM,5,-0.0030014287458689673,-0.3759585813069014,1.0158569664253947,0.5159866992814465,0.061971956655936,8.895106873296754e-13,237,8.354361646922825e-11,189
PursuitEvasion,neural,41,EGM,10,-0.0025360924901927547,-0.3323927306427487,0.969209368948126,0.4881526086449122,0.06103770863286282,8.850697952311748e-13,237,8.308526089351176e-11,189
PursuitEvasion,neural,41,EGM,15,-0.0020768921028784786,-0.2897081361789157,0.9212172937128544,0.461873956827892,0.06012030583723946,8.775202786637237e-13,237,8.226547221212854e-11,189
PursuitEvasion,neural,41,EGM,20,-0.0016301873009376506,-0.2480313494430027,0.8722984598290244,0.43731872996083293,0.059218933993991286,8.676392937445598e-13,237,8.110556670715141e-11,189
PursuitEvasion,neural,41,EGM,25,-0.0012017368117482287,-0.20748151615815974,0.8241920922792636,0.41457772827557443,0.058332692953850566,8.593126210598712e-13,237,8.847816923562846e-11,188
PursuitEvasion,neural,41,EGM,30,-0.0007966314118463048,-0.17415802051220963,0.7816873926748177,0.3936669479117492,0.05746068044353003,8.484324354185446e-13,237,8.651940275328229e-11,188
PursuitEvasion,neural,41,EGM,35,-0.000419242684096691,-0.1549371082104452,0.7517519378161202,0.37453664330738445,0.05660207069738688,8.347766922156552e-13,237,8.427508690900254e-11,188
PursuitEvasion,neural,41,EGM,40,-7.318775222069735e-05,-0.13646518512182468,0.7211280408019448,0.35708513828946614,0.055756183241106295,8.189005029635155e-13,237,8.178102639533336e-11,188
PursuitEvasion,neural,41,EGM,45,0.0002386900746776154,-0.1222734781294449,0.6934467100589785,0.341175004196143,0.054922537919351554,8.901768211444505e-13,236,8.786171790120534e-11,187
PursuitEvasion,neural,41,EGM,50,0.0005143251320090057,-0.11665848031580352,0.6731073908848054,0.3266493216872447,0.05410089330810969,8.6852747216426e-13,236,8.466422007913366e-11,187
PursuitEvasion,neural,41,EGM,55,0.0007524183905973209,-0.11232602571603077,0.6529213409779523,0.31334622097857334,0.053291266842166916,8.452127886471317e-13,236,8.131947892842106e-11,187
PursuitEvasion,neural,41,EGM,60,0.0009524125763888114,-0.11199795441816941,0.6357176066195439,0.3011105519706213,0.05249393623076784,8.196776590807531e-13,236,8.652450977919557e-11,186
PursuitEvasion,neural,41,PPM-3,0,-0.0034660222534071737,-0.42027217939471656,1.060950120874403,0.5451362602152081,0.06292369468558404,8.908429549592256e-13,237,8.36234415046988e-11,189
PursuitEvasion,neural,41,PPM-3,5,-0.0030014965240227833,-0.3759640944623959,1.015865392194758,0.5159923661201193,0.06197229598722944,8.897327319346005e-13,237,8.354417158074057e-11,189
PursuitEvasion,neural,41,PPM-3,10,-0.0025362197191441246,-0.33240319923956824,0.9692262400015963,0.4881633685714954,0.06103837703909507,8.850697952311748e-13,237,8.308626009423392e-11,189
PursuitEvasion,neural,41,PPM-3,15,-0.0020770679670960453,-0.2897229596474408,0.9212425273047717,0.46188919709594545,0.060121293497233365,8.775202786637237e-13,237,8.226719305781671e-11,189
PursuitEvasion,neural,41,PPM-3,20,-0.0016303990229904635,-0.24804989067347122,0.8723295945663607,0.4373378421563676,0.05922023154037967,8.675282714420973e-13,237,8.110806470895682e-11,189
PursuitEvasion,neural,41,PPM-3,25,-0.0012019702072886035,-0.207503108005614,0.8242303465965434,0.41460014666314077,0.05833429141987954,8.593126210598712e-13,237,8.848172194930726e-11,188
PursuitEvasion,neural,41,PPM-3,30,-0.0007968714566341413,-0.17416943363478235,0.7817197902185431,0.39369217756410657,0.057462571147355236,8.482103908136196e-13,237,8.652384364538079e-11,188
PursuitEvasion,neural,41,PPM-3,35,-0.00041947407678003933,-0.1549492471422145,0.7517895757654912,0.37456427512585355,0.05660424507835369,8.347766922156552e-13,237,8.428030495721828e-11,188
PursuitEvasion,neural,41,PPM-3,40,-7.339545735674099e-05,-0.1364776939421411,0.7211706950197707,0.3571148507437429,0.05575863266630451,8.189005029635155e-13,237,8.178718813312003e-11,188
PursuitEvasion,neural,41,PPM-3,45,0.00023852031774661882,-0.12227737161141686,0.6934854663488906,0.3412065539167711,0.05492525348086778,8.901768211444505e-13,236,8.786943395122648e-11,187
PursuitEvasion,neural,41,PPM-3,50,0.0005142063473310221,-0.11666229369722544,0.6731507954762033,0.32668252645443696,0.05410386563175177,8.686384944667225e-13,236,8.467271328527204e-11,187
PursuitEvasion,neural,41,PPM-3,55,0.0007523619619727194,-0.1123266160573112,0.6529662031762123,0.3133809390672428,0.05329448592703537,8.452682997983629e-13,236,8.13287770462523e-11,187
PursuitEvasion,neural,41,PPM-3,60,0.0009524279110028899,-0.11199848589019507,0.6357669859325608,0.3011466614154894,0.05249739133605431,8.197886813832156e-13,236,8.653550098713936e-11,186
PursuitEvasion,neural,42,QP+G,0,-0.002147018636000601,-0.3907674163530968,0.640795488206656,0.26337533795591495,0.051233601323711596,8.5131901528257e-13,233,8.611564239480174e-11,182
PursuitEvasion,neural,42,QP+G,5,-0.002061745635109611,-0.38304857109408696,0.6274540049683909,0.2558761596620873,0.05040036635686686,8.333889134348738e-13,233,8.367881387805198e-11,182
PursuitEvasion,neural,42,QP+G,10,-0.0019811124357923767,-0.37544165092882315,0.6154204589637563,0.24868623046635233,0.049589983516546456,8.151812558310212e-13,233,8.130240924941745e-11,182
PursuitEvasion,neural,42,QP+G,15,-0.0019049203369502022,-0.36794678533059566,0.6036092355162681,0.24179393729662607,0.04880201351003125,8.860689959533374e-13,232,8.776177007341346e-11,181
PursuitEvasion,neural,42,QP+G,20,-0.0018329769132480363,-0.3614981791612335,0.5929529118411467,0.2351878444079274,0.04803602010891761,8.696932063401164e-13,232,8.525274930448745e-11,181
PursuitEvasion,neural,42,QP+G,25,-0.0017650959580342552,-0.35577173439086157,0.5866450840758395,0.2288567278560314,0.047291570354519245,8.558154185323019e-13,232,8.280787167080916e-11,181
PursuitEvasion,neural,42,QP+G,30,-0.001701097412868825,-0.3501198800491626,0.5814752512619423,0.22278960491714617,0.046568234729409734,8.421596753294125e-13,232,8.936237860801555e-11,180
PursuitEvasion,neural,42,QP+G,35,-0.0016408072853732647,-0.3445427757207492,0.5763862613423648,0.21697575874308084,0.045865587299091314,8.285594432777543e-13,232,8.678494034519701e-11,180
PursuitEvasion,neural,42,QP+G,40,-0.001584057556952036,-0.33904050495896715,0.5713773571323866,0.2114047585714123,0.0451832058275453,8.152922781334837e-13,232,8.427521180909281e-11,180
PursuitEvasion,neural,42,QP+G,45,-0.0015306860818057088,-0.33361308015575997,0.5664477549405111,0.2060664758294158,0.04452067187018769,8.912870441690757e-13,231,8.183201338773927e-11,180
PursuitEvasion,neural,42,QP+G,50,-0.0014805364785195983,-0.32826044716741126,0.5615966472599517,0.20095109648043324,0.043877570847528996,8.769096560001799e-13,231,8.828224262735773e-11,179
PursuitEvasion,neural,42,QP+G,55,-0.0014334580153931077,-0.3229824896929116,0.5568232052817816,0.1960491299632164,0.04325349210261043,8.626988012849779e-13,231,8.571116039135518e-11,179
PursuitEvasion,neural,42,QP+G,60,-0.0013893054905687405,-0.31777903343299996,0.5521265812687826,0.19135141507004527,0.04264802894506154,8.487655023259322e-13,231,8.320980016129909e-11,179
PursuitEvasion,neural,42,noG,0,-0.002147018636000601,-0.3907674163530968,0.640795488206656,0.26337533795591495,0.051233601323711596,8.5131901528257e-13,233,8.611564239480174e-11,182
PursuitEvasion,neural,42,noG,5,-0.002147018636000601,-0.3907674163530968,0.640795488206656,0.26337533795591495,0.051233601323711596,8.5131901528257e-13,233,8.611564239480174e-11,182
PursuitEvasion,neural,42,noG,10,-0.002147018636000601,-0.3907674163530968,0.640795488206656,0.26337533795591495,0.051233601323711596,8.5131901528257e-13,233,8.611564239480174e-11,182
PursuitEvasion,neural,42,noG,15,-0.002147018636000601,-0.3907674163530968,0.640795488206656,0.26337533795591495,0.051233601323711596,8.5131901528257e-13,233,8.611564239480174e-11,182
PursuitEvasion,neural,42,noG,20,-0.002147018636000601,-0.3907674163530968,0.640795488206656,0.26337533795591495,0.051233601323711596,8.5131901528257e-13,233,8.611564239480174e-11,182
PursuitEvasion,neural,42,noG,25,-0.002147018636000601,-0.3907674163530968,0.640795488206656,0.26337533795591495,0.051233601323711596,8.5131901528257e-13,233,8.611564239480174e-11,182
PursuitEvasion,neural,42,noG,30,-0.002147018636000601,-0.3907674163530968,0.640795488206656,0.26337533795591495,0.051233601323711596,8.5131901528257e-13,233,8.611564239480174e-11,182
PursuitEvasion,neural,42,noG,35,-0.002147018636000601,-0.3907674163530968,0.640795488206656,0.26337533795591495,0.051233601323711596,8.5131901528257e-13,233,8.611564239480174e-11,182
PursuitEvasion,neural,42,noG,40,-0.002147018636000601,-0.3907674163530968,0.640795488206656,0.26337533795591495,0.051233601323711596,8.5131901528257e-13,233,8.611564239480174e-11,182
PursuitEvasion,neural,42,noG,45,-0.002147018636000601,-0.3907674163530968,0.640795488206656,0.26337533795591495,0.051233601323711596,8.5131901528257e-13,233,8.611564239480174e-11,182
PursuitEvasion,neural,42,noG,50,-0.002147018636000601,-0.3907674163530968,0.640795488206656,0.26337533795591495,0.051233601323711596,8.5131901528257e-13,233,8.611564239480174e-11,182
PursuitEvasion,neural,42,noG,55,-0.002147018636000601,-0.3907674163530968,0.640795488206656,0.26337533795591495,0.051233601323711596,8.5131901528257e-13,233,8.611564239480174e-11,182
PursuitEvasion,neural,42,noG,60,-0.002147018636000601,-0.3907674163530968,0.640795488206656,0.26337533795591495,0.051233601323711596,8.5131901528257e-13,233,8.611564239480174e-11,182
PursuitEvasion,neural,42,GDA,0,-0.002147018636000601,-0.3907674163530968,0.640795488206656,0.26337533795591495,0.051233601323711596,8.5131901528257e-13,233,8.611564239480174e-11,182
PursuitEvasion,neural,42,GDA,5,-0.0022556759369814806,-0.38754004981272444,0.6521500018130342,0.2652594394309088,0.05072090660033341,8.460454559156005e-13,233,8.401490614318163e-11,182
PursuitEvasion,neural,42,GDA,10,-0.002337572103406735,-0.38320666353976224,0.6614367494956053,0.26674158069147935,0.05023554054230721,8.383294058944557e-13,233,8.16043899121155e-11,182
PursuitEvasion,neural,42,GDA,15,-0.0023923198695379646,-0.3778383567029504,0.6687061912016741,0.267729392810489,0.049774991799946676,8.279488206142105e-13,233,8.767903070250327e-11,181
PursuitEvasion,neural,42,GDA,20,-0.0024199291215286846,-0.371507733873807,0.6740241974612864,0.26815718972604713,0.04933687432592856,8.147926777724024e-13,233,8.440542709209353e-11,181
PursuitEvasion,neural,42,GDA,25,-0.002420782202826984,-0.364288406504422,0.6774609141129497,0.26798433894437707,0.04891897644842403,8.885114866075128e-13,232,8.98735807997042e-11,180
PursuitEvasion,neural,42,GDA,30,-0.002395605767980806,-0.356254525336085,0.6790901118196907,0.26719309343124154,0.048519294782742514,8.695821840376539e-13,232,8.573258769573044e-11,180
PursuitEvasion,neural,42,GDA,35,-0.0023454399167753596,-0.3474803456898986,0.6789885722543114,0.2657861156586657,0.04813605369336831,8.487655023259322e-13,232,8.140474405671227e-11,180
PursuitEvasion,neural,42,GDA,40,-0.0022716053042744575,-0.3380398269432274,0.677235513602829,0.2637838551775976,0.047767711642578814,8.616996005628152e-13,232,8.9968407723795e-11,179
PursuitEvasion,neural,42,GDA,45,-0.0021756688748303644,-0.32800626684564305,0.6739120571594286,0.26122188396271323,0.04741295620909459,8.784084570834239e-13,232,8.415444729958921e-11,180
PursuitEvasion,neural,42,GDA,50,-0.0020594088128019754,-0.31745197079349813,0.6691007360682883,0.2581482508446954,0.04707068983851239,8.925082894961633e-13,232,8.707726206758082e-11,180
PursuitEvasion,neural,42,GDA,55,-0.0019247792426419028,-0.3064479556912731,0.6628850465725689,0.25462088706822017,0.04674000851428235,8.134048989916209e-13,233,8.972758647196599e-11,180
PursuitEvasion,neural,42,GDA,60,-0.0017738751489888237,-0.2950636876068021,0.655349041507092,0.2507050779239892,0.046420175536438776,8.213429936176908e-13,233,8.288811303991395e-11,181
PursuitEvasion,neural,42,Adam-GDA,0,-0.002147018636000601,-0.3907674163530968,0.640795488206656,0.26337533795591495,0.051233601323711596,8.5131901528257e-13,233,8.611564239480174e-11,182
PursuitEvasion,neural,42,Adam-GDA,5,-0.007960345046276449,-1.1508064704457743,2.0701314689252515,1.5282967028433343,0.29450481036458104,8.668621376273222e-13,243,8.610356871940894e-11,197
PursuitEvasion,neural,42,Adam-GDA,10,0.016056271367017025,-2.54296117723125,5.2253906862417505,4.617970636246163,0.568622576180806,8.86402062860725e-13,251,8.112310823094049e-11,207
PursuitEvasion,neural,42,Adam-GDA,15,-0.12716772309479854,-2.060659997697485,4.092341886472663,3.6399901893357756,0.9100508766422599,8.291145547900669e-13,249,8.707301546451163e-11,204
PursuitEvasion,neural,42,Adam-GDA,20,0.396125919602512,-2.3210523529897444,6.390603588998804,5.860600253654387,1.6120063691997883,8.872902412804251e-13,255,8.567013765059528e-11,211
PursuitEvasion,neural,42,Adam-GDA,25,0.3894081390498908,-3.1218070725592413,6.195621111602712,5.7020497356646,2.301761206641803,8.233413950620161e-13,253,8.736522616459297e-11,208
PursuitEvasion,neural,42,Adam-GDA,30,0.4863356224512676,-4.60244208482345,9.168231656204036,8.675999807936613,3.2184807790270664,8.979483823168266e-13,256,8.778933135999978e-11,212
PursuitEvasion,neural,42,Adam-GDA,35,-0.10709522003861978,-6.224487740725268,10.421174433750593,9.981163355368821,3.2148790193916303,8.810729923425242e-13,259,8.777956139738308e-11,215
PursuitEvasion,neural,42,Adam-GDA,40,-1.2592199892171922,-7.345735077823698,12.040300952940195,11.648981610698122,1.9398922006978359,8.455458555545192e-13,261,8.528999728696363e-11,217
PursuitEvasion,neural,42,Adam-GDA,45,-2.7598421719255724,-7.948903127197818,12.823095410408193,12.473712247432964,2.781525572141937,8.242295734817162e-13,262,8.350031777126787e-11,218
PursuitEvasion,neural,42,Adam-GDA,50,-2.469804913940419,-8.025440607063834,13.486852951658985,13.159670073338843,4.408939163396237,8.260059303211165e-13,262,8.351541680440278e-11,218
PursuitEvasion,neural,42,Adam-GDA,55,-0.139323479230381,-8.841348890678521,14.946324656449196,14.678589178640554,4.715598437571607,8.668621376273222e-13,263,8.870060241861211e-11,219
PursuitEvasion,neural,42,Adam-GDA,60,0.6171848273382718,-8.949971446831013,16.587087300374538,16.374510282224605,1.411927720060913,8.881784197001252e-13,263,8.172129639660852e-11,220
PursuitEvasion,neural,42,EGM,0,-0.002147018636000601,-0.3907674163530968,0.640795488206656,0.26337533795591495,0.051233601323711596,8.5131901528257e-13,233,8.611564239480174e-11,182
PursuitEvasion,neural,42,EGM,5,-0.002252978772303743,-0.3873176671722897,0.6517397786894454,0.26502951267985764,0.05069577359273023,8.456013667057505e-13,233,8.394471229244971e-11,182
PursuitEvasion,neural,42,EGM,10,-0.0023320884807032627,-0.3827886094863197,0.6606370700433837,0.2662862577515486,0.05018608163423235,8.373857163235243e-13,233,8.147385543999519e-11,182
PursuitEvasion,neural,42,EGM,15,-0.002384078912817077,-0.3772522534165381,0.6675409199915305,0.267057114843665,0.049702019595338584,8.266165529846603e-13,233,8.747849666868035e-11,181
PursuitEvasion,neural,42,EGM,20,-0.002409068822539436,-0.37078180281343254,0.6725198749959587,0.2672800239604899,0.0492412114298115,8.131828543866959e-13,233,8.416110863773696e-11,181
PursuitEvasion,neural,42,EGM,25,-0.002407538094042731,-0.36345117442993796,0.6756463494996234,0.26691752935002244,0.04880145653141393,8.86402062860725e-13,232,8.956682617800027e-11,180
PursuitEvasion,neural,42,EGM,30,-0.0023802982274157315,-0.35533454983452595,0.6769959931857196,0.2659545002728288,0.048380760585473255,8.67250715685941e-13,232,8.540364249132182e-11,180
PursuitEvasion,neural,42,EGM,35,-0.0023284604991432967,-0.3465059615045661,0.6766470974604641,0.2643955875611322,0.047977352493328566,8.463230116717568e-13,232,8.106651461226022e-11,180
PursuitEvasion,neural,42,EGM,40,-0.0022534024701702684,-0.3370389139340537,0.6746800431712858,0.26226256804080395,0.047589688794139474,8.579248422790897e-13,232,8.934825102002719e-11,179
PursuitEvasion,neural,42,EGM,45,-0.002156733460752787,-0.32700603998594685,0.6711767907411131,0.25959167352068147,0.04721644740549724,8.741896095898483e-13,232,8.35179564395716e-11,180
PursuitEvasion,neural,42,EGM,50,-0.0020402595518765896,-0.3164787922342347,0.6662204132317451,0.25643096021620343,0.046856512738938316,8.877898416415064e-13,232,8.636485970825447e-11,180
PursuitEvasion,neural,42,EGM,55,-0.0019059486106059067,-0.3055271685998497,0.6598946722069072,0.2528377472009986,0.046508954337690464,8.98670027282833e-13,232,8.894249226010231e-11,180
PursuitEvasion,neural,42,EGM,60,-0.0017558957738862575,-0.29421947121984404,0.6522836357116595,0.2488761370365631,0.04617300115485929,8.163469900068776e-13,233,8.211981095129772e-11,181
PursuitEvasion,neural,42,PPM-3,0,-0.002147018636000601,-0.3907674163530968,0.640795488206656,0.26337533795591495,0.051233601323711596,8.5131901528257e-13,233,8.611564239480174e-11,182
PursuitEvasion,neural,42,PPM-3,5,-0.002252971131413477,-0.3873201657199232,0.651741467698585,0.2650310549265224,0.050695994447668015,8.456013667057505e-13,233,8.394565598202064e-11,182
PursuitEvasion,neural,42,PPM-3,10,-0.0023320812496674904,-0.3827937418306052,0.6606408895239222,0.26628943919181225,0.05018651066200128,8.373302051722931e-13,233,8.147574281913705e-11,182
PursuitEvasion,neural,42,PPM-3,15,-0.002384079497618982,-0.3772601152462618,0.6675472592726442,0.26706203744451884,0.04970264516193493,8.266165529846603e-13,233,8.748157753757368e-11,181
PursuitEvasion,neural,42,PPM-3,20,-0.0024090838277623164,-0.37079245183242765,0.6725290717564465,0.26728678178421544,0.04924202281436068,8.131273432354647e-13,233,8.416528585186711e-11,181
PursuitEvasion,neural,42,PPM-3,25,-0.002407573198644995,-0.36346463219955866,0.6756586907129263,0.266926198317467,0.0488024437832246,8.86402062860725e-13,232,8.957259933772832e-11,180
PursuitEvasion,neural,42,PPM-3,30,-0.002380358092570804,-0.3553508038320327,0.6770117164608312,0.26596513055829846,0.048381914384522266,8.67250715685941e-13,232,8.541051199628669e-11,180
PursuitEvasion,neural,42,PPM-3,35,-0.002328548707080478,-0.3465249673488354,0.6766663927140942,0.2644081984366073,0.047978664023342533,8.463230116717568e-13,232,8.107436944015944e-11,180
PursuitEvasion,neural,42,PPM-3,40,-0.0022535214923673575,-0.3370605977333513,0.6747030545693791,0.2622771449317672,0.047591149634966884,8.580358645815522e-13,232,8.934789019754419e-11,179
PursuitEvasion,neural,42,PPM-3,45,-0.0021568846533817684,-0.32703030076632017,0.6712036188514354,0.25960816702474077,0.047218049448982974,8.741896095898483e-13,232,8.35179425617838e-11,180
PursuitEvasion,neural,42,PPM-3,50,-0.002040443176065875,-0.31650550441117786,0.6662511173334615,0.25644928684746787,0.04685824813018448,8.876788193390439e-13,232,8.636524828631309e-11,180
PursuitEvasion,neural,42,PPM-3,55,-0.0019061638748695186,-0.30555618446013233,0.659929272707718,0.25285779164206174,0.046510815441526056,8.985034938291392e-13,232,8.894338043852201e-11,180
PursuitEvasion,neural,42,PPM-3,60,-0.0017561408959412272,-0.29425062338466534,0.6523221166280118,0.24889775569456538,0.046174980545648225,8.163469900068776e-13,233,8.212105995220043e-11,181
PursuitEvasion,neural,43,QP+G,0,0.0007134196235492442,-0.49356101212181974,0.9348501497172921,0.4366424641205739,0.06716943679217618,8.683054275593349e-13,235,8.365591552816909e-11,184
PursuitEvasion,neural,43,QP+G,5,0.0005699959029487065,-0.4777271080328745,0.902901513671471,0.4119250774882617,0.06539357810280388,8.403833184900122e-13,235,8.790171368566746e-11,183
PursuitEvasion,neural,43,QP+G,10,0.0004506584404981532,-0.46127357033031974,0.8709161028863788,0.38786128780517304,0.06366253430279635,8.113509863960644e-13,235,8.285008790132053e-11,183
PursuitEvasion,neural,43,QP+G,15,0.0003549781384563546,-0.4442989835476833,0.8389987247581798,0.3645703583666602,0.06197577343422191,8.681944052568724e-13,234,8.642803139835564e-11,182
PursuitEvasion,neural,43,QP+G,20,0.0002822821698640482,-0.42689706131171024,0.8077088422863166,0.34216094608337955,0.06033316372070983,8.341105584008801e-13,234,8.151812558310212e-11,182
PursuitEvasion,neural,43,QP+G,25,0.00023169078322974202,-0.409156770834039,0.7765303231594325,0.3207289196654468,0.058734904012988136,8.882339308513565e-13,233,8.559070119318335e-11,181
PursuitEvasion,neural,43,QP+G,30,0.0002021520315923361,-0.39116245348083806,0.7455710204269731,0.30035559508658227,0.057181455397960344,8.489875469308572e-13,233,8.102796211773011e-11,181
PursuitEvasion,neural,43,QP+G,35,0.00019247435097321033,-0.3729939412082633,0.715040006636954,0.28110645697653924,0.0556734750700382,8.993361610976081e-13,232,8.542339058337234e-11,180
PursuitEvasion,neural,43,QP+G,40,0.0002013569324690427,-0.35472666893677035,0.6849379909131194,0.263030408840755,0.05421175335612488,8.552047958687581e-13,232,8.126602168978536e-11,180
PursuitEvasion,neural,43,QP+G,45,0.00022741784925433932,-0.3364317830518244,0.65533342131911,0.24615956403543932,0.052797154613013327,8.109624083374456e-13,232,8.615906599285239e-11,179
PursuitEvasion,neural,43,QP+G,50,0.00026921991563249193,-0.3181762463946994,0.6262889182073316,0.23050955722203478,0.05143056257482199,8.532063944244328e-13,231,8.248349225858931e-11,179
PursuitEvasion,neural,43,QP+G,55,0.0003252942706536491,-0.30002294016008935,0.6021227949446162,0.21608032696133891,0.05011283061377993,8.406608742461685e-13,231,8.804795781358621e-11,178
PursuitEvasion,neural,43,QP+G,60,0.00039416169401903893,-0.282030763173595,0.5788698681051827,0.20285729787164963,0.048844737284580574,8.28059842916673e-13,231,8.489944858247611e-11,178
PursuitEvasion,neural,43,noG,0,0.0007134196235492442,-0.49356101212181974,0.9348501497172921,0.4366424641205739,0.06716943679217618,8.683054275593349e-13,235,8.365591552816909e-11,184
PursuitEvasion,neural,43,noG,5,0.0005440993616623096,-0.490392731531139,0.9167868977460777,0.4229659023300331,0.06651216597232795,8.627543124362091e-13,235,8.277017959912314e-11,184
PursuitEvasion,neural,43,noG,10,0.0003825057760041403,-0.4853289194910351,0.9015128713242032,0.40844863500946216,0.06584404330347964,8.537615059367454e-13,235,8.14317779873619e-11,184
PursuitEvasion,neural,43,noG,15,0.00023181235267211598,-0.4784587309987252,0.8840379672699132,0.39322760219619163,0.06516318492501082,8.415490526658687e-13,235,8.847339527662257e-11,183
PursuitEvasion,neural,43,noG,20,9.486584003842117e-05,-0.46987349241483756,0.8643452964837186,0.37745812628928604,0.06446848152472086,8.264500195309665e-13,235,8.599415624033213e-11,183
PursuitEvasion,neural,43,noG,25,-2.5833007017334042e-05,-0.4596663255326884,0.8425806903181525,0.3613103293973814,0.06375958426951354,8.982259380729829e-13,234,8.309283816565483e-11,183
PursuitEvasion,neural,43,noG,30,-0.00012814331403367563,-0.44793179832087365,0.81888999644973,0.34496497586008273,0.06303687461686634,8.751888103120109e-13,234,8.869308065762027e-11,182
PursuitEvasion,neural,43,noG,35,-0.00021029281249153233,-0.43476560181138335,0.7934186563414698,0.32860880596542946,0.06230141958741212,8.49376124989476e-13,234,8.471620627226173e-11,182
PursuitEvasion,neural,43,noG,40,-0.00027088164478542443,-0.4202642522558656,0.7663113280734744,0.31242949585524105,0.06155491407784423,8.210654378615345e-13,234,8.940145845848235e-11,181
PursuitEvasion,neural,43,noG,45,-0.0003088815145188793,-0.4045248173070391,0.7405303347140222,0.29661044530711084,0.06079961177990756,8.779643678735738e-13,233,8.444128729578892e-11,181
PursuitEvasion,neural,43,noG,50,-0.0003236304664553744,-0.3876446647249827,0.7199246487384576,0.2813256481512646,0.060038246268372175,8.411604746072499e-13,233,8.814024510250817e-11,180
PursuitEvasion,neural,43,noG,55,-0.0003148235940798388,-0.3697212318504064,0.6978978125847899,0.2667349252412118,0.05927394384611441,8.912870441690757e-13,232,8.23714152442534e-11,180
PursuitEvasion,neural,43,noG,60,-0.00028249998305833034,-0.35085181394470266,0.6745668185486954,0.2529797846714048,0.05851012979908328,8.456013667057505e-13,232,8.511444327119477e-11,179
PursuitEvasion,neural,43,GDA,0,0.0007134196235492442,-0.49356101212181974,0.9348501497172921,0.4366424641205739,0.06716943679217618,8.683054275593349e-13,235,8.365591552816909e-11,184
PursuitEvasion,neural,43,GDA,5,0.0005440993616623096,-0.490392731531139,0.9167868977460777,0.4229659023300331,0.06651216597232795,8.627543124362091e-13,235,8.277017959912314e-11,184
PursuitEvasion,neural,43,GDA,10,0.0003825057760041403,-0.4853289194910351,0.9015128713242032,0.40844863500946216,0.06584404330347964,8.537615059367454e-13,235,8.14317779873619e-11,184
PursuitEvasion,neural,43,GDA,15,0.00023181235267211598,-0.4784587309987252,0.8840379672699132,0.39322760219619163,0.06516318492501082,8.415490526658687e-13,235,8.847339527662257e-11,183
PursuitEvasion,neural,43,GDA,20,9.486584003842117e-05,-0.46987349241483756,0.8643452964837186,0.37745812628928604,0.06446848152472086,8.264500195309665e-13,235,8.599415624033213e-11,183
PursuitEvasion,neural,43,GDA,25,-2.5833007017334042e-05,-0.4596663255326884,0.8425806903181525,0.3613103293973814,0.06375958426951354,8.982259380729829e-13,234,8.309283816565483e-11,183
PursuitEvasion,neural,43,GDA,30,-0.00012814331403367563,-0.44793179832087365,0.81888999644973,0.34496497586008273,0.06303687461686634,8.751888103120109e-13,234,8.869308065762027e-11,182
PursuitEvasion,neural,43,GDA,35,-0.00021029281249153233,-0.43476560181138335,0.7934186563414698,0.32860880596542946,0.06230141958741212,8.49376124989476e-13,234,8.471620627226173e-11,182
PursuitEvasion,neural,43,GDA,40,-0.00027088164478542443,-0.4202642522558656,0.7663113280734744,0.31242949585524105,0.06155491407784423,8.210654378615345e-13,234,8.940145845848235e-11,181
PursuitEvasion,neural,43,GDA,45,-0.0003088815145188793,-0.4045248173070391,0.7405303347140222,0.29661044530711084,0.06079961177990756,8.779643678735738e-13,233,8.444128729578892e-11,181
PursuitEvasion,neural,43,GDA,50,-0.0003236304664553744,-0.3876446647249827,0.7199246487384576,0.2813256481512646,0.060038246268372175,8.411604746072499e-13,233,8.814024510250817e-11,180
PursuitEvasion,neural,43,GDA,55,-0.0003148235940798388,-0.3697212318504064,0.6978978125847899,0.2667349252412118,0.05927394384611441,8.912870441690757e-13,232,8.23714152442534e-11,180
PursuitEvasion,neural,43,GDA,60,-0.00028249998305833034,-0.35085181394470266,0.6745668185486954,0.2529797846714048,0.05851012979908328,8.456013667057505e-13,232,8.511444327119477e-11,179
PursuitEvasion,neural,43,Adam-GDA,0,0.0007134196235492442,-0.49356101212181974,0.9348501497172921,0.4366424641205739,0.06716943679217618,8.683054275593349e-13,235,8.365591552816909e-11,184
PursuitEvasion,neural,43,Adam-GDA,5,0.04158098892378685,-0.9698405131128549,1.7532508349996045,1.2578336430108013,0.3494972178060783,8.231193504570911e-13,242,8.555867125892291e-11,195
PursuitEvasion,neural,43,Adam-GDA,10,-0.12554585108581362,-3.155613901781653,4.354872010659977,3.7755104455064243,0.6233326021949879,8.402167850363185e-13,253,8.75597372385073e-11,208
PursuitEvasion,neural,43,Adam-GDA,15,-0.2454646145332029,-1.952654413121618,4.862439286858051,4.30370164712072,0.87676550189093,8.57980353430321e-13,252,8.907141690883691e-11,207
PursuitEvasion,neural,43,Adam-GDA,20,0.19409605434109173,-2.517646810636854,8.225775996385151,7.702698436431501,0.8583090333218383,8.979483823168266e-13,258,8.903633386125875e-11,214
PursuitEvasion,neural,43,Adam-GDA,25,0.9088449591266834,-3.26426817424644,9.926767446226826,9.4485142090628,1.7840262910504807,8.464340339742193e-13,260,8.488676428441977e-11,216
PursuitEvasion,neural,43,Adam-GDA,30,2.1340898185763697,-5.166643625251963,11.10948643802143,10.72024110140391,2.7342192496495237,8.286704655802168e-13,259,8.270184537195746e-11,215
PursuitEvasion,neural,43,Adam-GDA,35,1.549139027939956,-7.8677351003374465,11.8385281210361,11.458076191044583,3.7154927530101145,8.970602038971265e-13,261,8.177281074495113e-11,218
PursuitEvasion,neural,43,Adam-GDA,40,-1.5806809589036597,-8.940472308562562,12.856390939828616,12.515911978034577,4.971448967838953,8.331113576787175e-13,263,8.487965885706217e-11,219
PursuitEvasion,neural,43,Adam-GDA,45,-1.8433533117357275,-9.4110422727333,17.880082176934145,17.74573666515163,1.4519795022870106,8.739675649849232e-13,263,8.927258932089899e-11,219
PursuitEvasion,neural,43,Adam-GDA,50,0.3767369299503966,-9.007607180032753,18.44386603374884,18.346411212150926,3.6101574331693,8.739675649849232e-13,263,8.957456998359703e-11,219
PursuitEvasion,neural,43,Adam-GDA,55,-0.06966209862905595,-8.610277477196206,17.89438712127581,17.79480770920703,4.640969528281143,8.72191208145523e-13,263,8.943068507960561e-11,219
PursuitEvasion,neural,43,Adam-GDA,60,-2.4058665297204707,-9.050529810723132,18.272216642475826,18.17167650260985,3.3313258188099493,8.57980353430321e-13,263,8.770939530222677e-11,219
PursuitEvasion,neural,43,EGM,0,0.0007134196235492442,-0.49356101212181974,0.9348501497172921,0.4366424641205739,0.06716943679217618,8.683054275593349e-13,235,8.365591552816909e-11,184
PursuitEvasion,neural,43,EGM,5,0.0005449231688964907,-0.490010958366357,0.9162793471978514,0.42262977251229616,0.06647829804768744,8.620326674702028e-13,235,8.265910178550939e-11,184
PursuitEvasion,neural,43,EGM,10,0.0003847559201645692,-0.48460016688509605,0.9005404687774711,0.40781223146089707,0.0657772929710268,8.525402606096577e-13,235,8.122075234595627e-11,184
PursuitEvasion,neural,43,EGM,15,0.00023599030902500626,-0.4774194469866638,0.8826623875138708,0.3923284716452279,0.06506463416220827,8.397726958264684e-13,235,8.814121654765472e-11,183
PursuitEvasion,neural,43,EGM,20,0.00010136516254946343,-0.4685614896441175,0.862623502977162,0.37633440380064787,0.06433929881963753,8.240630400280224e-13,235,8.557837771761001e-11,183
PursuitEvasion,neural,43,EGM,25,-1.673080958668454e-05,-0.45812050407649973,0.8405703644630664,0.35999959847131924,0.06360101114694362,8.952838470577262e-13,234,8.260789274849856e-11,183
PursuitEvasion,neural,43,EGM,30,-0.00011627027517784484,-0.44619188127066406,0.8166491741888784,0.3435031303363111,0.0628502092439588,8.718026300869042e-13,234,8.809367124662515e-11,182
PursuitEvasion,neural,43,EGM,35,-0.00019559352574070703,-0.4328718836436607,0.7910053898228241,0.32702896146872396,0.06208799810963866,8.45712389008213e-13,234,8.407197160664737e-11,182
PursuitEvasion,neural,43,EGM,40,-0.0002534099754421086,-0.4182573597348745,0.7637833715390425,0.3107610031547533,0.0613160903711904,8.17068634972884e-13,234,8.865297385085569e-11,181
PursuitEvasion,neural,43,EGM,45,-0.00028879519917351503,-0.40244548249225837,0.7377068136542544,0.29487805737567907,0.06053673632972723,8.733569423213794e-13,233,8.367610770942946e-11,181
PursuitEvasion,neural,43,EGM,50,-0.00030118381044793533,-0.38553350950124593,0.7170256404924114,0.2795488857860756,0.05975264490009217,8.366085602062867e-13,233,8.728770484189852e-11,180
PursuitEvasion,neural,43,EGM,55,-0.00029035848985663627,-0.36761856328890835,0.6949724706476563,0.2649276728787846,0.05896689703731162,8.861800182558e-13,232,8.153080988115846e-11,180
PursuitEvasion,neural,43,EGM,60,-0.00025643548222742483,-0.34879742973386046,0.6716639187894016,0.25115013029197936,0.0581828532945611,8.406053630949373e-13,232,8.420689145971494e-11,179
PursuitEvasion,neural,43,PPM-3,0,0.0007134196235492442,-0.49356101212181974,0.9348501497172921,0.4366424641205739,0.06716943679217618,8.683054275593349e-13,235,8.365591552816909e-11,184
PursuitEvasion,neural,43,PPM-3,5,0.0005449520747605055,-0.49001436575298835,0.9162845256021321,0.42263384788578007,0.06647857793515267,8.620881786214341e-13,235,8.266007323065594e-11,184
PursuitEvasion,neural,43,PPM-3,10,0.0003848071688459815,-0.4846072491990235,0.9005510799419647,0.4078203452044924,0.06577785079920963,8.524292383071952e-13,235,8.122272299182498e-11,184
PursuitEvasion,neural,43,PPM-3,15,0.00023605678197838233,-0.4774304275462855,0.8826786908450507,0.39234052067025804,0.0650654680540358,8.397726958264684e-13,235,8.814457497230421e-11,183
PursuitEvasion,neural,43,PPM-3,20,0.0001014394112432036,-0.4685765482811967,0.8626456729878222,0.376350217034507,0.06434040663499595,8.242295734817162e-13,235,8.558290187643536e-11,183
PursuitEvasion,neural,43,PPM-3,25,-1.665634571543055e-05,-0.45813977803373496,0.8405985159565772,0.36001893751114605,0.06360239018443246,8.95228335906495e-13,234,8.261358264149976e-11,183
PursuitEvasion,neural,43,PPM-3,30,-0.00011620306175404854,-0.4462154662347004,0.8166833645875373,0.3435256928489796,0.0628518559853412,8.718026300869042e-13,234,8.810119300761698e-11,182
PursuitEvasion,neural,43,PPM-3,35,-0.0001955407404205696,-0.4328998348897789,0.7910456215948691,0.327054387388183,0.06208990801341389,8.457679001594443e-13,234,8.408071461296629e-11,182
PursuitEvasion,neural,43,PPM-3,40,-0.000253378331300581,-0.4182896933625998,0.7638295946927813,0.3107888835433905,0.06131825772001391,8.171796572753465e-13,234,8.86638262809214e-11,181
PursuitEvasion,neural,43,PPM-3,45,-0.0002887907865576824,-0.4024821767343043,0.7377502330234156,0.29490794560957084,0.06053915413478101,8.734679646238419e-13,233,8.368802872915637e-11,181
PursuitEvasion,neural,43,PPM-3,50,-0.0003012119589360157,-0.3855745060914513,0.7170743768653108,0.2795803105262141,0.059755304863966366,8.36664071357518e-13,233,8.730194345218933e-11,180
PursuitEvasion,neural,43,PPM-3,55,-0.00029042365158554913,-0.36766376887800883,0.6950264504268946,0.26496015214151525,0.058969789575433154,8.862910405582625e-13,232,8.154582564756652e-11,180
PursuitEvasion,neural,43,PPM-3,60,-0.00025654113750026193,-0.34884671734503,0.6717230259959912,0.25118318586922483,0.05818596761368889,8.408274076998623e-13,232,8.422415542774786e-11,179
PursuitEvasion,neural,44,QP+G,0,0.0021164253525259307,-1.004795891817066,1.2696434802240795,0.7731471585796033,0.07688760903098896,8.544276397515205e-13,242,8.235945259116306e-11,195
PursuitEvasion,neural,44,QP+G,5,0.001709573804094385,-0.9696631326010166,1.2363596942721542,0.7428891430639604,0.074558292329752,8.245626403891038e-13,242,8.693534780945811e-11,194
PursuitEvasion,neural,44,QP+G,10,0.0013894186203578175,-0.9342078006497733,1.2154195151319258,0.713568982146606,0.07229818040598018,8.82738326879462e-13,241,8.23415780004666e-11,194
PursuitEvasion,neural,44,QP+G,15,0.0011504183920968002,-0.8986042259595702,1.1946107876267635,0.6850215662809519,0.07010898695038109,8.493206138382448e-13,241,8.639677862021244e-11,193
PursuitEvasion,neural,44,QP+G,20,0.0009864544253152694,-0.8630163748112196,1.172278501349926,0.6571134584370721,0.06799245444937024,8.156808561921025e-13,241,8.134293238981627e-11,193
PursuitEvasion,neural,44,QP+G,25,0.0008909909372779908,-0.8275977206277761,1.1486213861171497,0.6297487958584513,0.06595025642330286,8.693046282814976e-13,240,8.484202229652738e-11,192
PursuitEvasion,neural,44,QP+G,30,0.0008572256629794193,-0.7924911668461957,1.1238317351105753,0.6028716397995901,0.06398390087095082,8.324452238639424e-13,240,8.823308750294245e-11,191
PursuitEvasion,neural,44,QP+G,35,0.0008782292827884579,-0.7578290206169129,1.0980948948243214,0.5764649854951818,0.06209464017364459,8.846257060213247e-13,239,8.23485168943705e-11,191
PursuitEvasion,neural,44,QP+G,40,0.0009470723495641391,-0.7237330157873472,1.071588797073756,0.5505471426380131,0.06028339218349661,8.449907440422066e-13,239,8.516232163913173e-11,190
PursuitEvasion,neural,44,QP+G,45,0.0010569386943546787,-0.690314383236638,1.0444835360499176,0.5251663334990264,0.05855067642392686,8.957279362675763e-13,238,8.784523108928965e-11,189
PursuitEvasion,neural,44,QP+G,50,0.001201224608670377,-0.6576739664364674,1.016940993371387,0.5003942616739065,0.05689656832118644,8.535394613318203e-13,238,8.135903062367333e-11,189
PursuitEvasion,neural,44,QP+G,55,0.0013736234237776103,-0.625902379900875,0.9891145137701771,0.47631922644978897,0.05532067322803283,8.124612094206896e-13,238,8.355138803040063e-11,188
PursuitEvasion,neural,44,QP+G,60,0.0015681954209847385,-0.595080208159026,0.9611486338009827,0.4530391930534151,0.05382212077090229,8.58424442640171e-13,237,8.565831377538302e-11,187
PursuitEvasion,neural,44,noG,0,0.0021164253525259307,-1.004795891817066,1.2696434802240795,0.7731471585796033,0.07688760903098896,8.544276397515205e-13,242,8.235945259116306e-11,195
PursuitEvasion,neural,44,noG,5,0.0015282722364941812,-0.9857860118627314,1.2568127127255586,0.7608037919367996,0.07609257940609632,8.384404281969182e-13,242,8.90412188425671e-11,194
PursuitEvasion,neural,44,noG,10,0.0009975575199138711,-0.9643436842336098,1.25862749709295,0.7485905063930638,0.07529756709635356,8.201217482906031e-13,242,8.626199754502295e-11,194
PursuitEvasion,neural,44,noG,15,0.0005309758265374738,-0.9406084856857561,1.2571508253963308,0.7363001268247452,0.07450387709869122,8.889555758173628e-13,241,8.31945623502861e-11,194
PursuitEvasion,neural,44,noG,20,0.0001339947738530434,-0.9147272254677876,1.2524584721307086,0.7236948265498875,0.0737132019200422,8.645306692756094e-13,241,8.873668466691242e-11,193
PursuitEvasion,neural,44,noG,25,-0.00018919544942161718,-0.8868531803091387,1.2446375838789423,0.7105308696830474,0.0729276085283631,8.383294058944557e-13,241,8.477019086683413e-11,193
PursuitEvasion,neural,44,noG,30,-0.00043571234309215494,-0.8571453130324941,1.2337861957135654,0.6965836087677806,0.07214950805777151,8.104628079763643e-13,241,8.952127927841502e-11,192
PursuitEvasion,neural,44,noG,35,-0.0006039909299588647,-0.8257674820752915,1.2200127224565407,0.681667870660202,0.07138160519584201,8.675282714420973e-13,240,8.463008072112643e-11,192
PursuitEvasion,neural,44,noG,40,-0.000693773160669574,-0.792887648311893,1.2034354290281601,0.665651610552591,0.07062682552418441,8.333334022836425e-13,240,8.839418086381556e-11,191
PursuitEvasion,neural,44,noG,45,-0.0007060771532169173,-0.7586770846074936,1.1841818826725705,0.6484633016296988,0.0698882207913696,8.859579736508749e-13,239,8.259815054145747e-11,191
PursuitEvasion,neural,44,noG,50,-0.000643146812811652,-0.7233095926314291,1.1668021895604614,0.6300948054886069,0.06916885406648861,8.448797217397441e-13,239,8.521827687957284e-11,190
PursuitEvasion,neural,44,noG,55,-0.0005083826713958568,-0.6869607304658439,1.1488077791211166,0.6106014866723369,0.06847166880793662,8.917311333789257e-13,238,8.733874734545566e-11,189
PursuitEvasion,neural,44,noG,60,-0.0003062550876335368,-0.6498070536717524,1.1279087535254355,0.5901006829452782,0.06779934790399882,8.43769498715119e-13,238,8.889122771194025e-11,188
PursuitEvasion,neural,44,GDA,0,0.0021164253525259307,-1.004795891817066,1.2696434802240795,0.7731471585796033,0.07688760903098896,8.544276397515205e-13,242,8.235945259116306e-11,195
PursuitEvasion,neural,44,GDA,5,0.0015282722364941812,-0.9857860118627314,1.2568127127255586,0.7608037919367996,0.07609257940609632,8.384404281969182e-13,242,8.90412188425671e-11,194
PursuitEvasion,neural,44,GDA,10,0.0009975575199138711,-0.9643436842336098,1.25862749709295,0.7485905063930638,0.07529756709635356,8.201217482906031e-13,242,8.626199754502295e-11,194
PursuitEvasion,neural,44,GDA,15,0.0005309758265374738,-0.9406084856857561,1.2571508253963308,0.7363001268247452,0.07450387709869122,8.889555758173628e-13,241,8.31945623502861e-11,194
PursuitEvasion,neural,44,GDA,20,0.0001339947738530434,-0.9147272254677876,1.2524584721307086,0.7236948265498875,0.0737132019200422,8.645306692756094e-13,241,8.873668466691242e-11,193
PursuitEvasion,neural,44,GDA,25,-0.00018919544942161718,-0.8868531803091387,1.2446375838789423,0.7105308696830474,0.0729276085283631,8.383294058944557e-13,241,8.477019086683413e-11,193
PursuitEvasion,neural,44,GDA,30,-0.00043571234309215494,-0.8571453130324941,1.2337861957135654,0.6965836087677806,0.07214950805777151,8.104628079763643e-13,241,8.952127927841502e-11,192
PursuitEvasion,neural,44,GDA,35,-0.0006039909299588647,-0.8257674820752915,1.2200127224565407,0.681667870660202,0.07138160519584201,8.675282714420973e-13,240,8.463008072112643e-11,192
PursuitEvasion,neural,44,GDA,40,-0.000693773160669574,-0.792887648311893,1.2034354290281601,0.665651610552591,0.07062682552418441,8.333334022836425e-13,240,8.839418086381556e-11,191
PursuitEvasion,neural,44,GDA,45,-0.0007060771532169173,-0.7586770846074936,1.1841818826725705,0.6484633016296988,0.0698882207913696,8.859579736508749e-13,239,8.259815054145747e-11,191
PursuitEvasion,neural,44,GDA,50,-0.000643146812811652,-0.7233095926314291,1.1668021895604614,0.6300948054886069,0.06916885406648861,8.448797217397441e-13,239,8.521827687957284e-11,190
PursuitEvasion,neural,44,GDA,55,-0.0005083826713958568,-0.6869607304658439,1.1488077791211166,0.6106014866723369,0.06847166880793662,8.917311333789257e-13,238,8.733874734545566e-11,189
PursuitEvasion,neural,44,GDA,60,-0.0003062550876335368,-0.6498070536717524,1.1279087535254355,0.5901006829452782,0.06779934790399882,8.43769498715119e-13,238,8.889122771194025e-11,188
PursuitEvasion,neural,44,Adam-GDA,0,0.0021164253525259307,-1.004795891817066,1.2696434802240795,0.7731471585796033,0.07688760903098896,8.544276397515205e-13,242,8.235945259116306e-11,195
PursuitEvasion,neural,44,Adam-GDA,5,0.044149180211523004,-1.4671666623046997,2.0616810935433247,1.5456573032428993,0.2977568166652036,8.144596108650148e-13,246,8.277711849302705e-11,200
PursuitEvasion,neural,44,Adam-GDA,10,-0.038422401413352444,-3.287714298221599,4.061181576295278,3.497917110013847,0.5593401905869767,8.597567102697212e-13,253,8.949241347977477e-11,208
PursuitEvasion,neural,44,Adam-GDA,15,-0.13853325411434983,-2.5655916935864718,4.736775649880872,4.137421372320496,0.9588425483617008,8.499867476530198e-13,251,8.576295229545394e-11,206
PursuitEvasion,neural,44,Adam-GDA,20,0.21236332909630304,-2.7235023425978464,7.16896559604719,6.641590365289964,1.238222346792273,8.65085780787922e-13,256,8.476686019776025e-11,212
PursuitEvasion,neural,44,Adam-GDA,25,1.0479861955296323,-5.595849997883899,11.39220339965279,10.951513471588406,1.6646134413902742,8.260059303211165e-13,259,8.203127066508387e-11,215
PursuitEvasion,neural,44,Adam-GDA,30,0.8494853814201673,-6.267012367376768,10.354517623833662,9.89970467260079,2.47510817476308,8.846257060213247e-13,259,8.817213625889053e-11,215
PursuitEvasion,neural,44,Adam-GDA,35,0.030790088692621127,-7.793412604298765,12.401339363408347,12.045953317225662,1.6411417143088192,8.15347789284715e-13,262,8.265921280781185e-11,218
PursuitEvasion,neural,44,Adam-GDA,40,0.5119240224255637,-7.082508564833657,12.292456323181444,11.953343094046172,2.949317274426526,8.730793865652231e-13,260,8.819700525464214e-11,216
PursuitEvasion,neural,44,Adam-GDA,45,1.3205228442603023,-5.709889974995008,13.631194258098091,13.356589938761914,2.921589106697752,8.917311333789257e-13,261,8.988898514417087e-11,217
PursuitEvasion,neural,44,Adam-GDA,50,2.4501806186341644,-6.508944914842361,13.698034906364693,13.389953063118021,3.935578142585165,8.899547765395255e-13,260,8.929212924613239e-11,216
PursuitEvasion,neural,44,Adam-GDA,55,0.7040070686573161,-8.668697683358358,13.844419924769605,13.550583797274946,3.971986124403061,8.881784197001252e-13,262,8.130740525302826e-11,219
PursuitEvasion,neural,44,Adam-GDA,60,-1.8770560154597569,-9.390293430007366,17.236571112451685,17.057780178429255,2.4409027391155425,8.686384944667225e-13,263,8.900258308131015e-11,219
PursuitEvasion,neural,44,EGM,0,0.0021164253525259307,-1.004795891817066,1.2696434802240795,0.7731471585796033,0.07688760903098896,8.544276397515205e-13,242,8.235945259116306e-11,195
PursuitEvasion,neural,44,EGM,5,0.0015338926860102519,-0.9852990304249949,1.2561372474632382,0.7602592648129284,0.07604599462277521,8.379963389870682e-13,242,8.897760306325608e-11,194
PursuitEvasion,neural,44,EGM,10,0.0010100769431084016,-0.963426912306763,1.2573061869234392,0.7475094043898317,0.07520526651510244,8.193445921733655e-13,242,8.614242652527082e-11,194
PursuitEvasion,neural,44,EGM,15,0.0005513005407539488,-0.9393228138536895,1.2552199431779245,0.7346914532560989,0.07436677311402974,8.877343304902752e-13,241,8.302769582968494e-11,194
PursuitEvasion,neural,44,EGM,20,0.00016264526534789676,-0.913136682238277,1.2499605660965922,0.721571442247431,0.07353224390099419,8.630873793435967e-13,241,8.850820076844457e-11,193
PursuitEvasion,neural,44,EGM,25,-0.00015208809772001555,-0.885024357998333,1.2416210678156285,0.707911735131008,0.07270377310566298,8.36664071357518e-13,241,8.45087333445349e-11,193
PursuitEvasion,neural,44,EGM,30,-0.00039040007071727747,-0.8551467862623372,1.230304909890251,0.6934951444336259,0.07188378594658182,8.982814492242142e-13,240,8.920608696172394e-11,192
PursuitEvasion,neural,44,EGM,35,-0.000551092655827398,-0.8236692233718754,1.216125468118867,0.6781444111493117,0.07107498476330876,8.654188476953095e-13,240,8.430178777274477e-11,192
PursuitEvasion,neural,44,EGM,40,-0.0006342495579137737,-0.7907604447534887,1.199205478649012,0.6617351176092298,0.07028027375583845,8.311129562343922e-13,240,8.802825135489911e-11,191
PursuitEvasion,neural,44,EGM,45,-0.0006411969076866981,-0.7565919590120719,1.1796764676890656,0.6442025329787546,0.06950266275977823,8.836265052991621e-13,239,8.224382286314835e-11,191
PursuitEvasion,neural,44,EGM,50,-0.0005744452108768232,-0.7213372322917524,1.160920148816292,0.6255440676500263,0.06874515240894079,8.424372310855688e-13,239,8.485157021453915e-11,190
PursuitEvasion,neural,44,EGM,55,-0.00043761353329142307,-0.6851709260575635,1.1426388341298765,0.6058190106827719,0.06801060502430907,8.893996650272129e-13,238,8.697598197215939e-11,189
PursuitEvasion,neural,44,EGM,60,-0.00023533721944173688,-0.6482681506091271,1.1215289197530014,0.5851466031772949,0.06730160744149145,8.417710972707937e-13,238,8.855238764482465e-11,188
PursuitEvasion,neural,44,PPM-3,0,0.0021164253525259307,-1.004795891817066,1.2696434802240795,0.7731471585796033,0.07688760903098896,8.544276397515205e-13,242,8.235945259116306e-11,195
PursuitEvasion,neural,44,PPM-3,5,0.001533960907701022,-0.9853047867090593,1.2561403318389395,0.7602640284554245,0.07604635850859275,8.379963389870682e-13,242,8.897826919707086e-11,194
PursuitEvasion,neural,44,PPM-3,10,0.0010101886953710068,-0.963438894644244,1.257313236615152,0.7475189525659969,0.07520599108719349,8.195666367782906e-13,242,8.614409185980776e-11,194
PursuitEvasion,neural,44,PPM-3,15,0.0005514301280953385,-0.9393414114270345,1.2552317801148194,0.7347058922272586,0.07436785413885547,8.877343304902752e-13,241,8.303002729803666e-11,194
PursuitEvasion,neural,44,PPM-3,20,0.00016276680002520836,-0.9131622016823931,1.2499779477001247,0.72159095965146,0.0735336758937423,8.630873793435967e-13,241,8.851186450442583e-11,193
PursuitEvasion,neural,44,PPM-3,25,-0.00015199989901705383,-0.8850570220802185,1.2416446819824687,0.7079365816923425,0.07270554914404116,8.36664071357518e-13,241,8.451350730354079e-11,193
PursuitEvasion,neural,44,PPM-3,30,-0.0003903691227065474,-0.8551867331709814,1.230335370436706,0.6935256045887038,0.07188589753516982,8.986145161316017e-13,240,8.921230421066184e-11,192
PursuitEvasion,neural,44,PPM-3,35,-0.0005511407893349354,-0.8237165065887448,1.2161633106709324,0.6781807678562306,0.07107742176866326,8.65529869997772e-13,240,8.430922626700976e-11,192
PursuitEvasion,neural,44,PPM-3,40,-0.000634395868830552,-0.790815033475637,1.1992511569670834,0.6617776160416072,0.07028302443114746,8.310019339319297e-13,240,8.803768825060843e-11,191
PursuitEvasion,neural,44,PPM-3,45,-0.0006414571844320202,-0.7566537391025216,1.1797303504231267,0.6442513459662613,0.06950571387414715,8.837375276016246e-13,239,8.225436998188229e-11,191
PursuitEvasion,neural,44,PPM-3,50,-0.000574831453207724,-0.7214060077349188,1.1609771290927515,0.6255992641310925,0.06874848949031359,8.426592756904938e-13,239,8.486433777932234e-11,190
PursuitEvasion,neural,44,PPM-3,55,-0.0004381335735977425,-0.6852464209008728,1.142705106150546,0.6058805277770463,0.06801421271681932,8.895106873296754e-13,238,8.699113651644552e-11,189
PursuitEvasion,neural,44,PPM-3,60,-0.0002359944556699833,-0.6483500113754068,1.1216048245489671,0.5852142227375428,0.0673054699682106,8.417710972707937e-13,238,8.857031774667234e-11,188
PursuitEvasion,neural,45,QP+G,0,-0.0016977438278505618,-0.5653445325262332,0.8667055763801306,0.400634635398873,0.06200268203341379,8.162359677044151e-13,237,8.741574131221341e-11,186
PursuitEvasion,neural,45,QP+G,5,-0.0017171319891597118,-0.5370763735512488,0.838624259568153,0.37812688807066563,0.060369491344485354,8.61644089411584e-13,236,8.925055139386018e-11,185
PursuitEvasion,neural,45,QP+G,10,-0.0016913076280728337,-0.5089560344943286,0.8108102991224972,0.3568355388850238,0.05879743740094482,8.166800569142652e-13,236,8.164363629603599e-11,185
PursuitEvasion,neural,45,QP+G,15,-0.0016244554303202975,-0.4810721833068448,0.7829554401442056,0.3367281114974623,0.05728709164654169,8.57980353430321e-13,235,8.26102797280015e-11,184
PursuitEvasion,neural,45,QP+G,20,-0.0015208283356062348,-0.4535091610296334,0.7551485304162804,0.3177750872304739,0.05583901870358199,8.988365607365267e-13,234,8.321537903199783e-11,183
PursuitEvasion,neural,45,QP+G,25,-0.0013846882660951618,-0.426346748107572,0.7274759362726101,0.29994948179245695,0.05445370630972942,8.452127886471317e-13,234,8.345832358536143e-11,182
PursuitEvasion,neural,45,QP+G,30,-0.0012202519028348367,-0.39965997066476794,0.7000211322609348,0.28322599347942173,0.053131500119844056,8.805733919814429e-13,233,8.334899437301146e-11,181
PursuitEvasion,neural,45,QP+G,35,-0.0010316419882658817,-0.3735189461787891,0.6728643211412965,0.26757988089909823,0.05187254551769713,8.232303727595536e-13,233,8.290887421047444e-11,180
PursuitEvasion,neural,45,QP+G,40,-0.0008228444620712594,-0.34798876719118293,0.6460820872801702,0.25298576535626827,0.050676738350294966,8.524847494584264e-13,232,8.371082993452461e-11,179
PursuitEvasion,neural,45,QP+G,45,-0.0005976715775111554,-0.3231294211896597,0.6197470857038767,0.23941654904877374,0.04954368616894973,8.797962358642053e-13,231,8.395237283131962e-11,179
PursuitEvasion,neural,45,QP+G,50,-0.0003597310021687108,-0.29899574439474846,0.5958762288921879,0.2268426016570444,0.04847268114526077,8.144040997137836e-13,231,8.400505291383809e-11,179
PursuitEvasion,neural,45,QP+G,55,-0.00011240078432480597,-0.2756374070342029,0.5726215205574995,0.21523130828126782,0.04746268534234424,8.919531779838508e-13,230,8.385796224086306e-11,179
PursuitEvasion,neural,45,QP+G,60,0.00014119003462170938,-0.25309892764628855,0.5494869510079368,0.20454700614634014,0.04651232848503249,8.898992653882942e-13,230,8.350850566607448e-11,179
PursuitEvasion,neural,45,noG,0,-0.0016977438278505618,-0.5653445325262332,0.8667055763801306,0.400634635398873,0.06200268203341379,8.162359677044151e-13,237,8.741574131221341e-11,186
PursuitEvasion,neural,45,noG,5,-0.0018650827574030527,-0.5450805259624568,0.8485110624788974,0.38606044562031594,0.06136130098151755,8.745226764972358e-13,236,8.242023730176129e-11,186
PursuitEvasion,neural,45,noG,10,-0.0019862559393176637,-0.5236180085195645,0.8292729280157164,0.3721281222502646,0.06074268472921739,8.402167850363185e-13,236,8.582884403196545e-11,185
PursuitEvasion,neural,45,noG,15,-0.002060252917874737,-0.501049494707251,0.8086716987088246,0.358837563482603,0.060147862744795486,8.933964679158635e-13,235,8.8820117927213e-11,184
PursuitEvasion,neural,45,noG,20,-0.002086693144212714,-0.4774690258218882,0.7867890790545973,0.3461733892690855,0.05957793663892346,8.515410598874951e-13,235,8.218326019715505e-11,184
PursuitEvasion,neural,45,noG,25,-0.002065811488458875,-0.45297213179432,0.7667013269012568,0.3341094174645355,0.05903405153409972,8.977263377119016e-13,234,8.39137925812139e-11,183
PursuitEvasion,neural,45,noG,30,-0.0019984375441904046,-0.42765576433415686,0.7516955487392238,0.32261377516946854,0.058517360196279636,8.478218127550008e-13,234,8.506909066063884e-11,182
PursuitEvasion,neural,45,noG,35,-0.001885968812520142,-0.4016182009464628,0.7350106238142364,0.31165380224211037,0.058028980108942745,8.848477506262498e-13,233,8.56001936000439e-11,181
PursuitEvasion,neural,45,noG,40,-0.0017303379502055924,-0.37495892000390385,0.7208179870729925,0.3011999643476039,0.057569944316216946,8.263945083797353e-13,233,8.272563190026005e-11,181
PursuitEvasion,neural,45,noG,45,-0.001533974370907543,-0.3477784474660127,0.708030306453824,0.29122826355001863,0.0571411475245304,8.764100556390986e-13,232,8.577394350339773e-11,181
PursuitEvasion,neural,45,noG,50,-0.0012997605952865306,-0.3201781762756521,0.6931370568634132,0.28172099470190787,0.05674328957963896,8.189005029635155e-13,233,8.865608247532464e-11,181
PursuitEvasion,neural,45,noG,55,-0.0010309838483858339,-0.292260159689351,0.6762350658478422,0.27266602977524845,0.056376818970005294,8.449352328909754e-13,233,8.216091695878447e-11,182
PursuitEvasion,neural,45,noG,60,-0.00073128349676035,-0.2641268800688303,0.6574269843401717,0.26405504720863415,0.056041879390369836,8.669731599297847e-13,233,8.42444725090985e-11,182
PursuitEvasion,neural,45,GDA,0,-0.0016977438278505618,-0.5653445325262332,0.8667055763801306,0.400634635398873,0.06200268203341379,8.162359677044151e-13,237,8.741574131221341e-11,186
PursuitEvasion,neural,45,GDA,5,-0.0018650827574030527,-0.5450805259624568,0.8485110624788974,0.38606044562031594,0.06136130098151755,8.745226764972358e-13,236,8.242023730176129e-11,186
PursuitEvasion,neural,45,GDA,10,-0.0019862559393176637,-0.5236180085195645,0.8292729280157164,0.3721281222502646,0.06074268472921739,8.402167850363185e-13,236,8.582884403196545e-11,185
PursuitEvasion,neural,45,GDA,15,-0.002060252917874737,-0.501049494707251,0.8086716987088246,0.358837563482603,0.060147862744795486,8.933964679158635e-13,235,8.8820117927213e-11,184
PursuitEvasion,neural,45,GDA,20,-0.002086693144212714,-0.4774690258218882,0.7867890790545973,0.3461733892690855,0.05957793663892346,8.515410598874951e-13,235,8.218326019715505e-11,184
PursuitEvasion,neural,45,GDA,25,-0.002065811488458875,-0.45297213179432,0.7667013269012568,0.3341094174645355,0.05903405153409972,8.977263377119016e-13,234,8.39137925812139e-11,183
PursuitEvasion,neural,45,GDA,30,-0.0019984375441904046,-0.42765576433415686,0.7516955487392238,0.32261377516946854,0.058517360196279636,8.478218127550008e-13,234,8.506909066063884e-11,182
PursuitEvasion,neural,45,GDA,35,-0.001885968812520142,-0.4016182009464628,0.7350106238142364,0.31165380224211037,0.058028980108942745,8.848477506262498e-13,233,8.56001936000439e-11,181
PursuitEvasion,neural,45,GDA,40,-0.0017303379502055924,-0.37495892000390385,0.7208179870729925,0.3011999643476039,0.057569944316216946,8.263945083797353e-13,233,8.272563190026005e-11,181
PursuitEvasion,neural,45,GDA,45,-0.001533974370907543,-0.3477784474660127,0.708030306453824,0.29122826355001863,0.0571411475245304,8.764100556390986e-13,232,8.577394350339773e-11,181
PursuitEvasion,neural,45,GDA,50,-0.0012997605952865306,-0.3201781762756521,0.6931370568634132,0.28172099470190787,0.05674328957963896,8.189005029635155e-13,233,8.865608247532464e-11,181
PursuitEvasion,neural,45,GDA,55,-0.0010309838483858339,-0.292260159689351,0.6762350658478422,0.27266602977524845,0.056376818970005294,8.449352328909754e-13,233,8.216091695878447e-11,182
PursuitEvasion,neural,45,GDA,60,-0.00073128349676035,-0.2641268800688303,0.6574269843401717,0.26405504720863415,0.056041879390369836,8.669731599297847e-13,233,8.42444725090985e-11,182
PursuitEvasion,neural,45,Adam-GDA,0,-0.0016977438278505618,-0.5653445325262332,0.8667055763801306,0.400634635398873,0.06200268203341379,8.162359677044151e-13,237,8.741574131221341e-11,186
PursuitEvasion,neural,45,Adam-GDA,5,0.023523115062236706,-1.6441889791085598,2.101202965167349,1.566193754973824,0.228185360177869,8.211209490127658e-13,247,8.442180288170675e-11,201
PursuitEvasion,neural,45,Adam-GDA,10,-0.05728780449058314,-1.4614716041374318,3.1191017242627668,2.5342350125205986,0.5232668511984265,8.353318037279678e-13,247,8.652212279969262e-11,201
PursuitEvasion,neural,45,Adam-GDA,15,-0.20714637119081208,-4.005920917130768,7.62860486408794,7.086146047166964,1.0789552880686744,8.668621376273222e-13,255,8.321787703380323e-11,211
PursuitEvasion,neural,45,Adam-GDA,20,-0.5243978052288207,-3.924092952856871,7.302132923169427,6.748898068616347,1.7761194379404501,8.544276397515205e-13,255,8.167999610009247e-11,211
PursuitEvasion,neural,45,Adam-GDA,25,0.028701871061057056,-2.297073187267546,7.695586469334495,7.202590799269012,2.188439016344633,8.553158181712206e-13,258,8.457767819436413e-11,214
PursuitEvasion,neural,45,Adam-GDA,30,1.271275899838826,-3.1497113854665555,10.071878452153566,9.62810224559915,2.6716889196173716,8.926193117986259e-13,260,8.981348997849636e-11,216
PursuitEvasion,neural,45,Adam-GDA,35,2.3660466757056944,-6.332009112695246,14.276746054191305,13.972905884557973,3.3324990636401983,8.952838470577262e-13,262,8.213962843228728e-11,219
PursuitEvasion,neural,45,Adam-GDA,40,2.15552981654798,-7.89018239234357,17.083439328925238,16.87364088131929,2.4498802134333855,8.686384944667225e-13,263,8.86828388502181e-11,219
PursuitEvasion,neural,45,Adam-GDA,45,2.712738444315676,-8.59940471712428,17.32485111949829,17.118618820217783,2.10049705896202,8.331113576787175e-13,263,8.449418942291231e-11,219
PursuitEvasion,neural,45,Adam-GDA,50,0.4009221696645013,-8.518318628903677,14.63250132736007,14.371576973636298,3.027793354086643,8.757439218243235e-13,262,8.905942650017096e-11,218
PursuitEvasion,neural,45,Adam-GDA,55,-1.858939177515468,-8.825021594201235,14.046468676358636,13.7305483190628,2.685684390324423,8.15347789284715e-13,263,8.310507837450132e-11,219
PursuitEvasion,neural,45,Adam-GDA,60,-1.8918202570495457,-7.488206334681062,14.272230230245441,13.992314010968581,2.9957515945622397,8.526512829121202e-13,261,8.617817570666375e-11,217
PursuitEvasion,neural,45,EGM,0,-0.0016977438278505618,-0.5653445325262332,0.8667055763801306,0.400634635398873,0.06200268203341379,8.162359677044151e-13,237,8.741574131221341e-11,186
PursuitEvasion,neural,45,EGM,5,-0.00186054825388055,-0.5448397954784643,0.8482133883854202,0.3858186501029386,0.06133126786719871,8.741896095898483e-13,236,8.235692683378204e-11,186
PursuitEvasion,neural,45,EGM,10,-0.0019770234883889804,-0.5231763125065066,0.8287153586194472,0.37165339050602886,0.060683164851284443,8.394396289190809e-13,236,8.570183451794833e-11,185
PursuitEvasion,neural,45,EGM,15,-0.002046346215913774,-0.5004474189051514,0.8078931321679883,0.3581367856655907,0.060059379731676986,8.922862448912383e-13,235,8.86309636793925e-11,184
PursuitEvasion,neural,45,EGM,20,-0.0020683149124613386,-0.47674783232996715,0.7858294848798001,0.34525252197968864,0.05946099354690814,8.502087922579449e-13,235,8.196060496956648e-11,184
PursuitEvasion,neural,45,EGM,25,-0.0020433322803164707,-0.4521735990279656,0.7649743168831826,0.332974438609732,0.058889131693757396,8.961720254774264e-13,234,8.36447577867716e-11,183
PursuitEvasion,neural,45,EGM,30,-0.001972381650807957,-0.4268220113148955,0.7497285719512201,0.32127142960479427,0.058344926789096654,8.461564782180631e-13,234,8.476225277220806e-11,182
PursuitEvasion,neural,45,EGM,35,-0.0018569974941627793,-0.4007914963247612,0.7328441141950862,0.31011205309058093,0.057829474653993566,8.830713937868495e-13,233,8.526700179256608e-11,181
PursuitEvasion,neural,45,EGM,40,-0.001699230274556302,-0.3741814766215771,0.7174327139758638,0.2994681278311179,0.05734378438492717,8.246736626915663e-13,233,8.212674984520163e-11,181
PursuitEvasion,neural,45,EGM,45,-0.0015016059920706102,-0.3470922036235154,0.7043946315186596,0.2893168666046308,0.05688872411937264,8.68749516769185e-13,232,8.504602577730225e-11,181
PursuitEvasion,neural,45,EGM,50,-0.001267080855782613,-0.31962456517602494,0.6892997637351541,0.27964143876084746,0.05646496469743,8.112399640936019e-13,233,8.779574289796699e-11,181
PursuitEvasion,neural,45,EGM,55,-0.000998991628322865,-0.2918798687851766,0.672247298812096,0.27043016417558874,0.05607292391158733,8.365530490550555e-13,233,8.126735395741491e-11,182
PursuitEvasion,neural,45,EGM,60,-0.0007010022674493505,-0.2639596022435092,0.6533419147021395,0.26167475277138297,0.05571271436817309,8.579248422790897e-13,233,8.323430833456769e-11,182
PursuitEvasion,neural,45,PPM-3,0,-0.0016977438278505618,-0.5653445325262332,0.8667055763801306,0.400634635398873,0.06200268203341379,8.162359677044151e-13,237,8.741574131221341e-11,186
PursuitEvasion,neural,45,PPM-3,5,-0.0018605389403619868,-0.5448439730323367,0.8482175719635092,0.3858220015715464,0.06133150044504199,8.741896095898483e-13,236,8.235798154565543e-11,186
PursuitEvasion,neural,45,PPM-3,10,-0.0019770173460951124,-0.5231847773904691,0.8287238720627489,0.3716598754946333,0.060683620252306586,8.395506512215434e-13,236,8.570419374187566e-11,185
PursuitEvasion,neural,45,PPM-3,15,-0.0020463550884009403,-0.5004602477702126,0.8079060956004133,0.35814620502382605,0.06006004837304945,8.923417560424696e-13,235,8.863479394882745e-11,184
PursuitEvasion,neural,45,PPM-3,20,-0.0020683497438751856,-0.47676506767136084,0.7858469905631146,0.34526469497418477,0.059461865965393636,8.503198145604074e-13,235,8.196565648432852e-11,184
PursuitEvasion,neural,45,PPM-3,25,-0.0020434028783744462,-0.4521952482207812,0.7649934332048924,0.33298919982580666,0.058890198512539016,8.962830477798889e-13,234,8.365147463607059e-11,183
PursuitEvasion,neural,45,PPM-3,30,-0.001972496474639299,-0.4268480457586512,0.7497523066362559,0.32128862368927164,0.05834617870914204,8.462119893692943e-13,234,8.477099577852698e-11,182
PursuitEvasion,neural,45,PPM-3,35,-0.0018571634706078715,-0.4008218507368274,0.7328726524989195,0.3101315284136774,0.05783090247447574,8.831269049380808e-13,233,8.527781258926836e-11,181
PursuitEvasion,neural,45,PPM-3,40,-0.0016994526463045998,-0.37421604851584783,0.7174643052044333,0.29948973038443844,0.057345379055674946,8.247291738427975e-13,233,8.212630575599178e-11,181
PursuitEvasion,neural,45,PPM-3,45,-0.001501888200652763,-0.3471308530066406,0.7044319058736064,0.2893404353499802,0.056890476826218846,8.68749516769185e-13,232,8.50459425105754e-11,181
PursuitEvasion,neural,45,PPM-3,50,-0.001267424461920505,-0.31966711448906243,0.6893429497776207,0.2796668032649219,0.05646686697879387,8.112399640936019e-13,233,8.779615923160122e-11,181
PursuitEvasion,neural,45,PPM-3,55,-0.0009993962714930603,-0.29192610311385386,0.6722965715249052,0.2704571448392801,0.05607496780186317,8.365530490550555e-13,233,8.126829764698584e-11,182
PursuitEvasion,neural,45,PPM-3,60,-0.0007014656657821678,-0.26400926981559336,0.6533973936779128,0.261703163427766,0.055714892560749414,8.578693311278585e-13,233,8.323597366910462e-11,182
PursuitEvasion,neural,46,QP+G,0,-0.00582215809315143,-0.615995377090987,1.2257070392625127,0.6853668552916139,0.06980652642082867,8.811840146449867e-13,237,8.259354311590528e-11,189
PursuitEvasion,neural,46,QP+G,5,-0.005487773403729851,-0.5716944130540852,1.1825831170100147,0.6492286162222274,0.06815065085614412,8.748557434046234e-13,237,8.270945039967614e-11,189
PursuitEvasion,neural,46,QP+G,10,-0.005142396660949991,-0.5285134190296876,1.1394747675766865,0.614670848994271,0.06655312646930404,8.745226764972358e-13,237,8.263001394226421e-11,189
PursuitEvasion,neural,46,QP+G,15,-0.004789505928519053,-0.4864739080228735,1.0964719582871025,0.5818996483682873,0.06501152283134078,8.72635297355373e-13,237,8.236511472858865e-11,189
PursuitEvasion,neural,46,QP+G,20,-0.0044322427315885565,-0.4455938874981437,1.0536598742157322,0.5511036811921495,0.06352344688143721,8.691936059790351e-13,237,8.192502232162724e-11,189
PursuitEvasion,neural,46,QP+G,25,-0.004073423667133733,-0.40588799822058463,1.0111189137977474,0.52244274171075,0.06208657321156526,8.647527138805344e-13,237,8.13206169070213e-11,189
PursuitEvasion,neural,46,QP+G,30,-0.0037155532472648604,-0.36736764001785926,0.9689246904511527,0.4960366989051415,0.060698670204336794,8.590905764549461e-13,237,8.951500651832589e-11,188
PursuitEvasion,neural,46,QP+G,35,-0.003360837738510265,-0.3300410874334343,0.9271480413259411,0.47195663121044606,0.05935762174853089,8.524292383071952e-13,237,8.85169715303391e-11,188
PursuitEvasion,neural,46,QP+G,40,-0.0030111997957356865,-0.29625468748235567,0.8881961337085988,0.45021986650958923,0.05806144441060219,8.449907440422066e-13,237,8.737538470526829e-11,188
PursuitEvasion,neural,46,QP+G,45,-0.00266829371736759,-0.26875956085492597,0.8548790889140483,0.4307899628997832,0.05680830007956482,8.36664071357518e-13,237,8.610373525286263e-11,188
PursuitEvasion,neural,46,QP+G,50,-0.002333521170199471,-0.24225492923246722,0.8219532449795046,0.41358158910781123,0.05559650422368552,8.273381979506667e-13,237,8.471506829366149e-11,188
PursuitEvasion,neural,46,QP+G,55,-0.0020080472483765283,-0.22799031613768173,0.8007233043869539,0.39846922232188686,0.054424529998379316,8.175682353339653e-13,237,8.322281752626282e-11,188
PursuitEvasion,neural,46,QP+G,60,-0.0016928167433231524,-0.21608483193206127,0.7813615763717237,0.3852979643031802,0.05329100852489537,8.966161146872764e-13,236,8.164002807120596e-11,188
PursuitEvasion,neural,46,noG,0,-0.00582215809315143,-0.615995377090987,1.2257070392625127,0.6853668552916139,0.06980652642082867,8.811840146449867e-13,237,8.259354311590528e-11,189
PursuitEvasion,neural,46,noG,5,-0.005603008491150448,-0.5723559805972015,1.1925223092601063,0.6578636539561697,0.06884644708479322,8.877343304902752e-13,237,8.445555366165536e-11,189
PursuitEvasion,neural,46,noG,10,-0.0053486161993230134,-0.5285935759494774,1.157806767237615,0.630788376139553,0.06790303086641626,8.988365607365267e-13,237,8.609551960248041e-11,189
PursuitEvasion,neural,46,noG,15,-0.005062436365256974,-0.4848058783637257,1.1216653546714614,0.6044510248641249,0.06697635515112045,8.172351684265777e-13,238,8.750383750921742e-11,189
PursuitEvasion,neural,46,noG,20,-0.004748088185019218,-0.4410885374727816,1.084205728273708,0.579179184664522,0.06606625761617092,8.238965065743287e-13,238,8.867312439875263e-11,189
PursuitEvasion,neural,46,noG,25,-0.004409301891560474,-0.39753496968663565,1.0455378993423814,0.5553020210625947,0.06517235087400514,8.287814878826794e-13,238,8.959799568941662e-11,189
PursuitEvasion,neural,46,noG,30,-0.004049868395532756,-0.35423620371828174,1.0057738711310646,0.5331294783980055,0.06429404404239764,8.320011346540923e-13,238,8.124750872084974e-11,190
PursuitEvasion,neural,46,noG,35,-0.0036735918782790536,-0.3112807369718291,0.9650272740077854,0.5129287698106941,0.0634305704349931,8.333334022836425e-13,238,8.163236753233605e-11,190
PursuitEvasion,neural,46,noG,40,-0.003284245574382487,-0.2750217205725354,0.9296803182053937,0.49490197296017097,0.06258102039737289,8.326672684688674e-13,238,8.179329435975546e-11,190
PursuitEvasion,neural,46,noG,45,-0.0028855309258460243,-0.24164085115258713,0.8959474442482827,0.4791693000493143,0.0617443781750231,8.301137555122295e-13,238,8.173212107109862e-11,190
PursuitEvasion,neural,46,noG,50,-0.002481040241610691,-0.21595089230592485,0.8701615053293423,0.46576166309290146,0.060919561599333136,8.293365993949919e-13,238,8.145228935774185e-11,190
PursuitEvasion,neural,46,noG,55,-0.002074222954391349,-0.1992081431745617,0.852189430325941,0.4546237166435094,0.06010546332173933,8.278933094629792e-13,238,8.995465483607745e-11,189
PursuitEvasion,neural,46,noG,60,-0.0016683555311348005,-0.1828932589852614,0.8332962235002632,0.4456257900981075,0.05930099231652697,8.246736626915663e-13,238,8.917677707387384e-11,189
PursuitEvasion,neural,46,GDA,0,-0.00582215809315143,-0.615995377090987,1.2257070392625127,0.6853668552916139,0.06980652642082867,8.811840146449867e-13,237,8.259354311590528e-11,189
PursuitEvasion,neural,46,GDA,5,-0.005603008491150448,-0.5723559805972015,1.1925223092601063,0.6578636539561697,0.06884644708479322,8.877343304902752e-13,237,8.445555366165536e-11,189
PursuitEvasion,neural,46,GDA,10,-0.0053486161993230134,-0.5285935759494774,1.157806767237615,0.630788376139553,0.06790303086641626,8.988365607365267e-13,237,8.609551960248041e-11,189
PursuitEvasion,neural,46,GDA,15,-0.005062436365256974,-0.4848058783637257,1.1216653546714614,0.6044510248641249,0.06697635515112045,8.172351684265777e-13,238,8.750383750921742e-11,189
PursuitEvasion,neural,46,GDA,20,-0.004748088185019218,-0.4410885374727816,1.084205728273708,0.579179184664522,0.06606625761617092,8.238965065743287e-13,238,8.867312439875263e-11,189
PursuitEvasion,neural,46,GDA,25,-0.004409301891560474,-0.39753496968663565,1.0455378993423814,0.5553020210625947,0.06517235087400514,8.287814878826794e-13,238,8.959799568941662e-11,189
PursuitEvasion,neural,46,GDA,30,-0.004049868395532756,-0.35423620371828174,1.0057738711310646,0.5331294783980055,0.06429404404239764,8.320011346540923e-13,238,8.124750872084974e-11,190
PursuitEvasion,neural,46,GDA,35,-0.0036735918782790536,-0.3112807369718291,0.9650272740077854,0.5129287698106941,0.0634305704349931,8.333334022836425e-13,238,8.163236753233605e-11,190
PursuitEvasion,neural,46,GDA,40,-0.003284245574382487,-0.2750217205725354,0.9296803182053937,0.49490197296017097,0.06258102039737289,8.326672684688674e-13,238,8.179329435975546e-11,190
PursuitEvasion,neural,46,GDA,45,-0.0028855309258460243,-0.24164085115258713,0.8959474442482827,0.4791693000493143,0.0617443781750231,8.301137555122295e-13,238,8.173212107109862e-11,190
PursuitEvasion,neural,46,GDA,50,-0.002481040241610691,-0.21595089230592485,0.8701615053293423,0.46576166309290146,0.060919561599333136,8.293365993949919e-13,238,8.145228935774185e-11,190
PursuitEvasion,neural,46,GDA,55,-0.002074222954391349,-0.1992081431745617,0.852189430325941,0.4546237166435094,0.06010546332173933,8.278933094629792e-13,238,8.995465483607745e-11,189
PursuitEvasion,neural,46,GDA,60,-0.0016683555311348005,-0.1828932589852614,0.8332962235002632,0.4456257900981075,0.05930099231652697,8.246736626915663e-13,238,8.917677707387384e-11,189
PursuitEvasion,neural,46,Adam-GDA,0,-0.00582215809315143,-0.615995377090987,1.2257070392625127,0.6853668552916139,0.06980652642082867,8.811840146449867e-13,237,8.259354311590528e-11,189
PursuitEvasion,neural,46,Adam-GDA,5,-0.010422396848048215,-1.6545686114198312,1.9869903337835946,1.4919940540118342,0.2940054296816897,8.189005029635155e-13,247,8.65698623897515e-11,201
PursuitEvasion,neural,46,Adam-GDA,10,-0.05189245981239684,-0.9245409999626738,3.1491954204596224,2.5670970815537393,0.3102480673922788,8.22453216642316e-13,250,8.158851372286335e-11,205
PursuitEvasion,neural,46,Adam-GDA,15,0.09247535448658606,-0.9192624380616992,3.98709248963531,3.4230365395734905,0.5762553658730446,8.171241461241152e-13,253,8.508527216122275e-11,208
PursuitEvasion,neural,46,Adam-GDA,20,0.19892233536877163,-2.387987634038527,4.543585490869464,3.9681260751202805,0.9516540610868461,8.664180484174722e-13,250,8.682343732857589e-11,205
PursuitEvasion,neural,46,Adam-GDA,25,-0.5197250389802702,-4.517866631541799,9.737236319486815,9.210856665864203,1.7152685599776492,8.331113576787175e-13,258,8.166622933458711e-11,214
PursuitEvasion,neural,46,Adam-GDA,30,-0.6021696768165357,-4.665386941374531,12.672646629987891,12.301328668794136,2.093270997267645,8.348877145181177e-13,262,8.477130108985875e-11,218
PursuitEvasion,neural,46,Adam-GDA,35,1.1413245105139556,-5.11669962309802,11.762700809322604,11.439587750613065,1.525627824404684,8.43769498715119e-13,260,8.503153736683089e-11,216
PursuitEvasion,neural,46,Adam-GDA,40,-0.16271214016057742,-8.648309476264181,14.543689224927146,14.268323019428566,3.909741844457162,8.100187187665142e-13,263,8.269651630143926e-11,219
PursuitEvasion,neural,46,Adam-GDA,45,-0.5650915678446818,-9.14883925219413,15.766400693149148,15.587431507877266,3.49353161666761,8.615330671091215e-13,263,8.79332162639912e-11,219
PursuitEvasion,neural,46,Adam-GDA,50,-1.3010427180543993,-9.509881649847005,17.774677099955227,17.62616876384256,1.788366891763322,8.917311333789257e-13,263,8.178524524282693e-11,220
PursuitEvasion,neural,46,Adam-GDA,55,-1.0174886344481875,-8.565449700117748,17.52111109323453,17.376578427336817,3.3745201513277605,8.260059303211165e-13,263,8.420641961492947e-11,219
PursuitEvasion,neural,46,Adam-GDA,60,0.6459114892689197,-8.396777822670524,17.556396883049466,17.383264597295195,4.432571522497657,8.43769498715119e-13,263,8.623324276868516e-11,219
PursuitEvasion,neural,46,EGM,0,-0.00582215809315143,-0.615995377090987,1.2257070392625127,0.6853668552916139,0.06980652642082867,8.811840146449867e-13,237,8.259354311590528e-11,189
PursuitEvasion,neural,46,EGM,5,-0.0055995184073919565,-0.5723374807351378,1.192223163347597,0.6576022878258463,0.06882532871233114,8.872902412804251e-13,237,8.440242948992704e-11,189
PursuitEvasion,neural,46,EGM,10,-0.005342323450399087,-0.5285977433108536,1.157253669464017,0.6302959687302255,0.06786153942145481,8.980594046192891e-13,237,8.5988605125209e-11,189
PursuitEvasion,neural,46,EGM,15,-0.005054077278723981,-0.48487234714881317,1.120904517039494,0.6037554482877105,0.0669151841155469,8.162359677044151e-13,238,8.734318823755416e-11,189
PursuitEvasion,neural,46,EGM,20,-0.004738426653158779,-0.441255236047644,1.083284071318231,0.5783044132910826,0.0659860535014476,8.22453216642316e-13,238,8.845940646651229e-11,189
PursuitEvasion,neural,46,EGM,25,-0.004399109270557202,-0.397837963549637,1.0445027464015044,0.5542667586745977,0.06507371978866973,8.272271756482041e-13,238,8.933265238653121e-11,189
PursuitEvasion,neural,46,EGM,30,-0.004039904879499389,-0.35470955322687864,1.0046726469400808,0.5319460842838191,0.06417755962359663,8.301137555122295e-13,238,8.996009492889812e-11,189
PursuitEvasion,neural,46,EGM,35,-0.003664589533113388,-0.3119563687333507,0.9639072082936417,0.5116027336208775,0.06329678274068638,8.313350008393172e-13,238,8.130679463036472e-11,190
PursuitEvasion,neural,46,EGM,40,-0.003276893173312864,-0.2757892453199421,0.9284480888392764,0.49343212636239764,0.06243046532496942,8.305578447220796e-13,238,8.142853058501487e-11,190
PursuitEvasion,neural,46,EGM,45,-0.002880460688961267,-0.2426243421199591,0.8947457756501427,0.4775488027254895,0.06157758695984991,8.278933094629792e-13,238,8.133149709266263e-11,190
PursuitEvasion,neural,46,EGM,50,-0.002478816545778269,-0.21683289669698733,0.8682934012097684,0.4639796143552978,0.06073706995310065,8.260059303211165e-13,238,8.101980197849912e-11,190
PursuitEvasion,neural,46,EGM,55,-0.0020753330476476293,-0.20025071754308693,0.8503022699560676,0.4526671053118647,0.059907819796418085,8.243405957841787e-13,238,8.944339713323757e-11,189
PursuitEvasion,neural,46,EGM,60,-0.0016732022567306562,-0.1841040543016542,0.8314219277677237,0.44348146011225353,0.05908876552099073,8.208989044078407e-13,238,8.863998424146757e-11,189
PursuitEvasion,neural,46,PPM-3,0,-0.00582215809315143,-0.615995377090987,1.2257070392625127,0.6853668552916139,0.06980652642082867,8.811840146449867e-13,237,8.259354311590528e-11,189
PursuitEvasion,neural,46,PPM-3,5,-0.005599550819243469,-0.5723417993940508,1.1922278993211548,0.6576061946374896,0.0688255571851235,8.870681966755001e-13,237,8.440254051222951e-11,189
PursuitEvasion,neural,46,PPM-3,10,-0.005342392304198193,-0.5286061640404619,1.1572632434529009,0.6303035633330489,0.06786198886474068,8.981704269217516e-13,237,8.598882716981393e-11,189
PursuitEvasion,neural,46,PPM-3,15,-0.00505418496425126,-0.4848846232082061,1.1209189826004546,0.6037664295714008,0.06691584703584158,8.162359677044151e-13,238,8.734357681561278e-11,189
PursuitEvasion,neural,46,PPM-3,20,-0.0047385740006292585,-0.44127109338390064,1.0833034346846373,0.5783184036807825,0.06598692254346487,8.22453216642316e-13,238,8.846018362262953e-11,189
PursuitEvasion,neural,46,PPM-3,25,-0.004399295655532849,-0.3978571035709921,1.0445269678045286,0.5542833180658617,0.06507478784433612,8.273381979506667e-13,238,8.933359607610214e-11,189
PursuitEvasion,neural,46,PPM-3,30,-0.004040128347745957,-0.35473165550420993,1.0047016420842745,0.5319647330100891,0.06417881991675316,8.301137555122295e-13,238,8.996142719652767e-11,189
PursuitEvasion,neural,46,PPM-3,35,-0.0036648469413461822,-0.3119810936289835,0.9639408499825095,0.5116229830974479,0.06329822888467845,8.313350008393172e-13,238,8.130840445375043e-11,190
PursuitEvasion,neural,46,PPM-3,40,-0.00327718034197164,-0.27581181546394656,0.9284817876655791,0.49345351352769606,0.062432091351541284,8.305578447220796e-13,238,8.143041796415673e-11,190
PursuitEvasion,neural,46,PPM-3,45,-0.0028807725633997216,-0.2426484659853574,0.8947834029951137,0.4775709226119139,0.0615793873190312,8.280043317654417e-13,238,8.133388407216557e-11,190
PursuitEvasion,neural,46,PPM-3,50,-0.0024791473625024128,-0.2168471714177488,0.8683244072835321,0.46400214516424215,0.06073903948500514,8.260059303211165e-13,238,8.10227995806656e-11,190
PursuitEvasion,neural,46,PPM-3,55,-0.002075676502516742,-0.20026532395129185,0.8503365222835005,0.4526898223693737,0.05990995367702461,8.242295734817162e-13,238,8.944711638037006e-11,189
PursuitEvasion,neural,46,PPM-3,60,-0.0016735516723008254,-0.1841187775314898,0.8314593304792512,0.44350423803456845,0.059091059185001515,8.210099267103033e-13,238,8.864420308896115e-11,189
PursuitEvasion,neural,47,QP+G,0,0.0020968197502608974,-0.6067637317970908,1.2485661565769504,0.7247007386550184,0.0948154440882215,8.139044993527023e-13,238,8.303113752106128e-11,190
PursuitEvasion,neural,47,QP+G,5,0.0021938637667271964,-0.6012320493746944,1.2054044629210838,0.6865916266587246,0.09095911086607435,8.621992009238966e-13,237,8.531436668235415e-11,189
PursuitEvasion,neural,47,QP+G,10,0.0022325576441017255,-0.5937399790976976,1.1640606918100245,0.65076444752845,0.08731591660057292,8.515410598874951e-13,237,8.793754613378724e-11,188
PursuitEvasion,neural,47,QP+G,15,0.002227989303358118,-0.5845102119808596,1.1223767369130293,0.6170806888441006,0.08387396824340072,8.384404281969182e-13,237,8.186751276895166e-11,188
PursuitEvasion,neural,47,QP+G,20,0.0021926459637733927,-0.57376103830698,1.0838632634628975,0.5853933187622538,0.08062185473363129,8.232303727595536e-13,237,8.500578019265959e-11,187
PursuitEvasion,neural,47,QP+G,25,0.002136661775336823,-0.5617043558470215,1.0579760898843762,0.5555522350063598,0.07754867343579193,8.955058916626513e-13,236,8.860367994856233e-11,186
PursuitEvasion,neural,47,QP+G,30,0.0020680843373322945,-0.5485440607434505,1.0349403802220078,0.5274119177304597,0.0746440603753326,8.748557434046234e-13,236,8.342887491963324e-11,186
PursuitEvasion,neural,47,QP+G,35,0.0019931461591475986,-0.5344747712241762,1.010968155056953,0.5008389932956032,0.07189821638321815,8.525402606096577e-13,236,8.758896385963055e-11,185
PursuitEvasion,neural,47,QP+G,40,0.0019165305718576546,-0.5196808402930442,0.9862366108367464,0.4757178515307741,0.06930192425290915,8.292255770925294e-13,236,8.302081244693227e-11,185
PursuitEvasion,neural,47,QP+G,45,0.0018416244726703022,-0.5043356193305126,0.9609151820915145,0.4519533860327497,0.06684655458541373,8.943956686380261e-13,235,8.767386816543876e-11,184
PursuitEvasion,neural,47,QP+G,50,0.0017707526346489766,-0.4886009398503987,0.9351650963792287,0.42947084235658095,0.06452405999960047,8.667511153248597e-13,235,8.352241120945791e-11,184
PursuitEvasion,neural,47,QP+G,55,0.00170539021005126,-0.4726267852033349,0.9091390075579187,0.40821336775013284,0.062326958779425186,8.387179839530745e-13,235,8.857775624093733e-11,183
PursuitEvasion,neural,47,QP+G,60,0.001646351566111869,-0.4565511278634911,0.8829807029177756,0.3881381115374263,0.06024830986158859,8.104628079763643e-13,235,8.467576639858976e-11,183
PursuitEvasion,neural,47,noG,0,0.0020968197502608974,-0.6067637317970908,1.2485661565769504,0.7247007386550184,0.0948154440882215,8.139044993527023e-13,238,8.303113752106128e-11,190
PursuitEvasion,neural,47,noG,5,0.002552803557631758,-0.6164690806284756,1.2289454512405142,0.7072792749952251,0.09302319236348373,8.839595722065496e-13,237,8.710282495272281e-11,189
PursuitEvasion,neural,47,noG,10,0.0028992219778409133,-0.6238660289356074,1.2082263476552395,0.6898126869034444,0.09127839584166765,8.945066909404886e-13,237,8.216965996510339e-11,189
PursuitEvasion,neural,47,noG,15,0.003141970247509291,-0.6289043353929553,1.1841734326935298,0.6723501278014857,0.08958091047640547,8.117950756059145e-13,238,8.614547963858854e-11,188
PursuitEvasion,neural,47,noG,20,0.0032891418459190993,-0.6315547203053936,1.1603137237482697,0.654966941306544,0.08793096018756047,8.151257446797899e-13,238,8.254713579347595e-11,188
PursuitEvasion,neural,47,noG,25,0.0033505236718114743,-0.6318092617776628,1.1531884037741635,0.6377341566858955,0.08632902809613636,8.1556983388964e-13,238,8.27773960487832e-11,188
PursuitEvasion,neural,47,noG,30,0.0033370916613374648,-0.6296814233111107,1.144085156691692,0.6206992838166177,0.08477572412918356,8.129052986305396e-13,238,8.257738937089698e-11,188
PursuitEvasion,neural,47,noG,35,0.003260524626525265,-0.6252057345451689,1.1320715065990337,0.6038792055436271,0.08327165038147451,8.970602038971265e-13,237,8.195111256270593e-11,188
PursuitEvasion,neural,47,noG,40,0.003132751418941606,-0.6184371540984348,1.1172491792801678,0.5872638072591995,0.08181728215783791,8.875122858853501e-13,237,8.990558297838902e-11,187
PursuitEvasion,neural,47,noG,45,0.002965543511951071,-0.6094501486522391,1.0997326673204775,0.5708268744944903,0.08041287747106028,8.746336987996983e-13,237,8.833012099529469e-11,187
PursuitEvasion,neural,47,noG,50,0.002770161948372464,-0.5983375256463517,1.079648573505895,0.554539855433295,0.07905842185101408,8.590905764549461e-13,237,8.637207615791453e-11,187
PursuitEvasion,neural,47,noG,55,0.002557064497376005,-0.5852090583003926,1.05713485612399,0.5383846374562835,0.07775360952087151,8.40327807338781e-13,237,8.408290730343992e-11,187
PursuitEvasion,neural,47,noG,60,0.0023356759498756098,-0.570189941527228,1.0323399938694229,0.5223629339190441,0.07649785706396116,8.191225475684405e-13,237,8.152256647520062e-11,187
PursuitEvasion,neural,47,GDA,0,0.0020968197502608974,-0.6067637317970908,1.2485661565769504,0.7247007386550184,0.0948154440882215,8.139044993527023e-13,238,8.303113752106128e-11,190
PursuitEvasion,neural,47,GDA,5,0.002552803557631758,-0.6164690806284756,1.2289454512405142,0.7072792749952251,0.09302319236348373,8.839595722065496e-13,237,8.710282495272281e-11,189
PursuitEvasion,neural,47,GDA,10,0.0028992219778409133,-0.6238660289356074,1.2082263476552395,0.6898126869034444,0.09127839584166765,8.945066909404886e-13,237,8.216965996510339e-11,189
PursuitEvasion,neural,47,GDA,15,0.003141970247509291,-0.6289043353929553,1.1841734326935298,0.6723501278014857,0.08958091047640547,8.117950756059145e-13,238,8.614547963858854e-11,188
PursuitEvasion,neural,47,GDA,20,0.0032891418459190993,-0.6315547203053936,1.1603137237482697,0.654966941306544,0.08793096018756047,8.151257446797899e-13,238,8.254713579347595e-11,188
PursuitEvasion,neural,47,GDA,25,0.0033505236718114743,-0.6318092617776628,1.1531884037741635,0.6377341566858955,0.08632902809613636,8.1556983388964e-13,238,8.27773960487832e-11,188
PursuitEvasion,neural,47,GDA,30,0.0033370916613374648,-0.6296814233111107,1.144085156691692,0.6206992838166177,0.08477572412918356,8.129052986305396e-13,238,8.257738937089698e-11,188
PursuitEvasion,neural,47,GDA,35,0.003260524626525265,-0.6252057345451689,1.1320715065990337,0.6038792055436271,0.08327165038147451,8.970602038971265e-13,237,8.195111256270593e-11,188
PursuitEvasion,neural,47,GDA,40,0.003132751418941606,-0.6184371540984348,1.1172491792801678,0.5872638072591995,0.08181728215783791,8.875122858853501e-13,237,8.990558297838902e-11,187
PursuitEvasion,neural,47,GDA,45,0.002965543511951071,-0.6094501486522391,1.0997326673204775,0.5708268744944903,0.08041287747106028,8.746336987996983e-13,237,8.833012099529469e-11,187
PursuitEvasion,neural,47,GDA,50,0.002770161948372464,-0.5983375256463517,1.079648573505895,0.554539855433295,0.07905842185101408,8.590905764549461e-13,237,8.637207615791453e-11,187
PursuitEvasion,neural,47,GDA,55,0.002557064497376005,-0.5852090583003926,1.05713485612399,0.5383846374562835,0.07775360952087151,8.40327807338781e-13,237,8.408290730343992e-11,187
PursuitEvasion,neural,47,GDA,60,0.0023356759498756098,-0.570189941527228,1.0323399938694229,0.5223629339190441,0.07649785706396116,8.191225475684405e-13,237,8.152256647520062e-11,187
PursuitEvasion,neural,47,Adam-GDA,0,0.0020968197502608974,-0.6067637317970908,1.2485661565769504,0.7247007386550184,0.0948154440882215,8.139044993527023e-13,238,8.303113752106128e-11,190
PursuitEvasion,neural,47,Adam-GDA,5,-0.029669121720682187,-1.4321328105599744,2.430439173632423,1.8376490257773266,0.44572491892356425,8.895106873296754e-13,245,8.846701149423097e-11,199
PursuitEvasion,neural,47,Adam-GDA,10,0.04888714768525338,-1.6179705991874413,3.0401850329364977,2.494262335458347,0.9215318898440226,8.930634010084759e-13,246,8.466827239317354e-11,201
PursuitEvasion,neural,47,Adam-GDA,15,-0.08970970785713774,-2.1172138046432414,5.437144099398941,4.852141726800674,1.7160820339217202,8.775202786637237e-13,253,8.291767272794459e-11,209
PursuitEvasion,neural,47,Adam-GDA,20,0.9557496437892783,-3.3334613299708837,6.914571318482147,6.369224167701448,1.8483425128877695,8.402167850363185e-13,254,8.910117088589686e-11,209
PursuitEvasion,neural,47,Adam-GDA,25,-0.38146133852078384,-5.310648878215783,8.602881612413276,8.081741237987085,2.350867127355471,8.402167850363185e-13,258,8.265654827255275e-11,214
PursuitEvasion,neural,47,Adam-GDA,30,-0.3165565423278174,-5.42934948214988,9.995096204024392,9.534183073874225,4.512191211761643,8.748557434046234e-13,258,8.681677599042814e-11,214
PursuitEvasion,neural,47,Adam-GDA,35,1.6431122410212056,-8.378188180507001,13.711110030558013,13.352352722142331,5.0994964998186925,8.633094239485217e-13,262,8.756551039823535e-11,218
PursuitEvasion,neural,47,Adam-GDA,40,-2.342470484954559,-9.573259265910483,15.824957453328928,15.600293510566235,4.871132416632138,8.100187187665142e-13,264,8.316547450704093e-11,220
PursuitEvasion,neural,47,Adam-GDA,45,-3.890622303089763,-9.894268835107386,17.75577815855544,17.61738502692807,5.272726977373761,8.348877145181177e-13,264,8.536815698789724e-11,220
PursuitEvasion,neural,47,Adam-GDA,50,-5.659529853846894,-9.80209624865823,18.851965627585535,18.75746709542183,2.476166526653014,8.277822871605167e-13,264,8.465761425213714e-11,220
PursuitEvasion,neural,47,Adam-GDA,55,-1.9517162738315545,-8.367683916037082,17.980214933592457,17.89150691570638,5.356890210981121,8.952838470577262e-13,263,8.253131511537504e-11,220
PursuitEvasion,neural,47,Adam-GDA,60,-2.8492856749142557,-8.966667821668915,17.849357995780395,17.77102915606039,14.09585587088435,8.490985692333197e-13,263,8.71978045324795e-11,219
PursuitEvasion,neural,47,EGM,0,0.0020968197502608974,-0.6067637317970908,1.2485661565769504,0.7247007386550184,0.0948154440882215,8.139044993527023e-13,238,8.303113752106128e-11,190
PursuitEvasion,neural,47,EGM,5,0.002541717532082023,-0.6160042920385029,1.228232312129033,0.70664829885219,0.09296036626321764,8.830713937868495e-13,237,8.704925669178465e-11,189
PursuitEvasion,neural,47,EGM,10,0.0028780667460638946,-0.6229297735653725,1.2068736551786046,0.6886017469609649,0.09115582730984205,8.931744233109384e-13,237,8.207950985550383e-11,189
PursuitEvasion,neural,47,EGM,15,0.0031123747958509314,-0.6274996227247622,1.1822621515911684,0.6706099350650571,0.08940162881807352,8.998357614586894e-13,237,8.601958034759605e-11,188
PursuitEvasion,neural,47,EGM,20,0.0032531776457731254,-0.6296942912702842,1.1579250378554198,0.6527446525366136,0.08769790983283653,8.127942763280771e-13,238,8.213307811644199e-11,188
PursuitEvasion,neural,47,EGM,25,0.003310534099183183,-0.6295154135694798,1.1501648073100748,0.6350716520286047,0.08604503592374053,8.126832540256146e-13,238,8.226175296499605e-11,188
PursuitEvasion,neural,47,EGM,30,0.0032955289048843903,-0.62698563033451,1.1405838572330276,0.6176329464604973,0.0844434701853702,8.993916722488393e-13,237,8.196715528541176e-11,188
PursuitEvasion,neural,47,EGM,35,0.00321980109749438,-0.6221480853704754,1.1281500677913932,0.6004408923819513,0.08289364618632893,8.926193117986259e-13,237,8.12556133489295e-11,188
PursuitEvasion,neural,47,EGM,40,0.0030951111133209097,-0.6150656277352745,1.1129707537697284,0.5834824812852292,0.08139585899866411,8.826273045769994e-13,237,8.90509888051838e-11,187
PursuitEvasion,neural,47,EGM,45,0.002932957137709752,-0.6058197555864164,1.0951653896907394,0.5667303186789006,0.07995018520785292,8.695266728864226e-13,237,8.74079142398898e-11,187
PursuitEvasion,neural,47,EGM,50,0.0027442480214013923,-0.5945093399538015,1.0748648970016739,0.5501560107456946,0.07855643710555388,8.535394613318203e-13,237,8.539785545380596e-11,187
PursuitEvasion,neural,47,EGM,55,0.002539037111713181,-0.5812491670512151,1.052210844784152,0.5337423151491254,0.07721415091247516,8.346656699131927e-13,237,8.307277088448473e-11,187
PursuitEvasion,neural,47,EGM,60,0.0023263186016108245,-0.5661683367664191,1.0273545804237365,0.51749184042386,0.07592260451042235,8.132383655379272e-13,237,8.943595863897258e-11,186
PursuitEvasion,neural,47,PPM-3,0,0.0020968197502608974,-0.6067637317970908,1.2485661565769504,0.7247007386550184,0.0948154440882215,8.139044993527023e-13,238,8.303113752106128e-11,190
PursuitEvasion,neural,47,PPM-3,5,0.00254175037094186,-0.6160042003240823,1.2282396340708346,0.7066549337942395,0.09296108139925907,8.830713937868495e-13,237,8.705064447056543e-11,189
PursuitEvasion,neural,47,PPM-3,10,0.0028781739180465484,-0.6229306280406591,1.2068891439358271,0.6886147672160928,0.09115721522698071,8.931744233109384e-13,237,8.208222990191416e-11,189
PursuitEvasion,neural,47,PPM-3,15,0.0031125872208516295,-0.6275024534772996,1.1822865167129128,0.6706290288542629,0.08940364732882775,8.999467837611519e-13,237,8.602363266163593e-11,188
PursuitEvasion,neural,47,PPM-3,20,0.003253515289593978,-0.6297000986874406,1.1579543719304528,0.6527694639613111,0.08770051689189744,8.127942763280771e-13,238,8.213429936176908e-11,188
PursuitEvasion,neural,47,PPM-3,25,0.0033110061843979214,-0.6295251478128197,1.1501867697002075,0.635101815361837,0.0860481897887457,8.126832540256146e-13,238,8.226391789989407e-11,188
PursuitEvasion,neural,47,PPM-3,30,0.003296134630614199,-0.6270001726170168,1.1406125067877841,0.6176681231171093,0.08444712972883787,8.993916722488393e-13,237,8.197026390988071e-11,188
PursuitEvasion,neural,47,PPM-3,35,0.003220530771493725,-0.6221682313795327,1.1281860059456925,0.600480798480261,0.08289777130194732,8.926193117986259e-13,237,8.125999872987677e-11,188
PursuitEvasion,neural,47,PPM-3,40,0.003095947591894166,-0.6150920734415166,1.1130144953618295,0.5835268983787953,0.0814004110357911,8.82738326879462e-13,237,8.905726156527294e-11,187
PursuitEvasion,neural,47,PPM-3,45,0.002933877467595152,-0.6058530855814246,1.0952173568455086,0.5667790865136422,0.07995512737086244,8.696376951888851e-13,237,8.741574131221341e-11,187
PursuitEvasion,neural,47,PPM-3,50,0.0027452251819361216,-0.5945500183729636,1.074925414248271,0.550209006108962,0.07856173476727137,8.535394613318203e-13,237,8.540723683836404e-11,187
PursuitEvasion,neural,47,PPM-3,55,0.002540041764184561,-0.5812975310648302,1.052280135373316,0.5337994233269874,0.07721977180986217,8.348877145181177e-13,237,8.308376209242851e-11,187
PursuitEvasion,neural,47,PPM-3,60,0.0023273207644488097,-0.5662245925635797,1.0274327637926577,0.5175529256539687,0.07592851881189379,8.133493878403897e-13,237,8.944989193793162e-11,186
PursuitEvasion,neural,48,QP+G,0,0.00211996341033084,-0.17820583367313136,0.6379713651081798,0.2814258570216012,0.07146152417818444,8.333889134348738e-13,235,8.794709405179901e-11,185
PursuitEvasion,neural,48,QP+G,5,0.002525060712717465,-0.17992278117160088,0.6231743774686291,0.2686207076966443,0.06902263526187764,8.938405571257135e-13,234,8.281103580642935e-11,185
PursuitEvasion,neural,48,QP+G,10,0.0028566752333146163,-0.18150757828960462,0.6082309032422801,0.2567519496903864,0.0667290153374925,8.61644089411584e-13,234,8.642131454905666e-11,184
PursuitEvasion,neural,48,QP+G,15,0.0031216702378809827,-0.18296008381183698,0.5932157737072448,0.2456035122525824,0.06456947006692255,8.29558643999917e-13,234,8.998113365521476e-11,183
PursuitEvasion,neural,48,QP+G,20,0.0033268000175551127,-0.18427940783441585,0.5781956143352995,0.23502830764402155,0.06253379814436291,8.862910405582625e-13,233,8.414563490433125e-11,183
PursuitEvasion,neural,48,QP+G,25,0.0034786310683281897,-0.1905527031096459,0.5683181602979751,0.22493404951438692,0.060612733915517504,8.513745264338013e-13,233,8.727832345734043e-11,182
PursuitEvasion,neural,48,QP+G,30,0.0035834795803129653,-0.1960641029916954,0.5579217041194683,0.21527012250007432,0.05879788248263999,8.169576126704214e-13,233,8.136089024723958e-11,182
PursuitEvasion,neural,48,QP+G,35,0.0036473633054372075,-0.20067123022839575,0.5469120932809179,0.20601626016037988,0.05708165103315853,8.701372955499664e-13,232,8.418915564689655e-11,181
PursuitEvasion,neural,48,QP+G,40,0.00367596590362518,-0.20441762244475833,0.535375618785093,0.1971732147511777,0.05545717927273748,8.333889134348738e-13,232,8.70720717749407e-11,180
PursuitEvasion,neural,48,QP+G,45,0.0036746119673331575,-0.20734550404808394,0.5233922211126689,0.18875531909430945,0.05391827108643758,8.861245071045687e-13,231,8.105206783515229e-11,180
PursuitEvasion,neural,48,QP+G,50,0.0036482510699470455,-0.2094959483749007,0.5164938950984572,0.18078472079422622,0.05245932891391382,8.666400930223972e-13,231,8.388630068356662e-11,179
PursuitEvasion,neural,48,QP+G,55,0.0036014493551666028,-0.2109090114370574,0.5119921525189006,0.17328703043628557,0.051075291809536016,8.539835505416704e-13,231,8.693432085316033e-11,178
PursuitEvasion,neural,48,QP+G,60,0.0035383873659149013,-0.21162383999277928,0.5070102756662282,0.16628812492698897,0.04976157775843391,8.416045638170999e-13,231,8.124856343272313e-11,178
PursuitEvasion,neural,48,noG,0,0.00211996341033084,-0.17820583367313136,0.6379713651081798,0.2814258570216012,0.07146152417818444,8.333889134348738e-13,235,8.794709405179901e-11,185
PursuitEvasion,neural,48,noG,5,0.0027126893343258447,-0.18114904263508508,0.6339542974295944,0.2780974572021843,0.07051481594596488,8.20954415559072e-13,235,8.549588814688036e-11,185
PursuitEvasion,neural,48,noG,10,0.0032459330140453407,-0.18385106626776723,0.6282568929444559,0.2755149141105902,0.06962316867393017,8.955058916626513e-13,234,8.268408180356346e-11,185
PursuitEvasion,neural,48,noG,15,0.0037156141613724518,-0.19405297721479253,0.6287245531195811,0.27327966504017215,0.0687796949290712,8.762435221854048e-13,234,8.8390683661288e-11,184
PursuitEvasion,neural,48,noG,20,0.004118964864649982,-0.20751651921256278,0.6312256019530744,0.2710628870574391,0.067977412604489,8.546496843564455e-13,234,8.460274147914504e-11,184
PursuitEvasion,neural,48,noG,25,0.004454477502400219,-0.21999026187269755,0.6316166159953537,0.26861371605378415,0.0672095425813818,8.309464227806984e-13,234,8.951175911597886e-11,183
PursuitEvasion,neural,48,noG,30,0.004721835467927668,-0.2314717160144567,0.630003758403586,0.26575785016769626,0.06646975046105885,8.947287355454137e-13,233,8.480144364497733e-11,183
PursuitEvasion,neural,48,noG,35,0.004921829145062526,-0.24196060007945674,0.6264953139392695,0.2623908588305377,0.0657523280951248,8.642531135194531e-13,233,8.88210061056327e-11,182
PursuitEvasion,neural,48,noG,40,0.005056259796141301,-0.25262138544271795,0.6223635582132354,0.25846914787164926,0.06505231543588547,8.321676681077861e-13,233,8.332598500082611e-11,182
PursuitEvasion,neural,48,noG,45,0.005127834160505084,-0.26296280474709366,0.6172236497959742,0.2540002794606285,0.06436556695029137,8.872347301291938e-13,232,8.646403037992911e-11,181
PursuitEvasion,neural,48,noG,50,0.005140052600723151,-0.2718212597316929,0.6100164849520182,0.24903350172802532,0.06368876940698968,8.485989688722384e-13,232,8.935230333406707e-11,180
PursuitEvasion,neural,48,noG,55,0.005097093569719219,-0.27920441480942254,0.6008518032588999,0.24365087733171614,0.06301941932536924,8.985590049803704e-13,231,8.281222929618082e-11,180
PursuitEvasion,neural,48,noG,60,0.005003697009935583,-0.2851235812727121,0.5979160831412983,0.23795919011245487,0.062355768930504,8.812950369474493e-13,231,8.505050830276417e-11,179
PursuitEvasion,neural,48,GDA,0,0.00211996341033084,-0.17820583367313136,0.6379713651081798,0.2814258570216012,0.07146152417818444,8.333889134348738e-13,235,8.794709405179901e-11,185
PursuitEvasion,neural,48,GDA,5,0.0027126893343258447,-0.18114904263508508,0.6339542974295944,0.2780974572021843,0.07051481594596488,8.20954415559072e-13,235,8.549588814688036e-11,185
PursuitEvasion,neural,48,GDA,10,0.0032459330140453407,-0.18385106626776723,0.6282568929444559,0.2755149141105902,0.06962316867393017,8.955058916626513e-13,234,8.268408180356346e-11,185
PursuitEvasion,neural,48,GDA,15,0.0037156141613724518,-0.19405297721479253,0.6287245531195811,0.27327966504017215,0.0687796949290712,8.762435221854048e-13,234,8.8390683661288e-11,184
PursuitEvasion,neural,48,GDA,20,0.004118964864649982,-0.20751651921256278,0.6312256019530744,0.2710628870574391,0.067977412604489,8.546496843564455e-13,234,8.460274147914504e-11,184
PursuitEvasion,neural,48,GDA,25,0.004454477502400219,-0.21999026187269755,0.6316166159953537,0.26861371605378415,0.0672095425813818,8.309464227806984e-13,234,8.951175911597886e-11,183
PursuitEvasion,neural,48,GDA,30,0.004721835467927668,-0.2314717160144567,0.630003758403586,0.26575785016769626,0.06646975046105885,8.947287355454137e-13,233,8.480144364497733e-11,183
PursuitEvasion,neural,48,GDA,35,0.004921829145062526,-0.24196060007945674,0.6264953139392695,0.2623908588305377,0.0657523280951248,8.642531135194531e-13,233,8.88210061056327e-11,182
PursuitEvasion,neural,48,GDA,40,0.005056259796141301,-0.25262138544271795,0.6223635582132354,0.25846914787164926,0.06505231543588547,8.321676681077861e-13,233,8.332598500082611e-11,182
PursuitEvasion,neural,48,GDA,45,0.005127834160505084,-0.26296280474709366,0.6172236497959742,0.2540002794606285,0.06436556695029137,8.872347301291938e-13,232,8.646403037992911e-11,181
PursuitEvasion,neural,48,GDA,50,0.005140052600723151,-0.2718212597316929,0.6100164849520182,0.24903350172802532,0.06368876940698968,8.485989688722384e-13,232,8.935230333406707e-11,180
PursuitEvasion,neural,48,GDA,55,0.005097093569719219,-0.27920441480942254,0.6008518032588999,0.24365087733171614,0.06301941932536924,8.985590049803704e-13,231,8.281222929618082e-11,180
PursuitEvasion,neural,48,GDA,60,0.005003697009935583,-0.2851235812727121,0.5979160831412983,0.23795919011245487,0.062355768930504,8.812950369474493e-13,231,8.505050830276417e-11,179
PursuitEvasion,neural,48,Adam-GDA,0,0.00211996341033084,-0.17820583367313136,0.6379713651081798,0.2814258570216012,0.07146152417818444,8.333889134348738e-13,235,8.794709405179901e-11,185
PursuitEvasion,neural,48,Adam-GDA,5,-0.016360194351739108,-0.9549037444301133,2.9489662008975563,2.344383405211651,0.2991982757026428,8.981704269217516e-13,248,8.654299499255558e-11,203
PursuitEvasion,neural,48,Adam-GDA,10,0.037210857348938475,-2.623122014708125,4.595786274475507,4.003939215778662,0.5346460444974382,8.486544800234697e-13,251,8.601119816376013e-11,206
PursuitEvasion,neural,48,Adam-GDA,15,-0.03752694797122946,-2.0854626322659167,4.6002032272956885,4.0136452329303935,1.0715570547872446,8.357758929378178e-13,251,8.44231351493363e-11,206
PursuitEvasion,neural,48,Adam-GDA,20,-0.05788654439481782,-4.0768920221265,9.226092768415025,8.704228273239133,1.1855956882258711,8.943956686380261e-13,257,8.757616853927175e-11,213
PursuitEvasion,neural,48,Adam-GDA,25,0.3731544591795746,-3.4682097846718607,7.749133816526737,7.2075061996066845,2.180066990102387,8.260059303211165e-13,256,8.883738189524593e-11,211
PursuitEvasion,neural,48,Adam-GDA,30,-0.09006308149210626,-5.027125686413419,11.452004302965346,11.063132392774019,1.5330393638196882,8.29558643999917e-13,260,8.343015167611156e-11,216
PursuitEvasion,neural,48,Adam-GDA,35,0.7237453479298045,-4.834160617466889,13.270541095009255,12.960703895797195,2.953186934380029,8.846257060213247e-13,262,8.121681105421885e-11,219
PursuitEvasion,neural,48,Adam-GDA,40,1.5825395680498215,-6.952095439877246,16.44379146766117,16.245200270748462,2.009686900765835,8.828493491819245e-13,263,8.15614242810625e-11,220
PursuitEvasion,neural,48,Adam-GDA,45,3.1567737631220263,-7.189117103508344,16.959003923486055,16.79903752789171,4.123512449856774,8.100187187665142e-13,264,8.337508461409016e-11,220
PursuitEvasion,neural,48,Adam-GDA,50,6.823189578103497,-8.964046856823131,18.756172555028172,18.67060887622757,2.0302309547141815,8.135714324453147e-13,264,8.354916758435138e-11,220
PursuitEvasion,neural,48,Adam-GDA,55,7.315127562229254,-8.650746952065674,18.447511857908815,18.373804584398123,1.2801682788802822,8.171241461241152e-13,264,8.358824743481819e-11,220
PursuitEvasion,neural,48,Adam-GDA,60,7.639605192478851,-9.51905588108699,19.317289338604855,19.26671421140013,0.6300509217137612,8.135714324453147e-13,264,8.360245828953339e-11,220
PursuitEvasion,neural,48,EGM,0,0.00211996341033084,-0.17820583367313136,0.6379713651081798,0.2814258570216012,0.07146152417818444,8.333889134348738e-13,235,8.794709405179901e-11,185
PursuitEvasion,neural,48,EGM,5,0.0027068733895955553,-0.18111236029063202,0.6336293629902195,0.2778055687742977,0.07046954130134345,8.204548151979907e-13,235,8.541434226572164e-11,185
PursuitEvasion,neural,48,EGM,10,0.0032334893826892123,-0.18378149953337858,0.6276506706230056,0.274920964583687,0.069534208126759,8.943956686380261e-13,234,8.253336902797059e-11,185
PursuitEvasion,neural,48,EGM,15,0.0036961232610575167,-0.1935093734446769,0.6274369749769328,0.2723806054799352,0.06864858779364834,8.748002322533921e-13,234,8.816064545058566e-11,184
PursuitEvasion,neural,48,EGM,20,0.004092378787524399,-0.2067771393490517,0.6295767211063896,0.2698637759275696,0.06780569834051169,8.529288386682765e-13,234,8.432501918953506e-11,184
PursuitEvasion,neural,48,EGM,25,0.004421091061659279,-0.21905157886857743,0.6296449074190342,0.2671274666867739,0.06699879551648459,8.289480213363731e-13,234,8.916678506665221e-11,183
PursuitEvasion,neural,48,EGM,30,0.0046822502812016945,-0.2303321751732025,0.627749417042396,0.26400421350319786,0.06622159965291796,8.923972671937008e-13,233,8.443629129217811e-11,183
PursuitEvasion,neural,48,EGM,35,0.004876912336268951,-0.2406204604250111,0.6239996728476681,0.26039499078201594,0.065468463481956,8.618106228652778e-13,233,8.840994603076524e-11,182
PursuitEvasion,neural,48,EGM,40,0.005007098920269891,-0.2502747860218302,0.6188607733593341,0.2562599880422137,0.06473448225619702,8.297251774536107e-13,233,8.292552755584381e-11,182
PursuitEvasion,neural,48,EGM,45,0.005075689922059836,-0.26031720382650875,0.6134598012945595,0.2516088813366737,0.06401555091521151,8.846257060213247e-13,232,8.604664203382129e-11,181
PursuitEvasion,neural,48,EGM,50,0.005086310848299226,-0.26888562532862376,0.6060374740009002,0.24649140361822963,0.06330837531347529,8.461009670668318e-13,232,8.893383252051024e-11,180
PursuitEvasion,neural,48,EGM,55,0.005043217913056909,-0.2759901964137142,0.5967040745117642,0.24098857578760596,0.06261044575913338,8.961720254774264e-13,231,8.245060190148479e-11,180
PursuitEvasion,neural,48,EGM,60,0.0049511832320770985,-0.2816445256137943,0.5939699421378611,0.23520476047708083,0.06191998148506255,8.802403250740554e-13,231,8.472073043108708e-11,179
PursuitEvasion,neural,48,PPM-3,0,0.00211996341033084,-0.17820583367313136,0.6379713651081798,0.2814258570216012,0.07146152417818444,8.333889134348738e-13,235,8.794709405179901e-11,185
PursuitEvasion,neural,48,PPM-3,5,0.002706826089881486,-0.18111260896185818,0.6336333976267697,0.2778083072687438,0.07047003029091178,8.204548151979907e-13,235,8.541542473317065e-11,185
PursuitEvasion,neural,48,PPM-3,10,0.0032334214932715193,-0.1837819943940892,0.6276589279714462,0.27492621520110905,0.06953515523926454,8.945066909404886e-13,234,8.253556171844423e-11,185
PursuitEvasion,neural,48,PPM-3,15,0.0036960602627579024,-0.19350601934410444,0.6274454800432567,0.27238829805807363,0.06864996608553915,8.748557434046234e-13,234,8.816430918656692e-11,184
PursuitEvasion,neural,48,PPM-3,20,0.004092344191824535,-0.20677338674184786,0.6295889774780367,0.26987393289888406,0.06780748433434838,8.529843498195078e-13,234,8.432987641526779e-11,184
PursuitEvasion,neural,48,PPM-3,25,0.004421105795341883,-0.21904775334744833,0.6296612307235632,0.26714014719824586,0.06700096863633785,8.290590436388356e-13,234,8.917350191595119e-11,183
PursuitEvasion,neural,48,PPM-3,30,0.0046823322013126185,-0.23032858282710167,0.6277700446967318,0.2640194695949391,0.06622414161463057,8.923972671937008e-13,233,8.444417387565295e-11,183
PursuitEvasion,neural,48,PPM-3,35,0.004877075876879819,-0.2406173885949262,0.6240247695780787,0.2604128360770909,0.0654713576930267,8.619216451677403e-13,233,8.841985477126002e-11,182
PursuitEvasion,neural,48,PPM-3,40,0.005007354868480672,-0.2502713293426464,0.6188892622836364,0.25628037763962963,0.0647377132688714,8.297251774536107e-13,233,8.293646325263637e-11,182
PursuitEvasion,neural,48,PPM-3,45,0.005076045316924789,-0.26031548014058703,0.6134935850530039,0.25163170107787936,0.0640191039636264,8.847922394750185e-13,232,8.605954837648255e-11,181
PursuitEvasion,neural,48,PPM-3,50,0.005086768993066173,-0.26888601578594096,0.6060766801522456,0.24651646690245207,0.06331223595296487,8.461564782180631e-13,232,8.894882053134268e-11,180
PursuitEvasion,neural,48,PPM-3,55,0.005043778488500327,-0.27599305190886914,0.5967487672506226,0.2410156262493094,0.06261459961426329,8.962275366286576e-13,231,8.246593685701242e-11,180
PursuitEvasion,neural,48,PPM-3,60,0.004951842496838596,-0.28165016708366697,0.5939966940563166,0.23523347896919633,0.061924414103381065,8.803513473765179e-13,231,8.473777235451507e-11,179
PursuitEvasion,neural,49,QP+G,0,0.0018020416295774933,-0.20804156634567678,0.6916430736608176,0.3167297184506018,0.05567361012236606,8.568146192544646e-13,235,8.283998487179645e-11,186
PursuitEvasion,neural,49,QP+G,5,0.002035976851668853,-0.20728496301278418,0.6732120851908253,0.2998270702841762,0.05455546747374874,8.277822871605167e-13,235,8.729739153778837e-11,185
PursuitEvasion,neural,49,QP+G,10,0.0022401526161910587,-0.20683110207711605,0.654948983436372,0.28405976837358593,0.05348939215604035,8.861800182558e-13,234,8.266165529846603e-11,185
PursuitEvasion,neural,49,QP+G,15,0.002416701064030611,-0.20666609036670378,0.639928554761077,0.2693795823580252,0.052474251579958636,8.607003998406526e-13,234,8.684747365705903e-11,184
PursuitEvasion,neural,49,QP+G,20,0.002567937962963224,-0.20677566414390594,0.6286097558968662,0.25574119553696706,0.05150891200026059,8.441025656225065e-13,234,8.202544199420458e-11,184
PursuitEvasion,neural,49,QP+G,25,0.002696296795482711,-0.20714535737269596,0.6175907208995506,0.24310325125115512,0.050592213443075844,8.260059303211165e-13,234,8.600081757847988e-11,183
PursuitEvasion,neural,49,QP+G,30,0.002804269349217921,-0.20776064524812082,0.6068942794640497,0.23142881128971396,0.049722948154217114,8.972267373508203e-13,233,8.110062621469183e-11,183
PursuitEvasion,neural,49,QP+G,35,0.002894353179128305,-0.20860706480218139,0.5965404446192426,0.22068535315235754,0.04889984369036991,8.767431225464861e-13,233,8.494865921804262e-11,182
PursuitEvasion,neural,49,QP+G,40,0.0029690060919456192,-0.2096703146072414,0.5865465384318432,0.21084441824791578,0.04812155130497681,8.560929742884582e-13,233,8.897760306325608e-11,181
PursuitEvasion,neural,49,QP+G,45,0.003030607615806673,-0.21093633572950538,0.5792010973657871,0.20188100998794167,0.04738663983618489,8.411604746072499e-13,233,8.390486916365347e-11,181
PursuitEvasion,neural,49,QP+G,50,0.003081427261933933,-0.21239137609617803,0.5722943845873847,0.19377283082459384,0.04669359491380907,8.248401961452601e-13,233,8.797240713676047e-11,180
PursuitEvasion,neural,49,QP+G,55,0.0031235992595193135,-0.2140220404054434,0.5657341655542183,0.18649943955203885,0.04604082298524466,8.979483823168266e-13,232,8.310063748240282e-11,180
PursuitEvasion,neural,49,QP+G,60,0.0031591033476517454,-0.2158153276111739,0.5595217914619461,0.18004140255042614,0.045426659427335356,8.790190797469677e-13,232,8.734499234996917e-11,179
PursuitEvasion,neural,49,noG,0,0.0018020416295774933,-0.20804156634567678,0.6916430736608176,0.3167297184506018,0.05567361012236606,8.568146192544646e-13,235,8.283998487179645e-11,186
PursuitEvasion,neural,49,noG,5,0.0021013700651416807,-0.2064787014762318,0.6788623442311483,0.3039138717725212,0.05533884798338968,8.381073612895307e-13,235,8.904949000410056e-11,185
PursuitEvasion,neural,49,noG,10,0.002379017776571186,-0.20504556284393827,0.6652172283299351,0.2915812500979143,0.0550166193601641,8.175682353339653e-13,235,8.584183364135356e-11,185
PursuitEvasion,neural,49,noG,15,0.0026329546573096636,-0.20375996947640024,0.6507804734275437,0.2797444951517017,0.054705799267118174,8.832934383917745e-13,234,8.245390481498305e-11,185
PursuitEvasion,neural,49,noG,20,0.0028615716595347417,-0.20314611811286287,0.6383475344039482,0.26840592116092366,0.05440536080366817,8.634204462509842e-13,234,8.768968884353967e-11,184
PursuitEvasion,neural,49,noG,25,0.0030637047492872473,-0.20598742902018718,0.6312963184447016,0.257560849887124,0.05411439146284465,8.486544800234697e-13,234,8.364242631841989e-11,184
PursuitEvasion,neural,49,noG,30,0.00323864928564673,-0.20936083432825436,0.6246880592196358,0.2472009019281383,0.053832102662896106,8.332778911324112e-13,234,8.835013276531356e-11,183
PursuitEvasion,neural,49,noG,35,0.0033861646147289723,-0.2125519704662779,0.6174693519881957,0.2373170224468405,0.053557831799081225,8.163469900068776e-13,234,8.372183502025621e-11,183
PursuitEvasion,neural,49,noG,40,0.0035064689364882047,-0.2155561142205205,0.6096792879485529,0.227902092269648,0.053291036755726745,8.874567747341189e-13,233,8.788664240810817e-11,182
PursuitEvasion,neural,49,noG,45,0.0036002247597932014,-0.2183687553409162,0.6013582791530327,0.21895303059046062,0.053031283442075604,8.671952045347098e-13,233,8.280565122475991e-11,182
PursuitEvasion,neural,49,noG,50,0.003668515500830562,-0.2209856927056209,0.5925479040185931,0.21047233155221057,0.052778227467456085,8.461564782180631e-13,233,8.648018412493741e-11,181
PursuitEvasion,neural,49,noG,55,0.0037128139943001554,-0.2234031265698939,0.5860924080896538,0.20246899834871343,0.05253159150879412,8.302247778146921e-13,233,8.112868710163923e-11,181
PursuitEvasion,neural,49,noG,60,0.003734943870233206,-0.2256177450932939,0.5792823377165037,0.1949588530740599,0.05229114021531975,8.124612094206896e-13,233,8.444969723520046e-11,180
PursuitEvasion,neural,49,GDA,0,0.0018020416295774933,-0.20804156634567678,0.6916430736608176,0.3167297184506018,0.05567361012236606,8.568146192544646e-13,235,8.283998487179645e-11,186
PursuitEvasion,neural,49,GDA,5,0.0021013700651416807,-0.2064787014762318,0.6788623442311483,0.3039138717725212,0.05533884798338968,8.381073612895307e-13,235,8.904949000410056e-11,185
PursuitEvasion,neural,49,GDA,10,0.002379017776571186,-0.20504556284393827,0.6652172283299351,0.2915812500979143,0.0550166193601641,8.175682353339653e-13,235,8.584183364135356e-11,185
PursuitEvasion,neural,49,GDA,15,0.0026329546573096636,-0.20375996947640024,0.6507804734275437,0.2797444951517017,0.054705799267118174,8.832934383917745e-13,234,8.245390481498305e-11,185
PursuitEvasion,neural,49,GDA,20,0.0028615716595347417,-0.20314611811286287,0.6383475344039482,0.26840592116092366,0.05440536080366817,8.634204462509842e-13,234,8.768968884353967e-11,184
PursuitEvasion,neural,49,GDA,25,0.0030637047492872473,-0.20598742902018718,0.6312963184447016,0.257560849887124,0.05411439146284465,8.486544800234697e-13,234,8.364242631841989e-11,184
PursuitEvasion,neural,49,GDA,30,0.00323864928564673,-0.20936083432825436,0.6246880592196358,0.2472009019281383,0.053832102662896106,8.332778911324112e-13,234,8.835013276531356e-11,183
PursuitEvasion,neural,49,GDA,35,0.0033861646147289723,-0.2125519704662779,0.6174693519881957,0.2373170224468405,0.053557831799081225,8.163469900068776e-13,234,8.372183502025621e-11,183
PursuitEvasion,neural,49,GDA,40,0.0035064689364882047,-0.2155561142205205,0.6096792879485529,0.227902092269648,0.053291036755726745,8.874567747341189e-13,233,8.788664240810817e-11,182
PursuitEvasion,neural,49,GDA,45,0.0036002247597932014,-0.2183687553409162,0.6013582791530327,0.21895303059046062,0.053031283442075604,8.671952045347098e-13,233,8.280565122475991e-11,182
PursuitEvasion,neural,49,GDA,50,0.003668515500830562,-0.2209856927056209,0.5925479040185931,0.21047233155221057,0.052778227467456085,8.461564782180631e-13,233,8.648018412493741e-11,181
PursuitEvasion,neural,49,GDA,55,0.0037128139943001554,-0.2234031265698939,0.5860924080896538,0.20246899834871343,0.05253159150879412,8.302247778146921e-13,233,8.112868710163923e-11,181
PursuitEvasion,neural,49,GDA,60,0.003734943870233206,-0.2256177450932939,0.5792823377165037,0.1949588530740599,0.05229114021531975,8.124612094206896e-13,233,8.444969723520046e-11,180
PursuitEvasion,neural,49,Adam-GDA,0,0.0018020416295774933,-0.20804156634567678,0.6916430736608176,0.3167297184506018,0.05567361012236606,8.568146192544646e-13,235,8.283998487179645e-11,186
PursuitEvasion,neural,49,Adam-GDA,5,0.006310869347961677,-1.0499826167366926,2.619003963360159,2.003672219726623,0.278621607574084,8.748557434046234e-13,246,8.938161322191718e-11,200
PursuitEvasion,neural,49,Adam-GDA,10,0.26927935668154657,-2.99349700934229,4.585025706854005,3.9899610658103346,0.9068410350663773,8.775202786637237e-13,252,8.159295461496185e-11,208
PursuitEvasion,neural,49,Adam-GDA,15,-0.3675283873877674,-3.677277353559799,5.398174327458975,4.878379324479224,1.010169258203057,8.761880110341735e-13,254,8.448219901424636e-11,210
PursuitEvasion,neural,49,Adam-GDA,20,0.10238476936781207,-4.510182518114928,7.016042619035437,6.49455910401543,1.5836514127327557,8.846257060213247e-13,256,8.57918180940942e-11,212
PursuitEvasion,neural,49,Adam-GDA,25,0.08461272208339632,-7.227921927750708,9.645866934644733,9.15258141917673,1.8897109364865357,8.411049634560186e-13,261,8.459899447643693e-11,217
PursuitEvasion,neural,49,Adam-GDA,30,-0.600792625145248,-8.20838477818949,11.813002083250598,11.421096082449095,1.6491543740007395,8.615330671091215e-13,262,8.714273747045809e-11,218
PursuitEvasion,neural,49,Adam-GDA,35,-1.5778587622000022,-9.065039517399553,12.870501498198202,12.580917467897027,2.2405281803317454,8.562039965909207e-13,263,8.697398357071506e-11,219
PursuitEvasion,neural,49,Adam-GDA,40,-2.8607094583605175,-9.07981128273391,14.918778758064075,14.663241511958638,3.363717599996063,8.490985692333197e-13,263,8.678924245941744e-11,219
PursuitEvasion,neural,49,Adam-GDA,45,-3.253350247634531,-5.475290655241221,14.692542525600778,14.458313804479182,7.887265190286749,8.668621376273222e-13,263,8.86082318629633e-11,219
PursuitEvasion,neural,49,Adam-GDA,50,0.9053504477608524,-8.508159145130834,18.196215370990103,18.032597039690877,1.4896389492145017,8.988365607365267e-13,263,8.29381008315977e-11,220
PursuitEvasion,neural,49,Adam-GDA,55,0.5215096310309959,-9.666299941784693,19.211014874024194,19.124103476653506,0.9997989670364401,8.988365607365267e-13,263,8.256328953848424e-11,220
PursuitEvasion,neural,49,Adam-GDA,60,0.8386366892288889,-9.378122562123197,18.133964520756642,17.996288808031615,2.2705048958835676,8.704148513061227e-13,263,8.877876211954572e-11,219
PursuitEvasion,neural,49,EGM,0,0.0018020416295774933,-0.20804156634567678,0.6916430736608176,0.3167297184506018,0.05567361012236606,8.568146192544646e-13,235,8.283998487179645e-11,186
PursuitEvasion,neural,49,EGM,5,0.0020993527930650226,-0.2065035676394049,0.6786922721424689,0.3037881147532377,0.05531498547013775,8.376632720796806e-13,235,8.899614378776732e-11,185
PursuitEvasion,neural,49,EGM,10,0.002374615403572437,-0.20510217849985432,0.6649074695849778,0.2913430098047077,0.05496931748543282,8.169021015191902e-13,235,8.5743523392523e-11,185
PursuitEvasion,neural,49,EGM,15,0.0026259237380455106,-0.20385431041325527,0.6503620762452776,0.2794054775360256,0.05463552334024771,8.824052599720744e-13,234,8.231954007342779e-11,185
PursuitEvasion,neural,49,EGM,20,0.002851799549035042,-0.2031910786931302,0.6379190763370803,0.26797671310390286,0.054312619965155684,8.626988012849779e-13,234,8.751022129160901e-11,184
PursuitEvasion,neural,49,EGM,25,0.003051211669117069,-0.20581232574386044,0.6306628013177457,0.25705135782315985,0.05399973834299385,8.479883462086946e-13,234,8.344280821859229e-11,184
PursuitEvasion,neural,49,EGM,30,0.0032235860429860362,-0.20914684899897923,0.6239740997968408,0.24662073069667673,0.05369613098218044,8.325562461664049e-13,234,8.811665286323489e-11,183
PursuitEvasion,neural,49,EGM,35,0.00336880612717488,-0.2122982370914996,0.6166920687631767,0.23667575982134528,0.05340117205498616,8.154588115871775e-13,234,8.348693958382114e-11,183
PursuitEvasion,neural,49,EGM,40,0.003487203854312859,-0.21526203095485394,0.6088562814236828,0.22720947852317977,0.053114350313233714,8.864575740119562e-13,233,8.763431647018649e-11,182
PursuitEvasion,neural,49,EGM,45,0.0035795416012120605,-0.21803402331035435,0.6005075010696178,0.21821900425622814,0.05283525548431987,8.663070261150096e-13,233,8.257131089983716e-11,182
PursuitEvasion,neural,49,EGM,50,0.0036469858204441047,-0.22061035109478958,0.5917613636944874,0.20970695246377324,0.05256355935618101,8.454348332520567e-13,233,8.624850833527375e-11,181
PursuitEvasion,neural,49,EGM,55,0.0036910731872225174,-0.22298758292085125,0.5852981389812976,0.20168225790318312,0.0522989931430012,8.294476216974545e-13,233,8.992509514804681e-11,180
PursuitEvasion,neural,49,EGM,60,0.0037136702725138505,-0.2251627999241564,0.5784910096781772,0.19416039029392212,0.05204132295864748,8.117950756059145e-13,233,8.427675224353948e-11,180
PursuitEvasion,neural,49,PPM-3,0,0.0018020416295774933,-0.20804156634567678,0.6916430736608176,0.3167297184506018,0.05567361012236606,8.568146192544646e-13,235,8.283998487179645e-11,186
PursuitEvasion,neural,49,PPM-3,5,0.0020993347609428916,-0.20650426167886166,0.6786953870948057,0.30379057865177217,0.055315154060443794,8.377742943821431e-13,235,8.899675441043087e-11,185
PursuitEvasion,neural,49,PPM-3,10,0.0023745872842123403,-0.2051034633947941,0.6649137726173117,0.29134773848291373,0.05496965190598577,8.169021015191902e-13,235,8.574485566015255e-11,185
PursuitEvasion,neural,49,PPM-3,15,0.0026258938926144396,-0.20385607844925893,0.6503716068860534,0.2794122730140056,0.054636021027963576,8.824052599720744e-13,234,8.232153847487211e-11,185
PursuitEvasion,neural,49,PPM-3,20,0.0028517764362889072,-0.2031918757347783,0.6379275223031599,0.2679853812883604,0.05431327843716791,8.627543124362091e-13,234,8.751313562704865e-11,184
PursuitEvasion,neural,49,PPM-3,25,0.003051203529475182,-0.20581189388238905,0.6306706192708859,0.2570617090686374,0.05400055508173562,8.480438573599258e-13,234,8.344641644342232e-11,184
PursuitEvasion,neural,49,PPM-3,30,0.0032236005960529102,-0.20914642869485703,0.6239837466394731,0.24663257859401755,0.05369710333090796,8.325562461664049e-13,234,8.812139906666516e-11,183
PursuitEvasion,neural,49,PPM-3,35,0.0033688502925735856,-0.21229786788183172,0.6167035891644719,0.2366889187107435,0.05340229713161691,8.1556983388964e-13,234,8.349226865433934e-11,183
PursuitEvasion,neural,49,PPM-3,40,0.0034872835045672737,-0.2152617549520216,0.6088697004618295,0.22722376024984198,0.053115624948840624,8.865130851631875e-13,233,8.764092229718301e-11,182
PursuitEvasion,neural,49,PPM-3,45,0.0035796613540193846,-0.21803388481332678,0.6005228240745832,0.21823421467646736,0.05283667619045119,8.663070261150096e-13,233,8.257838857161914e-11,182
PursuitEvasion,neural,49,PPM-3,50,0.003647148876078459,-0.2206103961081076,0.5917737933829673,0.20972288818884605,0.05256512232261839,8.45490344403288e-13,233,8.625677949680721e-11,181
PursuitEvasion,neural,49,PPM-3,55,0.003691281215078892,-0.22298785859554549,0.5853119558329545,0.20169870374310495,0.052300694264879766,8.295031328486857e-13,233,8.993444877702927e-11,180
PursuitEvasion,neural,49,PPM-3,60,0.0037139233490087837,-0.2251633539363012,0.578506182869996,0.19417711782592043,0.052043157889316335,8.117950756059145e-13,233,8.428618913924879e-11,180
SecurityPatrol,neural,40,QP+G,0,-0.2669680320085718,-0.6403383079827387,1.5629908899418892,1.0636561424957423,0.3282510773203066,8.684164498617974e-13,241,8.16630096878157e-11,194
SecurityPatrol,neural,40,QP+G,5,-0.26816776825859556,-0.5213763535530435,1.4171624457214695,0.9449524841605728,0.22635971497034393,8.427702979929563e-13,241,8.654965633070333e-11,193
SecurityPatrol,neural,40,QP+G,10,-0.2688576897090684,-0.447076925400034,1.3252336862465954,0.8854582225689765,0.16739445572518377,8.255618411112664e-13,241,8.447453847537645e-11,193
SecurityPatrol,neural,40,QP+G,15,-0.26839685713945577,-0.3950009200401481,1.2610190612064878,0.8573502447294703,0.13561775097966092,8.137934770502397e-13,241,8.361333847517471e-11,193
SecurityPatrol,neural,40,QP+G,20,-0.2669514003806644,-0.357522333032799,1.2212457417111577,0.8430194846803167,0.12093830574304532,8.114620086985269e-13,241,8.326250799939316e-11,193
SecurityPatrol,neural,40,QP+G,25,-0.2651722786383,-0.33159358700844366,1.1954857625734725,0.8346761147668817,0.11547422476144206,8.117950756059145e-13,241,8.298139952955808e-11,193
SecurityPatrol,neural,40,QP+G,30,-0.2632340916833219,-0.3198194630059282,1.1820832832955421,0.8290174717466914,0.114343105624887,8.103517856739018e-13,241,8.269540607841463e-11,193
SecurityPatrol,neural,40,QP+G,35,-0.2611986427520011,-0.32284659633017715,1.1826290101262287,0.8245551515945229,0.1151746531609897,8.976153154094391e-13,240,8.240397253445053e-11,193
SecurityPatrol,neural,40,QP+G,40,-0.25907096146515274,-0.32659454852700776,1.1835433674089728,0.8206737320627585,0.1169548596323294,8.943956686380261e-13,240,8.211331614660367e-11,193
SecurityPatrol,neural,40,QP+G,45,-0.25683774543562565,-0.3298873261525066,1.1838676068736826,0.8171534798249873,0.11927841317423678,8.910649995641506e-13,240,8.182210464724449e-11,193
SecurityPatrol,neural,40,QP+G,50,-0.2544834983025355,-0.3337501886800059,1.1846803042477847,0.813939955432581,0.12198674996284296,8.875122858853501e-13,240,8.15232326090154e-11,193
SecurityPatrol,neural,40,QP+G,55,-0.2530612446329095,-0.3368890457959378,1.1852021141405031,0.8117083500241946,0.12403682512981541,8.846257060213247e-13,240,8.125744521692013e-11,193
SecurityPatrol,neural,40,QP+G,60,-0.25283333970561295,-0.3381220774411703,1.1845324906486614,0.8103752399467568,0.12505352396450262,8.825162822745369e-13,240,8.104916737750045e-11,193
SecurityPatrol,neural,40,noG,0,-0.2669680320085718,-0.6403383079827387,1.5629908899418892,1.0636561424957423,0.3282510773203066,8.684164498617974e-13,241,8.16630096878157e-11,194
SecurityPatrol,neural,40,noG,5,-0.26794223756834246,-0.6415104588889086,1.5623395967047955,1.0676703460863277,0.32449602110754827,8.670841822322473e-13,241,8.177214461113635e-11,194
SecurityPatrol,neural,40,noG,10,-0.2682624305775152,-0.6497005320145627,1.5693067318084029,1.0696520278003976,0.32323593143453727,8.660849815100846e-13,241,8.182488020480605e-11,194
SecurityPatrol,neural,40,noG,15,-0.26837399647479954,-0.6556680789063201,1.5747301019087838,1.0704689411299693,0.3227765843712823,8.65529869997772e-13,241,8.184786182141579e-11,194
SecurityPatrol,neural,40,noG,20,-0.2684156838873045,-0.6579300436993232,1.5767687201702445,1.0707952750147032,0.32260098912623353,8.65307825392847e-13,241,8.185740973942757e-11,194
SecurityPatrol,neural,40,noG,25,-0.26843179194169076,-0.6588096311674816,1.577558774483709,1.0709247489356613,0.3225324751129231,8.651968030903845e-13,241,8.186107347540883e-11,194
SecurityPatrol,neural,40,noG,30,-0.26843810450786765,-0.6591552334434772,1.577868777590451,1.0709760217921374,0.32250551865953386,8.651968030903845e-13,241,8.18626277876433e-11,194
SecurityPatrol,neural,40,noG,35,-0.26844059248490504,-0.6592915890005728,1.5779910218685282,1.0709963137951823,0.3224948774448097,8.651968030903845e-13,241,8.186329392145808e-11,194
SecurityPatrol,neural,40,noG,40,-0.2684415753080254,-0.6593454759065566,1.5780393217784192,1.071004342857441,0.3224906712096328,8.651968030903845e-13,241,8.186340494376054e-11,194
SecurityPatrol,neural,40,noG,45,-0.26844196390263275,-0.6593667855700196,1.5780584204427224,1.071007519493627,0.32248900770782324,8.65307825392847e-13,241,8.186362698836547e-11,194
SecurityPatrol,neural,40,noG,50,-0.26844211760254105,-0.6593752146838174,1.5780659747354737,1.0710087762629923,0.3224883496819051,8.651968030903845e-13,241,8.1863515966063e-11,194
SecurityPatrol,neural,40,noG,55,-0.2684421784037193,-0.6593785491903645,1.5780689631285898,1.0710092734708545,0.3224880893674097,8.65307825392847e-13,241,8.186362698836547e-11,194
SecurityPatrol,neural,40,noG,60,-0.26844220245702266,-0.6593798683543064,1.5780701453604344,1.0710094701771002,0.32248798638387294,8.65307825392847e-13,241,8.1863515966063e-11,194
SecurityPatrol,neural,40,GDA,0,-0.2669680320085718,-0.6403383079827387,1.5629908899418892,1.0636561424957423,0.3282510773203066,8.684164498617974e-13,241,8.16630096878157e-11,194
SecurityPatrol,neural,40,GDA,5,-0.268415227192906,-0.6581005386510685,1.5772452772403396,1.071810576486211,0.32351285439727295,8.657519146026971e-13,241,8.189149358628356e-11,194
SecurityPatrol,neural,40,GDA,10,-0.2692375336292093,-0.7127154903423817,1.6234531061621675,1.0858648195265248,0.3215792150309545,8.57980353430321e-13,241,8.244427363024442e-11,194
SecurityPatrol,neural,40,GDA,15,-0.26927642567298904,-0.7433308642621177,1.6675663140768227,1.1005776116596788,0.32151001099303905,8.704148513061227e-13,241,8.349576585686691e-11,194
SecurityPatrol,neural,40,GDA,20,-0.26891164315613003,-0.748830158500892,1.692625457976842,1.1078707181054925,0.32172049076485604,8.895106873296754e-13,241,8.487932579015478e-11,194
SecurityPatrol,neural,40,GDA,25,-0.26849338071013507,-0.7278493550720266,1.6861071354962331,1.1010570471864258,0.3208899773549938,8.130163209330021e-13,242,8.621392488805668e-11,194
SecurityPatrol,neural,40,GDA,30,-0.267836386798219,-0.6791601562823012,1.6469587625010744,1.0793305799142685,0.31865651092663455,8.212319713152283e-13,242,8.729283962338741e-11,194
SecurityPatrol,neural,40,GDA,35,-0.2661366737789079,-0.6024440408133673,1.5749429203870502,1.049432890367818,0.31578466544651773,8.255618411112664e-13,242,8.811196217095585e-11,194
SecurityPatrol,neural,40,GDA,40,-0.2624278098380872,-0.5074598095632827,1.479609593145248,1.0238695122351285,0.31374060062532405,8.250067295989538e-13,242,8.860889799677807e-11,194
SecurityPatrol,neural,40,GDA,45,-0.2563440725802446,-0.5025126489226225,1.4687709409406426,1.0137358801928131,0.31381377713202485,8.197886813832156e-13,242,8.845502108556502e-11,194
SecurityPatrol,neural,40,GDA,50,-0.24870823567495426,-0.5762239015712673,1.5323193876798427,1.0194495764076958,0.31620678454943735,8.102407633714392e-13,242,8.720424382602232e-11,194
SecurityPatrol,neural,40,GDA,55,-0.24149159142498908,-0.6395906019609887,1.5758724879512862,1.030826006739266,0.3197230956469013,8.805178808302117e-13,241,8.463840739381112e-11,194
SecurityPatrol,neural,40,GDA,60,-0.23703075536269985,-0.6846894097270996,1.595966903651816,1.03631535277199,0.32238676814491607,8.570921750106208e-13,241,8.994172073784057e-11,193
SecurityPatrol,neural,40,Adam-GDA,0,-0.2669680320085718,-0.6403383079827387,1.5629908899418892,1.0636561424957423,0.3282510773203066,8.684164498617974e-13,241,8.16630096878157e-11,194
SecurityPatrol,neural,40,Adam-GDA,5,-0.314544480586208,-0.9401311643634472,2.7202413521301723,2.2738915217992464,1.2850036263535414,8.86846152070575e-13,247,8.674994056434571e-11,202
SecurityPatrol,neural,40,Adam-GDA,10,0.6345066027261614,-1.8510936797398072,4.62765012014912,4.0820555201564925,3.092484372351769,8.184564137536654e-13,252,8.450351529631916e-11,207
SecurityPatrol,neural,40,Adam-GDA,15,-0.47612652191092086,-3.6182594660759344,5.838436318413384,5.42987562448763,3.3865638360234325,8.637535131583718e-13,254,8.521894301338762e-11,210
SecurityPatrol,neural,40,Adam-GDA,20,-1.5297045427299776,-3.913734491087955,7.582962447452353,7.202719763699029,3.8601352128206945,8.384404281969182e-13,255,8.284573027594888e-11,211
SecurityPatrol,neural,40,Adam-GDA,25,0.49807292308321816,-3.8648662985207713,7.740367083923322,7.288130781645625,5.962082713064493,8.313350008393172e-13,255,8.956702046702958e-11,210
SecurityPatrol,neural,40,Adam-GDA,30,-2.2517051872403706,-4.3606737375929985,10.26455290402546,10.042142339403275,4.461414177466386,8.375522497772181e-13,259,8.408473917143056e-11,215
SecurityPatrol,neural,40,Adam-GDA,35,-3.465450416658787,-4.282163234908601,12.091183732100365,12.014099328988763,2.90875575278856,8.926193117986259e-13,261,8.242384552659132e-11,218
SecurityPatrol,neural,40,Adam-GDA,40,0.6936448201498275,-4.2189312178863805,12.174088291672199,12.05525175886359,6.831182310203337,8.189005029635155e-13,262,8.415845798026567e-11,218
SecurityPatrol,neural,40,Adam-GDA,45,4.7719109693547255,-4.864965149984902,12.842558651249906,12.818816511168851,1.132023506234331,8.22453216642316e-13,262,8.4432905111953e-11,218
SecurityPatrol,neural,40,Adam-GDA,50,6.3166904947578,-4.973780362122715,12.957277342887974,12.900664482923759,2.9229463722220643,8.206768598029157e-13,262,8.450840027762752e-11,218
SecurityPatrol,neural,40,Adam-GDA,55,7.848871793817062,-5.083611182302592,13.06858180034236,13.055244842910803,0.731838935039608,8.22453216642316e-13,262,8.452527566760182e-11,218
SecurityPatrol,neural,40,Adam-GDA,60,7.976671044832553,-5.118057340276818,13.102467146038515,13.106341069932274,0.07543610387896324,8.206768598029157e-13,262,8.451994659708362e-11,218
SecurityPatrol,neural,40,EGM,0,-0.2669680320085718,-0.6403383079827387,1.5629908899418892,1.0636561424957423,0.3282510773203066,8.684164498617974e-13,241,8.16630096878157e-11,194
SecurityPatrol,neural,40,EGM,5,-0.2683464539226157,-0.6534144232367396,1.571672970086656,1.0669712201627046,0.3199860164050308,8.648637361829969e-13,241,8.173306476066955e-11,194
SecurityPatrol,neural,40,EGM,10,-0.26904995768210094,-0.7027205995995847,1.6117951339914978,1.075815729437712,0.3145886631963719,8.564260411958458e-13,241,8.210954138831994e-11,194
SecurityPatrol,neural,40,EGM,15,-0.26906883412792426,-0.7277180079328514,1.6489128191588993,1.0847539019646462,0.3110150710805774,8.675282714420973e-13,241,8.296274778274437e-11,194
SecurityPatrol,neural,40,EGM,20,-0.26875334770883186,-0.7276201326211913,1.6669617271334598,1.0862149608546832,0.30772999336996754,8.850697952311748e-13,241,8.414346996943323e-11,194
SecurityPatrol,neural,40,EGM,25,-0.26828025552459417,-0.7016472563694975,1.6541363483646534,1.0745413826693837,0.3035618134941808,8.979483823168266e-13,241,8.529732475892615e-11,194
SecurityPatrol,neural,40,EGM,30,-0.267331222658017,-0.6495545914069333,1.6103672627095076,1.0498747924542113,0.2982627253046059,8.151257446797899e-13,242,8.620304470241535e-11,194
SecurityPatrol,neural,40,EGM,35,-0.2652032176881549,-0.5723757331892997,1.536722480371942,1.0190985641979138,0.2925506579308848,8.183453914512029e-13,242,8.678968654862729e-11,194
SecurityPatrol,neural,40,EGM,40,-0.2612962056001944,-0.48163253477752166,1.4445294960823123,0.9933088677576896,0.287650035480071,8.169021015191902e-13,242,8.694422959365511e-11,194
SecurityPatrol,neural,40,EGM,45,-0.255670031501112,-0.4769190257740705,1.4330496017528775,0.9810559352744936,0.2845279858520004,8.111289417911394e-13,242,8.64096572072981e-11,194
SecurityPatrol,neural,40,EGM,50,-0.24928921386033992,-0.5408488356002584,1.484648136655803,0.9815626360907699,0.2832286316378962,8.892886427247504e-13,241,8.492206937660285e-11,194
SecurityPatrol,neural,40,EGM,55,-0.24374142846775076,-0.5949488599400807,1.5209475573162434,0.9862415374883283,0.28277351682588947,8.72191208145523e-13,241,8.242928561941198e-11,194
SecurityPatrol,neural,40,EGM,60,-0.2405339930278781,-0.6308958990778225,1.5342574059690641,0.9861649348109948,0.2817437470230152,8.503198145604074e-13,241,8.798728412529044e-11,193
SecurityPatrol,neural,40,PPM-3,0,-0.2669680320085718,-0.6403383079827387,1.5629908899418892,1.0636561424957423,0.3282510773203066,8.684164498617974e-13,241,8.16630096878157e-11,194
SecurityPatrol,neural,40,PPM-3,5,-0.26833984962135343,-0.6533123565178025,1.571582883153753,1.06698082449772,0.3200162759406514,8.647527138805344e-13,241,8.173162147073754e-11,194
SecurityPatrol,neural,40,PPM-3,10,-0.2690481635341822,-0.7025958755802952,1.6117168909174282,1.0758114308085194,0.3146340066819495,8.563150188933832e-13,241,8.210598867464114e-11,194
SecurityPatrol,neural,40,PPM-3,15,-0.26907511226885794,-0.7276495683926794,1.6487249880207275,1.0847485173562008,0.31107152592614556,8.674172491396348e-13,241,8.295741871222617e-11,194
SecurityPatrol,neural,40,PPM-3,20,-0.2687603690761046,-0.7277032756078303,1.6669455728241485,1.086273909845273,0.307805213861824,8.850697952311748e-13,241,8.413836294351995e-11,194
SecurityPatrol,neural,40,PPM-3,25,-0.26827852338722347,-0.7020030890201887,1.6544298019545833,1.0747439305375832,0.3036660428204829,8.977263377119016e-13,241,8.529466022366705e-11,194
SecurityPatrol,neural,40,PPM-3,30,-0.2673212587861541,-0.6503240344862125,1.6111214398455025,1.0502510979056583,0.298397113004605,8.151257446797899e-13,242,8.620315572471782e-11,194
SecurityPatrol,neural,40,PPM-3,35,-0.2652008440782627,-0.5736951209021015,1.5380839883995412,1.0195778054566254,0.29270102609727744,8.182343691487404e-13,242,8.679157392776915e-11,194
SecurityPatrol,neural,40,PPM-3,40,-0.2613243636182214,-0.48215475066651914,1.4451679814893432,0.9937269096572428,0.2877918574537264,8.172351684265777e-13,242,8.69507799095004e-11,194
SecurityPatrol,neural,40,PPM-3,45,-0.25574040599929015,-0.4761974528332662,1.4325437156209722,0.9812766026509151,0.2846427331590718,8.112399640936019e-13,242,8.642897508792657e-11,194
SecurityPatrol,neural,40,PPM-3,50,-0.24938597111327399,-0.5396614906638775,1.4838051829153862,0.9816130886369101,0.28332207504384604,8.897327319346005e-13,241,8.496447989614353e-11,194
SecurityPatrol,neural,40,PPM-3,55,-0.24382061237719732,-0.5940378891779692,1.520533017637248,0.9862868389022645,0.2828802777973798,8.72635297355373e-13,241,8.249967375917322e-11,194
SecurityPatrol,neural,40,PPM-3,60,-0.24054308893721693,-0.6303834303313637,1.5343990718875005,0.9863767919487765,0.28191066421168637,8.5087492607272e-13,241,8.809064588888305e-11,193
SecurityPatrol,neural,41,QP+G,0,-0.2695562217340635,-0.5761328949997152,1.5421310955100882,1.026255145396724,0.31565601635841484,8.170131238216527e-13,242,8.710399068689867e-11,194
SecurityPatrol,neural,41,QP+G,5,-0.26756389145954107,-0.5076870462163682,1.39208827240954,0.9241692983147596,0.21505242309718786,8.307798893270046e-13,241,8.671818818584143e-11,193
SecurityPatrol,neural,41,QP+G,10,-0.26788451221828224,-0.44123853939258245,1.3041221557058622,0.8718716346066749,0.15763463477538547,8.115730310009894e-13,241,8.243883353742376e-11,193
SecurityPatrol,neural,41,QP+G,15,-0.26759225747917637,-0.40469672326980216,1.256441396860918,0.8459028652644766,0.1272897059608808,8.896217096321379e-13,240,8.987421917794336e-11,192
SecurityPatrol,neural,41,QP+G,20,-0.2666328886467832,-0.3923908600225663,1.2389745539907424,0.8327074337050593,0.11301580674881276,8.836265052991621e-13,240,8.936418272043056e-11,192
SecurityPatrol,neural,41,QP+G,25,-0.2652833294125998,-0.37796492509780755,1.222549238799909,0.8254423813944769,0.10735774422605227,8.809619700400617e-13,240,8.92811380381886e-11,192
SecurityPatrol,neural,41,QP+G,30,-0.2637170166886781,-0.3652504842641744,1.2093405835097923,0.8209013756090863,0.10594053989993289,8.802958362252866e-13,240,8.932254935700712e-11,192
SecurityPatrol,neural,41,QP+G,35,-0.26200991073369895,-0.35683944708818593,1.201026102763771,0.8175930219972131,0.1065730929701452,8.801848139228241e-13,240,8.937872664205315e-11,192
SecurityPatrol,neural,41,QP+G,40,-0.2603109113816249,-0.3495922042553145,1.193395280369512,0.8150090040425766,0.10773710235515441,8.796297024105115e-13,240,8.939882167879887e-11,192
SecurityPatrol,neural,41,QP+G,45,-0.25858771656544327,-0.34295669468272905,1.186354524502994,0.812633726839666,0.10913251064001676,8.790745908981989e-13,240,8.941958284935936e-11,192
SecurityPatrol,neural,41,QP+G,50,-0.2568050189500932,-0.33577933419921074,1.1789346363070854,0.8104176446366482,0.11083431769428104,8.787415239908114e-13,240,8.944633922425282e-11,192
SecurityPatrol,neural,41,QP+G,55,-0.254952558092419,-0.329917869207497,1.1729992757847807,0.8083810251574317,0.11283536653230838,8.786305016883489e-13,240,8.947653729052263e-11,192
SecurityPatrol,neural,41,QP+G,60,-0.25302100549423023,-0.3286753835021359,1.1718404595210759,0.8065407564674477,0.11512834586961286,8.786305016883489e-13,240,8.950606922297766e-11,192
SecurityPatrol,neural,41,noG,0,-0.2695562217340635,-0.5761328949997152,1.5421310955100882,1.026255145396724,0.31565601635841484,8.170131238216527e-13,242,8.710399068689867e-11,194
SecurityPatrol,neural,41,noG,5,-0.26414323359792785,-0.5976012123523194,1.5517563177720544,1.0257034863940484,0.3148693600142629,8.962830477798889e-13,241,8.576561683071304e-11,194
SecurityPatrol,neural,41,noG,10,-0.2583020838485838,-0.6182870303990347,1.5501151375925248,1.025196760002999,0.31334396271089704,8.746336987996983e-13,241,8.328926437428663e-11,194
SecurityPatrol,neural,41,noG,15,-0.25450341147602923,-0.6293357180905697,1.5246588696451235,1.021213856337267,0.30995868226980633,8.399947404313934e-13,241,8.829004194410572e-11,193
SecurityPatrol,neural,41,noG,20,-0.25503404445289957,-0.6247894695491368,1.4766194625185876,1.012550446544426,0.30458784653448095,8.86846152070575e-13,240,8.389167138744824e-11,193
SecurityPatrol,neural,41,noG,25,-0.25899463372304643,-0.6369454150576629,1.463920946634988,1.002851732771032,0.2980720318657957,8.61422044806659e-13,240,8.949485597042894e-11,192
SecurityPatrol,neural,41,noG,30,-0.2644429091264273,-0.6617906804945656,1.483544597224653,0.9961411941045234,0.291676163344796,8.555378627761456e-13,240,8.802492068582524e-11,192
SecurityPatrol,neural,41,noG,35,-0.2692158980512751,-0.6676240102471344,1.5067717360512975,0.9910440082079441,0.28645546611942435,8.737455203799982e-13,240,8.862344191840066e-11,192
SecurityPatrol,neural,41,noG,40,-0.27170868550148075,-0.652686502980518,1.5080319792618353,0.9829963600095575,0.2827640293935393,8.909539772616881e-13,240,8.124489969674187e-11,193
SecurityPatrol,neural,41,noG,45,-0.2712929852595868,-0.621984960248222,1.491811162009665,0.9698364608833815,0.28018461006698464,8.156808561921025e-13,241,8.295186759710305e-11,193
SecurityPatrol,neural,41,noG,50,-0.2682791681873663,-0.5916335845271968,1.4738676461824287,0.9524152007559745,0.27788492067280357,8.277822871605167e-13,241,8.453160393884218e-11,193
SecurityPatrol,neural,41,noG,55,-0.2635427315417338,-0.5626357422808514,1.4549076157659677,0.9333174016028662,0.27514861753685876,8.376632720796806e-13,241,8.583778132731368e-11,193
SecurityPatrol,neural,41,noG,60,-0.2580559040343992,-0.517492309110245,1.4171019026826168,0.9165683506734319,0.2717874687442995,8.448797217397441e-13,241,8.680012264505876e-11,193
SecurityPatrol,neural,41,GDA,0,-0.2695562217340635,-0.5761328949997152,1.5421310955100882,1.026255145396724,0.31565601635841484,8.170131238216527e-13,242,8.710399068689867e-11,194
SecurityPatrol,neural,41,GDA,5,-0.26097048055410743,-0.609515278704606,1.5539666490609196,1.026284177987677,0.314839426641836,8.870681966755001e-13,241,8.468592493926508e-11,194
SecurityPatrol,neural,41,GDA,10,-0.25545742969788415,-0.6276388172794881,1.5393452223001591,1.024286835125898,0.3123155601360769,8.555378627761456e-13,241,8.114287020077882e-11,194
SecurityPatrol,neural,41,GDA,15,-0.25423918789759153,-0.6279208516391419,1.4984348847910371,1.0173057228292819,0.3076852968212606,8.161249454019526e-13,241,8.567246911894699e-11,193
SecurityPatrol,neural,41,GDA,20,-0.25700861538154496,-0.6310881630965542,1.4681822197783032,1.0073814836335064,0.3014721200565678,8.725242750529105e-13,240,8.172396093186762e-11,193
SecurityPatrol,neural,41,GDA,25,-0.2621533902605793,-0.653832309394438,1.4682338061980742,0.9992126395909847,0.294845137245347,8.462119893692943e-13,240,8.833900277949169e-11,192
SecurityPatrol,neural,41,GDA,30,-0.26748186056722234,-0.6687270380596382,1.5008477481054099,0.9939914337892253,0.28902782518728865,8.664180484174722e-13,240,8.819545094240766e-11,192
SecurityPatrol,neural,41,GDA,35,-0.27107297130512176,-0.6620110686851458,1.5109330425948884,0.9876216414715133,0.28470163752654754,8.840705945090122e-13,240,8.954292862739521e-11,192
SecurityPatrol,neural,41,GDA,40,-0.2718717222443622,-0.6372344170965407,1.5014237523222072,0.9765699803108054,0.2817426032927932,8.103517856739018e-13,241,8.227096781610044e-11,193
SecurityPatrol,neural,41,GDA,45,-0.26983516545597186,-0.6032138332388015,1.480725912438289,0.9606119793465437,0.27942343402137804,8.231193504570911e-13,241,8.393363781777907e-11,193
SecurityPatrol,neural,41,GDA,50,-0.26566922986858216,-0.5772261961886229,1.4658085018140061,0.9417343855043725,0.2769138782093415,8.338885137959551e-13,241,8.536715778717507e-11,193
SecurityPatrol,neural,41,GDA,55,-0.26036459893679287,-0.5385569333897043,1.4356492940855876,0.9233548242592072,0.27377362680588124,8.423262087831063e-13,241,8.64798233024544e-11,193
SecurityPatrol,neural,41,GDA,60,-0.2547842238051505,-0.48407289686184024,1.3867400523973168,0.9104207448295707,0.27020325368406906,8.479883462086946e-13,241,8.721934285915722e-11,193
SecurityPatrol,neural,41,Adam-GDA,0,-0.2695562217340635,-0.5761328949997152,1.5421310955100882,1.026255145396724,0.31565601635841484,8.170131238216527e-13,242,8.710399068689867e-11,194
SecurityPatrol,neural,41,Adam-GDA,5,-0.08672440318213934,-1.4176116366323228,2.8170372418069842,2.2332004201944304,1.426222410576029,8.733014311701481e-13,245,8.812439666883165e-11,199
SecurityPatrol,neural,41,Adam-GDA,10,-0.5683579707741214,-2.5824245808286452,4.874670870859029,4.372318291205341,2.5874979798737106,8.451017663446692e-13,251,8.844347476610892e-11,206
SecurityPatrol,neural,41,Adam-GDA,15,0.22533014049117717,-2.720748102080407,5.678979135223044,5.186632297890075,3.9380332370007354,8.748557434046234e-13,252,8.236034076958276e-11,208
SecurityPatrol,neural,41,Adam-GDA,20,-0.9163884193976477,-3.1618945387664934,7.417713754862465,6.992467339596815,3.4925190245794506,8.233413950620161e-13,256,8.916511973211527e-11,211
SecurityPatrol,neural,41,Adam-GDA,25,0.635108274224645,-3.620819309928519,10.017267404146043,9.71805740770084,4.985808137264119,8.126832540256146e-13,260,8.184208866168774e-11,216
SecurityPatrol,neural,41,Adam-GDA,30,0.5415923032347045,-4.626752870218153,8.683686223297508,8.410701726977223,6.701457018698367,8.109068971862143e-13,257,8.170886189873272e-11,213
SecurityPatrol,neural,41,Adam-GDA,35,-2.963294567503731,-5.209964886335666,11.48651740296284,11.346097499716322,3.973635463653608,8.855138844410249e-13,259,8.951683838631652e-11,215
SecurityPatrol,neural,41,Adam-GDA,40,-4.295693164314182,-5.313490993894606,13.164036976648024,13.141933203913256,0.27185344841197606,8.970602038971265e-13,261,8.291056730058699e-11,218
SecurityPatrol,neural,41,Adam-GDA,45,-4.353225759103148,-5.322821004145064,13.263310823068537,13.254619390286951,0.1855576187854834,8.171241461241152e-13,262,8.398615136684384e-11,218
SecurityPatrol,neural,41,Adam-GDA,50,-4.344556660542207,-5.318040961004325,13.274514334224978,13.267336014780456,0.2513603059356727,8.189005029635155e-13,262,8.417799790549907e-11,218
SecurityPatrol,neural,41,Adam-GDA,55,-4.299603338805774,-5.296911053965012,13.258218990961044,13.248549184682446,0.4500303941215842,8.197886813832156e-13,262,8.423661768119928e-11,218
SecurityPatrol,neural,41,Adam-GDA,60,-4.102076896656154,-5.200000727910135,13.162458915240336,13.145183118505411,1.2209403926718732,8.197886813832156e-13,262,8.425260489275388e-11,218
SecurityPatrol,neural,41,EGM,0,-0.2695562217340635,-0.5761328949997152,1.5421310955100882,1.026255145396724,0.31565601635841484,8.170131238216527e-13,242,8.710399068689867e-11,194
SecurityPatrol,neural,41,EGM,5,-0.2612756501732668,-0.6061579707903257,1.5483844924246961,1.0221774158583234,0.311125373198498,8.847367283237872e-13,241,8.440603771475708e-11,194
SecurityPatrol,neural,41,EGM,10,-0.25630501707986625,-0.6201712159145358,1.52843444562121,1.015935224057261,0.3049874815885023,8.523182160047327e-13,241,8.969591736018856e-11,193
SecurityPatrol,neural,41,EGM,15,-0.2554348659242429,-0.6160199895859939,1.4832749657753035,1.0050849284086918,0.2970217167512315,8.131273432354647e-13,241,8.52675707818662e-11,193
SecurityPatrol,neural,41,EGM,20,-0.25801879003279404,-0.6146477642746466,1.4521952725341731,0.9919263567672163,0.2878596588022304,8.733014311701481e-13,240,8.15250089658548e-11,193
SecurityPatrol,neural,41,EGM,25,-0.2624025229681639,-0.6321510359755742,1.447380335906645,0.9806231676192417,0.2786350380152728,8.466560785791444e-13,240,8.827638620090283e-11,192
SecurityPatrol,neural,41,EGM,30,-0.26666624254510785,-0.6429422600563639,1.4744658916953188,0.9719761299164305,0.270423091407818,8.659739592076221e-13,240,8.802747419878187e-11,192
SecurityPatrol,neural,41,EGM,35,-0.2693137212502007,-0.6341229598316895,1.4811065861224177,0.9626540986554016,0.2637575970372368,8.822942376696119e-13,240,8.907641291244772e-11,192
SecurityPatrol,neural,41,EGM,40,-0.26964461713504123,-0.6088121574055269,1.4696400073592968,0.9498640373182338,0.25847535052010234,8.970602038971265e-13,240,8.153488995077396e-11,193
SecurityPatrol,neural,41,EGM,45,-0.26774496261269876,-0.5742377057772448,1.4469479801774656,0.9334228266311,0.2539412955182461,8.186784583585904e-13,241,8.290101938257521e-11,193
SecurityPatrol,neural,41,EGM,50,-0.2642066558045061,-0.5444140272520552,1.4267716974955078,0.9150103751487788,0.24947995445883497,8.280043317654417e-13,241,8.408285179228869e-11,193
SecurityPatrol,neural,41,EGM,55,-0.25976999436452475,-0.5068719538889549,1.3963674363787657,0.897534909979218,0.24475713507109276,8.351097591230427e-13,241,8.499678738616012e-11,193
SecurityPatrol,neural,41,EGM,60,-0.2550628578672761,-0.4557240346926258,1.349539272752764,0.8848940635792234,0.23993582237850836,8.394396289190809e-13,241,8.559375430650107e-11,193
SecurityPatrol,neural,41,PPM-3,0,-0.2695562217340635,-0.5761328949997152,1.5421310955100882,1.026255145396724,0.31565601635841484,8.170131238216527e-13,242,8.710399068689867e-11,194
SecurityPatrol,neural,41,PPM-3,5,-0.261293285512264,-0.6060869245202616,1.5483919086145472,1.0221800044077107,0.311148350848943,8.847367283237872e-13,241,8.4415141543559e-11,194
SecurityPatrol,neural,41,PPM-3,10,-0.2563149985626164,-0.6200907038247419,1.5285644357927735,1.0159553492937539,0.3050447338548478,8.524292383071952e-13,241,8.972134146745248e-11,193
SecurityPatrol,neural,41,PPM-3,15,-0.25541131694617153,-0.6160267043113042,1.4836463441946965,1.005155251657892,0.29712279254464663,8.135714324453147e-13,241,8.530509632009853e-11,193
SecurityPatrol,neural,41,PPM-3,20,-0.2579527201432177,-0.614510920375859,1.4523090224134099,0.9920475279729792,0.28800420157489626,8.735234757750732e-13,240,8.156109121415511e-11,193
SecurityPatrol,neural,41,PPM-3,25,-0.2623082522356678,-0.6319392074148769,1.4474555435195262,0.980771113180198,0.2788116344294578,8.47211190091457e-13,240,8.829548203692639e-11,192
SecurityPatrol,neural,41,PPM-3,30,-0.26657422187655005,-0.6430354666665187,1.474304782656462,0.9721731360082645,0.27061602655282213,8.657519146026971e-13,240,8.802003570451689e-11,192
SecurityPatrol,neural,41,PPM-3,35,-0.2692554689752264,-0.6345656898511872,1.481291563172563,0.9629584796160588,0.2639566282027811,8.819611707622244e-13,240,8.90522100505109e-11,192
SecurityPatrol,neural,41,PPM-3,40,-0.2696388297734019,-0.609568297329445,1.4701541007318044,0.950297474708574,0.2586813836524341,8.966161146872764e-13,240,8.15078005089731e-11,193
SecurityPatrol,neural,41,PPM-3,45,-0.26779150747619684,-0.575049932476361,1.4475505919281861,0.9339515969619846,0.25416415483747995,8.185674360561279e-13,241,8.287570629761376e-11,193
SecurityPatrol,neural,41,PPM-3,50,-0.2642898322430788,-0.5453041751641831,1.4274995608649823,0.9155598074656611,0.24973013809717085,8.280043317654417e-13,241,8.406331186705529e-11,193
SecurityPatrol,neural,41,PPM-3,55,-0.25986751755508236,-0.5081166617346384,1.397511720911766,0.8979998096346585,0.24503680396089964,8.349987368205802e-13,241,8.498524106670402e-11,193
SecurityPatrol,neural,41,PPM-3,60,-0.25515478812935527,-0.4573503750251766,1.3511424932079243,0.8851533537687015,0.2402342284356637,8.395506512215434e-13,241,8.559131181584689e-11,193
SecurityPatrol,neural,42,QP+G,0,-0.2757506410954981,-0.5717954083987292,1.3459430047359335,0.8659534544636036,0.20710002578886066,8.966161146872764e-13,239,8.757095049105601e-11,191
SecurityPatrol,neural,42,QP+G,5,-0.2767342793161425,-0.4858754969426773,1.272447011208388,0.8194232132569164,0.15533827754635252,8.210099267103033e-13,240,8.871481327332731e-11,191
SecurityPatrol,neural,42,QP+G,10,-0.27518044487787696,-0.4275205205108195,1.220158137437744,0.7966469130373224,0.1327294572027051,8.274492202531292e-13,240,8.931361206165889e-11,191
SecurityPatrol,neural,42,QP+G,15,-0.27311355194475295,-0.3928789688354034,1.186991528963457,0.7842347037869726,0.12331879582631541,8.290035324876044e-13,240,8.947981244844527e-11,191
SecurityPatrol,neural,42,QP+G,20,-0.27101457361471126,-0.37878738010049384,1.1723597826123702,0.7762117923912053,0.11964942090340021,8.285594432777543e-13,240,8.9431739791479e-11,191
SecurityPatrol,neural,42,QP+G,25,-0.268943558533154,-0.36547487940776896,1.157770927850278,0.7700340212387795,0.11850649339031274,8.271161533457416e-13,240,8.930367556558849e-11,191
SecurityPatrol,neural,42,QP+G,30,-0.2668671510906414,-0.3516749173157367,1.1425525413999758,0.7646861933682931,0.11857752935339476,8.254508188088039e-13,240,8.915745919324536e-11,191
SecurityPatrol,neural,42,QP+G,35,-0.26474621260240394,-0.33751119346009406,1.1270592482527215,0.7597805833566889,0.11933825354732862,8.242295734817162e-13,240,8.90145734899761e-11,191
SecurityPatrol,neural,42,QP+G,40,-0.2625988889921502,-0.3227488720705621,1.1122313369533574,0.7560383328900584,0.1199286933338678,8.240075288767912e-13,240,8.903439097096566e-11,191
SecurityPatrol,neural,42,QP+G,45,-0.260433230457806,-0.31174658638192926,1.1013797446781468,0.7527899115565096,0.12062374619255702,8.242295734817162e-13,240,8.908274118368809e-11,191
SecurityPatrol,neural,42,QP+G,50,-0.258239892379202,-0.30186322040147234,1.0915228988115544,0.7497946378204967,0.12157965990346298,8.242295734817162e-13,240,8.91136608949239e-11,191
SecurityPatrol,neural,42,QP+G,55,-0.2560032682213247,-0.2926907899058496,1.0821329400872073,0.7469507841939859,0.12286004264184584,8.240075288767912e-13,240,8.911027471469879e-11,191
SecurityPatrol,neural,42,QP+G,60,-0.2538557943756904,-0.2912423460291171,1.0802753882921112,0.7444264987510578,0.12434998421328503,8.235634396669411e-13,240,8.907730109086742e-11,191
SecurityPatrol,neural,42,noG,0,-0.2757506410954981,-0.5717954083987292,1.3459430047359335,0.8659534544636036,0.20710002578886066,8.966161146872764e-13,239,8.757095049105601e-11,191
SecurityPatrol,neural,42,noG,5,-0.27781783006969396,-0.5621515783621083,1.354796352040958,0.8701033501890125,0.2022300974673761,8.275602425555917e-13,240,8.942679929901942e-11,191
SecurityPatrol,neural,42,noG,10,-0.27928032968313377,-0.5388278824709332,1.351859713042861,0.8686263285484934,0.1979367618333216,8.495426584431698e-13,240,8.27562463001641e-11,192
SecurityPatrol,neural,42,noG,15,-0.2792753110277223,-0.5034934307794711,1.334167643762863,0.8611773365125202,0.19433485208744103,8.684164498617974e-13,240,8.518519223343901e-11,192
SecurityPatrol,neural,42,noG,20,-0.27744000303718286,-0.45861372336306216,1.303322707956005,0.8491795521438503,0.19129237552133035,8.835154829966996e-13,240,8.73668914991299e-11,192
SecurityPatrol,neural,42,noG,25,-0.27392155150904085,-0.40830379621304796,1.2628992832132773,0.8356791108160784,0.18860257114439308,8.941736240331011e-13,240,8.901179793241454e-11,192
SecurityPatrol,neural,42,noG,30,-0.2692568914721176,-0.3577046306084469,1.217777935661282,0.8244676941274569,0.18614378119920044,8.100187187665142e-13,241,8.995004741052526e-11,192
SecurityPatrol,neural,42,noG,35,-0.26418892726317034,-0.3374344136346106,1.1985500497839883,0.8186704969249459,0.1839453766127372,8.110179194886769e-13,241,8.11050115956391e-11,193
SecurityPatrol,neural,42,noG,40,-0.2599333654250139,-0.3529098781998335,1.211296025404987,0.8189364875088561,0.18226898062597807,8.981704269217516e-13,240,8.962375286358792e-11,192
SecurityPatrol,neural,42,noG,45,-0.25866049747654274,-0.3704362134822225,1.2271068522660926,0.819947999799661,0.18168950126631234,8.965050923848139e-13,240,8.93232154908219e-11,192
SecurityPatrol,neural,42,noG,50,-0.25831688655291174,-0.37619577867984794,1.2323059527748597,0.8202973062137511,0.1815212900831503,8.957279362675763e-13,240,8.922584893156227e-11,192
SecurityPatrol,neural,42,noG,55,-0.2582138247940116,-0.3779369321532856,1.2338699487643012,0.8204085747131618,0.18146981404295912,8.957279362675763e-13,240,8.919531779838508e-11,192
SecurityPatrol,neural,42,noG,60,-0.2581818640510968,-0.37847823005038,1.2343554283290668,0.8204436947395664,0.18145375338996386,8.955058916626513e-13,240,8.918565885807084e-11,192
SecurityPatrol,neural,42,GDA,0,-0.2757506410954981,-0.5717954083987292,1.3459430047359335,0.8659534544636036,0.20710002578886066,8.966161146872764e-13,239,8.757095049105601e-11,191
SecurityPatrol,neural,42,GDA,5,-0.27781783006969396,-0.5621515783621083,1.354796352040958,0.8701033501890125,0.2022300974673761,8.275602425555917e-13,240,8.942679929901942e-11,191
SecurityPatrol,neural,42,GDA,10,-0.27928032968313377,-0.5388278824709332,1.351859713042861,0.8686263285484934,0.1979367618333216,8.495426584431698e-13,240,8.27562463001641e-11,192
SecurityPatrol,neural,42,GDA,15,-0.2792753110277223,-0.5034934307794711,1.334167643762863,0.8611773365125202,0.19433485208744103,8.684164498617974e-13,240,8.518519223343901e-11,192
SecurityPatrol,neural,42,GDA,20,-0.27744000303718286,-0.45861372336306216,1.303322707956005,0.8491795521438503,0.19129237552133035,8.835154829966996e-13,240,8.73668914991299e-11,192
SecurityPatrol,neural,42,GDA,25,-0.27392155150904085,-0.40830379621304796,1.2628992832132773,0.8356791108160784,0.18860257114439308,8.941736240331011e-13,240,8.901179793241454e-11,192
SecurityPatrol,neural,42,GDA,30,-0.2692568914721176,-0.3577046306084469,1.217777935661282,0.8244676941274569,0.18614378119920044,8.100187187665142e-13,241,8.995004741052526e-11,192
SecurityPatrol,neural,42,GDA,35,-0.26418892726317034,-0.3374344136346106,1.1985500497839883,0.8186704969249459,0.1839453766127372,8.110179194886769e-13,241,8.11050115956391e-11,193
SecurityPatrol,neural,42,GDA,40,-0.2594763838547478,-0.3581927295070569,1.2160818029187472,0.8193130091235645,0.18215463209161195,8.977263377119016e-13,240,8.9536156266945e-11,192
SecurityPatrol,neural,42,GDA,45,-0.25573427064946636,-0.4223538411229116,1.2730785378721947,0.8247534966886484,0.18094538027612314,8.89843754237063e-13,240,8.831091413696868e-11,192
SecurityPatrol,neural,42,GDA,50,-0.25332296511662933,-0.47597071700187293,1.3160718569004028,0.8314626191330307,0.18042128235297863,8.786305016883489e-13,240,8.660816508410107e-11,192
SecurityPatrol,neural,42,GDA,55,-0.2522917888905377,-0.5151341062393157,1.3417715999163544,0.8355883267701091,0.1805584299870197,8.639755577632968e-13,240,8.465383949385341e-11,192
SecurityPatrol,neural,42,GDA,60,-0.25237740422332344,-0.5378303842191994,1.3489221084186598,0.8343204081618298,0.18121157913807828,8.47211190091457e-13,240,8.27221624533081e-11,192
SecurityPatrol,neural,42,Adam-GDA,0,-0.2757506410954981,-0.5717954083987292,1.3459430047359335,0.8659534544636036,0.20710002578886066,8.966161146872764e-13,239,8.757095049105601e-11,191
SecurityPatrol,neural,42,Adam-GDA,5,-0.1104754205310646,-1.191501261047879,2.6529517126832594,2.0420242899233005,0.8962720800991938,8.131273432354647e-13,246,8.198242085200036e-11,200
SecurityPatrol,neural,42,Adam-GDA,10,-0.23135936186205242,-2.2664827175157254,3.5027424096749815,2.9763119403737806,2.253025770802478,8.233413950620161e-13,250,8.453593380863822e-11,205
SecurityPatrol,neural,42,Adam-GDA,15,-0.5697461628688538,-2.604188389130274,6.7177691291800326,6.227641441920116,3.6835415610811366,8.846257060213247e-13,255,8.561817921304282e-11,211
SecurityPatrol,neural,42,Adam-GDA,20,0.49761578251600214,-3.581741344894356,6.438091511716175,6.0024433640519685,6.0679376527336775,8.562039965909207e-13,254,8.329337219947774e-11,210
SecurityPatrol,neural,42,Adam-GDA,25,-3.011991365571559,-4.533701614848583,11.238561470575373,11.079914749315382,2.8796710007000734,8.535394613318203e-13,260,8.637002224531898e-11,216
SecurityPatrol,neural,42,Adam-GDA,30,-3.528186271487484,-4.379633580165571,12.15115226798258,12.066895565357179,2.5097174858772258,8.908429549592256e-13,261,8.194334100153355e-11,218
SecurityPatrol,neural,42,Adam-GDA,35,0.3638374767139433,-3.9939758858215058,11.858698128776343,11.645577426500203,7.83347420006059,8.091305403468141e-13,262,8.304112952828291e-11,218
SecurityPatrol,neural,42,Adam-GDA,40,6.175198224577382,-4.432161230568968,12.271615629274372,12.125121850755663,3.561466931084165,8.970602038971265e-13,261,8.274803064978187e-11,218
SecurityPatrol,neural,42,Adam-GDA,45,7.305345817963742,-5.006801661780129,12.521517622939637,12.450151784854206,1.7982073175890332,8.606448886894214e-13,261,8.785416838463789e-11,217
SecurityPatrol,neural,42,Adam-GDA,50,5.827228306500654,-5.099104448859091,12.29662343033511,12.202650576680035,3.9315275027199768,8.313350008393172e-13,261,8.44178060788181e-11,217
SecurityPatrol,neural,42,Adam-GDA,55,1.1104028714343577,-5.1154466812048,12.04415929541777,11.952992442903005,8.014171220371361,8.908429549592256e-13,260,8.135891960137087e-11,217
SecurityPatrol,neural,42,Adam-GDA,60,-4.3261840312840185,-5.119613871826521,13.04630016331674,13.043897072962999,0.2841293274609338,8.15347789284715e-13,262,8.383960192759332e-11,218
SecurityPatrol,neural,42,EGM,0,-0.2757506410954981,-0.5717954083987292,1.3459430047359335,0.8659534544636036,0.20710002578886066,8.966161146872764e-13,239,8.757095049105601e-11,191
SecurityPatrol,neural,42,EGM,5,-0.2777553203952967,-0.559391472065562,1.3517821623234751,0.8679921188852823,0.20035249019355927,8.272271756482041e-13,240,8.939732287771562e-11,191
SecurityPatrol,neural,42,EGM,10,-0.27898242252787675,-0.5339757839375072,1.3459907233602078,0.8645721835815222,0.19439481352004373,8.483214131160821e-13,240,8.262684980664403e-11,192
SecurityPatrol,neural,42,EGM,15,-0.2787197544458764,-0.4976545898770839,1.3262240080227299,0.8557480089417517,0.18929862488011306,8.661960038125471e-13,240,8.487532898726613e-11,192
SecurityPatrol,neural,42,EGM,20,-0.27675824087498546,-0.45311124192282826,1.294494746637044,0.8431718250675302,0.18491286220492706,8.801848139228241e-13,240,8.683120888974827e-11,192
SecurityPatrol,neural,42,EGM,25,-0.27333826801690747,-0.40458617884487785,1.2546793181723033,0.8297353084719882,0.1810329205565509,8.892886427247504e-13,240,8.824851960298474e-11,192
SecurityPatrol,neural,42,EGM,30,-0.2690027222213929,-0.3567358938102858,1.2113240246719221,0.8186453541545212,0.17753568003234765,8.943956686380261e-13,240,8.899814218921165e-11,192
SecurityPatrol,neural,42,EGM,35,-0.26441961559475735,-0.3372816076621986,1.1922453435209923,0.8122243411844,0.1744245517249712,8.946177132429511e-13,240,8.904910142604194e-11,192
SecurityPatrol,neural,42,EGM,40,-0.2602192868087625,-0.34884048511895077,1.2003232032588218,0.8109252449915467,0.17179327893055382,8.909539772616881e-13,240,8.844891485892958e-11,192
SecurityPatrol,neural,42,EGM,45,-0.25687082703357367,-0.40192158747490414,1.246470715753945,0.8131548244435379,0.16974914367841334,8.832934383917745e-13,240,8.73091599018494e-11,192
SecurityPatrol,neural,42,EGM,50,-0.2546072744935739,-0.44772193977104036,1.2824139420139369,0.8160539629829919,0.16834013585096727,8.727463196578356e-13,240,8.579348342863113e-11,192
SecurityPatrol,neural,42,EGM,55,-0.2534005794751262,-0.47989869896830306,1.302453969254563,0.8167130418478149,0.16751939264690963,8.595346656647962e-13,240,8.410394602975657e-11,192
SecurityPatrol,neural,42,EGM,60,-0.2529834351105188,-0.4970542650016283,1.3059430131326644,0.8131447787379266,0.1671605858129689,8.447686994372816e-13,240,8.246586746807338e-11,192
SecurityPatrol,neural,42,PPM-3,0,-0.2757506410954981,-0.5717954083987292,1.3459430047359335,0.8659534544636036,0.20710002578886066,8.966161146872764e-13,239,8.757095049105601e-11,191
SecurityPatrol,neural,42,PPM-3,5,-0.27774466980628765,-0.5594365910572715,1.3517696482684896,0.8679933414343509,0.20037960806097432,8.271161533457416e-13,240,8.939166074029004e-11,191
SecurityPatrol,neural,42,PPM-3,10,-0.27896961127499875,-0.5341304409490455,1.3460502032735142,0.8646080012772566,0.1944437894097494,8.482103908136196e-13,240,8.261535899833916e-11,192
SecurityPatrol,neural,42,PPM-3,15,-0.27871591700602405,-0.49795593798993804,1.3264181454088464,0.8558406830260057,0.18936482155734338,8.659739592076221e-13,240,8.48600079095263e-11,192
SecurityPatrol,neural,42,PPM-3,20,-0.27677130538716077,-0.4535679326083621,1.2948585288884376,0.8433168168629656,0.18499381179818888,8.799627693178991e-13,240,8.681655394582322e-11,192
SecurityPatrol,neural,42,PPM-3,25,-0.27336959566007585,-0.40515918557853303,1.2551977486685106,0.8298977371582001,0.18112739596130364,8.892886427247504e-13,240,8.823941577418282e-11,192
SecurityPatrol,neural,42,PPM-3,30,-0.26904671171126354,-0.3574055382569058,1.2119972769747123,0.8187734484166225,0.17764190453211742,8.941736240331011e-13,240,8.899880832302642e-11,192
SecurityPatrol,neural,42,PPM-3,35,-0.2644656137690057,-0.33723024473888197,1.1922704370812451,0.8122764844778027,0.1745391664234356,8.948397578478762e-13,240,8.906209103543006e-11,192
SecurityPatrol,neural,42,PPM-3,40,-0.26025475496447775,-0.34787986514049846,1.1995208297257167,0.8108965983788918,0.1719117148211925,8.910649995641506e-13,240,8.847511612231074e-11,192
SecurityPatrol,neural,42,PPM-3,45,-0.2568847872258241,-0.4007713011692416,1.245563327183984,0.8130855761364217,0.1698670830096156,8.835154829966996e-13,240,8.734801770771128e-11,192
SecurityPatrol,neural,42,PPM-3,50,-0.2545932953515463,-0.4468083852323448,1.281824363257096,0.816013852360435,0.1684551853151743,8.730793865652231e-13,240,8.584088995178263e-11,192
SecurityPatrol,neural,42,PPM-3,55,-0.25335877648875843,-0.4793217939794453,1.302271700413682,0.816773747528512,0.16763199431294193,8.599787548746463e-13,240,8.415534935579672e-11,192
SecurityPatrol,neural,42,PPM-3,60,-0.2529211069883563,-0.49690222170121073,1.30623860432919,0.8133555403856957,0.16727354463984304,8.453238109495942e-13,240,8.251421768079581e-11,192
SecurityPatrol,neural,43,QP+G,0,-0.25666941660296905,-0.6161090650372866,1.4163621283911176,0.8994907838299225,0.24997993518739084,8.351097591230427e-13,240,8.301381804187713e-11,192
SecurityPatrol,neural,43,QP+G,5,-0.2625405654453338,-0.5036353890403547,1.2976560892090636,0.8281727723636796,0.18029467499102045,8.283373986728293e-13,240,8.202127865786224e-11,192
SecurityPatrol,neural,43,QP+G,10,-0.2644675692864581,-0.42592185379114317,1.2201987654480155,0.797328351792728,0.14219703260810085,8.283373986728293e-13,240,8.208855817315452e-11,192
SecurityPatrol,neural,43,QP+G,15,-0.26422380996284545,-0.3715491929231561,1.1693735790497035,0.7849643476769037,0.1225360326338916,8.317790900491673e-13,240,8.250411465127172e-11,192
SecurityPatrol,neural,43,QP+G,20,-0.2629011833652814,-0.33084758798829333,1.1359468018529773,0.7791429796610577,0.11388345102082845,8.40105762733856e-13,240,8.295253373091782e-11,192
SecurityPatrol,neural,43,QP+G,25,-0.26121360844750946,-0.3204128426513875,1.1290122952546082,0.7757454941844684,0.11106198607385157,8.43991543320044e-13,240,8.323763900364156e-11,192
SecurityPatrol,neural,43,QP+G,30,-0.25934625975311965,-0.3198218526015477,1.1297461244555262,0.7731774471351314,0.11110153826706771,8.453238109495942e-13,240,8.337652790402217e-11,192
SecurityPatrol,neural,43,QP+G,35,-0.25735596075897205,-0.31981097957281857,1.1298365233214844,0.770836381940276,0.11255903109630033,8.454348332520567e-13,240,8.341471957606927e-11,192
SecurityPatrol,neural,43,QP+G,40,-0.2559408918480164,-0.3198711379195408,1.1296252675424818,0.7693108354965552,0.11397771057549475,8.451017663446692e-13,240,8.340683699259444e-11,192
SecurityPatrol,neural,43,QP+G,45,-0.25592443240542595,-0.3198643013686491,1.129624280472143,0.7692975940599123,0.11399114429376835,8.453238109495942e-13,240,8.340728108180429e-11,192
SecurityPatrol,neural,43,QP+G,50,-0.25592443240542595,-0.3198643013686491,1.129624280472143,0.7692975940599123,0.11399114429376835,8.453238109495942e-13,240,8.340728108180429e-11,192
SecurityPatrol,neural,43,QP+G,55,-0.25592443240542595,-0.3198643013686491,1.129624280472143,0.7692975940599123,0.11399114429376835,8.453238109495942e-13,240,8.340728108180429e-11,192
SecurityPatrol,neural,43,QP+G,60,-0.25592443240542595,-0.3198643013686491,1.129624280472143,0.7692975940599123,0.11399114429376835,8.453238109495942e-13,240,8.340728108180429e-11,192
SecurityPatrol,neural,43,noG,0,-0.25666941660296905,-0.6161090650372866,1.4163621283911176,0.8994907838299225,0.24997993518739084,8.351097591230427e-13,240,8.301381804187713e-11,192
SecurityPatrol,neural,43,noG,5,-0.25729494992496127,-0.6203940620489702,1.411167616318434,0.9023278405677899,0.2482415694780295,8.246736626915663e-13,240,8.238321136389004e-11,192
SecurityPatrol,neural,43,noG,10,-0.25949956196059426,-0.6174714089296752,1.4008433386715224,0.9060217803097677,0.24524460914585888,8.15347789284715e-13,240,8.207101664936545e-11,192
SecurityPatrol,neural,43,noG,15,-0.26319958341519134,-0.595509995592889,1.403316509565242,0.9085448971254907,0.2415455543391075,8.431033649003439e-13,240,8.320921729421116e-11,192
SecurityPatrol,neural,43,noG,20,-0.26661657456376797,-0.5533809478086474,1.3846520329021104,0.9075425080341313,0.23811134089737954,8.6852747216426e-13,240,8.563183495624571e-11,192
SecurityPatrol,neural,43,noG,25,-0.2683930046727515,-0.49658317392025136,1.3488259221764411,0.901678113399846,0.23544666845748172,8.910649995641506e-13,240,8.854261768220795e-11,192
SecurityPatrol,neural,43,noG,30,-0.26772718127425355,-0.46683504056318503,1.3364535244911298,0.8919279945849041,0.2337589220039619,8.187894806610529e-13,241,8.214762203806458e-11,193
SecurityPatrol,neural,43,noG,35,-0.2645601512594179,-0.4512841501861159,1.3339403192433439,0.8812088441544288,0.23290271090154327,8.315570454442422e-13,241,8.407663454335079e-11,193
SecurityPatrol,neural,43,noG,40,-0.2595158509361344,-0.4460720137430554,1.3370304793644636,0.8726729724595014,0.23247279742710145,8.394396289190809e-13,241,8.52853343502602e-11,193
SecurityPatrol,neural,43,noG,45,-0.25364080211984996,-0.43759037950364266,1.3320204601776822,0.8683595306740493,0.23200048712631832,8.428813202954188e-13,241,8.572076382051819e-11,193
SecurityPatrol,neural,43,noG,50,-0.24951467827632667,-0.4263521529764364,1.3202717978858585,0.8680309169759807,0.23124969069352455,8.423262087831063e-13,241,8.55643333963485e-11,193
SecurityPatrol,neural,43,noG,55,-0.24734115628396136,-0.42025405895461704,1.312740194658251,0.8687598419593182,0.23058128803306327,8.408829188510936e-13,241,8.530631756542562e-11,193
SecurityPatrol,neural,43,noG,60,-0.2461140136233158,-0.4184402567316774,1.309648956917774,0.8694960072174509,0.2300974393778516,8.396616735240059e-13,241,8.509259963318527e-11,193
SecurityPatrol,neural,43,GDA,0,-0.25666941660296905,-0.6161090650372866,1.4163621283911176,0.8994907838299225,0.24997993518739084,8.351097591230427e-13,240,8.301381804187713e-11,192
SecurityPatrol,neural,43,GDA,5,-0.2585067645171768,-0.6208594501072338,1.4069661204499229,0.9053297774525002,0.24682345236019598,8.19455614475828e-13,240,8.205985890796796e-11,192
SecurityPatrol,neural,43,GDA,10,-0.2620088066276661,-0.6052387640531824,1.4055054574514871,0.9086140177369888,0.24315323896720045,8.348877145181177e-13,240,8.268974394098905e-11,192
SecurityPatrol,neural,43,GDA,15,-0.2657019629558725,-0.5691579362581961,1.3934396432947092,0.9088998475273115,0.2395587493848653,8.609779555968089e-13,240,8.480149915612856e-11,192
SecurityPatrol,neural,43,GDA,20,-0.268122542483328,-0.5139071576100572,1.3601143644733806,0.9045324577114416,0.23660477753510703,8.846257060213247e-13,240,8.765410619560043e-11,192
SecurityPatrol,neural,43,GDA,25,-0.2682609432754547,-0.47375414885011086,1.3385833863797958,0.89568211480047,0.23460485544449752,8.141265439576273e-13,241,8.14545098037911e-11,193
SecurityPatrol,neural,43,GDA,30,-0.2658230012715903,-0.45617523880585575,1.3354683486598669,0.8848443289243882,0.23351864095338484,8.282263763703668e-13,241,8.35808089405532e-11,193
SecurityPatrol,neural,43,GDA,35,-0.2612446437103691,-0.4475239677739805,1.3366223920882565,0.875295851476357,0.23300208600729627,8.375522497772181e-13,241,8.502687443012746e-11,193
SecurityPatrol,neural,43,GDA,40,-0.2554832328684976,-0.441370870413366,1.3354336063960273,0.8695232891524302,0.23257983366410603,8.424372310855688e-13,241,8.570055776147001e-11,193
SecurityPatrol,neural,43,GDA,45,-0.24967480776290707,-0.4274316229609127,1.3216994362755603,0.8684951908847872,0.2318696510916105,8.426592756904938e-13,241,8.562484055119057e-11,193
SecurityPatrol,neural,43,GDA,50,-0.2447800711616862,-0.4194045813415327,1.3094034885029904,0.8717539161520617,0.23076929793994325,8.385514504993807e-13,241,8.489930980459803e-11,193
SecurityPatrol,neural,43,GDA,55,-0.2413365269922395,-0.4262191961465098,1.3079051340957248,0.8778633487005687,0.22951807910505947,8.305578447220796e-13,241,8.366984882712813e-11,193
SecurityPatrol,neural,43,GDA,60,-0.2393874671487234,-0.47944095763121797,1.3492968700694323,0.884899697328089,0.22858320751588143,8.191225475684405e-13,241,8.212897029125088e-11,193
SecurityPatrol,neural,43,Adam-GDA,0,-0.25666941660296905,-0.6161090650372866,1.4163621283911176,0.8994907838299225,0.24997993518739084,8.351097591230427e-13,240,8.301381804187713e-11,192
SecurityPatrol,neural,43,Adam-GDA,5,-0.12123012009583514,-0.7349724501349486,2.319848549774936,1.8240612102159688,1.135796247758035,8.766321002440236e-13,246,8.15232326090154e-11,201
SecurityPatrol,neural,43,Adam-GDA,10,0.1821171135941644,-2.6339071523055115,5.015245932658788,4.463193516507505,2.3919002219264662,8.633094239485217e-13,251,8.813882956815178e-11,206
SecurityPatrol,neural,43,Adam-GDA,15,-0.011390437576010465,-3.5067628055692324,4.889841238259958,4.404896555814979,3.395594118742442,8.375522497772181e-13,254,8.15232326090154e-11,210
SecurityPatrol,neural,43,Adam-GDA,20,-2.148304232771138,-3.8781546643633154,6.632057671250027,6.267220524201419,2.8890623411228784,8.268941087408166e-13,255,8.36681834925912e-11,211
SecurityPatrol,neural,43,Adam-GDA,25,-1.8385940762135728,-2.983680642424363,6.524090496733436,6.08897089359012,4.0960533161615285,8.464340339742193e-13,254,8.198242085200036e-11,210
SecurityPatrol,neural,43,Adam-GDA,30,-0.5910896400266973,-2.671263566745769,6.396166569034761,6.053622279926879,3.881542935844884,8.912870441690757e-13,254,8.743450408132958e-11,210
SecurityPatrol,neural,43,Adam-GDA,35,-0.6379634931548861,-3.854939168080122,11.052838725955251,10.852154189497957,4.932186385245411,8.22453216642316e-13,261,8.397726958264684e-11,217
SecurityPatrol,neural,43,Adam-GDA,40,3.4053433750803226,-4.344945575755697,12.138346192301368,12.040620373410013,4.79540307528214,8.908429549592256e-13,261,8.23119350457091e-11,218
SecurityPatrol,neural,43,Adam-GDA,45,5.688589427468948,-5.041772255247794,12.802024894957716,12.667665972614952,3.2696110943149534,8.881784197001252e-13,261,8.195222278573056e-11,218
SecurityPatrol,neural,43,Adam-GDA,50,6.507414758280962,-5.270973432112872,11.924596086885131,11.843053007480199,4.424565665945487,8.43769498715119e-13,260,8.606093615526333e-11,216
SecurityPatrol,neural,43,Adam-GDA,55,2.917072133052929,-5.336837916203808,11.906975954322682,11.857166468802886,1.1800081816310906,8.384404281969182e-13,260,8.552714092502356e-11,216
SecurityPatrol,neural,43,Adam-GDA,60,1.1000085895963392,-5.342013596651411,11.18200474102733,11.11942418915556,4.902128823196516,8.197886813832156e-13,259,8.334843926149915e-11,215
SecurityPatrol,neural,43,EGM,0,-0.25666941660296905,-0.6161090650372866,1.4163621283911176,0.8994907838299225,0.24997993518739084,8.351097591230427e-13,240,8.301381804187713e-11,192
SecurityPatrol,neural,43,EGM,5,-0.2586777410512378,-0.6167695207233734,1.402972313304958,0.9023302679676888,0.244280780405475,8.195666367782906e-13,240,8.205025547880496e-11,192
SecurityPatrol,neural,43,EGM,10,-0.2620599885068804,-0.5972604213933093,1.397507324478449,0.9026680082466187,0.23825441618557686,8.348877145181177e-13,240,8.267203588374628e-11,192
SecurityPatrol,neural,43,EGM,15,-0.26535215871342377,-0.5582784115366,1.381618049693912,0.9001649893652861,0.2324922237986502,8.599787548746463e-13,240,8.466549683561198e-11,192
SecurityPatrol,neural,43,EGM,20,-0.2672616770376575,-0.5018674957055206,1.345793387473329,0.8936013497921446,0.22751337420288653,8.820721930646869e-13,240,8.727840672406728e-11,192
SecurityPatrol,neural,43,EGM,25,-0.2670242866648053,-0.4620588839380386,1.3230519705789243,0.8834967546571209,0.22357528554600287,8.105738302788268e-13,241,8.981948518282934e-11,192
SecurityPatrol,neural,43,EGM,30,-0.2645498045685952,-0.44445705353838777,1.3183493396708443,0.8722022271927383,0.22060744817960265,8.22897305852166e-13,241,8.267531104166892e-11,193
SecurityPatrol,neural,43,EGM,35,-0.26034557202653275,-0.43470174304462555,1.3170106828926245,0.8624141715650708,0.21828203625944617,8.310019339319297e-13,241,8.387335270754193e-11,193
SecurityPatrol,neural,43,EGM,40,-0.2552765334593381,-0.4273282339415383,1.3135399978431526,0.8559249635627036,0.21618441175010394,8.349987368205802e-13,241,8.437817111683898e-11,193
SecurityPatrol,neural,43,EGM,45,-0.25026069662688344,-0.41242558403231006,1.2982177187512924,0.8532178731531976,0.21401026855866506,8.343326030058051e-13,241,8.423128861068108e-11,193
SecurityPatrol,neural,43,EGM,50,-0.24600453597341898,-0.4011699196947134,1.282573399460146,0.853715739636368,0.21170448462602545,8.301137555122295e-13,241,8.353395752891402e-11,193
SecurityPatrol,neural,43,EGM,55,-0.2428553177798629,-0.4019411779402372,1.2754500484663713,0.8562218367000477,0.20947618265843904,8.225642389447785e-13,241,8.242395654889378e-11,193
SecurityPatrol,neural,43,EGM,60,-0.24079516559543931,-0.4446202261552957,1.3072640921089704,0.8592932142341041,0.20767599954979363,8.12128142513302e-13,241,8.10748135293693e-11,193
SecurityPatrol,neural,43,PPM-3,0,-0.25666941660296905,-0.6161090650372866,1.4163621283911176,0.8994907838299225,0.24997993518739084,8.351097591230427e-13,240,8.301381804187713e-11,192
SecurityPatrol,neural,43,PPM-3,5,-0.2586651297834295,-0.6167774443604441,1.4030002749411248,0.9023203481173574,0.2443044994915099,8.193445921733655e-13,240,8.205108814607343e-11,192
SecurityPatrol,neural,43,PPM-3,10,-0.26203117545570254,-0.597376561314135,1.3974985208608226,0.9026642984269314,0.23830250522856314,8.346656699131927e-13,240,8.266509698984237e-11,192
SecurityPatrol,neural,43,PPM-3,15,-0.265315964817491,-0.5585964844090876,1.3817665405242185,0.9001972754610128,0.23256059428662068,8.596456879672587e-13,240,8.464695611110074e-11,192
SecurityPatrol,neural,43,PPM-3,20,-0.26723459412005346,-0.5024588212963055,1.3461950866240835,0.8937013213392757,0.22759553436237384,8.819611707622244e-13,240,8.725176137147628e-11,192
SecurityPatrol,neural,43,PPM-3,25,-0.2670222243289574,-0.4624693178850813,1.323281219566502,0.8836656999130736,0.22366587497084192,8.102407633714392e-13,241,8.979106347339894e-11,192
SecurityPatrol,neural,43,PPM-3,30,-0.26458041663081955,-0.4448001770720603,1.318548055381139,0.8724026403088733,0.22070502368529715,8.227862835497035e-13,241,8.265421680420104e-11,193
SecurityPatrol,neural,43,PPM-3,35,-0.26040438929475873,-0.43484453129520517,1.317070857974942,0.8625891220318238,0.21838973986879082,8.308909116294672e-13,241,8.386202843269075e-11,193
SecurityPatrol,neural,43,PPM-3,40,-0.25534824378195675,-0.4275621879232365,1.3137726112595098,0.856027724152663,0.2163080764018747,8.351097591230427e-13,241,8.437972542907346e-11,193
SecurityPatrol,neural,43,PPM-3,45,-0.25032478176643846,-0.412780399454144,1.2986651110202843,0.8532331509176339,0.21415463974745974,8.346656699131927e-13,241,8.424705377763075e-11,193
SecurityPatrol,neural,43,PPM-3,50,-0.24604274706563817,-0.4010363270902703,1.2826316880644608,0.8536639564346755,0.2118694031764254,8.303358001171546e-13,241,8.35630453721592e-11,193
SecurityPatrol,neural,43,PPM-3,55,-0.2428577997840409,-0.40072495799892677,1.2745234293466923,0.856149061462733,0.20965516655180327,8.22897305852166e-13,241,8.246325844396551e-11,193
SecurityPatrol,neural,43,PPM-3,60,-0.2407628244656395,-0.44351956617294686,1.3065428851610092,0.8592537782610856,0.207858812201031,8.124612094206896e-13,241,8.111911142805184e-11,193
SecurityPatrol,neural,44,QP+G,0,-0.2445330652808361,-0.8509924317062301,1.714670169476782,1.1539266746439947,0.35105294216561617,8.113509863960644e-13,241,8.724942990312456e-11,193
SecurityPatrol,neural,44,QP+G,5,-0.25575438585777543,-0.6657297998833955,1.5269698879186873,0.9927081192055548,0.2444009780298549,8.985034938291392e-13,240,8.277811769374921e-11,193
SecurityPatrol,neural,44,QP+G,10,-0.25610701301475924,-0.5190815067578955,1.380343692961641,0.8979134093102368,0.18570704010691874,8.979483823168266e-13,240,8.31990032423846e-11,193
SecurityPatrol,neural,44,QP+G,15,-0.25308547920676944,-0.41874484071313106,1.279537551677418,0.8503226204160836,0.15659893651004084,8.975042931069765e-13,240,8.328326916995366e-11,193
SecurityPatrol,neural,44,QP+G,20,-0.249393853389076,-0.3761803913946673,1.23595944704229,0.8294748396803231,0.14514687951400515,8.961720254774264e-13,240,8.30938651219526e-11,193
SecurityPatrol,neural,44,QP+G,25,-0.24658134852438657,-0.3550054649241631,1.213880822277177,0.8213064181708701,0.141935126124225,8.955058916626513e-13,240,8.278799867866837e-11,193
SecurityPatrol,neural,44,QP+G,30,-0.24595261275631564,-0.35092951109913867,1.2094961450806243,0.8183756976046845,0.1405925537919026,8.956169139651138e-13,240,8.253608907438093e-11,193
SecurityPatrol,neural,44,QP+G,35,-0.2454584284398842,-0.3496687967544929,1.2077279168734725,0.8166668895709871,0.14081944655733747,8.952838470577262e-13,240,8.234657400407741e-11,193
SecurityPatrol,neural,44,QP+G,40,-0.2450177954083858,-0.3493679761704933,1.2067648457394773,0.8155135988633493,0.1416930856720143,8.946177132429511e-13,240,8.218448144248214e-11,193
SecurityPatrol,neural,44,QP+G,45,-0.24483590845908998,-0.3494608684245177,1.2065362417810856,0.8151062387103138,0.14215991578356138,8.942846463355636e-13,240,8.211908930633172e-11,193
SecurityPatrol,neural,44,QP+G,50,-0.24483590845908998,-0.3494608684245177,1.2065362417810856,0.8151062387103138,0.14215991578356138,8.942846463355636e-13,240,8.211908930633172e-11,193
SecurityPatrol,neural,44,QP+G,55,-0.24483590845908998,-0.3494608684245177,1.2065362417810856,0.8151062387103138,0.14215991578356138,8.942846463355636e-13,240,8.211908930633172e-11,193
SecurityPatrol,neural,44,QP+G,60,-0.24483590845908998,-0.3494608684245177,1.2065362417810856,0.8151062387103138,0.14215991578356138,8.942846463355636e-13,240,8.211908930633172e-11,193
SecurityPatrol,neural,44,noG,0,-0.2445330652808361,-0.8509924317062301,1.714670169476782,1.1539266746439947,0.35105294216561617,8.113509863960644e-13,241,8.724942990312456e-11,193
SecurityPatrol,neural,44,noG,5,-0.25770638468240065,-0.8629946974561828,1.7157426286151791,1.1553743399572036,0.34558786699527116,8.101297410689767e-13,241,8.811840146449867e-11,193
SecurityPatrol,neural,44,noG,10,-0.2697649071675152,-0.841454406711343,1.7193640271091102,1.1420840602145699,0.3411454852638539,8.246736626915663e-13,241,8.461076284049796e-11,193
SecurityPatrol,neural,44,noG,15,-0.27737871305919315,-0.7869260150031887,1.6883413087861134,1.1100553787191998,0.33785835556388394,8.47433234696382e-13,241,8.684331032071668e-11,193
SecurityPatrol,neural,44,noG,20,-0.27862626376596633,-0.7015759126751316,1.6234807795308006,1.0600163545786843,0.3355222013082188,8.674172491396348e-13,241,8.121758821033609e-11,194
SecurityPatrol,neural,44,noG,25,-0.2729980631749219,-0.5887511422429773,1.5267704956052026,0.9995714232125643,0.33408975117734363,8.832934383917745e-13,241,8.412737173557616e-11,194
SecurityPatrol,neural,44,noG,30,-0.261357210791506,-0.45321002657800885,1.4016867907262278,0.9441814724212949,0.3337882608211044,8.929523787060134e-13,241,8.629930103865036e-11,194
SecurityPatrol,neural,44,noG,35,-0.24578822170295778,-0.35798861027434764,1.310239768236372,0.913539483823662,0.33481637524337476,8.961720254774264e-13,241,8.719269750656622e-11,194
SecurityPatrol,neural,44,noG,40,-0.23991276569333125,-0.3455901859056197,1.2973548731599769,0.9110578261982843,0.33521885972302706,8.957279362675763e-13,241,8.711698029628678e-11,194
SecurityPatrol,neural,44,noG,45,-0.23965779634269208,-0.34555863732853404,1.2972754446843684,0.9110443875533666,0.3352243066863305,8.957279362675763e-13,241,8.710787646748486e-11,194
SecurityPatrol,neural,44,noG,50,-0.23964645035192256,-0.3455572220510199,1.2972718466683877,0.9110439689534537,0.33522452564186767,8.957279362675763e-13,241,8.710743237827501e-11,194
SecurityPatrol,neural,44,noG,55,-0.2396459447663937,-0.34555715896279937,1.2972716862123492,0.9110439506559296,0.33522453535217184,8.957279362675763e-13,241,8.710732135597254e-11,194
SecurityPatrol,neural,44,noG,60,-0.23964592223579273,-0.34555715615133076,1.297271679061636,0.9110439498412429,0.3352245357848036,8.957279362675763e-13,241,8.710732135597254e-11,194
SecurityPatrol,neural,44,GDA,0,-0.2445330652808361,-0.8509924317062301,1.714670169476782,1.1539266746439947,0.35105294216561617,8.113509863960644e-13,241,8.724942990312456e-11,193
SecurityPatrol,neural,44,GDA,5,-0.2578805282247104,-0.8629728106415175,1.7160545304787354,1.15534369641088,0.3455450446216088,8.100187187665142e-13,241,8.810641105583272e-11,193
SecurityPatrol,neural,44,GDA,10,-0.2699011607540016,-0.8409915812371814,1.7192239194273855,1.1418281657164293,0.34111756030827634,8.253397965063414e-13,241,8.454215105757612e-11,193
SecurityPatrol,neural,44,GDA,15,-0.2774425294856439,-0.7860412640302957,1.6877503393704107,1.1095440587039997,0.33784358945657167,8.477663016037695e-13,241,8.688660901867706e-11,193
SecurityPatrol,neural,44,GDA,20,-0.27860091339058457,-0.7003033394347635,1.622455075590588,1.0593001455200501,0.33551829512425185,8.676392937445598e-13,241,8.12584444176423e-11,194
SecurityPatrol,neural,44,GDA,25,-0.27288528393354655,-0.5871413940178787,1.5253429449795717,0.9987985934926812,0.3340981850946384,8.834044606942371e-13,241,8.416312091696909e-11,194
SecurityPatrol,neural,44,GDA,30,-0.2611760456922579,-0.4513346349207925,1.3999130508844635,0.9436001319825255,0.33381287699023965,8.929523787060134e-13,241,8.632172754374778e-11,194
SecurityPatrol,neural,44,GDA,35,-0.2455723287372727,-0.357301367663853,1.3095625325913995,0.9133849411476996,0.3348576650219445,8.960610031749638e-13,241,8.71960281756401e-11,194
SecurityPatrol,neural,44,GDA,40,-0.22907639862092127,-0.3632378798052323,1.3119660254893475,0.91894628389654,0.33696793451019474,8.930634010084759e-13,241,8.651768190759412e-11,194
SecurityPatrol,neural,44,GDA,45,-0.21500742037018333,-0.4902734796477906,1.428436479067776,0.9530980853626546,0.3393238149414769,8.837375276016246e-13,241,8.442890830906435e-11,194
SecurityPatrol,neural,44,GDA,50,-0.20615137646937975,-0.6030052064413771,1.5245216886428192,0.9980893231844881,0.34096459659684164,8.675282714420973e-13,241,8.143663521309463e-11,194
SecurityPatrol,neural,44,GDA,55,-0.2038851862059306,-0.6922189130615909,1.59258036543018,1.038122364568375,0.34140154666947947,8.468781231840694e-13,241,8.686895647258552e-11,193
SecurityPatrol,neural,44,GDA,60,-0.2076739951094552,-0.7529711677691918,1.6295468072012,1.0635542906330508,0.3408933779565635,8.237854842718662e-13,241,8.360867553847129e-11,193
SecurityPatrol,neural,44,Adam-GDA,0,-0.2445330652808361,-0.8509924317062301,1.714670169476782,1.1539266746439947,0.35105294216561617,8.113509863960644e-13,241,8.724942990312456e-11,193
SecurityPatrol,neural,44,Adam-GDA,5,-0.09756408039058302,-0.7054702553379444,2.808231781130006,2.2918403908871667,1.4581583589609595,8.517631044924201e-13,249,8.499734249767243e-11,204
SecurityPatrol,neural,44,Adam-GDA,10,0.4945926736782742,-2.6438818346719364,3.530174902004844,3.0831987307381725,2.91409963135256,8.606448886894214e-13,251,8.340084178826146e-11,207
SecurityPatrol,neural,44,Adam-GDA,15,-1.4003072116064759,-4.104245373907898,5.3275988185055745,4.96619267933224,3.222154675285661,8.79296635503124e-13,255,8.884004643050503e-11,211
SecurityPatrol,neural,44,Adam-GDA,20,-1.8930190556737594,-3.3562763090071353,5.865390161906613,5.4645341557632925,2.646543435133559,8.957279362675763e-13,253,8.802603090884986e-11,209
SecurityPatrol,neural,44,Adam-GDA,25,-0.6666660422138402,-2.7296474025011173,6.5656720953216805,6.1633458907656555,2.5135592464798076,8.237854842718662e-13,255,8.917844240841077e-11,210
SecurityPatrol,neural,44,Adam-GDA,30,1.1570947358370778,-2.875867789733275,8.814051082485918,8.490507007922968,3.5263551526606065,8.375522497772181e-13,259,8.418510333285667e-11,215
SecurityPatrol,neural,44,Adam-GDA,35,3.6145285620583314,-2.9456004414530215,9.077728118960353,8.866721480004806,3.6418012923793994,8.65085780787922e-13,259,8.72040217814174e-11,215
SecurityPatrol,neural,44,Adam-GDA,40,1.671224853705946,-4.303501261612506,6.801897210533777,6.552764499240191,7.512725368769591,8.29558643999917e-13,256,8.43565217678588e-11,212
SecurityPatrol,neural,44,Adam-GDA,45,-3.629208651482159,-5.175289210633682,12.35490815744135,12.260174301526725,2.133650116296467,8.206768598029157e-13,261,8.364064996158049e-11,217
SecurityPatrol,neural,44,Adam-GDA,50,-4.336300771325009,-5.280526864823197,13.227885542967236,13.212250716563124,0.16198633084569058,8.189005029635155e-13,262,8.406964013829565e-11,218
SecurityPatrol,neural,44,Adam-GDA,55,-4.378018079067688,-5.304999648783338,13.291222563697762,13.285893493503032,0.06960825781932077,8.22453216642316e-13,262,8.454215105757612e-11,218
SecurityPatrol,neural,44,Adam-GDA,60,-4.385204129717339,-5.313387781835008,13.30568487223791,13.303014671134077,0.05487791541357064,8.22453216642316e-13,262,8.461853440167033e-11,218
SecurityPatrol,neural,44,EGM,0,-0.2445330652808361,-0.8509924317062301,1.714670169476782,1.1539266746439947,0.35105294216561617,8.113509863960644e-13,241,8.724942990312456e-11,193
SecurityPatrol,neural,44,EGM,5,-0.257747903432072,-0.8562312049640215,1.7091411604766984,1.1493573905300747,0.3418528041351625,8.930634010084759e-13,240,8.720812960660851e-11,193
SecurityPatrol,neural,44,EGM,10,-0.2690100884517974,-0.8281610895685856,1.705481834512415,1.1301713358807783,0.3340512777222844,8.241185511792537e-13,241,8.389022809751623e-11,193
SecurityPatrol,neural,44,EGM,15,-0.27556001278292874,-0.7686478736202634,1.6682137168907198,1.0932708824928041,0.3276182493666475,8.458789224619068e-13,241,8.660150374595332e-11,193
SecurityPatrol,neural,44,EGM,20,-0.27594796727202053,-0.6806775194361401,1.599060631729934,1.0404470529560046,0.32230800189303493,8.641976023682219e-13,241,8.96279717110815e-11,193
SecurityPatrol,neural,44,EGM,25,-0.270073624135434,-0.5684161360487843,1.500975707431828,0.9801688484110638,0.3180424458277226,8.779643678735738e-13,241,8.311451527021063e-11,194
SecurityPatrol,neural,44,EGM,30,-0.2590706806254254,-0.4392346114745583,1.3802756366519038,0.927451530612855,0.31494736276298146,8.861800182558e-13,241,8.47806269632656e-11,194
SecurityPatrol,neural,44,EGM,35,-0.24507510666977378,-0.35636395133013976,1.2994811540860256,0.8985766729950546,0.3130625160859193,8.884004643050503e-13,241,8.52666826034465e-11,194
SecurityPatrol,neural,44,EGM,40,-0.23081953338522943,-0.3560667027691258,1.2946819168842403,0.9003254074753031,0.31204478804889485,8.841816168114747e-13,241,8.444589472134112e-11,194
SecurityPatrol,neural,44,EGM,45,-0.21902008226482406,-0.45970281099305016,1.3877131429120046,0.9253451326564919,0.31119750506812116,8.736344980775357e-13,241,8.252576400025191e-11,194
SecurityPatrol,neural,44,EGM,50,-0.2116604992877581,-0.5580010728523134,1.4703860202450243,0.9589756549344565,0.3098515173157129,8.585354649426336e-13,241,8.883915825208533e-11,193
SecurityPatrol,neural,44,EGM,55,-0.20942341287259952,-0.6334065626634886,1.5266381882680882,0.9882465953640434,0.3077728007204005,8.399947404313934e-13,241,8.582501376253049e-11,193
SecurityPatrol,neural,44,EGM,60,-0.2115276969993432,-0.682260092680857,1.5544323002970701,1.0053070094603744,0.3052386932956849,8.19455614475828e-13,241,8.316547450704093e-11,193
SecurityPatrol,neural,44,PPM-3,0,-0.2445330652808361,-0.8509924317062301,1.714670169476782,1.1539266746439947,0.35105294216561617,8.113509863960644e-13,241,8.724942990312456e-11,193
SecurityPatrol,neural,44,PPM-3,5,-0.257711665729663,-0.8562758639284654,1.7091247495523159,1.1494079796889067,0.34190116076912236,8.930634010084759e-13,240,8.721623423468827e-11,193
SecurityPatrol,neural,44,PPM-3,10,-0.2689599116745205,-0.8283846800771094,1.70559601392648,1.1303335446371927,0.3341356640746704,8.240075288767912e-13,241,8.388012506799214e-11,193
SecurityPatrol,neural,44,PPM-3,15,-0.2755282578202085,-0.769166379238079,1.6685928222446047,1.09361827620925,0.32772866618367724,8.456568778569817e-13,241,8.658185279841746e-11,193
SecurityPatrol,neural,44,PPM-3,20,-0.27596378490464946,-0.6815868491606379,1.5998238304194907,1.0410099373624737,0.3224374186724477,8.639755577632968e-13,241,8.960199249230527e-11,193
SecurityPatrol,neural,44,PPM-3,25,-0.2701542923425143,-0.5697862631460753,1.5022216391640888,0.9808721144959567,0.3181829124498745,8.778533455711113e-13,241,8.309153365360089e-11,194
SecurityPatrol,neural,44,PPM-3,30,-0.25921565271341196,-0.44073401694269376,1.3817063231148226,0.9280689239765952,0.3150891494164721,8.86402062860725e-13,241,8.476674917545779e-11,194
SecurityPatrol,neural,44,PPM-3,35,-0.24526168951216132,-0.35727908362306987,1.300417890557322,0.89881787798047,0.3131998826557507,8.884004643050503e-13,241,8.527079042863761e-11,194
SecurityPatrol,neural,44,PPM-3,40,-0.23100292948447668,-0.35532802805484903,1.2940843905862527,0.9000622719111124,0.3121837931942872,8.844036614163997e-13,241,8.447309518544444e-11,194
SecurityPatrol,neural,44,PPM-3,45,-0.2191424309751971,-0.4575808703399772,1.3858672433704105,0.9247220838031918,0.311356785104511,8.740785872873857e-13,241,8.25749468802428e-11,194
SecurityPatrol,neural,44,PPM-3,50,-0.21167002050910205,-0.5561893756893446,1.4689808771573407,0.9582834477203267,0.31005228965647846,8.588685318500211e-13,241,8.89094353695441e-11,193
SecurityPatrol,neural,44,PPM-3,55,-0.20929707578399803,-0.6320943987476143,1.525838700929411,0.9877627191027648,0.30802530935345007,8.404388296412435e-13,241,8.589895461597052e-11,193
SecurityPatrol,neural,44,PPM-3,60,-0.21128542054394445,-0.6816262421633947,1.5543784772071554,1.0052214497719587,0.30553703807512983,8.200107259881406e-13,241,8.32286461971421e-11,193
SecurityPatrol,neural,45,QP+G,0,-0.2555652433176635,-0.7163572587218971,1.4894212252721282,0.9514398076819167,0.2351581563944297,8.93951579428176e-13,239,8.900813419643328e-11,191
SecurityPatrol,neural,45,QP+G,5,-0.26023107633661,-0.5643455694707612,1.3412664143534276,0.8523144685836316,0.18085353919599548,8.990586053414518e-13,239,8.891332115013029e-11,191
SecurityPatrol,neural,45,QP+G,10,-0.2626174148310624,-0.47388884606263804,1.2533038080994945,0.802589091978944,0.14853682489812658,8.122391648157645e-13,240,8.892103720015143e-11,191
SecurityPatrol,neural,45,QP+G,15,-0.2637837051115277,-0.42603270950647587,1.2070295796973787,0.7800061374493564,0.1316978607271671,8.139044993527023e-13,240,8.895767455996406e-11,191
SecurityPatrol,neural,45,QP+G,20,-0.2629964459569496,-0.3924082575765869,1.1751198484710763,0.7695124704494132,0.12413677482316353,8.15791878494565e-13,240,8.911626991903177e-11,191
SecurityPatrol,neural,45,QP+G,25,-0.26111716507267724,-0.36415892817613266,1.1479263110453897,0.7623558372533681,0.12183314277844304,8.167910792167277e-13,240,8.925887806654487e-11,191
SecurityPatrol,neural,45,QP+G,30,-0.2589296936174321,-0.3470019956462451,1.1310793260127237,0.7570795904554043,0.12215894878991775,8.172351684265777e-13,240,8.930489681091558e-11,191
SecurityPatrol,neural,45,QP+G,35,-0.25655411901928105,-0.3325258100160943,1.1164287484872204,0.7529174326954777,0.12379828561836585,8.171241461241152e-13,240,8.927525385615809e-11,191
SecurityPatrol,neural,45,QP+G,40,-0.2541625835547918,-0.32345341078770895,1.1072857771210032,0.7500299431871852,0.12562636118500461,8.170131238216527e-13,240,8.927258932089899e-11,191
SecurityPatrol,neural,45,QP+G,45,-0.2537117355238765,-0.3233344486046989,1.107189212749815,0.7495936959999125,0.12595284214533803,8.169021015191902e-13,240,8.927908412559304e-11,191
SecurityPatrol,neural,45,QP+G,50,-0.2537117355238765,-0.3233344486046989,1.107189212749815,0.7495936959999125,0.12595284214533803,8.169021015191902e-13,240,8.927908412559304e-11,191
SecurityPatrol,neural,45,QP+G,55,-0.2537117355238765,-0.3233344486046989,1.107189212749815,0.7495936959999125,0.12595284214533803,8.169021015191902e-13,240,8.927908412559304e-11,191
SecurityPatrol,neural,45,QP+G,60,-0.2537117355238765,-0.3233344486046989,1.107189212749815,0.7495936959999125,0.12595284214533803,8.169021015191902e-13,240,8.927908412559304e-11,191
SecurityPatrol,neural,45,noG,0,-0.2555652433176635,-0.7163572587218971,1.4894212252721282,0.9514398076819167,0.2351581563944297,8.93951579428176e-13,239,8.900813419643328e-11,191
SecurityPatrol,neural,45,noG,5,-0.2555652433176635,-0.7163572587218971,1.4894212252721282,0.9514398076819167,0.2351581563944297,8.93951579428176e-13,239,8.900813419643328e-11,191
SecurityPatrol,neural,45,noG,10,-0.2555652433176635,-0.7163572587218971,1.4894212252721282,0.9514398076819167,0.2351581563944297,8.93951579428176e-13,239,8.900813419643328e-11,191
SecurityPatrol,neural,45,noG,15,-0.2555652433176635,-0.7163572587218971,1.4894212252721282,0.9514398076819167,0.2351581563944297,8.93951579428176e-13,239,8.900813419643328e-11,191
SecurityPatrol,neural,45,noG,20,-0.2555652433176635,-0.7163572587218971,1.4894212252721282,0.9514398076819167,0.2351581563944297,8.93951579428176e-13,239,8.900813419643328e-11,191
SecurityPatrol,neural,45,noG,25,-0.2555652433176635,-0.7163572587218971,1.4894212252721282,0.9514398076819167,0.2351581563944297,8.93951579428176e-13,239,8.900813419643328e-11,191
SecurityPatrol,neural,45,noG,30,-0.2555652433176635,-0.7163572587218971,1.4894212252721282,0.9514398076819167,0.2351581563944297,8.93951579428176e-13,239,8.900813419643328e-11,191
SecurityPatrol,neural,45,noG,35,-0.2555652433176635,-0.7163572587218971,1.4894212252721282,0.9514398076819167,0.2351581563944297,8.93951579428176e-13,239,8.900813419643328e-11,191
SecurityPatrol,neural,45,noG,40,-0.2555652433176635,-0.7163572587218971,1.4894212252721282,0.9514398076819167,0.2351581563944297,8.93951579428176e-13,239,8.900813419643328e-11,191
SecurityPatrol,neural,45,noG,45,-0.2555652433176635,-0.7163572587218971,1.4894212252721282,0.9514398076819167,0.2351581563944297,8.93951579428176e-13,239,8.900813419643328e-11,191
SecurityPatrol,neural,45,noG,50,-0.2555652433176635,-0.7163572587218971,1.4894212252721282,0.9514398076819167,0.2351581563944297,8.93951579428176e-13,239,8.900813419643328e-11,191
SecurityPatrol,neural,45,noG,55,-0.2555652433176635,-0.7163572587218971,1.4894212252721282,0.9514398076819167,0.2351581563944297,8.93951579428176e-13,239,8.900813419643328e-11,191
SecurityPatrol,neural,45,noG,60,-0.2555652433176635,-0.7163572587218971,1.4894212252721282,0.9514398076819167,0.2351581563944297,8.93951579428176e-13,239,8.900813419643328e-11,191
SecurityPatrol,neural,45,GDA,0,-0.2555652433176635,-0.7163572587218971,1.4894212252721282,0.9514398076819167,0.2351581563944297,8.93951579428176e-13,239,8.900813419643328e-11,191
SecurityPatrol,neural,45,GDA,5,-0.25924681823288953,-0.7379962974321308,1.5192994852592676,0.9650975032596452,0.23536186892492697,8.140155216551648e-13,240,8.912837135000018e-11,191
SecurityPatrol,neural,45,GDA,10,-0.2635943172091183,-0.7329559416024677,1.525238228382603,0.9638197733629595,0.2357979929677097,8.268941087408166e-13,240,8.108597127076678e-11,192
SecurityPatrol,neural,45,GDA,15,-0.26720483953941987,-0.7012476295061845,1.5045863728216782,0.9464268108605507,0.23615785621499832,8.391065620116933e-13,240,8.251710426065983e-11,192
SecurityPatrol,neural,45,GDA,20,-0.268785621829774,-0.643906708661399,1.4576635608861575,0.914491362557778,0.23643604142072105,8.503198145604074e-13,240,8.425848907478439e-11,192
SecurityPatrol,neural,45,GDA,25,-0.2674436279820086,-0.5631647952095916,1.385875201049402,0.8732723133327532,0.23689487629541553,8.603118217820338e-13,240,8.603806556095606e-11,192
SecurityPatrol,neural,45,GDA,30,-0.26293382115524644,-0.46264008998326306,1.2919965228312187,0.8321734990761134,0.2378876563122201,8.677503160470224e-13,240,8.755174363273e-11,192
SecurityPatrol,neural,45,GDA,35,-0.2557885512046828,-0.3564991695911824,1.1894652031227713,0.8028395721622139,0.23960672436746983,8.717471189356729e-13,240,8.848621835255699e-11,192
SecurityPatrol,neural,45,GDA,40,-0.24725436005065005,-0.3084265686982583,1.1414926756652646,0.7930877797839453,0.24189064152370193,8.717471189356729e-13,240,8.86108963982224e-11,192
SecurityPatrol,neural,45,GDA,45,-0.23900275447480368,-0.33356204794544436,1.16311610437482,0.80163449835333,0.2442268978548383,8.679723606519474e-13,240,8.788259009406829e-11,192
SecurityPatrol,neural,45,GDA,50,-0.23265943887266577,-0.38627927527232575,1.2090261162988978,0.8203253352823188,0.2459792427576801,8.606448886894214e-13,240,8.647516036575098e-11,192
SecurityPatrol,neural,45,GDA,55,-0.22928875130473347,-0.4300827378477752,1.2434233264402275,0.8399808659738397,0.24671414780863665,8.500977699554824e-13,240,8.470091295009752e-11,192
SecurityPatrol,neural,45,GDA,60,-0.22902699450580694,-0.46296324159512053,1.265248833765676,0.8537307466616563,0.24642378049999972,8.379963389870682e-13,240,8.289458008903239e-11,192
SecurityPatrol,neural,45,Adam-GDA,0,-0.2555652433176635,-0.7163572587218971,1.4894212252721282,0.9514398076819167,0.2351581563944297,8.93951579428176e-13,239,8.900813419643328e-11,191
SecurityPatrol,neural,45,Adam-GDA,5,-0.030993471696533253,-0.7150726683514688,2.754348704519747,2.2170164715639773,1.397782314982924,8.251177519014163e-13,249,8.102585269398332e-11,204
SecurityPatrol,neural,45,Adam-GDA,10,-0.053317869764155035,-2.80658018949274,3.2866597367259276,2.818432375416346,2.4289712674215185,8.277822871605167e-13,252,8.834577513994191e-11,207
SecurityPatrol,neural,45,Adam-GDA,15,-1.3646238012809238,-3.3134020080680875,4.567245549369576,4.138866593754125,2.7625615274504747,8.806289031326742e-13,253,8.657741190631896e-11,209
SecurityPatrol,neural,45,Adam-GDA,20,-0.7803253184471542,-2.0999871743391187,4.343745691874768,3.839755625323632,2.5302659466759376,8.162359677044151e-13,250,8.36584135299745e-11,205
SecurityPatrol,neural,45,Adam-GDA,25,0.565545561903593,-2.3031548074087826,5.5191949262813065,5.101378142023059,2.224581817300792,8.544276397515205e-13,253,8.202238888088687e-11,209
SecurityPatrol,neural,45,Adam-GDA,30,1.0872286670436264,-3.1922549796359814,6.636304996513433,6.3223930507739325,3.8911083659084023,8.233413950620161e-13,254,8.915224114502962e-11,209
SecurityPatrol,neural,45,Adam-GDA,35,-0.7550348248050045,-4.398817554187206,9.052747410429218,8.754292032950529,2.9510063653994023,8.233413950620161e-13,257,8.23012769046727e-11,213
SecurityPatrol,neural,45,Adam-GDA,40,-2.7644909419894637,-4.770970548986167,12.223208173187242,12.055778328793998,2.7014142773682988,8.517631044924201e-13,261,8.714273747045809e-11,217
SecurityPatrol,neural,45,Adam-GDA,45,-0.871270287792457,-4.766362427993311,12.735390722638316,12.617500613152972,5.509168494881235,8.215650382226158e-13,262,8.433254095052689e-11,218
SecurityPatrol,neural,45,Adam-GDA,50,3.17708665852471,-4.207338189827474,12.198314811875672,12.082699076642868,4.177436189662589,8.242295734817162e-13,262,8.460254719011573e-11,218
SecurityPatrol,neural,45,Adam-GDA,55,7.339268566115397,-4.571205137229552,12.56534394285693,12.516852007412476,1.701304376637009,8.251177519014163e-13,262,8.464162704058253e-11,218
SecurityPatrol,neural,45,Adam-GDA,60,7.906679329237562,-4.968594917423165,12.963411853250498,12.991482060594441,0.198804328433292,8.22453216642316e-13,262,8.465317336003864e-11,218
SecurityPatrol,neural,45,EGM,0,-0.2555652433176635,-0.7163572587218971,1.4894212252721282,0.9514398076819167,0.2351581563944297,8.93951579428176e-13,239,8.900813419643328e-11,191
SecurityPatrol,neural,45,EGM,5,-0.25931511820392805,-0.7326888348232379,1.513986383835169,0.9611119513085489,0.2333882360016833,8.140155216551648e-13,240,8.913020321799081e-11,191
SecurityPatrol,neural,45,EGM,10,-0.26345354095323315,-0.7225064004192389,1.5145524570749145,0.9558855721388915,0.2318124190317931,8.26561041833429e-13,240,8.106904036964124e-11,192
SecurityPatrol,neural,45,EGM,15,-0.2666273370033438,-0.6865812841888911,1.4891971629057719,0.9353115157041213,0.2301345163812906,8.382183835919932e-13,240,8.24245116604061e-11,192
SecurityPatrol,neural,45,EGM,20,-0.26770101329120055,-0.6267380392794711,1.4390313829558656,0.9017560394831468,0.2283637120299136,8.490985692333197e-13,240,8.401457307627425e-11,192
SecurityPatrol,neural,45,EGM,25,-0.26601064427896426,-0.5459855810877652,1.366292216685896,0.8610429257028396,0.22675257996418544,8.575362642204709e-13,240,8.556633179779283e-11,192
SecurityPatrol,neural,45,EGM,30,-0.26153944535526835,-0.4486221512840666,1.27455150128338,0.8223119304866839,0.22561394211354596,8.638645354608343e-13,240,8.680245411341048e-11,192
SecurityPatrol,neural,45,EGM,35,-0.2549506829067021,-0.352291464841705,1.1808948693047012,0.7954772862175636,0.2250974318558632,8.668621376273222e-13,240,8.747458313251855e-11,192
SecurityPatrol,neural,45,EGM,40,-0.24743744639474563,-0.30940366311180395,1.1374549349121184,0.7859292460013272,0.2250516406913733,8.661960038125471e-13,240,8.743772372810099e-11,192
SecurityPatrol,neural,45,EGM,45,-0.24040212257983606,-0.3244884532460656,1.148832672861895,0.7914009084440622,0.2250691595651357,8.621992009238966e-13,240,8.671130480308875e-11,192
SecurityPatrol,neural,45,EGM,50,-0.23504748435862333,-0.37004849552042657,1.1879504983372446,0.8047139760361349,0.22469854121222824,8.553158181712206e-13,240,8.54707415953726e-11,192
SecurityPatrol,neural,45,EGM,55,-0.2320145173988439,-0.40704769010347736,1.216467275054382,0.8183780425678966,0.22369052252894428,8.459899447643693e-13,240,8.39739944247242e-11,192
SecurityPatrol,neural,45,EGM,60,-0.2312029067625483,-0.4329465559567362,1.232687578185363,0.8270436152247245,0.2221238748787258,8.351097591230427e-13,240,8.247996730048612e-11,192
SecurityPatrol,neural,45,PPM-3,0,-0.2555652433176635,-0.7163572587218971,1.4894212252721282,0.9514398076819167,0.2351581563944297,8.93951579428176e-13,239,8.900813419643328e-11,191
SecurityPatrol,neural,45,PPM-3,5,-0.25930154120069626,-0.7326865219717581,1.5139621747543175,0.9611050947297974,0.23339598027222463,8.141265439576273e-13,240,8.912892646151249e-11,191
SecurityPatrol,neural,45,PPM-3,10,-0.2634276480086143,-0.7226145442236662,1.5146158726895163,0.9559380992219142,0.23182752810961824,8.266720641358916e-13,240,8.106393334372797e-11,192
SecurityPatrol,neural,45,PPM-3,15,-0.26659865300560115,-0.6869085226278946,1.4894596618714355,0.9354864363376452,0.230157970060529,8.381073612895307e-13,240,8.241418658627708e-11,192
SecurityPatrol,neural,45,PPM-3,20,-0.2676847341051843,-0.6273797060438051,1.439596122919815,0.902085586481586,0.22839531148213538,8.486544800234697e-13,240,8.400002915465166e-11,192
SecurityPatrol,neural,45,PPM-3,25,-0.2660223650888764,-0.5470114557899842,1.3672422788795306,0.8614941406936127,0.22678970346213928,8.575362642204709e-13,240,8.554956743012099e-11,192
SecurityPatrol,neural,45,PPM-3,30,-0.2615883222689758,-0.4500616425201439,1.2759341682601493,0.8227635020437585,0.22565291645177682,8.639755577632968e-13,240,8.678824325869527e-11,192
SecurityPatrol,neural,45,PPM-3,35,-0.2550333194339368,-0.35344763321764644,1.1820330761186142,0.7957568611144705,0.22513722877279602,8.667511153248597e-13,240,8.746858792818557e-11,192
SecurityPatrol,neural,45,PPM-3,40,-0.247535468974999,-0.3101130444854534,1.1382031486408488,0.7859253062730284,0.2250974203671674,8.663070261150096e-13,240,8.744471813315613e-11,192
SecurityPatrol,neural,45,PPM-3,45,-0.24048578620592628,-0.3235413144742233,1.1479927889717838,0.7911392217438934,0.22513237312909032,8.624212455288216e-13,240,8.67330651743714e-11,192
SecurityPatrol,neural,45,PPM-3,50,-0.23508535802199595,-0.36909122401898825,1.1871708336341553,0.8043254867805472,0.22479235989002724,8.553158181712206e-13,240,8.550471441992613e-11,192
SecurityPatrol,neural,45,PPM-3,55,-0.23198604082866392,-0.40626625854654097,1.2159248433605243,0.8180257095471579,0.2238230267120031,8.462119893692943e-13,240,8.401479512087917e-11,192
SecurityPatrol,neural,45,PPM-3,60,-0.23110825495183004,-0.43246243253741995,1.2324854990717102,0.8268694760493702,0.22229359539860782,8.354428260304303e-13,240,8.252087901894356e-11,192
SecurityPatrol,neural,46,QP+G,0,-0.27790953561826326,-0.6272265982376963,1.4954326534620863,0.9944807968850219,0.3315891161218984,8.169021015191902e-13,241,8.37099278783171e-11,193
SecurityPatrol,neural,46,QP+G,5,-0.2708332447357239,-0.5375560627007053,1.3556767315781415,0.8656501627430975,0.23157117776697964,8.555378627761456e-13,240,8.413802987661256e-11,192
SecurityPatrol,neural,46,QP+G,10,-0.26770297459385545,-0.45088129258653514,1.2469645385508323,0.8001445065830377,0.1749850365726888,8.318901123516298e-13,240,8.919009975016934e-11,191
SecurityPatrol,neural,46,QP+G,15,-0.2650497377635871,-0.3926304456235446,1.1781067519662696,0.7712150025752134,0.1457597489057212,8.203437928955282e-13,240,8.764938774774578e-11,191
SecurityPatrol,neural,46,QP+G,20,-0.26253878851023127,-0.37528227477547815,1.1567210325771358,0.7599490285634641,0.13248167653923276,8.15791878494565e-13,240,8.723188837933549e-11,191
SecurityPatrol,neural,46,QP+G,25,-0.2601356270300731,-0.37128373673707527,1.1518692866780307,0.7556098621291996,0.12749956559847483,8.152367669822524e-13,240,8.721035005265776e-11,191
SecurityPatrol,neural,46,QP+G,30,-0.2577907609883997,-0.36839463950042367,1.148407336329823,0.7527484096599879,0.12716651895977976,8.143485885625523e-13,240,8.719219790620514e-11,191
SecurityPatrol,neural,46,QP+G,35,-0.25545052774178656,-0.3643749851063961,1.1435489947715551,0.7502847997637331,0.12807639396655843,8.133493878403897e-13,240,8.714118315822361e-11,191
SecurityPatrol,neural,46,QP+G,40,-0.25307963424362423,-0.3610105054725654,1.1401450319947375,0.7487596875143903,0.12910455656073966,8.133493878403897e-13,240,8.716444233058951e-11,191
SecurityPatrol,neural,46,QP+G,45,-0.25194078587645696,-0.3614423930248799,1.1409621831131327,0.7483160261723891,0.12962404614499914,8.137934770502397e-13,240,8.720602018286172e-11,191
SecurityPatrol,neural,46,QP+G,50,-0.2519346144044802,-0.36145542218049936,1.1409791782894756,0.7483142732383021,0.1296265348559786,8.137934770502397e-13,240,8.720640876092034e-11,191
SecurityPatrol,neural,46,QP+G,55,-0.25193459797719653,-0.361455460934989,1.1409792295722396,0.7483142691075857,0.12962654072785973,8.137934770502397e-13,240,8.720629773861788e-11,191
SecurityPatrol,neural,46,QP+G,60,-0.25193459792812223,-0.3614554610439119,1.1409792297152666,0.7483142690943405,0.12962654074668448,8.137934770502397e-13,240,8.720640876092034e-11,191
SecurityPatrol,neural,46,noG,0,-0.27790953561826326,-0.6272265982376963,1.4954326534620863,0.9944807968850219,0.3315891161218984,8.169021015191902e-13,241,8.37099278783171e-11,193
SecurityPatrol,neural,46,noG,5,-0.27159877660096293,-0.6624929293340862,1.5198139313922483,0.9793380026965761,0.32953841456022054,8.953948693601887e-13,240,8.235456760985471e-11,193
SecurityPatrol,neural,46,noG,10,-0.2652953481247345,-0.6795502851250156,1.5141822581252968,0.9648401282561164,0.32713049068778133,8.706368959110478e-13,240,8.884892821470203e-11,192
SecurityPatrol,neural,46,noG,15,-0.26070743003765395,-0.6759081000942365,1.4777829436522112,0.9449080849991458,0.3234710408723823,8.353318037279678e-13,240,8.543127316684718e-11,192
SecurityPatrol,neural,46,noG,20,-0.2585132353059986,-0.648827361742914,1.4282113078618774,0.9197094440475172,0.3184306908518415,8.131273432354647e-13,240,8.206146873135367e-11,192
SecurityPatrol,neural,46,noG,25,-0.2581006942774936,-0.596204815234121,1.3566260012546392,0.89608037333777,0.31280132147355044,8.806289031326742e-13,239,8.872202972298737e-11,191
SecurityPatrol,neural,46,noG,30,-0.25797319807103936,-0.5524303073289221,1.3214043797563666,0.8821747792106227,0.30798965970286263,8.908429549592256e-13,239,8.823763941734342e-11,191
SecurityPatrol,neural,46,noG,35,-0.25700628342439474,-0.552654612867032,1.3372440475104885,0.8802683557086021,0.3054390121705364,8.180123245438153e-13,240,8.887612867880534e-11,191
SecurityPatrol,neural,46,noG,40,-0.2565401033840219,-0.5545513680486138,1.3423843637315862,0.8809238403316425,0.3048368898363087,8.213429936176908e-13,240,8.909800675027668e-11,191
SecurityPatrol,neural,46,noG,45,-0.2564259080869098,-0.5549069604969898,1.3433928403160573,0.881123112929321,0.3047067610673236,8.221201497349284e-13,240,8.914657900760403e-11,191
SecurityPatrol,neural,46,noG,50,-0.2564002697169847,-0.5549786879493022,1.3436050980656407,0.8811694434721609,0.304678280670615,8.223421943398534e-13,240,8.915712612633797e-11,191
SecurityPatrol,neural,46,noG,55,-0.25639460995787033,-0.5549941418672067,1.3436512898380988,0.8811797453789998,0.30467202802100984,8.222311720373909e-13,240,8.915956861699215e-11,191
SecurityPatrol,neural,46,noG,60,-0.2563933650410198,-0.5549975228612342,1.3436614182410636,0.8811820149398499,0.3046706543475672,8.223421943398534e-13,240,8.915995719505077e-11,191
SecurityPatrol,neural,46,GDA,0,-0.27790953561826326,-0.6272265982376963,1.4954326534620863,0.9944807968850219,0.3315891161218984,8.169021015191902e-13,241,8.37099278783171e-11,193
SecurityPatrol,neural,46,GDA,5,-0.27159877660096293,-0.6624929293340862,1.5198139313922483,0.9793380026965761,0.32953841456022054,8.953948693601887e-13,240,8.235456760985471e-11,193
SecurityPatrol,neural,46,GDA,10,-0.2652953481247345,-0.6795502851250156,1.5141822581252968,0.9648401282561164,0.32713049068778133,8.706368959110478e-13,240,8.884892821470203e-11,192
SecurityPatrol,neural,46,GDA,15,-0.26070743003765395,-0.6759081000942365,1.4777829436522112,0.9449080849991458,0.3234710408723823,8.353318037279678e-13,240,8.543127316684718e-11,192
SecurityPatrol,neural,46,GDA,20,-0.2585132353059986,-0.648827361742914,1.4282113078618774,0.9197094440475172,0.3184306908518415,8.131273432354647e-13,240,8.206146873135367e-11,192
SecurityPatrol,neural,46,GDA,25,-0.2581006942774936,-0.596204815234121,1.3566260012546392,0.89608037333777,0.31280132147355044,8.806289031326742e-13,239,8.872202972298737e-11,191
SecurityPatrol,neural,46,GDA,30,-0.25797319807103936,-0.5524303073289221,1.3214043797563666,0.8821747792106227,0.30798965970286263,8.908429549592256e-13,239,8.823763941734342e-11,191
SecurityPatrol,neural,46,GDA,35,-0.25661088555983974,-0.5548789134403301,1.3426284176028935,0.8813393303563617,0.30532977144320633,8.213429936176908e-13,240,8.910172599740918e-11,191
SecurityPatrol,neural,46,GDA,40,-0.2533377520753461,-0.6111833647142226,1.410145903889597,0.8925089578430238,0.3053092154342344,8.333334022836425e-13,240,8.118011818325499e-11,192
SecurityPatrol,neural,46,GDA,45,-0.2487327742114524,-0.6591889320066573,1.4605273684920532,0.9110685409751351,0.30717775350226495,8.363310044501304e-13,240,8.174283472328625e-11,192
SecurityPatrol,neural,46,GDA,50,-0.24434678342062388,-0.690496375275014,1.4865619036791449,0.9298681752894811,0.3092819155264238,8.29780688604842e-13,240,8.178019372806489e-11,192
SecurityPatrol,neural,46,GDA,55,-0.24184760077031714,-0.7028897382831517,1.5063673789383132,0.9431610496123869,0.30997955251825793,8.382183835919932e-13,240,8.166767262451913e-11,192
SecurityPatrol,neural,46,GDA,60,-0.24204530155350612,-0.6935966219106855,1.5029595535719897,0.9479978190440985,0.30855142255169454,8.451017663446692e-13,240,8.192357903169523e-11,192
SecurityPatrol,neural,46,Adam-GDA,0,-0.27790953561826326,-0.6272265982376963,1.4954326534620863,0.9944807968850219,0.3315891161218984,8.169021015191902e-13,241,8.37099278783171e-11,193
SecurityPatrol,neural,46,Adam-GDA,5,-0.15119638218309409,-1.212052296911982,3.406885983018628,2.8068921977755616,1.617754623255008,8.872902412804251e-13,249,8.75828298774195e-11,204
SecurityPatrol,neural,46,Adam-GDA,10,-0.04423487059053378,-2.7028128174429025,4.531960436862024,4.067141990526923,3.2447250683021958,8.841816168114747e-13,251,8.456435551806862e-11,207
SecurityPatrol,neural,46,Adam-GDA,15,-0.874124448146747,-3.0432416057426526,6.880099861794354,6.457702763906143,3.6742230013129684,8.313350008393172e-13,255,8.874501133959711e-11,210
SecurityPatrol,neural,46,Adam-GDA,20,0.7086117511899098,-3.1946788715730774,6.941980387903642,6.527388639290825,4.792057397212625,8.988365607365267e-13,254,8.666978246196777e-11,210
SecurityPatrol,neural,46,Adam-GDA,25,-2.350321370700037,-3.8232178636956045,9.99370590335187,9.730956082492128,3.7472826221357347,8.713030297258229e-13,259,8.754241775932314e-11,215
SecurityPatrol,neural,46,Adam-GDA,30,-2.4988374025260165,-3.7692653797673037,11.580920960277986,11.396285859380711,4.830495837049128,8.926193117986259e-13,261,8.243983273814592e-11,218
SecurityPatrol,neural,46,Adam-GDA,35,2.4837175172596515,-3.8424401258896097,11.788873825131217,11.616632998581814,5.507173730725052,8.180123245438153e-13,262,8.405098839148195e-11,218
SecurityPatrol,neural,46,Adam-GDA,40,5.883198096255421,-4.642990249409545,12.605221665342658,12.546684383244035,3.5697396129236476,8.215650382226158e-13,262,8.424727582223568e-11,218
SecurityPatrol,neural,46,Adam-GDA,45,7.806835005175442,-5.268563417743886,13.215638046798436,13.191552255390214,0.5063337591048941,8.189005029635155e-13,262,8.406608742461685e-11,218
SecurityPatrol,neural,46,Adam-GDA,50,7.819851010298164,-5.334427020385678,13.17533303253091,13.157214880278946,0.754855458220748,8.952838470577262e-13,261,8.282885488597458e-11,218
SecurityPatrol,neural,46,Adam-GDA,55,6.743379014524896,-5.341668936135463,12.093020569178275,12.019062526393327,3.7382896868038804,8.597567102697212e-13,260,8.730793865652231e-11,216
SecurityPatrol,neural,46,Adam-GDA,60,2.758267518525508,-5.343392772898094,11.161229572212532,11.064488967415645,5.95283278648284,8.313350008393172e-13,259,8.399236861578174e-11,215
SecurityPatrol,neural,46,EGM,0,-0.27790953561826326,-0.6272265982376963,1.4954326534620863,0.9944807968850219,0.3315891161218984,8.169021015191902e-13,241,8.37099278783171e-11,193
SecurityPatrol,neural,46,EGM,5,-0.271591062137371,-0.6583619811922767,1.5133886587739263,0.9747438592256024,0.32591922851833593,8.929523787060134e-13,240,8.206468837812508e-11,193
SecurityPatrol,neural,46,EGM,10,-0.26560385342233683,-0.6704787695467932,1.5012141690608716,0.955402080295815,0.3199519533412404,8.667511153248597e-13,240,8.829614817074116e-11,192
SecurityPatrol,neural,46,EGM,15,-0.26137700522707996,-0.6613997551825807,1.4607266406866064,0.9309791635084196,0.3128951429695675,8.328893130737924e-13,240,8.48209280590595e-11,192
SecurityPatrol,neural,46,EGM,20,-0.25923509676354795,-0.6291578088950928,1.4054360683552485,0.9024021053317679,0.3047349873020788,8.997247391562269e-13,239,8.155753850047631e-11,192
SecurityPatrol,neural,46,EGM,25,-0.25840950458482365,-0.5728762535895653,1.3311031805579772,0.8763715574310864,0.2962797329054969,8.778533455711113e-13,239,8.826539499295905e-11,191
SecurityPatrol,neural,46,EGM,30,-0.257592141973021,-0.5279156604815738,1.2912365783560906,0.8601036365264616,0.28879120462746444,8.842926391139372e-13,239,8.761291692138684e-11,191
SecurityPatrol,neural,46,EGM,35,-0.2557111064221108,-0.5280192479083146,1.3068844403629178,0.8564372207803179,0.2833443324513647,8.12350187118227e-13,240,8.805906004383246e-11,191
SecurityPatrol,neural,46,EGM,40,-0.25251585192513754,-0.5819957441097157,1.36914921303574,0.8639198119752605,0.28021313860931785,8.212319713152283e-13,240,8.87115936265559e-11,191
SecurityPatrol,neural,46,EGM,45,-0.24867798231704064,-0.6239984096421153,1.4115364251855378,0.8777374516817449,0.27866874532191577,8.216760605250784e-13,240,8.907186099804676e-11,191
SecurityPatrol,neural,46,EGM,50,-0.2453745532762521,-0.6491157557285359,1.4405224780164332,0.891496902447236,0.2773800473958166,8.252287742038789e-13,240,8.914391447234493e-11,191
SecurityPatrol,neural,46,EGM,55,-0.2435950179103315,-0.6555746899005285,1.4534819463373185,0.9002318028153733,0.2751728128217882,8.324452238639424e-13,240,8.926798189534679e-11,191
SecurityPatrol,neural,46,EGM,60,-0.24355904982912188,-0.641631568225838,1.4445824736257948,0.9012596848622131,0.27164154216249853,8.382183835919932e-13,240,8.978162657768962e-11,191
SecurityPatrol,neural,46,PPM-3,0,-0.27790953561826326,-0.6272265982376963,1.4954326534620863,0.9944807968850219,0.3315891161218984,8.169021015191902e-13,241,8.37099278783171e-11,193
SecurityPatrol,neural,46,PPM-3,5,-0.2716083208322775,-0.6582755470268524,1.513352518700128,0.9747754316116605,0.3259415595223705,8.928413564035509e-13,240,8.207046153785313e-11,193
SecurityPatrol,neural,46,PPM-3,10,-0.26562678527854927,-0.6703717052375477,1.5012731608519574,0.9554596935694403,0.32000001606186407,8.667511153248597e-13,240,8.831602116288195e-11,192
SecurityPatrol,neural,46,PPM-3,15,-0.261383033387785,-0.6613796874217057,1.4609004596991595,0.9311026603328184,0.3129762030278144,8.331113576787175e-13,240,8.485490088361303e-11,192
SecurityPatrol,neural,46,PPM-3,20,-0.25920903109128457,-0.6293716559391709,1.405880807407349,0.9026050393924206,0.30485106691585495,8.999467837611519e-13,239,8.159550812791849e-11,192
SecurityPatrol,neural,46,PPM-3,25,-0.25835718811628033,-0.5734885982722875,1.3320258401384573,0.8765974090340694,0.2964205481925517,8.782974347809613e-13,239,8.829115216713035e-11,191
SecurityPatrol,neural,46,PPM-3,30,-0.2575397480622251,-0.5283348962226961,1.2912919970830385,0.8602750308633407,0.2889351120214453,8.839595722065496e-13,239,8.761069647533759e-11,191
SecurityPatrol,neural,46,PPM-3,35,-0.25568972438081994,-0.5280377507178508,1.306590011938582,0.8565050773140295,0.2834692052350962,8.120171202108395e-13,240,8.803802131751581e-11,191
SecurityPatrol,neural,46,PPM-3,40,-0.25254061887349344,-0.5814270045675017,1.3683894713423972,0.863861617117468,0.28031211038883824,8.211209490127658e-13,240,8.868855649879492e-11,191
SecurityPatrol,neural,46,PPM-3,45,-0.2487351624671262,-0.6236110038899784,1.4111411548255521,0.8775837874899148,0.27875935144683106,8.216760605250784e-13,240,8.905876036635618e-11,191
SecurityPatrol,neural,46,PPM-3,50,-0.2454260118169504,-0.648974788568814,1.4402226919987031,0.8913241184008658,0.2774973289593626,8.250067295989538e-13,240,8.914202709320307e-11,191
SecurityPatrol,neural,46,PPM-3,55,-0.2435991215997793,-0.6557842043077039,1.453582070324205,0.9001204439305603,0.27534895393615566,8.323342015614799e-13,240,8.926792638419556e-11,191
SecurityPatrol,neural,46,PPM-3,60,-0.2434960173245348,-0.6423231375672215,1.445217068453819,0.901286729413551,0.2718859810999363,8.382183835919932e-13,240,8.977185661507292e-11,191
SecurityPatrol,neural,47,QP+G,0,-0.30719234240057586,-0.6725962202267598,1.6765067986369226,1.11792674226804,0.3978008595725719,8.507639037702575e-13,242,8.31430480019435e-11,195
SecurityPatrol,neural,47,QP+G,5,-0.2758636008003441,-0.4035664278410752,1.3280607366149417,0.9129604409574036,0.26796433145032966,8.700817843987352e-13,241,8.25921553371245e-11,194
SecurityPatrol,neural,47,QP+G,10,-0.26505631433033366,-0.3455030991649342,1.227417680308378,0.8465832538470224,0.18998988481770698,8.302247778146921e-13,241,8.479461577337588e-11,193
SecurityPatrol,neural,47,QP+G,15,-0.2621953690149966,-0.35053244896326385,1.2091919022453306,0.8191743860312675,0.14868283646110209,8.976153154094391e-13,240,8.991452027373725e-11,192
SecurityPatrol,neural,47,QP+G,20,-0.2603202321324716,-0.34645764305639215,1.189446680609223,0.8041112858439291,0.12990991584014783,8.805178808302117e-13,240,8.768485937338255e-11,192
SecurityPatrol,neural,47,QP+G,25,-0.25839750319882926,-0.33493765470353515,1.1672644673644632,0.7945263712044044,0.12306942355138495,8.6897156137411e-13,240,8.653622263210536e-11,192
SecurityPatrol,neural,47,QP+G,30,-0.2563299952289455,-0.32321361043305147,1.1484397351364546,0.7878294474263406,0.12183720317961913,8.613110225041964e-13,240,8.59351478865733e-11,192
SecurityPatrol,neural,47,QP+G,35,-0.25404123673852924,-0.3186721079871827,1.1391804982823892,0.7828625540312597,0.12317248447222726,8.560929742884582e-13,240,8.558520558921145e-11,192
SecurityPatrol,neural,47,QP+G,40,-0.2515401974050656,-0.31553329729551,1.1328275534555892,0.7790256446699073,0.12575658268799494,8.523182160047327e-13,240,8.534239981372593e-11,192
SecurityPatrol,neural,47,QP+G,45,-0.24883798540485108,-0.31739259997896047,1.1323491340419019,0.7759915388715577,0.12904462271864955,8.497647030480948e-13,240,8.513822979949737e-11,192
SecurityPatrol,neural,47,QP+G,50,-0.24799770382597586,-0.32064616161533643,1.1343655710049703,0.7746321230525782,0.1305665637873094,8.482103908136196e-13,240,8.498046710769813e-11,192
SecurityPatrol,neural,47,QP+G,55,-0.2476480328771862,-0.32270643235550217,1.13538578578107,0.7736676110256057,0.1316354948365908,8.471001677889944e-13,240,8.483214131160821e-11,192
SecurityPatrol,neural,47,QP+G,60,-0.2472933579151754,-0.3245554488586362,1.1362060218512497,0.7727499670907417,0.1327429406665869,8.461009670668318e-13,240,8.468303835940105e-11,192
SecurityPatrol,neural,47,noG,0,-0.30719234240057586,-0.6725962202267598,1.6765067986369226,1.11792674226804,0.3978008595725719,8.507639037702575e-13,242,8.31430480019435e-11,195
SecurityPatrol,neural,47,noG,5,-0.29033498090906057,-0.4873072055390394,1.5201991855098957,1.0439130766852476,0.4012841373338827,8.755218772193984e-13,242,8.688494368414013e-11,195
SecurityPatrol,neural,47,noG,10,-0.2690318078722119,-0.33966377078609045,1.381607587515587,1.0086119426585811,0.40620105240563403,8.832934383917745e-13,242,8.811784635298636e-11,195
SecurityPatrol,neural,47,noG,15,-0.26568196663478505,-0.3442814258244988,1.3858251571446805,1.0072880417729655,0.40674195675071223,8.828493491819245e-13,242,8.806266826866249e-11,195
SecurityPatrol,neural,47,noG,20,-0.26551498948025243,-0.3447720924486109,1.3862824177659645,1.0072471225981607,0.40676513973773676,8.830713937868495e-13,242,8.805811635426153e-11,195
SecurityPatrol,neural,47,noG,25,-0.26550654470127794,-0.34479691601430656,1.3863055178662458,1.0072451153955475,0.4067663026055885,8.828493491819245e-13,242,8.805778328735414e-11,195
SecurityPatrol,neural,47,noG,30,-0.26550611728482076,-0.34479817243349065,1.3863066869685192,1.0072450139640614,0.4067663614373535,8.830713937868495e-13,242,8.805778328735414e-11,195
SecurityPatrol,neural,47,noG,35,-0.2655060956511158,-0.3447982360272637,1.386306746142519,1.007245008830508,0.4067663644150628,8.828493491819245e-13,242,8.80578943096566e-11,195
SecurityPatrol,neural,47,noG,40,-0.26550609455611524,-0.34479823924609365,1.3863067491376393,1.0072450085706701,0.40676636456578064,8.828493491819245e-13,242,8.805778328735414e-11,195
SecurityPatrol,neural,47,noG,45,-0.265506094500653,-0.3447982394091292,1.386306749289344,1.0072450085575133,0.4067663645734147,8.830713937868495e-13,242,8.805778328735414e-11,195
SecurityPatrol,neural,47,noG,50,-0.2655060944979195,-0.34479823941716364,1.3863067492968195,1.007245008556862,0.4067663645737908,8.830713937868495e-13,242,8.80578943096566e-11,195
SecurityPatrol,neural,47,noG,55,-0.26550609449775814,-0.34479823941763915,1.3863067492972632,1.0072450085568225,0.4067663645738134,8.828493491819245e-13,242,8.805778328735414e-11,195
SecurityPatrol,neural,47,noG,60,-0.26550609449775814,-0.34479823941763915,1.3863067492972632,1.0072450085568225,0.4067663645738134,8.828493491819245e-13,242,8.805778328735414e-11,195
SecurityPatrol,neural,47,GDA,0,-0.30719234240057586,-0.6725962202267598,1.6765067986369226,1.11792674226804,0.3978008595725719,8.507639037702575e-13,242,8.31430480019435e-11,195
SecurityPatrol,neural,47,GDA,5,-0.29033498090906057,-0.4873072055390394,1.5201991855098957,1.0439130766852476,0.4012841373338827,8.755218772193984e-13,242,8.688494368414013e-11,195
SecurityPatrol,neural,47,GDA,10,-0.2670743853472536,-0.34045530219906633,1.382450245138322,1.007975567045206,0.4068116282656601,8.832934383917745e-13,242,8.812472973573904e-11,195
SecurityPatrol,neural,47,GDA,15,-0.2431734050289639,-0.43970702367412506,1.4694178040730814,1.0263726108391433,0.4125913639916763,8.727463196578356e-13,242,8.646872107220815e-11,195
SecurityPatrol,neural,47,GDA,20,-0.2251321049440062,-0.5480531934167118,1.544830020662133,1.0718052589177471,0.4157248684842912,8.448797217397441e-13,242,8.233724813067056e-11,195
SecurityPatrol,neural,47,GDA,25,-0.21786731589464864,-0.6604200742228267,1.6067924020435107,1.1139182900754026,0.4139034316666499,8.911760218666132e-13,241,8.531542139422754e-11,194
SecurityPatrol,neural,47,GDA,30,-0.22266161847145496,-0.7509942739005393,1.6518760626091553,1.1390541735042832,0.4069102516420989,8.485434577210071e-13,241,8.774903026420589e-11,193
SecurityPatrol,neural,47,GDA,35,-0.23664231701817434,-0.8098865627730525,1.6768918820337522,1.1435270501341792,0.3967069288150894,8.156808561921025e-13,241,8.699130304989922e-11,193
SecurityPatrol,neural,47,GDA,40,-0.2541844450151912,-0.8322783562956797,1.6640053511685204,1.131828334055247,0.38603709471867276,8.681944052568724e-13,240,8.844824872511481e-11,193
SecurityPatrol,neural,47,GDA,45,-0.2693368725029105,-0.8178147142959699,1.6633026906809993,1.1116283850546518,0.3767127200923105,8.826273045769994e-13,240,8.501266357541226e-11,193
SecurityPatrol,neural,47,GDA,50,-0.2778643951590085,-0.7699106935272619,1.634254544613936,1.0777520371404705,0.3689215587615457,8.120171202108395e-13,241,8.161626929847898e-11,193
SecurityPatrol,neural,47,GDA,55,-0.27808662456439703,-0.6934698535520497,1.571549135308358,1.027614368128406,0.36184115256896593,8.248957072964913e-13,241,8.486900071602577e-11,193
SecurityPatrol,neural,47,GDA,60,-0.2706084818351623,-0.5939482299099087,1.4805756608677854,0.9680805456245993,0.35472727727480724,8.328893130737924e-13,241,8.795142392159505e-11,193
SecurityPatrol,neural,47,Adam-GDA,0,-0.30719234240057586,-0.6725962202267598,1.6765067986369226,1.11792674226804,0.3978008595725719,8.507639037702575e-13,242,8.31430480019435e-11,195
SecurityPatrol,neural,47,Adam-GDA,5,-0.02396811013599657,-1.8736467424449452,2.887273537317663,2.351862036720912,1.4062187340216348,8.422151864806438e-13,248,8.485323554907609e-11,203
SecurityPatrol,neural,47,Adam-GDA,10,-0.8560773653404223,-2.97801165562417,4.760251380036598,4.219645397951702,2.497239387840926,8.841816168114747e-13,252,8.382539107287812e-11,208
SecurityPatrol,neural,47,Adam-GDA,15,-0.33356386096581014,-2.2461748136563044,4.924876869391108,4.393782523910346,3.1059115153333647,8.788525462932739e-13,251,8.213918434307743e-11,207
SecurityPatrol,neural,47,Adam-GDA,20,-0.3047872045103722,-2.124629424155496,7.8164885201559375,7.41005584435134,3.163029393983554,8.93507490218326e-13,258,8.930811645768699e-11,214
SecurityPatrol,neural,47,Adam-GDA,25,2.5858679005269174,-3.100910377603102,10.088616802395128,9.8052298939174,4.5477428514038944,8.890665981198254e-13,260,8.120082384266425e-11,217
SecurityPatrol,neural,47,Adam-GDA,30,4.133539153033475,-4.569758112764895,9.451378667573001,9.22322881643473,5.019645323388795,8.499867476530198e-13,257,8.459544176275813e-11,213
SecurityPatrol,neural,47,Adam-GDA,35,0.7535089483739394,-4.999094280742778,8.369360802400763,8.189462220032953,3.462918118483834,8.668621376273222e-13,257,8.985256982896317e-11,213
SecurityPatrol,neural,47,Adam-GDA,40,-2.841366634036022,-5.037073896388551,8.030470384945907,7.839993349793058,3.1590848263888884,8.72191208145523e-13,257,8.162182041360211e-11,214
SecurityPatrol,neural,47,Adam-GDA,45,-4.041147610693891,-5.043820498526152,9.155890971419652,9.023974213990229,0.5335459663788051,8.730793865652231e-13,257,8.175504717655713e-11,214
SecurityPatrol,neural,47,Adam-GDA,50,-4.20209531637727,-5.045837920213126,9.45132253031815,9.317482213678414,0.40057126877204297,8.730793865652231e-13,257,8.179501520544363e-11,214
SecurityPatrol,neural,47,Adam-GDA,55,-4.294923551109244,-5.046642008946272,10.240563527090238,10.112983846465248,0.2705596257458927,8.162359677044151e-13,258,8.181100241699824e-11,214
SecurityPatrol,neural,47,Adam-GDA,60,-4.350547469829385,-5.047016467062567,10.772938796364556,10.66105011172207,0.22641315997901046,8.988365607365267e-13,258,8.110667693017604e-11,215
SecurityPatrol,neural,47,EGM,0,-0.30719234240057586,-0.6725962202267598,1.6765067986369226,1.11792674226804,0.3978008595725719,8.507639037702575e-13,242,8.31430480019435e-11,195
SecurityPatrol,neural,47,EGM,5,-0.2896888758026042,-0.4840769471970165,1.5130419410478002,1.03829003177208,0.3964175888355596,8.72191208145523e-13,242,8.635969717118996e-11,195
SecurityPatrol,neural,47,EGM,10,-0.26692014927137997,-0.34120296011110895,1.3749538595769515,0.9986228919500225,0.39657314545751376,8.764100556390986e-13,242,8.700207221323808e-11,195
SecurityPatrol,neural,47,EGM,15,-0.2447645119614661,-0.43565893282983953,1.4534880954596525,1.0109657221202153,0.3964616219827336,8.627543124362091e-13,242,8.49234016442324e-11,195
SecurityPatrol,neural,47,EGM,20,-0.22902745616299613,-0.5339626488427941,1.5170089175506005,1.0475055988098947,0.393568786307444,8.333334022836425e-13,242,8.96958063378861e-11,194
SecurityPatrol,neural,47,EGM,25,-0.22333125964615136,-0.6337349522555829,1.5671113582218528,1.080400742373123,0.386287698262478,8.787415239908114e-13,241,8.385991900894396e-11,194
SecurityPatrol,neural,47,EGM,30,-0.2277919413863798,-0.7123353245621612,1.6080998983275836,1.097585640308824,0.3749717328727417,8.435474541101939e-13,241,8.676659390971508e-11,193
SecurityPatrol,neural,47,EGM,35,-0.23926431353427585,-0.7610073008944997,1.6253698089257262,1.096120834658408,0.36161601835991347,8.131273432354647e-13,241,8.148093311177718e-11,193
SecurityPatrol,neural,47,EGM,40,-0.252937436493634,-0.7764751288134097,1.6088179370403084,1.0802885292745557,0.3485264645818097,8.688605390716475e-13,240,8.989220479094229e-11,192
SecurityPatrol,neural,47,EGM,45,-0.26426644552901046,-0.7593632583897091,1.5997366688296688,1.0563962124161752,0.3370630263934339,8.775202786637237e-13,240,8.721101618647253e-11,192
SecurityPatrol,neural,47,EGM,50,-0.27028277011924384,-0.7132972750209288,1.5698046819921159,1.0217860404123886,0.32730342103766574,8.941736240331011e-13,240,8.928791039863881e-11,192
SecurityPatrol,neural,47,EGM,55,-0.2699642144921366,-0.6429207068872397,1.5110266827676089,0.9751781628369761,0.31860170120735903,8.15347789284715e-13,241,8.27141688475308e-11,193
SecurityPatrol,neural,47,EGM,60,-0.26391417827815955,-0.5533131881226738,1.428505462388089,0.9228448360350358,0.3103759236255127,8.218981051300034e-13,241,8.485312452677363e-11,193
SecurityPatrol,neural,47,PPM-3,0,-0.30719234240057586,-0.6725962202267598,1.6765067986369226,1.11792674226804,0.3978008595725719,8.507639037702575e-13,242,8.31430480019435e-11,195
SecurityPatrol,neural,47,PPM-3,5,-0.28973763219969634,-0.4845955079198077,1.5135086200038141,1.0384385384042374,0.3964081428566933,8.72413252750448e-13,242,8.635281378843729e-11,195
SecurityPatrol,neural,47,PPM-3,10,-0.26703685005038336,-0.340766672955947,1.374528118716468,0.9986390094225037,0.39655088876568595,8.764100556390986e-13,242,8.700362652547255e-11,195
SecurityPatrol,neural,47,PPM-3,15,-0.24491585984039038,-0.43466735854244615,1.4526935136275045,1.0106513744993901,0.3964481519149959,8.628653347386717e-13,242,8.494849268458893e-11,195
SecurityPatrol,neural,47,PPM-3,20,-0.2291327309192634,-0.5327203253592804,1.5162496399306529,1.047021823980793,0.3936124201008672,8.335554468885675e-13,242,8.975731269345033e-11,194
SecurityPatrol,neural,47,PPM-3,25,-0.22330342732176972,-0.6325128994202465,1.5667004602318526,1.080006278003943,0.3864378460163446,8.79740724712974e-13,241,8.394751560558689e-11,194
SecurityPatrol,neural,47,PPM-3,30,-0.22759282693661329,-0.7114304169615838,1.6077153522996288,1.0974759274317674,0.3752453288381687,8.441025656225065e-13,241,8.687184305244955e-11,193
SecurityPatrol,neural,47,PPM-3,35,-0.23893403511467004,-0.7606312454714357,1.6256204021837086,1.0963970584769571,0.36198769676034886,8.137934770502397e-13,241,8.156797459690779e-11,193
SecurityPatrol,neural,47,PPM-3,40,-0.25257703751258975,-0.7767851922311655,1.6098091415528866,1.080864910213374,0.34895168333083754,8.695266728864226e-13,240,8.995570954795085e-11,192
SecurityPatrol,neural,47,PPM-3,45,-0.2639895345896098,-0.7604287502549056,1.6002956131559003,1.0572629342736857,0.33751088713814326,8.767431225464861e-13,240,8.717038202377125e-11,192
SecurityPatrol,neural,47,PPM-3,50,-0.2701695029615059,-0.7151040874946651,1.5711935496965015,1.0230814276765945,0.3277697266778692,8.936185125207885e-13,240,8.921541283513079e-11,192
SecurityPatrol,neural,47,PPM-3,55,-0.2700395270454712,-0.6453966048453308,1.5132070930316002,0.9768493188033046,0.3190966844728711,8.150147223773274e-13,241,8.264755546605329e-11,193
SecurityPatrol,neural,47,PPM-3,60,-0.26415102960115067,-0.556352157258738,1.431389912279585,0.9246077462163809,0.3109039017339689,8.216760605250784e-13,241,8.480260937915318e-11,193
SecurityPatrol,neural,48,QP+G,0,-0.2600476808900778,-0.3771736037470514,1.2625099527355348,0.8642075772893834,0.23896055962288437,8.338885137959551e-13,241,8.60965743143538e-11,193
SecurityPatrol,neural,48,QP+G,5,-0.2606969565153283,-0.35883862135574407,1.2165732425266993,0.8284820149724572,0.1700629696175403,8.963940700823514e-13,240,8.170075727065296e-11,193
SecurityPatrol,neural,48,QP+G,10,-0.259881655990547,-0.3477554725282229,1.1886272390791788,0.8107732614501024,0.1367080701672484,8.781864124784988e-13,240,8.859235567371115e-11,192
SecurityPatrol,neural,48,QP+G,15,-0.2586286585406462,-0.333502199436305,1.1642322109956842,0.8001789074795542,0.12324792446144452,8.664180484174722e-13,240,8.763334502503994e-11,192
SecurityPatrol,neural,48,QP+G,20,-0.25688744255042545,-0.3185087126648845,1.1479172629181316,0.7933209101801386,0.11948167104309049,8.65085780787922e-13,240,8.720479893753463e-11,192
SecurityPatrol,neural,48,QP+G,25,-0.2547769391899866,-0.30998279614084406,1.1392388803141777,0.7886083111869171,0.11998531069931814,8.65085780787922e-13,240,8.698664011319579e-11,192
SecurityPatrol,neural,48,QP+G,30,-0.25309849924610395,-0.30480017354896527,1.1338695301698392,0.7858520272833368,0.12167923271596129,8.65085780787922e-13,240,8.686795727186336e-11,192
SecurityPatrol,neural,48,QP+G,35,-0.25306950425582786,-0.30431614880153784,1.1333806474846373,0.7857534522606751,0.1217654810969608,8.65085780787922e-13,240,8.686096286680822e-11,192
SecurityPatrol,neural,48,QP+G,40,-0.25306950425582786,-0.30431614880153784,1.1333806474846373,0.7857534522606751,0.1217654810969608,8.65085780787922e-13,240,8.686096286680822e-11,192
SecurityPatrol,neural,48,QP+G,45,-0.25306950425582786,-0.30431614880153784,1.1333806474846373,0.7857534522606751,0.1217654810969608,8.65085780787922e-13,240,8.686096286680822e-11,192
SecurityPatrol,neural,48,QP+G,50,-0.25306950425582786,-0.30431614880153784,1.1333806474846373,0.7857534522606751,0.1217654810969608,8.65085780787922e-13,240,8.686096286680822e-11,192
SecurityPatrol,neural,48,QP+G,55,-0.25306950425582786,-0.30431614880153784,1.1333806474846373,0.7857534522606751,0.1217654810969608,8.65085780787922e-13,240,8.686096286680822e-11,192
SecurityPatrol,neural,48,QP+G,60,-0.25306950425582786,-0.30431614880153784,1.1333806474846373,0.7857534522606751,0.1217654810969608,8.65085780787922e-13,240,8.686096286680822e-11,192
SecurityPatrol,neural,48,noG,0,-0.2600476808900778,-0.3771736037470514,1.2625099527355348,0.8642075772893834,0.23896055962288437,8.338885137959551e-13,241,8.60965743143538e-11,193
SecurityPatrol,neural,48,noG,5,-0.2592048519227118,-0.3812572393010092,1.2661549968804198,0.8645727511678948,0.23876058329526004,8.333334022836425e-13,241,8.598399769965681e-11,193
SecurityPatrol,neural,48,noG,10,-0.2589417438303805,-0.3827374219758417,1.2674810933842384,0.8647168050585163,0.23869101124099248,8.331113576787175e-13,241,8.594569500530724e-11,193
SecurityPatrol,neural,48,noG,15,-0.2588554134633748,-0.3832243867158365,1.2679156521479618,0.8647672188584985,0.23866741462056879,8.331113576787175e-13,241,8.593270539591913e-11,193
SecurityPatrol,neural,48,noG,20,-0.2588266121277918,-0.3833869933498779,1.2680605695471465,0.8647843850208587,0.23865945680309553,8.331113576787175e-13,241,8.592837552612309e-11,193
SecurityPatrol,neural,48,noG,25,-0.2588169497846723,-0.38344156163182913,1.2681091802503253,0.8647901829347784,0.23865677746417602,8.331113576787175e-13,241,8.592682121388862e-11,193
SecurityPatrol,neural,48,noG,30,-0.25881370216063615,-0.3834599045357385,1.2681255181284294,0.8647921360779076,0.2386558758197267,8.331113576787175e-13,241,8.592637712467877e-11,193
SecurityPatrol,neural,48,noG,35,-0.25881260990925004,-0.3834660738931528,1.2681310128532561,0.8647927934626062,0.2386555724526915,8.3322237998118e-13,241,8.59262661023763e-11,193
SecurityPatrol,neural,48,noG,40,-0.2588122424819156,-0.38346814925500894,1.2681328612389569,0.8647930146594511,0.2386554703877698,8.3322237998118e-13,241,8.59262661023763e-11,193
SecurityPatrol,neural,48,noG,45,-0.2588121188725889,-0.3834688474477093,1.2681334830689068,0.8647930890805253,0.2386554360496731,8.3322237998118e-13,241,8.592604405777138e-11,193
SecurityPatrol,neural,48,noG,50,-0.2588120772871183,-0.3834690823386429,1.2681336922689475,0.864793114118469,0.2386554244972441,8.3322237998118e-13,241,8.592615508007384e-11,193
SecurityPatrol,neural,48,noG,55,-0.2588120632965426,-0.383469161362898,1.268133762649982,0.864793122542058,0.2386554206106468,8.3322237998118e-13,241,8.592604405777138e-11,193
SecurityPatrol,neural,48,noG,60,-0.25881205858969425,-0.3834691879490275,1.2681337863282685,0.8647931253760128,0.23865541930307715,8.3322237998118e-13,241,8.592604405777138e-11,193
SecurityPatrol,neural,48,GDA,0,-0.2600476808900778,-0.3771736037470514,1.2625099527355348,0.8642075772893834,0.23896055962288437,8.338885137959551e-13,241,8.60965743143538e-11,193
SecurityPatrol,neural,48,GDA,5,-0.2535189177752845,-0.4154674809135778,1.2953884444025565,0.872134639282609,0.23805474927836479,8.283373986728293e-13,241,8.486689129227898e-11,193
SecurityPatrol,neural,48,GDA,10,-0.24961946859795672,-0.4577331547729879,1.328219797257176,0.8847863045025486,0.23621483229652795,8.19011525265978e-13,241,8.309175569820582e-11,193
SecurityPatrol,neural,48,GDA,15,-0.24879998236349993,-0.4915643469169401,1.349711238447848,0.8959310558313558,0.23349805963928819,8.966161146872764e-13,240,8.11245515208725e-11,193
SecurityPatrol,neural,48,GDA,20,-0.25058188588023195,-0.5162982201202783,1.3604229384903022,0.9013776160042684,0.23038146553268488,8.812950369474493e-13,240,8.812139906666516e-11,192
SecurityPatrol,neural,48,GDA,25,-0.2537788236181314,-0.5417249720147936,1.3712891399837104,0.8991893282387639,0.22749585235498612,8.65529869997772e-13,240,8.660794303949615e-11,192
SecurityPatrol,neural,48,GDA,30,-0.2569186569638854,-0.5476487804101458,1.363065138820477,0.889399792703315,0.2252920573458589,8.493206138382448e-13,240,8.585654409642984e-11,192
SecurityPatrol,neural,48,GDA,35,-0.2586827243189287,-0.5337243570281518,1.347035098475735,0.8734166662740834,0.22386995952259808,8.47433234696382e-13,240,8.59807780528854e-11,192
SecurityPatrol,neural,48,GDA,40,-0.258214523029869,-0.5010586386168746,1.3180436047951993,0.8534787556923817,0.22306953252239836,8.522071937022702e-13,240,8.687039976251754e-11,192
SecurityPatrol,neural,48,GDA,45,-0.2552447416713728,-0.4516069096036841,1.2734576792992685,0.8326471324285789,0.2227129774561918,8.575362642204709e-13,240,8.817824248552597e-11,192
SecurityPatrol,neural,48,GDA,50,-0.25006378746874247,-0.38811885663535456,1.2151505913851868,0.815203646846453,0.2227910720614191,8.621992009238966e-13,240,8.943612517242627e-11,192
SecurityPatrol,neural,48,GDA,55,-0.24340354443916218,-0.3327688268886505,1.1644348084660865,0.8061601509528806,0.2234634873932903,8.666400930223972e-13,240,8.120670802469476e-11,193
SecurityPatrol,neural,48,GDA,60,-0.2362713879129019,-0.3276355390788961,1.162695765442019,0.8088912002388093,0.22489696005400214,8.704148513061227e-13,240,8.129608097817709e-11,193
SecurityPatrol,neural,48,Adam-GDA,0,-0.2600476808900778,-0.3771736037470514,1.2625099527355348,0.8642075772893834,0.23896055962288437,8.338885137959551e-13,241,8.60965743143538e-11,193
SecurityPatrol,neural,48,Adam-GDA,5,-0.23770821336996695,-0.9394474127157266,2.6387464621991694,2.111083075961094,1.1704075658580284,8.5087492607272e-13,247,8.909983861826731e-11,201
SecurityPatrol,neural,48,Adam-GDA,10,0.6412951245450336,-1.7576072915647454,5.2583411978117605,4.719668624198122,3.1458715045598975,8.353318037279678e-13,254,8.834932785362071e-11,209
SecurityPatrol,neural,48,Adam-GDA,15,-0.1305927194701253,-3.432099495250965,4.274763559529665,3.8445166076472623,3.3001368073691264,8.211209490127658e-13,254,8.893907832430159e-11,209
SecurityPatrol,neural,48,Adam-GDA,20,-1.785972586110461,-3.8880884088535788,6.592633727491615,6.22475468411947,2.98051047028085,8.348877145181177e-13,255,8.43920489046468e-11,211
SecurityPatrol,neural,48,Adam-GDA,25,-1.2567064381076747,-3.588027246770026,7.723235906948671,7.293267011919524,3.9272204550429017,8.917311333789257e-13,255,8.658362915525686e-11,211
SecurityPatrol,neural,48,Adam-GDA,30,-1.9763042710355165,-3.345094107058057,9.240964115856151,8.91877672314743,3.1738814214981432,8.331113576787175e-13,259,8.352607494543918e-11,215
SecurityPatrol,neural,48,Adam-GDA,35,-1.6794796743871228,-3.124283007530635,10.846429957302306,10.577434096165923,5.025976795842119,8.819611707622244e-13,261,8.139622309499828e-11,218
SecurityPatrol,neural,48,Adam-GDA,40,2.9841446575181165,-3.333645170020482,11.257310575233436,11.058463907301913,4.841777340964461,8.15347789284715e-13,262,8.377654125979461e-11,218
SecurityPatrol,neural,48,Adam-GDA,45,6.575638955804493,-4.601235895391984,12.557463112440029,12.46145893478085,3.0387751223974826,8.197886813832156e-13,262,8.417000429972177e-11,218
SecurityPatrol,neural,48,Adam-GDA,50,7.86625488516163,-5.007983003775096,12.969554435354155,12.98246276834852,0.3129702570135202,8.206768598029157e-13,262,8.423661768119928e-11,218
SecurityPatrol,neural,48,Adam-GDA,55,7.941188939221616,-5.041178617592821,12.997194994823435,13.02385982275924,0.18708085744668207,8.206768598029157e-13,262,8.417000429972177e-11,218
SecurityPatrol,neural,48,Adam-GDA,60,7.93287982274834,-5.046130147086732,12.984243430036486,13.010345984545243,0.2592795051227287,8.162359677044151e-13,262,8.395240058689524e-11,218
SecurityPatrol,neural,48,EGM,0,-0.2600476808900778,-0.3771736037470514,1.2625099527355348,0.8642075772893834,0.23896055962288437,8.338885137959551e-13,241,8.60965743143538e-11,193
SecurityPatrol,neural,48,EGM,5,-0.2537825447094144,-0.41372924528227134,1.292793289898455,0.870273450345054,0.23540083259351088,8.275602425555917e-13,241,8.472178514296047e-11,193
SecurityPatrol,neural,48,EGM,10,-0.2502290425633931,-0.45280006838675235,1.3219447262346862,0.8803263689060665,0.23102227140840187,8.177902799388903e-13,241,8.289446906672993e-11,193
SecurityPatrol,neural,48,EGM,15,-0.24956707748285317,-0.48258100310175844,1.339355193622627,0.8884113555540919,0.22598970605404742,8.950618024528012e-13,240,8.99614827076789e-11,192
SecurityPatrol,neural,48,EGM,20,-0.2511403827425757,-0.5020936578147613,1.3452504867455093,0.890878704110968,0.22082363556677195,8.801848139228241e-13,240,8.805045581539162e-11,192
SecurityPatrol,neural,48,EGM,25,-0.25376347597458204,-0.5222374026808795,1.3515887053213196,0.8863090563971991,0.2161168420143026,8.65307825392847e-13,240,8.66492433360122e-11,192
SecurityPatrol,neural,48,EGM,30,-0.2561331765326301,-0.5245025993687872,1.3407041546775182,0.8750567136733364,0.21225076365108073,8.503198145604074e-13,240,8.594236433623337e-11,192
SecurityPatrol,neural,48,EGM,35,-0.2571846666857428,-0.5085592705794238,1.3236849957613095,0.8586550269262306,0.20929201682326729,8.495426584431698e-13,240,8.59745608039475e-11,192
SecurityPatrol,neural,48,EGM,40,-0.25630048292955243,-0.47596962989706815,1.2943921457208387,0.8393848939609685,0.20710240992910273,8.537615059367454e-13,240,8.660638872726167e-11,192
SecurityPatrol,neural,48,EGM,45,-0.2533646334590458,-0.42905185769593507,1.2516011451149824,0.8202153701081379,0.20553751098001588,8.58202398035246e-13,240,8.753553437657047e-11,192
SecurityPatrol,neural,48,EGM,50,-0.24870439161731986,-0.37369757941495335,1.2004439345565088,0.8047977725998761,0.20457255847191871,8.628653347386717e-13,240,8.839795562209929e-11,192
SecurityPatrol,neural,48,EGM,55,-0.2429678415019804,-0.332750968769846,1.1630850603337826,0.7967048637403683,0.20428316274512043,8.663070261150096e-13,240,8.889833313929785e-11,192
SecurityPatrol,neural,48,EGM,60,-0.2369662324449936,-0.3203109726074462,1.153137188853862,0.7977726467807157,0.2047274347857672,8.693046282814976e-13,240,8.889722291627322e-11,192
SecurityPatrol,neural,48,PPM-3,0,-0.2600476808900778,-0.3771736037470514,1.2625099527355348,0.8642075772893834,0.23896055962288437,8.338885137959551e-13,241,8.60965743143538e-11,193
SecurityPatrol,neural,48,PPM-3,5,-0.25379100527320925,-0.41361196918871834,1.2927038374794861,0.8702417635122509,0.23541992676361503,8.275602425555917e-13,241,8.472722523578113e-11,193
SecurityPatrol,neural,48,PPM-3,10,-0.25022809705915533,-0.4525594153493768,1.3217758772077033,0.8802648038015459,0.23106750032539022,8.177902799388903e-13,241,8.290657049769834e-11,193
SecurityPatrol,neural,48,PPM-3,15,-0.24954216379869842,-0.48235257941442194,1.339246926138432,0.8883645579402577,0.22606460989608926,8.951728247552637e-13,240,8.998046752139999e-11,192
SecurityPatrol,neural,48,PPM-3,20,-0.2510887373371551,-0.501917856676,1.345237235990505,0.8909025013714531,0.2209251283365716,8.805178808302117e-13,240,8.807077289674226e-11,192
SecurityPatrol,neural,48,PPM-3,25,-0.253695969547033,-0.5221499692244693,1.351693440360498,0.886445217268509,0.2162371331692165,8.656408923002346e-13,240,8.666489748065942e-11,192
SecurityPatrol,neural,48,PPM-3,30,-0.2560695849502781,-0.5246891329634727,1.3410964965271355,0.8753201780018781,0.2123823976946704,8.505418591653324e-13,240,8.594813749596142e-11,192
SecurityPatrol,neural,48,PPM-3,35,-0.25714576741152406,-0.5090834487009052,1.3241652286762404,0.8590320344256684,0.20943139362432311,8.493206138382448e-13,240,8.596778844349728e-11,192
SecurityPatrol,neural,48,PPM-3,40,-0.2563008770136332,-0.4768696788145513,1.2952061451604906,0.8398328261445301,0.20724902226088457,8.536504836342829e-13,240,8.658840311426275e-11,192
SecurityPatrol,neural,48,PPM-3,45,-0.2534085084294404,-0.4303376445270638,1.2527682847022232,0.8206575174075238,0.20569040455850832,8.58202398035246e-13,240,8.751244173765826e-11,192
SecurityPatrol,neural,48,PPM-3,50,-0.24878443874217293,-0.37514796151746965,1.2017601481715043,0.805124762642991,0.2047278467695735,8.626432901337466e-13,240,8.837830467456342e-11,192
SecurityPatrol,neural,48,PPM-3,55,-0.24306661669693752,-0.3338675196527416,1.164072994761439,0.7968081666701854,0.20443515620148656,8.664180484174722e-13,240,8.888922931049592e-11,192
SecurityPatrol,neural,48,PPM-3,60,-0.23705947376025804,-0.3199660865852564,1.1526895981600438,0.7976056957593431,0.20487261608467114,8.690825836765725e-13,240,8.890277403139635e-11,192
SecurityPatrol,neural,49,QP+G,0,-0.268719630930077,-0.3927395151904165,1.2431035070734897,0.8349440271797071,0.2073353791931158,8.901768211444505e-13,240,8.91546836356838e-11,192
SecurityPatrol,neural,49,QP+G,5,-0.26271329323988185,-0.37002006262297876,1.1979870094148466,0.7947520340167267,0.15122548410173758,8.657519146026971e-13,240,8.526657158114404e-11,192
SecurityPatrol,neural,49,QP+G,10,-0.2599908990794304,-0.3620785383365651,1.1744126801326684,0.776920401761744,0.12580337097253427,8.487655023259322e-13,240,8.308731480610732e-11,192
SecurityPatrol,neural,49,QP+G,15,-0.258039275271946,-0.3548191895773255,1.1567039263927383,0.7671665808732269,0.11671027834883396,8.374412274747556e-13,240,8.187994726682746e-11,192
SecurityPatrol,neural,49,QP+G,20,-0.2561063484075874,-0.34839993574632555,1.1436051529451947,0.7609616135181746,0.11497483403462075,8.301137555122295e-13,240,8.120248917720119e-11,192
SecurityPatrol,neural,49,QP+G,25,-0.2549784978433899,-0.3464877474844042,1.1378535360957398,0.7576644482711437,0.11542573136824297,8.260059303211165e-13,240,8.98133789561939e-11,191
SecurityPatrol,neural,49,QP+G,30,-0.25480222491324517,-0.34770393522692633,1.1367428838603777,0.7562842111411101,0.11596286878518022,8.233413950620161e-13,240,8.955530761411978e-11,191
SecurityPatrol,neural,49,QP+G,35,-0.2547478478034684,-0.34803260773555095,1.136538612828232,0.7559657845810495,0.11618099500545508,8.225642389447785e-13,240,8.94923024574723e-11,191
SecurityPatrol,neural,49,QP+G,40,-0.2547478478034684,-0.34803260773555095,1.136538612828232,0.7559657845810495,0.11618099500545508,8.225642389447785e-13,240,8.94923024574723e-11,191
SecurityPatrol,neural,49,QP+G,45,-0.2547478478034684,-0.34803260773555095,1.136538612828232,0.7559657845810495,0.11618099500545508,8.225642389447785e-13,240,8.94923024574723e-11,191
SecurityPatrol,neural,49,QP+G,50,-0.2547478478034684,-0.34803260773555095,1.136538612828232,0.7559657845810495,0.11618099500545508,8.225642389447785e-13,240,8.94923024574723e-11,191
SecurityPatrol,neural,49,QP+G,55,-0.2547478478034684,-0.34803260773555095,1.136538612828232,0.7559657845810495,0.11618099500545508,8.225642389447785e-13,240,8.94923024574723e-11,191
SecurityPatrol,neural,49,QP+G,60,-0.2547478478034684,-0.34803260773555095,1.136538612828232,0.7559657845810495,0.11618099500545508,8.225642389447785e-13,240,8.94923024574723e-11,191
SecurityPatrol,neural,49,noG,0,-0.268719630930077,-0.3927395151904165,1.2431035070734897,0.8349440271797071,0.2073353791931158,8.901768211444505e-13,240,8.91546836356838e-11,192
SecurityPatrol,neural,49,noG,5,-0.26308056770668525,-0.3784818127829648,1.2336375959891162,0.8246606521864969,0.20457172876996843,8.950618024528012e-13,240,8.981826393750225e-11,192
SecurityPatrol,neural,49,noG,10,-0.2574316286754678,-0.38638438985162626,1.241571635498759,0.8228926315757297,0.2018950633987854,8.950618024528012e-13,240,8.962375286358792e-11,192
SecurityPatrol,neural,49,noG,15,-0.25476355637794745,-0.3945236183806152,1.247746923289871,0.8253029406522084,0.20033465056308192,8.928413564035509e-13,240,8.917033778033101e-11,192
SecurityPatrol,neural,49,noG,20,-0.2540099116775203,-0.3967807637817789,1.2490884913789513,0.8264401104890223,0.19979552004525897,8.919531779838508e-13,240,8.89781581747684e-11,192
SecurityPatrol,neural,49,noG,25,-0.2537579376038738,-0.39753119453644303,1.2494864884573311,0.826873204734372,0.1996032241195169,8.915090887740007e-13,240,8.89058826558653e-11,192
SecurityPatrol,neural,49,noG,30,-0.2536678471007193,-0.397798964318394,1.2496220105807796,0.8270349044957627,0.19953288129188182,8.912870441690757e-13,240,8.887901525866937e-11,192
SecurityPatrol,neural,49,noG,35,-0.2536348145303947,-0.39789707214341163,1.2496707732232482,0.8270951191110327,0.19950687316610988,8.912870441690757e-13,240,8.886880120684282e-11,192
SecurityPatrol,neural,49,noG,40,-0.25362258852717295,-0.3979333738135175,1.249688693255171,0.8271175327884643,0.1994972172962842,8.912870441690757e-13,240,8.886502644855909e-11,192
SecurityPatrol,neural,49,noG,45,-0.25361804759113393,-0.39794685546756603,1.249695331345981,0.8271258751331518,0.19949362683860408,8.912870441690757e-13,240,8.8863805203232e-11,192
SecurityPatrol,neural,49,noG,50,-0.2536163588168844,-0.39795186910482105,1.24969779760176,0.8271289800781413,0.19949229097836352,8.912870441690757e-13,240,8.886313906941723e-11,192
SecurityPatrol,neural,49,noG,55,-0.253615730457341,-0.3979537345538713,1.2496987149074616,0.8271301357028471,0.1994917938523713,8.912870441690757e-13,240,8.886302804711477e-11,192
SecurityPatrol,neural,49,noG,60,-0.25361549661498484,-0.39795442877219467,1.2496990562333674,0.8271305658120809,0.1994916088373254,8.912870441690757e-13,240,8.88629170248123e-11,192
SecurityPatrol,neural,49,GDA,0,-0.268719630930077,-0.3927395151904165,1.2431035070734897,0.8349440271797071,0.2073353791931158,8.901768211444505e-13,240,8.91546836356838e-11,192
SecurityPatrol,neural,49,GDA,5,-0.26308056770668525,-0.3784818127829648,1.2336375959891162,0.8246606521864969,0.20457172876996843,8.950618024528012e-13,240,8.981826393750225e-11,192
SecurityPatrol,neural,49,GDA,10,-0.2574316286754678,-0.38638438985162626,1.241571635498759,0.8228926315757297,0.2018950633987854,8.950618024528012e-13,240,8.962375286358792e-11,192
SecurityPatrol,neural,49,GDA,15,-0.25282804536578984,-0.4036184875153951,1.2543964782344093,0.8291196001906522,0.19950069208281537,8.901768211444505e-13,240,8.866307688037978e-11,192
SecurityPatrol,neural,49,GDA,20,-0.2499441048446216,-0.4639124172124819,1.3063413606654488,0.8396996670455141,0.19767517095116335,8.812950369474493e-13,240,8.712186527759513e-11,192
SecurityPatrol,neural,49,GDA,25,-0.24895356459920845,-0.519739281673234,1.3505147185658761,0.8493540961608442,0.19665400585583678,8.686384944667225e-13,240,8.523359795731267e-11,192
SecurityPatrol,neural,49,GDA,30,-0.2495364766673896,-0.5557828106228402,1.3723458745787571,0.8532201928824212,0.19649854727555063,8.533174167268953e-13,240,8.32652280458035e-11,192
SecurityPatrol,neural,49,GDA,35,-0.2509852598323643,-0.5700366851059495,1.370684413485935,0.8484497026929337,0.19706126478125255,8.359979375427429e-13,240,8.152045705145383e-11,192
SecurityPatrol,neural,49,GDA,40,-0.25237525994513343,-0.5615254647597054,1.345535698923743,0.8348627692405866,0.19807672156150383,8.175682353339653e-13,240,8.923678462835483e-11,191
SecurityPatrol,neural,49,GDA,45,-0.2527715833792371,-0.5303665829421415,1.304511883686434,0.8146890773749103,0.19933750988523777,8.961720254774264e-13,239,8.872147461147506e-11,191
SecurityPatrol,neural,49,GDA,50,-0.25145084508811266,-0.4779111049883523,1.2535675694832156,0.7918748714145842,0.20084175879196692,8.982814492242142e-13,239,8.896677838876599e-11,191
SecurityPatrol,neural,49,GDA,55,-0.2481083835050933,-0.4118960988510122,1.192286569090594,0.7715235928511557,0.20278984680655943,8.140155216551648e-13,240,8.958594976959944e-11,191
SecurityPatrol,neural,49,GDA,60,-0.24299643522937422,-0.35358525581745626,1.1413588261357543,0.758872413128467,0.20539123641452792,8.220091274324659e-13,240,8.106321169876196e-11,192
SecurityPatrol,neural,49,Adam-GDA,0,-0.268719630930077,-0.3927395151904165,1.2431035070734897,0.8349440271797071,0.2073353791931158,8.901768211444505e-13,240,8.91546836356838e-11,192
SecurityPatrol,neural,49,Adam-GDA,5,-0.2596206525407712,-2.0078289022460942,2.798032818061356,2.2229107162178847,1.03848304651367,8.122391648157645e-13,249,8.72661942707964e-11,203
SecurityPatrol,neural,49,Adam-GDA,10,-0.5512595438451768,-1.566995103204038,5.779614332631936,5.259421876080982,2.583524873341989,8.15347789284715e-13,256,8.782219396152868e-11,211
SecurityPatrol,neural,49,Adam-GDA,15,1.71526984516651,-1.8023215647576432,7.708499127660375,7.325221390962222,4.6760394724036605,8.331113576787175e-13,259,8.344525070924647e-11,215
SecurityPatrol,neural,49,Adam-GDA,20,1.815400281464611,-4.128770310839802,6.498111174463434,6.117943683972416,5.409984098754239,8.872902412804251e-13,255,8.891465341775984e-11,211
SecurityPatrol,neural,49,Adam-GDA,25,-1.6684436076248168,-4.9139239725740556,8.807015186207785,8.595365432131103,3.439770222210926,8.5087492607272e-13,257,8.816680718837233e-11,213
SecurityPatrol,neural,49,Adam-GDA,30,-3.3282507506488024,-5.0088314750934995,11.147152914270558,11.000619500582648,2.220936640681209,8.757439218243235e-13,259,8.757261582559295e-11,215
SecurityPatrol,neural,49,Adam-GDA,35,-4.242120411371451,-5.026348562371744,12.083099447581375,11.995273606952665,0.8321946521947853,8.180123245438153e-13,261,8.281464403125938e-11,217
SecurityPatrol,neural,49,Adam-GDA,40,-4.540067058380336,-5.030441131821755,12.555230838970802,12.492690862605,0.3248864039577394,8.686384944667225e-13,261,8.829381670238945e-11,217
SecurityPatrol,neural,49,Adam-GDA,45,-4.664584581075847,-5.02990351975017,12.82940798475061,12.779854516708653,0.2243301792307386,8.93507490218326e-13,261,8.190070843738795e-11,218
SecurityPatrol,neural,49,Adam-GDA,50,-4.734759938301897,-5.025969640022788,12.95166984090653,12.906182186488142,0.17731017937426902,8.135714324453147e-13,262,8.283862484859128e-11,218
SecurityPatrol,neural,49,Adam-GDA,55,-4.767025758515908,-5.016929626698723,12.949725225485864,12.901273307134872,0.19408709582296754,8.117950756059145e-13,262,8.259526396159345e-11,218
SecurityPatrol,neural,49,Adam-GDA,60,-4.769886231631634,-4.995319660856312,12.819490591540625,12.76150552119172,0.28374957566569,8.837375276016246e-13,261,8.107825522074563e-11,218
SecurityPatrol,neural,49,EGM,0,-0.268719630930077,-0.3927395151904165,1.2431035070734897,0.8349440271797071,0.2073353791931158,8.901768211444505e-13,240,8.91546836356838e-11,192
SecurityPatrol,neural,49,EGM,5,-0.26307897104751155,-0.3781895178590689,1.2323857814759218,0.8234811412156546,0.20253012577703153,8.940626017306386e-13,240,8.963896291902529e-11,192
SecurityPatrol,neural,49,EGM,10,-0.25763751956719694,-0.38478455189993255,1.2381665206023613,0.8203976077497279,0.19799690875783235,8.930634010084759e-13,240,8.929501582599642e-11,192
SecurityPatrol,neural,49,EGM,15,-0.2533317769675739,-0.39871153108041446,1.2470874866858428,0.82451173480164,0.19390078942881928,8.875122858853501e-13,240,8.824996289291676e-11,192
SecurityPatrol,neural,49,EGM,20,-0.2506730268708747,-0.45103707335687127,1.2908145608403427,0.8320269390996626,0.19047898661576054,8.782974347809613e-13,240,8.670353324191638e-11,192
SecurityPatrol,neural,49,EGM,25,-0.24969348742156344,-0.5006316303908531,1.3289227192482416,0.838117515312513,0.18790492649737597,8.659739592076221e-13,240,8.488765246283947e-11,192
SecurityPatrol,neural,49,EGM,30,-0.2500022132836767,-0.5307238428735732,1.3454331281897998,0.8387412012599802,0.18618786127545234,8.512079929801075e-13,240,8.305145460241192e-11,192
SecurityPatrol,neural,49,EGM,35,-0.25091563944054285,-0.5400914519803999,1.3400034951740873,0.8318690152203058,0.18516609197897294,8.353318037279678e-13,240,8.145795149516744e-11,192
SecurityPatrol,neural,49,EGM,40,-0.2516291961054039,-0.5285548535853849,1.313423474710996,0.8178422317660714,0.1846066853747952,8.185674360561279e-13,240,8.927092398636205e-11,191
SecurityPatrol,neural,49,EGM,45,-0.25140417294081835,-0.49702633313535094,1.2720751583618877,0.7990082548311268,0.18435339942899948,8.970602038971265e-13,239,8.869605050421114e-11,191
SecurityPatrol,neural,49,EGM,50,-0.2497457924939649,-0.447598269515229,1.2238123465740272,0.7790371131753642,0.1844207854979183,8.990586053414518e-13,239,8.868467071820874e-11,191
SecurityPatrol,neural,49,EGM,55,-0.24653890746081963,-0.39582235241101293,1.1732664821652785,0.7621645792494345,0.18495552751253239,8.104628079763643e-13,240,8.89343043652957e-11,191
SecurityPatrol,neural,49,EGM,60,-0.242095731444073,-0.34909678261901994,1.1275464479889388,0.7520310110726354,0.18607551389584226,8.113509863960644e-13,240,8.909883941754515e-11,191
SecurityPatrol,neural,49,PPM-3,0,-0.268719630930077,-0.3927395151904165,1.2431035070734897,0.8349440271797071,0.2073353791931158,8.901768211444505e-13,240,8.91546836356838e-11,192
SecurityPatrol,neural,49,PPM-3,5,-0.2630904467894126,-0.37818316982461264,1.2323832265186843,0.823501739107165,0.20255589581331435,8.941736240331011e-13,240,8.964007314204991e-11,192
SecurityPatrol,neural,49,PPM-3,10,-0.257654620645789,-0.38468416970052677,1.238096245468117,0.8203921835630936,0.19804510724001845,8.930634010084759e-13,240,8.930134409723678e-11,192
SecurityPatrol,neural,49,PPM-3,15,-0.25334334545989345,-0.39844568557154747,1.246894663281959,0.8244625050743839,0.19396691649830414,8.876233081878127e-13,240,8.826361863611965e-11,192
SecurityPatrol,neural,49,PPM-3,20,-0.2506682230219154,-0.4504550453890187,1.2903588458979747,0.8319602384543034,0.1905572277331229,8.785194793858864e-13,240,8.672496054629164e-11,192
SecurityPatrol,neural,49,PPM-3,25,-0.24966658004537265,-0.5001670370712785,1.3286418929396397,0.8380936486485913,0.1879895940189901,8.660849815100846e-13,240,8.491468639348909e-11,192
SecurityPatrol,neural,49,PPM-3,30,-0.24995524858984144,-0.5304955368953259,1.3454438340228159,0.8388275644444547,0.18627553377146855,8.515410598874951e-13,240,8.308076449026203e-11,192
SecurityPatrol,neural,49,PPM-3,35,-0.25085860509853536,-0.5402104455406672,1.3404075192289349,0.8321110493140456,0.18525668620605987,8.355538483328928e-13,240,8.148393071394366e-11,192
SecurityPatrol,neural,49,PPM-3,40,-0.2515778657364759,-0.5291161622255098,1.3142985478565374,0.8182432901591039,0.1847021144641691,8.187894806610529e-13,240,8.928957573317575e-11,191
SecurityPatrol,neural,49,PPM-3,45,-0.2513759900008931,-0.4980985309807141,1.2731088318567183,0.7995223958199527,0.18445435741675992,8.968381592922015e-13,239,8.870026935170472e-11,191
SecurityPatrol,neural,49,PPM-3,50,-0.24975430595882425,-0.449209759069906,1.2253670089317765,0.7795712033420816,0.1845242430673157,8.990586053414518e-13,239,8.867701017933882e-11,191
SecurityPatrol,neural,49,PPM-3,55,-0.24658787196849288,-0.3973425966522573,1.1747193645475047,0.7625926998388561,0.18505588386464553,8.102407633714392e-13,240,8.89227580458396e-11,191
SecurityPatrol,neural,49,PPM-3,60,-0.24217500617250332,-0.3498487546957072,1.1282294139760936,0.7522382100869651,0.1861698446651866,8.113509863960644e-13,240,8.909267767975848e-11,191
