environment,mode,seed,method,step,current_return,hard_br_return,hard_exploitability,regularized_gap,field_norm,hard_br_residual,hard_br_iterations,soft_br_residual,soft_br_iterations
RPS,tabular,200,QP+G,0,-0.006340925457473496,-0.6634569460159686,0.7623292926143512,0.37520699151466086,0.28469096441109143,8.540945728441329e-13,238,8.903466852672182e-11,188
RPS,tabular,200,QP+G,5,-0.004670387372128714,-0.3364670645474132,0.46420637658918207,0.12690673231787244,0.15939283011037864,8.150702335285587e-13,232,8.27347773624254e-11,177
RPS,tabular,200,QP+G,10,-0.0018375902324932081,-0.15483873001535273,0.27207103214492695,0.038685763351161265,0.0878855427807878,8.713585408770541e-13,224,8.83456814648742e-11,162
RPS,tabular,200,QP+G,15,-0.0005358781820698168,-0.06407156427387414,0.14814653351645374,0.011678443355210802,0.04823098296515777,8.90287843446913e-13,218,8.354588635489657e-11,152
RPS,tabular,200,QP+G,20,-0.00012685706593918596,-0.023779145290959855,0.07687451631664896,0.0035279066525104046,0.026466121326674686,8.569464582386388e-13,214,8.211481191192083e-11,143
RPS,tabular,200,QP+G,25,-2.0431024078116608e-05,-0.005907118982730569,0.03770819814839514,0.0010642071323695842,0.014533226710244186,8.692144226607468e-13,209,8.124206645962473e-11,133
RPS,tabular,200,QP+G,30,1.1218185915092256e-06,-0.003514135042211161,0.0216367942788337,0.00032066202833268216,0.007985570466043873,8.388671701720085e-13,204,8.111163075832234e-11,122
RPS,tabular,200,QP+G,35,2.6034132040608923e-06,-0.0027603850020701095,0.012463050910952934,9.663121677092038e-05,0.0043900933296939565,8.451000316211932e-13,198,8.844167398761558e-11,109
RPS,tabular,200,QP+G,40,1.2675458119903041e-06,-0.0018748363363222463,0.006708095497330394,2.9160171275965936e-05,0.002414319965919892,8.801553236237325e-13,191,8.361956460440603e-11,96
RPS,tabular,200,QP+G,45,4.2708728052398244e-07,-0.0012037448647877374,0.003406728159110634,8.814232883291863e-06,0.001328053587174036,8.387509436991181e-13,184,8.240739424177854e-11,82
RPS,tabular,200,QP+G,50,1.0816882158550176e-07,-0.000885963065087792,0.0017655705799164629,2.6673871347110416e-06,0.0007306371056455762,8.70672349322088e-13,175,8.30546631471225e-11,74
RPS,tabular,200,QP+G,55,1.7678237669311436e-08,-0.0005776480998950052,0.0008461504672748706,8.076609739338088e-07,0.00040200363997196773,8.652318228205558e-13,171,8.741556145609613e-11,64
RPS,tabular,200,QP+G,60,-6.10820492052781e-10,-0.00034600096935022754,0.0004187027818547618,2.4458927938564253e-07,0.00022119932116277397,8.776753195743892e-13,166,8.892506730972553e-11,53
RPS,tabular,200,QP+G,65,-1.940262658181526e-09,-0.00019313466193273323,0.0002888652776149582,7.406895076444986e-08,0.00012171708798532069,8.296678502637406e-13,161,8.811315677092929e-11,41
RPS,tabular,200,QP+G,70,-9.646536871301393e-10,-0.00010067898277040816,0.00018051177344581147,2.242910031313715e-08,6.697703573332002e-05,8.138189829063475e-13,155,8.417201602383961e-11,28
RPS,tabular,200,QP+G,75,-3.2942576417209015e-10,-4.8610203282454763e-05,0.00010454948189199817,6.7916097051812205e-09,3.685554487154496e-05,8.50845747481753e-13,149,8.931405615086874e-11,13
RPS,tabular,200,QP+G,80,-8.476778921375593e-11,-2.121907761078951e-05,5.654858515338583e-05,2.0564979580361964e-09,2.0280581516027608e-05,8.190332906245906e-13,145,8.167165610473147e-11,6
RPS,tabular,200,QP+G,85,-2.302584797091479e-11,-1.0628096552345179e-05,3.065868724476383e-05,6.278106506885096e-10,1.1205473829939474e-05,8.737813261567445e-13,139,4.558371013985151e-11,1
RPS,tabular,200,QP+G,90,-6.917385786024291e-12,-5.793736762367232e-06,1.691949615098553e-05,1.9246458593524802e-10,6.204275135925747e-06,8.219137566048028e-13,134,1.4112910839969571e-11,1
RPS,tabular,200,QP+G,95,-2.2588295632485412e-12,-3.3662188905541825e-06,9.480479719819489e-06,5.929520763281456e-11,3.4437010662096665e-06,8.4993511675972e-13,128,4.217033389153358e-12,1
RPS,tabular,200,QP+G,100,-8.841142709159036e-13,-2.160127099025703e-06,5.790252347928126e-06,2.1614723899610043e-11,2.079169334526091e-06,8.545771829948417e-13,123,1.4631296174627551e-12,1
RPS,tabular,200,noG,0,-0.006340925457473496,-0.6634569460159686,0.7623292926143512,0.37520699151466086,0.28469096441109143,8.540945728441329e-13,238,8.903466852672182e-11,188
RPS,tabular,200,noG,5,-0.014412750293493242,-0.6064141781503095,0.8187371546193204,0.36901753762776784,0.2853844065223364,8.674172491396348e-13,237,8.50945980346296e-11,187
RPS,tabular,200,noG,10,-0.018895107045619235,-0.5091582214647717,0.8686176820332723,0.363709347692889,0.2848439345168663,8.991696276439143e-13,235,8.637338066996847e-11,184
RPS,tabular,200,noG,15,-0.01795061570806658,-0.3627644842505842,0.8569714528556693,0.3529742371447522,0.2835027264950856,8.728018308090668e-13,235,8.677605856100001e-11,184
RPS,tabular,200,noG,20,-0.011306183589664226,-0.19144645450378903,0.7755928093144324,0.34303461816167174,0.282208828684225,8.355538483328928e-13,237,8.257722283744329e-11,187
RPS,tabular,200,noG,25,-0.006516221338845895,-0.100226015813167,0.7097588844334736,0.34151632211469585,0.2813027609282997,8.719691635405979e-13,237,8.820616459459529e-11,187
RPS,tabular,200,noG,30,-0.004619317072048673,-0.09276512359689715,0.708090798693871,0.3415621946935723,0.2808751239779264,8.801848139228241e-13,237,8.946432483725175e-11,187
RPS,tabular,200,noG,35,-0.0038042582256240585,-0.09881229471046292,0.7160166614867911,0.34166342378888004,0.2806817620761385,8.828493491819245e-13,237,8.986222876927741e-11,187
RPS,tabular,200,noG,40,-0.003427688293146199,-0.1015651439426989,0.7195197768445574,0.3417241561256165,0.28059069228118433,8.839595722065496e-13,237,8.101641579827401e-11,188
RPS,tabular,200,noG,45,-0.0032466954643738067,-0.10287955728506158,0.7211688032117733,0.3417562265864822,0.28054655482307916,8.844036614163997e-13,237,8.107842175419933e-11,188
RPS,tabular,200,noG,50,-0.003157930531278495,-0.10352218045069994,0.7219694124052329,0.34177260934617193,0.28052482424960645,8.846257060213247e-13,237,8.11075095974445e-11,188
RPS,tabular,200,noG,55,-0.0031139525453810885,-0.10384008043973268,0.7223640989456858,0.3417808821479861,0.2805140378194418,8.848477506262498e-13,237,8.112160942985724e-11,188
RPS,tabular,200,noG,60,-0.0030920525819106617,-0.10399826821350884,0.7225601577969047,0.34178503995219983,0.2805086614985643,8.848477506262498e-13,237,8.112854832376115e-11,188
RPS,tabular,200,noG,65,-0.003081119044511523,-0.10407721389026298,0.722657919395687,0.3417871251731383,0.2805059761505848,8.848477506262498e-13,237,8.113199001513749e-11,188
RPS,tabular,200,noG,70,-0.0030756535000050207,-0.10411667055351852,0.7227067591573656,0.34178816990079963,0.28050463347217186,8.848477506262498e-13,237,8.113371086082566e-11,188
RPS,tabular,200,noG,75,-0.003072919589824377,-0.10413640526682275,0.7227311816833624,0.34178869306924287,0.2805039617771957,8.848477506262498e-13,237,8.113459903924536e-11,188
RPS,tabular,200,noG,80,-0.0030715516271620506,-0.10414627943793447,0.7227434000643274,0.34178895499312995,0.2805036256630865,8.848477506262498e-13,237,8.113498761730398e-11,188
RPS,tabular,200,noG,85,-0.0030708670318449903,-0.10415122084049443,0.7227495142673485,0.34178908610939884,0.2805034574503996,8.848477506262498e-13,237,8.11352096619089e-11,188
RPS,tabular,200,noG,90,-0.0030705243994124283,-0.10415369392940725,0.722752574240679,0.3417891517408584,0.2805033732606023,8.848477506262498e-13,237,8.113532068421137e-11,188
RPS,tabular,200,noG,95,-0.0030703529087595318,-0.10415493172572625,0.7227541057556185,0.3417891845923097,0.2805033311225431,8.848477506262498e-13,237,8.113532068421137e-11,188
RPS,tabular,200,noG,100,-0.003070267074387671,-0.10415555126479906,0.722754872300908,0.3417892010356662,0.280503310031559,8.848477506262498e-13,237,8.11353761953626e-11,188
RPS,tabular,200,GDA,0,-0.006340925457473496,-0.6634569460159686,0.7623292926143512,0.37520699151466086,0.28469096441109143,8.540945728441329e-13,238,8.903466852672182e-11,188
RPS,tabular,200,GDA,5,-0.01536415207751472,-0.5953619343482978,0.8300864617085296,0.3689982734336057,0.2856699628187237,8.516520821899576e-13,237,8.247991178933489e-11,187
RPS,tabular,200,GDA,10,-0.019315904214868337,-0.47944855844866985,0.8737862231381979,0.3628284348224048,0.2850522492470021,8.467115897303756e-13,235,8.638564863439058e-11,183
RPS,tabular,200,GDA,15,-0.016893746104222382,-0.324930249296788,0.845293166634542,0.35103192561166807,0.2836255000937744,8.271161533457416e-13,236,8.484921099061182e-11,185
RPS,tabular,200,GDA,20,-0.00892893785724644,-0.14438829252471605,0.7451024136945361,0.3434084997762117,0.28251451175371434,8.593126210598712e-13,237,8.628397996091053e-11,187
RPS,tabular,200,GDA,25,0.0018478713840792368,-0.13942197103727982,0.7672102842009242,0.34939171500346533,0.28227446416661806,8.979483823168266e-13,237,8.286726860262661e-11,188
RPS,tabular,200,GDA,30,0.01174778110379027,-0.20354353430038052,0.803026292001351,0.35427580079154997,0.28242693808396546,8.575362642204709e-13,237,8.462591738478409e-11,187
RPS,tabular,200,GDA,35,0.017435206430584403,-0.24676778957819093,0.766179390214692,0.3369838439018918,0.28179500580112465,8.255618411112664e-13,236,8.97268925825756e-11,184
RPS,tabular,200,GDA,40,0.017109212457832108,-0.2676135884954175,0.6639339574187646,0.2949571505851104,0.27934902283969587,8.640865800657593e-13,233,8.920694738456802e-11,180
RPS,tabular,200,GDA,45,0.011095326951219195,-0.345159795377136,0.5879761965072956,0.24812533078818622,0.27493430551189924,8.361644709964366e-13,232,8.234446458033062e-11,183
RPS,tabular,200,GDA,50,0.0016328935162609336,-0.3960919043017082,0.4697516588466268,0.22799771041764177,0.2694169208226632,8.63586979704678e-13,233,8.21110679449788e-11,184
RPS,tabular,200,GDA,55,-0.00801365864515332,-0.4091355422427457,0.6038586894329028,0.24536567270109744,0.26416392771637237,8.92008689135082e-13,233,8.93987106564964e-11,183
RPS,tabular,200,GDA,60,-0.014725741943368256,-0.3844929646227168,0.6997965993542938,0.2748437485756513,0.2601796993400343,8.382738947432244e-13,233,8.49353087861715e-11,182
RPS,tabular,200,GDA,65,-0.01653143896290972,-0.3266343273446106,0.7329438543773772,0.28725146775663746,0.25750902264697917,8.858469513484124e-13,233,8.277184493366008e-11,181
RPS,tabular,200,GDA,70,-0.013122446213178679,-0.24321480434437634,0.7065716595345917,0.2738355410697716,0.25536646102209193,8.182898802999716e-13,235,8.715628219135851e-11,183
RPS,tabular,200,GDA,75,-0.0057981125777268475,-0.14363928313491783,0.6282309418560822,0.24701672946939857,0.25284805058594906,8.558154185323019e-13,235,8.676123708362127e-11,184
RPS,tabular,200,GDA,80,0.0030541905515759204,-0.0717607081013694,0.5418289016719062,0.23194605733052118,0.24964159056003182,8.301137555122295e-13,235,8.461681355598216e-11,184
RPS,tabular,200,GDA,85,0.010723625149381655,-0.237778094777143,0.6591560174530566,0.24462211020562208,0.24626439059133992,8.268385975895853e-13,234,8.114955929450218e-11,183
RPS,tabular,200,GDA,90,0.014953541419318912,-0.3818721743229093,0.7234788794073852,0.2739850048922874,0.24372910162999295,8.325562461664049e-13,233,8.306236254362886e-11,180
RPS,tabular,200,GDA,95,0.014549276738848368,-0.49335652848590844,0.7288962363036169,0.2980073838758034,0.24285829631841613,8.712475185745916e-13,235,8.941467011247539e-11,183
RPS,tabular,200,GDA,100,0.00969553348463926,-0.5641498830523763,0.6811466965205318,0.3057809397952035,0.24368703181677168,8.966161146872764e-13,236,8.298811637885706e-11,186
RPS,tabular,200,Adam-GDA,0,-0.006340925457473496,-0.6634569460159686,0.7623292926143512,0.37520699151466086,0.28469096441109143,8.540945728441329e-13,238,8.903466852672182e-11,188
RPS,tabular,200,Adam-GDA,5,0.010881598610739196,-0.6174154285996,1.6102066878625438,0.986058848197009,0.47817352014198505,8.385514504993807e-13,242,8.907763415777481e-11,194
RPS,tabular,200,Adam-GDA,10,0.07152655675059857,-0.6944448400492553,1.8133541575478935,1.3134899786597685,0.7733174851657731,8.506528814677949e-13,243,8.577549781563221e-11,196
RPS,tabular,200,Adam-GDA,15,0.037142793061253905,-1.6774276377427906,2.57191933722016,1.9980447105915817,0.9731289273514285,8.36664071357518e-13,247,8.660805406179861e-11,201
RPS,tabular,200,Adam-GDA,20,-0.0833558211478211,-2.625324661830744,4.481432101666358,3.8495162850925584,1.1972031091639033,8.593126210598712e-13,251,8.677858431838104e-11,206
RPS,tabular,200,Adam-GDA,25,-0.2002859549769689,-3.017184865147292,5.338656541530709,4.713346801155196,1.5308199409383862,8.886225089099753e-13,252,8.22666379463044e-11,208
RPS,tabular,200,Adam-GDA,30,-0.2871450338542495,-2.811392569642017,5.017081531012561,4.394118251293483,1.860495507719276,8.277822871605167e-13,252,8.438716392333845e-11,207
RPS,tabular,200,Adam-GDA,35,-0.2991307824516055,-2.197224927409225,3.9931053732206814,3.4987810558604906,2.025067472002541,8.877343304902752e-13,249,8.731881884216364e-11,204
RPS,tabular,200,Adam-GDA,40,-0.18462196586829693,-1.8112858946579888,4.900759834559114,4.367094688688374,1.9538092215301144,8.189005029635155e-13,253,8.519274175000646e-11,208
RPS,tabular,200,Adam-GDA,45,0.04426134260370054,-3.163710685481358,7.531697172716929,6.969919054485196,1.7870835814866664,8.43769498715119e-13,256,8.175682353339653e-11,212
RPS,tabular,200,Adam-GDA,50,0.31975577736301575,-4.115419636014953,9.374691486252184,8.839735557161887,1.7614656964706608,8.233413950620161e-13,258,8.985523436422227e-11,213
RPS,tabular,200,Adam-GDA,55,0.5980809561651719,-4.566797047469548,10.289147625976424,9.767432866051367,1.9851056644535963,8.952838470577262e-13,258,8.846168242371277e-11,214
RPS,tabular,200,Adam-GDA,60,0.8805174496046704,-4.511697065771584,10.28134852776521,9.755497569639747,2.38733967069796,8.135714324453147e-13,259,8.916245519685617e-11,214
RPS,tabular,200,Adam-GDA,65,1.150424037126197,-4.030734819827999,9.447532427755647,8.906607089490615,2.8279792780243485,8.482103908136196e-13,258,8.324718692165334e-11,214
RPS,tabular,200,Adam-GDA,70,1.3154633072447273,-3.283448062159022,7.973290061958607,7.420731818150898,3.143176915277016,8.15347789284715e-13,257,8.79314399071518e-11,212
RPS,tabular,200,Adam-GDA,75,1.2545773227195842,-2.887610989651433,6.5595190133765815,6.078594336271253,3.1942237721263993,8.761880110341735e-13,254,8.319478439489103e-11,210
RPS,tabular,200,Adam-GDA,80,0.9405517250091429,-4.626521640770967,7.1574256958593505,6.642996430468385,2.934595487568167,8.943956686380261e-13,256,8.761791292499765e-11,212
RPS,tabular,200,Adam-GDA,85,0.48350965596434603,-5.949993225434151,9.173140633251709,8.696661255167411,2.4653152971977743,8.384404281969182e-13,259,8.353051583753768e-11,215
RPS,tabular,200,Adam-GDA,90,0.023735909136323043,-6.864067534264477,11.531167711682563,11.097686723555901,2.00185607406625,8.704148513061227e-13,260,8.746248170155013e-11,216
RPS,tabular,200,Adam-GDA,95,-0.3799746512078263,-7.460708393189274,13.044692278725552,12.645759556777751,1.7297025134274175,8.5087492607272e-13,261,8.596146017225692e-11,217
RPS,tabular,200,Adam-GDA,100,-0.7532697650244824,-7.835909270008918,13.871367823271818,13.49280121158856,1.7109284398923374,8.943956686380261e-13,261,8.147615915277129e-11,218
RPS,tabular,200,EGM,0,-0.006340925457473496,-0.6634569460159686,0.7623292926143512,0.37520699151466086,0.28469096441109143,8.540945728441329e-13,238,8.903466852672182e-11,188
RPS,tabular,200,EGM,5,-0.014855419507655777,-0.5857942621088746,0.8165651425218828,0.35860350895221504,0.28096435522253704,8.379963389870682e-13,237,8.911504867370468e-11,186
RPS,tabular,200,EGM,10,-0.018067262421733125,-0.46424323030184234,0.8453683605365887,0.34195565663686256,0.27561888827039227,8.198441925344468e-13,235,8.149012020730595e-11,183
RPS,tabular,200,EGM,15,-0.015300717281885836,-0.3098901750801572,0.8041736786391495,0.3212803466142332,0.2695311982225967,8.729128531115293e-13,235,8.631781400758598e-11,184
RPS,tabular,200,EGM,20,-0.007873655931084201,-0.13633031267975917,0.697145994002261,0.30585647702214147,0.2637829814758146,8.912870441690757e-13,236,8.541251039773101e-11,186
RPS,tabular,200,EGM,25,0.0014409927922136823,-0.12607263537585978,0.7023147171953624,0.30167835043409214,0.2588434490949527,8.242295734817162e-13,237,8.858441757908508e-11,186
RPS,tabular,200,EGM,30,0.009447793377105163,-0.18135030079240957,0.7227832382857404,0.2956636063644197,0.2542755355323833,8.605338663869588e-13,236,8.767503389961462e-11,185
RPS,tabular,200,EGM,35,0.013651828192152111,-0.21687998571726952,0.679113980472132,0.2726282235251962,0.24914131204958062,8.162914788556463e-13,235,8.973621845598245e-11,182
RPS,tabular,200,EGM,40,0.01304987038173264,-0.23228962143013124,0.5807367470794201,0.23310237165746478,0.24272880934102492,8.441025656225065e-13,232,8.802067408275605e-11,178
RPS,tabular,200,EGM,45,0.008322095568986077,-0.2937745374493481,0.5061576694124372,0.19357201997769094,0.2350571712456464,8.786305016883489e-13,230,8.867701017933882e-11,180
RPS,tabular,200,EGM,50,0.001415052727304706,-0.3314913827054448,0.3987589487429062,0.1743006547956226,0.226869140034889,8.922307337400071e-13,231,8.629394421255654e-11,181
RPS,tabular,200,EGM,55,-0.0052543305591161394,-0.33740365362161573,0.493884172932519,0.17904896176139265,0.21916497790565548,8.173461907290402e-13,232,8.211617497089208e-11,181
RPS,tabular,200,EGM,60,-0.009635588506299125,-0.31328038139198966,0.5666995004858759,0.1913169381803812,0.21259536267173934,8.432698983540377e-13,231,8.379852367568219e-11,179
RPS,tabular,200,EGM,65,-0.010633760981620633,-0.2638937025951351,0.5882893341421758,0.193686443699503,0.20712781579423636,8.731904088676856e-13,231,8.323079725425231e-11,177
RPS,tabular,200,EGM,70,-0.008308900902434673,-0.19599028607380614,0.5625486604400576,0.18137913921321283,0.2022063557629866,8.879563750952002e-13,232,8.780917659656495e-11,179
RPS,tabular,200,EGM,75,-0.003701288424551725,-0.11716925847296673,0.4963019985867503,0.16216317961446255,0.19723533414563377,8.266165529846603e-13,233,8.672626505834558e-11,180
RPS,tabular,200,EGM,80,0.0015953238603726731,-0.05000683075230813,0.41302973218642824,0.1490960643850002,0.19200615880510263,8.794076578055865e-13,232,8.316297650523552e-11,180
RPS,tabular,200,EGM,85,0.005950878841498015,-0.17467893092047387,0.49525246473394574,0.1492669485790381,0.18680289064967778,8.628653347386717e-13,231,8.637522641574691e-11,178
RPS,tabular,200,EGM,90,0.008159940546349751,-0.27959926181354144,0.5350856505507395,0.15794144572534563,0.18216731984363188,8.362199821476679e-13,230,8.542948293221997e-11,175
RPS,tabular,200,EGM,95,0.0077418634208234315,-0.35755600588148,0.5303623703761302,0.16527612698294009,0.1784966037412951,8.661960038125471e-13,232,8.230149894927763e-11,178
RPS,tabular,200,EGM,100,0.0050236741884463745,-0.4036914867274199,0.4893052948819856,0.1654816069138479,0.1757429126231368,8.801293027715928e-13,233,8.427578079839293e-11,180
RPS,tabular,200,PPM-3,0,-0.006340925457473496,-0.6634569460159686,0.7623292926143512,0.37520699151466086,0.28469096441109143,8.540945728441329e-13,238,8.903466852672182e-11,188
RPS,tabular,200,PPM-3,5,-0.014835135415870105,-0.5861254379855185,0.8163662223830859,0.3586464568965226,0.28097191775385266,8.384404281969182e-13,237,8.920097993581066e-11,186
RPS,tabular,200,PPM-3,10,-0.01806629383146782,-0.4651802537372848,0.8454262826615799,0.34207933371414745,0.2756452463495702,8.215095270713846e-13,235,8.177925003849396e-11,183
RPS,tabular,200,PPM-3,15,-0.015356279971255885,-0.3115846820710636,0.8049488146566076,0.3214745864442138,0.2695769359409703,8.713030297258229e-13,235,8.605799406424808e-11,184
RPS,tabular,200,PPM-3,20,-0.007995109505755072,-0.13877625222747608,0.6990138127927263,0.3059454378608466,0.2638394948265693,8.903988657493755e-13,236,8.527611949915581e-11,186
RPS,tabular,200,PPM-3,25,0.001283883578583362,-0.12479423014056203,0.7011782284552774,0.30164865591272444,0.258906770903565,8.244516180866412e-13,237,8.863498823785676e-11,186
RPS,tabular,200,PPM-3,30,0.009315503052615096,-0.1802497764179601,0.7228426580294139,0.29586797895980443,0.2543582045904608,8.624212455288216e-13,236,8.802047979372674e-11,185
RPS,tabular,200,PPM-3,35,0.013608295947393219,-0.21615157031326945,0.6807176531344522,0.2733788741168123,0.24926878168801214,8.203993040467594e-13,235,8.153583364034489e-11,183
RPS,tabular,200,PPM-3,40,0.01313129258653373,-0.23207361551193598,0.5840003494638571,0.23428458423234183,0.24292188052383293,8.525402606096577e-13,232,8.728562317372734e-11,178
RPS,tabular,200,PPM-3,45,0.008516879006374574,-0.29211741651007767,0.5089236505614017,0.19458258279195614,0.23531457489291246,8.736344980775357e-13,230,8.828188180487473e-11,180
RPS,tabular,200,PPM-3,50,0.0016648263015611004,-0.3307191344006345,0.40300032409250697,0.17452156699210905,0.22716462330662462,8.901768211444505e-13,231,8.625489211766535e-11,181
RPS,tabular,200,PPM-3,55,-0.005033402358290661,-0.3377522613021093,0.4900675660672853,0.17861241229465635,0.21946310814287195,8.181788579975091e-13,232,8.248332572513561e-11,181
RPS,tabular,200,PPM-3,60,-0.009521238338455891,-0.3148364549534411,0.5647562749823831,0.19096412441527957,0.2128754791863125,8.47433234696382e-13,231,8.475439794430883e-11,179
RPS,tabular,200,PPM-3,65,-0.010669153809171867,-0.26658446754383824,0.5884844341329001,0.19398209690832063,0.20739677749844468,8.664180484174722e-13,231,8.186161470913333e-11,177
RPS,tabular,200,PPM-3,70,-0.008487665088259398,-0.19960384309314097,0.564923707349373,0.18231284409881593,0.20248922854537657,8.849587729287123e-13,232,8.712633392526925e-11,179
RPS,tabular,200,PPM-3,75,-0.003970035261775998,-0.12139594932275183,0.5007144821375787,0.16319039846581115,0.19755237311483062,8.270051310432791e-13,233,8.665579365185749e-11,180
RPS,tabular,200,PPM-3,80,0.0013194260410206388,-0.042869169764977025,0.4075831870239906,0.14955990860795473,0.19235425009330293,8.835154829966996e-13,232,8.367020964961114e-11,180
RPS,tabular,200,PPM-3,85,0.005754074902393336,-0.1680414061770935,0.49180131542331446,0.14902478960293775,0.18715413198222572,8.714695631795166e-13,231,8.761602554585579e-11,178
RPS,tabular,200,PPM-3,90,0.008105349356593973,-0.27405354635856094,0.5341084267245464,0.15746370587927463,0.18248572417292416,8.196221479295218e-13,230,8.764855508047731e-11,175
RPS,tabular,200,PPM-3,95,0.007849676485437164,-0.35362842708105624,0.532154074962859,0.16510693819142747,0.1787625588439641,8.566480858007708e-13,232,8.950509777783111e-11,177
RPS,tabular,200,PPM-3,100,0.0052635625488137,-0.4018007662505075,0.48799057432245274,0.16582026623909815,0.17596829898586389,8.760214775804798e-13,233,8.35170543833641e-11,180
RPS,tabular,201,QP+G,0,-0.013144836933191767,-0.30541256627156,0.678409172290398,0.23584997960212237,0.22013732437520975,8.132383655379272e-13,233,8.21899215353028e-11,179
RPS,tabular,201,QP+G,5,-0.004362620582455679,-0.18183994112563068,0.38478640861958446,0.08195852606782691,0.12868724228584477,8.325840017420205e-13,227,8.95176779924789e-11,168
RPS,tabular,201,QP+G,10,-0.0013768459387387133,-0.10722990976035698,0.2148370917118228,0.026865959066427914,0.07358347074226879,8.306827448123499e-13,221,8.611747426279237e-11,159
RPS,tabular,201,QP+G,15,-0.0004402182896088019,-0.05767371334039068,0.12163426709676708,0.008557516930717756,0.04132167440033494,8.361783487842445e-13,216,8.215812318662641e-11,148
RPS,tabular,201,QP+G,20,-0.00013628682069436306,-0.02780237971474105,0.06895685416351773,0.0026609839793304687,0.022968793908679855,8.200315426698523e-13,212,8.154775184114615e-11,137
RPS,tabular,201,QP+G,25,-3.62260337476231e-05,-0.011593694714183912,0.0379081184414672,0.000814753141591475,0.012705066806268064,8.879598445421522e-13,207,8.545379399753361e-11,128
RPS,tabular,201,QP+G,30,-6.871582051257463e-06,-0.00363555374126669,0.019701645590564792,0.0002474399215783574,0.007010000769398117,8.263043027589845e-13,203,8.182317491741906e-11,119
RPS,tabular,201,QP+G,35,-2.3323750505285887e-07,-0.0002536889185104761,0.00947237261405275,7.490138078838916e-05,0.0038624792649094787,8.92161344800968e-13,197,8.555915974621173e-11,108
RPS,tabular,201,QP+G,40,5.202306577316047e-07,-0.0011415643294885294,0.006086643528314414,2.265850528405944e-05,0.0021266427475054874,8.104662774233162e-13,192,8.696524833338233e-11,96
RPS,tabular,201,QP+G,45,2.9495594537409586e-07,-0.0012916693380997386,0.0037583489112754456,6.856272209421201e-06,0.001170477430525909,8.452340390097124e-13,185,8.497855086252046e-11,83
RPS,tabular,201,QP+G,50,1.072208856020156e-07,-0.0010270915351332961,0.002153567514864402,2.0753074591456375e-06,0.0006441123371270939,8.966978635310818e-13,177,8.59404880593641e-11,68
RPS,tabular,201,QP+G,55,2.9341004164293865e-08,-0.000701158125696252,0.0011527365666356166,6.282738084645302e-07,0.00035443368208786983,8.506875759373145e-13,173,8.987050437175167e-11,59
RPS,tabular,201,QP+G,60,5.603056914956169e-09,-0.00043488270860504675,0.000574149500576581,1.9021414256192862e-07,0.00019503038858984228,8.935394741824143e-13,168,8.933646489238824e-11,50
RPS,tabular,201,QP+G,65,2.5588302785549704e-10,-0.00025030781011847205,0.0002616645305292922,5.759033465391196e-08,0.00010731742900908949,8.709705049195215e-13,163,8.4963429625158e-11,40
RPS,tabular,201,QP+G,70,-3.7940494542288105e-10,-0.0001345682590940957,0.00015625229060191003,1.7436874513721e-08,5.9052803955044644e-05,8.810826417418594e-13,157,8.703437970325467e-11,28
RPS,tabular,201,QP+G,75,-2.2295722680129478e-10,-6.734076702390532e-05,9.234734409129321e-05,5.279591902551673e-09,3.2494731870570784e-05,8.296540537910957e-13,151,8.584435162717338e-11,15
RPS,tabular,201,QP+G,80,-8.243184800609746e-11,-3.088074311619522e-05,5.0912194531088046e-05,1.5986101331577625e-09,1.788080384991191e-05,8.838258833024186e-13,143,7.903391274766137e-11,1
RPS,tabular,201,QP+G,85,-2.5234418089378343e-11,-1.575442237371189e-05,2.775683447276016e-05,4.879427417669997e-10,9.878708541130154e-06,8.484505043253755e-13,137,2.3331243603763593e-11,1
RPS,tabular,201,QP+G,90,-7.706239190035484e-12,-8.541679456469151e-06,1.5299966708822642e-05,1.4947272586329777e-10,5.4675963889916875e-06,8.655904294653689e-13,131,7.40087990891425e-12,1
RPS,tabular,201,QP+G,95,-2.3819046270662968e-12,-4.882690566811556e-06,8.538695121058218e-06,4.601430347861425e-11,3.0336245286651433e-06,8.379462022598872e-13,126,2.1643153935713146e-12,1
RPS,tabular,201,QP+G,100,-7.992332115034157e-13,-2.9767836850022785e-06,4.990783707059767e-06,1.5448753387659047e-11,1.7577691340692216e-06,8.651515321439691e-13,121,7.345124508617574e-13,1
RPS,tabular,201,noG,0,-0.013144836933191767,-0.30541256627156,0.678409172290398,0.23584997960212237,0.22013732437520975,8.132383655379272e-13,233,8.21899215353028e-11,179
RPS,tabular,201,noG,5,-0.013144836933191767,-0.30541256627156,0.678409172290398,0.23584997960212237,0.22013732437520975,8.132383655379272e-13,233,8.21899215353028e-11,179
RPS,tabular,201,noG,10,-0.013144836933191767,-0.30541256627156,0.678409172290398,0.23584997960212237,0.22013732437520975,8.132383655379272e-13,233,8.21899215353028e-11,179
RPS,tabular,201,noG,15,-0.013144836933191767,-0.30541256627156,0.678409172290398,0.23584997960212237,0.22013732437520975,8.132383655379272e-13,233,8.21899215353028e-11,179
RPS,tabular,201,noG,20,-0.013144836933191767,-0.30541256627156,0.678409172290398,0.23584997960212237,0.22013732437520975,8.132383655379272e-13,233,8.21899215353028e-11,179
RPS,tabular,201,noG,25,-0.013144836933191767,-0.30541256627156,0.678409172290398,0.23584997960212237,0.22013732437520975,8.132383655379272e-13,233,8.21899215353028e-11,179
RPS,tabular,201,noG,30,-0.013144836933191767,-0.30541256627156,0.678409172290398,0.23584997960212237,0.22013732437520975,8.132383655379272e-13,233,8.21899215353028e-11,179
RPS,tabular,201,noG,35,-0.013144836933191767,-0.30541256627156,0.678409172290398,0.23584997960212237,0.22013732437520975,8.132383655379272e-13,233,8.21899215353028e-11,179
RPS,tabular,201,noG,40,-0.013144836933191767,-0.30541256627156,0.678409172290398,0.23584997960212237,0.22013732437520975,8.132383655379272e-13,233,8.21899215353028e-11,179
RPS,tabular,201,noG,45,-0.013144836933191767,-0.30541256627156,0.678409172290398,0.23584997960212237,0.22013732437520975,8.132383655379272e-13,233,8.21899215353028e-11,179
RPS,tabular,201,noG,50,-0.013144836933191767,-0.30541256627156,0.678409172290398,0.23584997960212237,0.22013732437520975,8.132383655379272e-13,233,8.21899215353028e-11,179
RPS,tabular,201,noG,55,-0.013144836933191767,-0.30541256627156,0.678409172290398,0.23584997960212237,0.22013732437520975,8.132383655379272e-13,233,8.21899215353028e-11,179
RPS,tabular,201,noG,60,-0.013144836933191767,-0.30541256627156,0.678409172290398,0.23584997960212237,0.22013732437520975,8.132383655379272e-13,233,8.21899215353028e-11,179
RPS,tabular,201,noG,65,-0.013144836933191767,-0.30541256627156,0.678409172290398,0.23584997960212237,0.22013732437520975,8.132383655379272e-13,233,8.21899215353028e-11,179
RPS,tabular,201,noG,70,-0.013144836933191767,-0.30541256627156,0.678409172290398,0.23584997960212237,0.22013732437520975,8.132383655379272e-13,233,8.21899215353028e-11,179
RPS,tabular,201,noG,75,-0.013144836933191767,-0.30541256627156,0.678409172290398,0.23584997960212237,0.22013732437520975,8.132383655379272e-13,233,8.21899215353028e-11,179
RPS,tabular,201,noG,80,-0.013144836933191767,-0.30541256627156,0.678409172290398,0.23584997960212237,0.22013732437520975,8.132383655379272e-13,233,8.21899215353028e-11,179
RPS,tabular,201,noG,85,-0.013144836933191767,-0.30541256627156,0.678409172290398,0.23584997960212237,0.22013732437520975,8.132383655379272e-13,233,8.21899215353028e-11,179
RPS,tabular,201,noG,90,-0.013144836933191767,-0.30541256627156,0.678409172290398,0.23584997960212237,0.22013732437520975,8.132383655379272e-13,233,8.21899215353028e-11,179
RPS,tabular,201,noG,95,-0.013144836933191767,-0.30541256627156,0.678409172290398,0.23584997960212237,0.22013732437520975,8.132383655379272e-13,233,8.21899215353028e-11,179
RPS,tabular,201,noG,100,-0.013144836933191767,-0.30541256627156,0.678409172290398,0.23584997960212237,0.22013732437520975,8.132383655379272e-13,233,8.21899215353028e-11,179
RPS,tabular,201,GDA,0,-0.013144836933191767,-0.30541256627156,0.678409172290398,0.23584997960212237,0.22013732437520975,8.132383655379272e-13,233,8.21899215353028e-11,179
RPS,tabular,201,GDA,5,-0.011262702527936139,-0.2204156490113989,0.6839743870412367,0.24797344407929134,0.21967930053620188,8.186229472073592e-13,235,8.960604480634515e-11,182
RPS,tabular,201,GDA,10,-0.006030391085834806,-0.11593616107810875,0.6337179959248912,0.24741367324519345,0.22023972927122346,8.22897305852166e-13,236,8.853567878830404e-11,184
RPS,tabular,201,GDA,15,0.0010147213004666252,-0.028718816484598467,0.5601162299940998,0.24420270015616485,0.22121349862413764,8.445466548323566e-13,236,8.337064372199166e-11,185
RPS,tabular,201,GDA,20,0.007745969393673686,-0.1726341187257641,0.6753495861872755,0.24755585166152824,0.2220208033269236,8.878453527927377e-13,235,8.378284177545936e-11,184
RPS,tabular,201,GDA,25,0.01203092782084881,-0.30359670447158627,0.7367171004926669,0.2536045567587397,0.22240291615232205,8.498757253505573e-13,234,8.730610678853168e-11,181
RPS,tabular,201,GDA,30,0.012419509391080802,-0.41036173421129357,0.7377734280924313,0.25227190470906774,0.22249163730800317,8.946732243941824e-13,233,8.965495013057989e-11,180
RPS,tabular,201,GDA,35,0.00870362575952053,-0.483050005305966,0.6768584714116594,0.24296309337618283,0.22259707636525652,8.53039860970739e-13,235,8.824557751196949e-11,183
RPS,tabular,201,GDA,40,0.002088882041543917,-0.5144452384789909,0.5579421085906535,0.23516916259723136,0.2228660470368601,8.176792576364278e-13,236,8.890060909649833e-11,184
RPS,tabular,201,GDA,45,-0.005162245860407291,-0.5011053811609052,0.5751310017209511,0.23277202432452357,0.22307980947663142,8.849587729287123e-13,235,8.484074554004906e-11,184
RPS,tabular,201,GDA,50,-0.010530289042682004,-0.4440238701292291,0.6172178930642478,0.22698111931826903,0.22275083831228815,8.712475185745916e-13,234,8.41489378178295e-11,182
RPS,tabular,201,GDA,55,-0.01217754449777056,-0.34867672411807166,0.6073414636930925,0.20948432463074712,0.22143282217988855,8.446576771348191e-13,232,8.150888297642211e-11,178
RPS,tabular,201,GDA,60,-0.009632696787161834,-0.2244167425645135,0.5457234238152668,0.18440062581939531,0.21901286312714333,8.648637361829969e-13,231,8.791592454038266e-11,179
RPS,tabular,201,GDA,65,-0.003929530411117739,-0.08330939686511743,0.4375271301295156,0.16568253824149895,0.21579622560833497,8.580913757327835e-13,232,8.30958080122457e-11,181
RPS,tabular,201,GDA,70,0.002843962463523415,-0.04486231673159431,0.3987897083578617,0.16232673470316306,0.21233224775204995,8.573697307667771e-13,232,8.306599852403451e-11,181
RPS,tabular,201,GDA,75,0.00836589400931046,-0.14645169759437685,0.46741058513653677,0.16827259610398843,0.20908851691000707,8.639200466120656e-13,231,8.820399965969727e-11,179
RPS,tabular,201,GDA,80,0.010909782859371973,-0.23220956395372694,0.4918574649376689,0.17126490906544828,0.20619943180438818,8.628098235874404e-13,229,8.680080265666135e-11,176
RPS,tabular,201,GDA,85,0.00986455229714918,-0.2972667226260259,0.47457367032443465,0.16552773908667384,0.2034796989156031,8.890665981198254e-13,230,8.93049245664912e-11,177
RPS,tabular,201,GDA,90,0.0058034920668527164,-0.33859043506701453,0.42155495422006684,0.15481952779913816,0.2006790383961197,8.202327705930657e-13,232,8.949324614704324e-11,179
RPS,tabular,201,GDA,95,0.00016252743641866424,-0.35454321890013957,0.3774061040504124,0.14858380260710274,0.19775912860148145,8.588685318500211e-13,232,8.596226508394977e-11,180
RPS,tabular,201,GDA,100,-0.005284374822479115,-0.34457541070124326,0.4687958581265744,0.15414625480077387,0.19498585595508577,8.347211810644239e-13,232,8.957651287389012e-11,179
RPS,tabular,201,Adam-GDA,0,-0.013144836933191767,-0.30541256627156,0.678409172290398,0.23584997960212237,0.22013732437520975,8.132383655379272e-13,233,8.21899215353028e-11,179
RPS,tabular,201,Adam-GDA,5,0.0446294042492103,-0.6342553707337577,1.3402694662358692,0.7860987309478984,0.49378675030247393,8.180123245438153e-13,239,8.935746587113158e-11,190
RPS,tabular,201,Adam-GDA,10,0.03908963060837785,-1.5747330849858252,2.231130757254415,1.6112020794561874,0.6795097821922789,8.72635297355373e-13,246,8.82587336548113e-11,200
RPS,tabular,201,Adam-GDA,15,-0.1074186447013202,-1.9761455157807775,2.616713197254808,2.0725435942172514,1.0198295916511195,8.872902412804251e-13,248,8.520029126657391e-11,203
RPS,tabular,201,Adam-GDA,20,-0.2319342152677272,-1.6141929317737578,3.190274825281151,2.566949464934619,1.2374161102354362,8.946177132429511e-13,246,8.268963291868658e-11,201
RPS,tabular,201,Adam-GDA,25,-0.21497504818359917,-1.6593046289150797,4.447623618773385,3.844950808696934,1.3311254881902732,8.211209490127658e-13,252,8.374145821221646e-11,207
RPS,tabular,201,Adam-GDA,30,-0.11244647182098359,-2.6514410989787147,6.36857905450175,5.7638779051026034,1.4903458094469337,8.86846152070575e-13,254,8.418732377890592e-11,210
RPS,tabular,201,Adam-GDA,35,0.04570082061057524,-3.0094912038464563,7.170443011224009,6.572869367361522,1.8393606020835378,8.93507490218326e-13,255,8.572476062340684e-11,211
RPS,tabular,201,Adam-GDA,40,0.26975355403466916,-2.7783567621055996,6.837745126511491,6.237658700254544,2.2467111519629634,8.713030297258229e-13,255,8.344258617398737e-11,211
RPS,tabular,201,Adam-GDA,45,0.4692919364987782,-2.260147270815618,5.773985745499102,5.179038790069069,2.511682547941719,8.384404281969182e-13,254,8.801137596492481e-11,209
RPS,tabular,201,Adam-GDA,50,0.5478272079996451,-2.6200477021703588,5.324612992746042,4.758333949336832,2.502418541741265,8.850697952311748e-13,251,8.145573104911819e-11,207
RPS,tabular,201,Adam-GDA,55,0.4787704312696122,-4.213392675672713,6.94539405776096,6.416369036293018,2.2387620003045727,8.144596108650148e-13,256,8.747180757495698e-11,211
RPS,tabular,201,Adam-GDA,60,0.3138653029101171,-5.43921503158858,9.649836205002384,9.148995615554298,1.8888771124987334,8.5087492607272e-13,258,8.395772965741344e-11,214
RPS,tabular,201,Adam-GDA,65,0.12596292860146685,-6.259353941720688,11.521298004409108,11.056392102408243,1.6617923489666964,8.819611707622244e-13,259,8.776179782898907e-11,215
RPS,tabular,201,Adam-GDA,70,-0.04941691511809096,-6.722894013435075,12.587355150965426,12.143213710989421,1.6800413862835375,8.526512829121202e-13,260,8.519052130395721e-11,216
RPS,tabular,201,Adam-GDA,75,-0.22123373051167605,-6.890676758260691,12.945418663616138,12.503156306718772,1.9384896103454692,8.739675649849232e-13,260,8.740475010426962e-11,216
RPS,tabular,201,Adam-GDA,80,-0.4208001894614857,-6.7949895987309645,12.659795540997607,12.201207147422748,2.3791292225410565,8.615330671091215e-13,260,8.605649526316483e-11,216
RPS,tabular,201,Adam-GDA,85,-0.6713732695206321,-6.4321447362137985,11.746446426808022,11.258898479733716,2.924312063492322,8.15347789284715e-13,260,8.111289417911394e-11,216
RPS,tabular,201,Adam-GDA,90,-0.9445966265965274,-5.779900561363687,10.23560324530834,9.718742087773068,3.4268384479934153,8.144596108650148e-13,259,8.929923467348999e-11,214
RPS,tabular,201,Adam-GDA,95,-1.1331003348084332,-4.845342642826699,8.272744047041803,7.743530445455271,3.674653808008208,8.428813202954188e-13,257,8.216893832013739e-11,213
RPS,tabular,201,Adam-GDA,100,-1.118138658143219,-3.7278783613537723,7.074871999020115,6.576480422787369,3.522967984099726,8.890665981198254e-13,254,8.51283488145782e-11,210
RPS,tabular,201,EGM,0,-0.013144836933191767,-0.30541256627156,0.678409172290398,0.23584997960212237,0.22013732437520975,8.132383655379272e-13,233,8.21899215353028e-11,179
RPS,tabular,201,EGM,5,-0.01092560709013074,-0.21688255331750986,0.6732221398539041,0.24093932517425423,0.21638318612173835,8.9545038051142e-13,234,8.705661191932279e-11,182
RPS,tabular,201,EGM,10,-0.005674657149875927,-0.11200528462163284,0.6138089153371374,0.2337818262925496,0.21358705631793193,8.861800182558e-13,235,8.368600257213643e-11,184
RPS,tabular,201,EGM,15,0.0009203504510464298,-0.026997562378883802,0.5338317272174604,0.2243221978533682,0.21109898038083397,8.950618024528012e-13,235,8.510864235589111e-11,184
RPS,tabular,201,EGM,20,0.006823061837502076,-0.16178955341781043,0.6334613806730487,0.220090492531962,0.20836430557935376,8.329448242250237e-13,235,8.290182429426807e-11,183
RPS,tabular,201,EGM,25,0.010244681634986944,-0.28012040267731975,0.6797501242072954,0.21749058171295585,0.20517843180701126,8.713030297258229e-13,233,8.339196000406446e-11,180
RPS,tabular,201,EGM,30,0.010216804409666337,-0.37230415919037674,0.6694118902411381,0.2094146488009768,0.20169844063691048,8.117395644546832e-13,233,8.289349762158338e-11,179
RPS,tabular,201,EGM,35,0.006923732615650967,-0.4307225033255179,0.6039582526309611,0.19652995305069174,0.1982129796964993,8.451572774959004e-13,234,8.8330676106807e-11,181
RPS,tabular,201,EGM,40,0.001634661627573451,-0.45082432922497434,0.48994621877468303,0.1853198427082594,0.19484977019850236,8.846257060213247e-13,234,8.647838001252239e-11,182
RPS,tabular,201,EGM,45,-0.0037659980161787033,-0.4317733239613024,0.49618439590049523,0.17721795565870233,0.19144627458409774,8.47211190091457e-13,234,8.876732682239208e-11,181
RPS,tabular,201,EGM,50,-0.007472847724153506,-0.3765909850570966,0.5238346401549633,0.16649753566092482,0.1876669786385467,8.210654378615345e-13,233,8.488693081787346e-11,179
RPS,tabular,201,EGM,55,-0.008397397233006997,-0.29175970269777657,0.5071125667956494,0.1492864094276204,0.18325097237368934,8.725797862041418e-13,230,8.800749018433862e-11,174
RPS,tabular,201,EGM,60,-0.006496961800058199,-0.18636108085477024,0.44865464249524467,0.12941405944232096,0.1781992110762061,8.716360966332104e-13,229,8.511027993485243e-11,176
RPS,tabular,201,EGM,65,-0.002687067938223979,-0.0709126557430781,0.35490101109542066,0.114764301489998,0.1727856856970131,8.493206138382448e-13,230,8.753721358889521e-11,177
RPS,tabular,201,EGM,70,0.001585392655779923,-0.03051731689508663,0.30982002043435336,0.10893866740772927,0.1674015233398656,8.353318037279678e-13,230,8.539938201046482e-11,177
RPS,tabular,201,EGM,75,0.004901104695668943,-0.10924420707021623,0.3593301622946886,0.10809918214872047,0.16234103844523376,8.310019339319297e-13,229,8.823695940574083e-11,175
RPS,tabular,201,EGM,80,0.006332287656555017,-0.17427602926116578,0.37499045026518013,0.10610827321076555,0.15767332888443103,8.23424661788863e-13,227,8.432948783720917e-11,172
RPS,tabular,201,EGM,85,0.005664297647911769,-0.22217300545918778,0.3594560770372431,0.10026885002204508,0.1532794654254141,8.203160373199125e-13,228,8.148960672915706e-11,173
RPS,tabular,201,EGM,90,0.003349251393401834,-0.2509311321041562,0.3175790696342629,0.09247344470594741,0.14900823455427312,8.338885137959551e-13,229,8.112314986430391e-11,175
RPS,tabular,201,EGM,95,0.0002661852499191535,-0.25974831053100994,0.27582687972124564,0.08680307831511139,0.1448229930677406,8.63142890494828e-13,229,8.507730631102106e-11,175
RPS,tabular,201,EGM,100,-0.0025952159024333673,-0.24888065535176393,0.3335245243482824,0.08588611325810899,0.14084080941639757,8.270328866188947e-13,229,8.616979352282783e-11,174
RPS,tabular,201,PPM-3,0,-0.013144836933191767,-0.30541256627156,0.678409172290398,0.23584997960212237,0.22013732437520975,8.132383655379272e-13,233,8.21899215353028e-11,179
RPS,tabular,201,PPM-3,5,-0.01093743434371377,-0.21717731824101819,0.6733141168317984,0.24094213500790945,0.21639319056312653,8.950618024528012e-13,234,8.698686215780072e-11,182
RPS,tabular,201,PPM-3,10,-0.005712249516663317,-0.1126965997703293,0.6143256799405713,0.23383271888536236,0.21360023258152383,8.858469513484124e-13,235,8.363504333530614e-11,184
RPS,tabular,201,PPM-3,15,0.0008597410119394632,-0.025742346502096756,0.5326862832715793,0.2243704090162782,0.2111153151683079,8.952838470577262e-13,235,8.514339233656187e-11,184
RPS,tabular,201,PPM-3,20,0.00676102545193189,-0.16023106412568744,0.632544113558438,0.2200972017755638,0.20838833373051202,8.341105584008801e-13,235,8.310988008908282e-11,183
RPS,tabular,201,PPM-3,25,0.010214550355857763,-0.27846913768866566,0.679465936125979,0.2175483032160344,0.2052140201476395,8.743006318923108e-13,233,8.393372108450592e-11,180
RPS,tabular,201,PPM-3,30,0.010248127700466151,-0.3708505631359978,0.6701476919031375,0.20961941087130717,0.20174515751601824,8.983924715266767e-13,232,8.226830328084134e-11,179
RPS,tabular,201,PPM-3,35,0.0070247412031611296,-0.4298008043374449,0.6060112050448984,0.19680383356264958,0.1982678811761636,8.433809206565002e-13,234,8.797557127238065e-11,181
RPS,tabular,201,PPM-3,40,0.001782242940543858,-0.45075806618056036,0.49345348911910863,0.18552195592773552,0.19491344108346556,8.84459172567631e-13,234,8.645287263853163e-11,182
RPS,tabular,201,PPM-3,45,-0.0036216947385129756,-0.43281338489610355,0.4948165079624746,0.17741548970479692,0.19152719024083686,8.492651026870135e-13,234,8.916317684182218e-11,181
RPS,tabular,201,PPM-3,50,-0.007389341944456301,-0.37886028857575865,0.5237118286152398,0.16691313216945708,0.18777917970074373,8.260059303211165e-13,233,8.586159561119189e-11,179
RPS,tabular,201,PPM-3,55,-0.008414605256307705,-0.29521767253437525,0.5085197458819058,0.14998156960042297,0.18340598440299544,8.829048603331557e-13,230,8.106172677546652e-11,175
RPS,tabular,201,PPM-3,60,-0.006617993255319369,-0.19079641058837943,0.4517211508757657,0.1301477835956605,0.17839813631257953,8.67028671081016e-13,229,8.433265197282935e-11,176
RPS,tabular,201,PPM-3,65,-0.002874685166499424,-0.0759658384189073,0.35955849047026567,0.11520979381869519,0.17301759039150919,8.481548796623883e-13,230,8.73232042231109e-11,177
RPS,tabular,201,PPM-3,70,0.0013949195558647395,-0.026395089004355686,0.3064579125775327,0.10904272520906702,0.1676499594018503,8.376077609284494e-13,230,8.578071586384795e-11,177
RPS,tabular,201,PPM-3,75,0.00477342347676561,-0.10544303536195729,0.3574809406429733,0.10811952812434386,0.16259429091037594,8.375522497772181e-13,229,8.938867701591136e-11,175
RPS,tabular,201,PPM-3,80,0.006310700918066632,-0.1711187735009238,0.37485710290262,0.10631579142449409,0.15793038126325024,8.358314040890491e-13,227,8.649587990294805e-11,172
RPS,tabular,201,PPM-3,85,0.005755432693140941,-0.21992240829989748,0.36104566998613397,0.10070905251102688,0.1535469034745529,8.120171202108395e-13,228,8.89701784467789e-11,172
RPS,tabular,201,PPM-3,90,0.003522808675699465,-0.24978514126679413,0.32074018837902674,0.09295529626813856,0.14929106435633493,8.300582443609983e-13,229,8.947842466966449e-11,174
RPS,tabular,201,PPM-3,95,0.00046683154108087847,-0.259839833346939,0.2779295959833059,0.08706830304672619,0.14511703379674534,8.634759574022155e-13,229,8.520924243970995e-11,175
RPS,tabular,201,PPM-3,100,-0.0024295014150487082,-0.25027421187496235,0.3287512063250536,0.08584017953487125,0.1411323054642566,8.316680677467048e-13,229,8.713629817691526e-11,174
RPS,tabular,202,QP+G,0,-0.008787111385198736,-0.48757779682305313,0.7682071545591775,0.3477848472823643,0.3150050255246876,8.610334667480402e-13,235,8.738243462147466e-11,185
RPS,tabular,202,QP+G,5,-0.001747001060852219,-0.30254715688875894,0.44035496647693384,0.13670212126888026,0.18247748487498472,8.143485885625523e-13,231,8.216459457255354e-11,178
RPS,tabular,202,QP+G,10,-0.0006560788438356517,-0.18090031439351467,0.24677535932788425,0.049214345698424394,0.10381447878720058,8.24618151540335e-13,226,8.866006540042548e-11,168
RPS,tabular,202,QP+G,15,-0.00035044307152547893,-0.10450802032971658,0.1330742401595819,0.016405101078474444,0.05830124173796926,8.963940700823514e-13,220,8.344843219210141e-11,158
RPS,tabular,202,QP+G,20,-0.00016765118956084716,-0.057992531617678644,0.0831639459037231,0.005219540395718909,0.03247499719707386,8.423886588282414e-13,215,8.613222808595555e-11,146
RPS,tabular,202,QP+G,25,-6.672350090088084e-05,-0.030586899138665104,0.05197545254837625,0.0016196590110465598,0.017997796123112853,8.360256931183585e-13,209,8.698531239921536e-11,133
RPS,tabular,202,QP+G,30,-2.1865955082395e-05,-0.015091855625155182,0.030978722399966335,0.0004960409362631674,0.009943804426328804,8.170859822076437e-13,203,8.509421167918543e-11,120
RPS,tabular,202,QP+G,35,-5.682629953451172e-06,-0.006783773696184169,0.01747307955456494,0.00015089784621294394,0.00548390091444588,8.37932154218457e-13,199,8.208281388030932e-11,112
RPS,tabular,202,QP+G,40,-1.000349640324583e-06,-0.002625433843383613,0.00926063582335123,4.5756469512561696e-05,0.0030210965385627773,8.808483456523852e-13,194,8.595893996463577e-11,102
RPS,tabular,202,QP+G,45,-1.626000489681173e-09,-0.0007284593411281663,0.004565022429569966,1.3856671413139957e-05,0.001663341703345838,8.625348699164981e-13,189,8.827663933331099e-11,91
RPS,tabular,202,QP+G,50,9.179300282591087e-08,-0.0007008290292277131,0.002774453926575337,4.194724511352721e-06,0.0009155077944947261,8.772219062258557e-13,183,8.896381631370241e-11,79
RPS,tabular,202,QP+G,55,4.851209700525975e-08,-0.0006463540387876514,0.0016903369750275498,1.269812364354528e-06,0.0005038208946268228,8.310316410714558e-13,177,8.727644607011685e-11,66
RPS,tabular,202,QP+G,60,1.7095858330161016e-08,-0.00047542546800700226,0.0009579666289660701,3.8441946882683595e-07,0.0002772434712569689,8.92315572560004e-13,169,8.148770325178346e-11,52
RPS,tabular,202,QP+G,65,4.541165670921933e-09,-0.0003099981223061592,0.0005071448620612004,1.1638575277139737e-07,0.0001525583150161086,8.737217221423121e-13,165,8.856169131376571e-11,43
RPS,tabular,202,QP+G,70,8.20265546126384e-10,-0.00018578156447936125,0.00024936537605124,3.523828277784966e-08,8.394752251060443e-05,8.867560277649872e-13,160,8.485705471628146e-11,34
RPS,tabular,202,QP+G,75,1.4915249461367204e-11,-0.00010374314432534668,0.00012492113211109903,1.0669491054549066e-08,4.6193439700320373e-05,8.385875408791973e-13,155,8.785367100472405e-11,23
RPS,tabular,202,QP+G,80,-6.736381728821066e-11,-5.409319912905446e-05,7.57057324149311e-05,3.2305944031030215e-09,2.541873310894355e-05,8.22766571398955e-13,149,8.913122906406538e-11,11
RPS,tabular,202,QP+G,85,-2.9522821909467666e-11,-2.83170659544069e-05,4.264821936844378e-05,9.840279979744776e-10,1.4028715558077594e-05,8.104518643106857e-13,143,7.235152477136351e-11,1
RPS,tabular,202,QP+G,90,-9.529660261067511e-12,-1.5465531533723288e-05,2.3648481755714946e-05,3.012477073349729e-10,7.762051388748974e-06,8.328923590042708e-13,137,2.1739170463774827e-11,1
RPS,tabular,202,QP+G,95,-2.820996134210394e-12,-8.658947167524323e-06,1.3094479483298013e-05,9.264346234605384e-11,4.304495657713462e-06,8.774740188063424e-13,131,6.778304584287297e-12,1
RPS,tabular,202,QP+G,100,-7.900698240562602e-13,-4.975282540203955e-06,7.306486041531134e-06,2.9180338700918185e-11,2.415795653169737e-06,8.538364361653254e-13,126,2.2076140915316957e-12,1
RPS,tabular,202,noG,0,-0.008787111385198736,-0.48757779682305313,0.7682071545591775,0.3477848472823643,0.3150050255246876,8.610334667480402e-13,235,8.738243462147466e-11,185
RPS,tabular,202,noG,5,-0.008787111385198736,-0.48757779682305313,0.7682071545591775,0.3477848472823643,0.3150050255246876,8.610334667480402e-13,235,8.738243462147466e-11,185
RPS,tabular,202,noG,10,-0.008787111385198736,-0.48757779682305313,0.7682071545591775,0.3477848472823643,0.3150050255246876,8.610334667480402e-13,235,8.738243462147466e-11,185
RPS,tabular,202,noG,15,-0.008787111385198736,-0.48757779682305313,0.7682071545591775,0.3477848472823643,0.3150050255246876,8.610334667480402e-13,235,8.738243462147466e-11,185
RPS,tabular,202,noG,20,-0.008787111385198736,-0.48757779682305313,0.7682071545591775,0.3477848472823643,0.3150050255246876,8.610334667480402e-13,235,8.738243462147466e-11,185
RPS,tabular,202,noG,25,-0.008787111385198736,-0.48757779682305313,0.7682071545591775,0.3477848472823643,0.3150050255246876,8.610334667480402e-13,235,8.738243462147466e-11,185
RPS,tabular,202,noG,30,-0.008787111385198736,-0.48757779682305313,0.7682071545591775,0.3477848472823643,0.3150050255246876,8.610334667480402e-13,235,8.738243462147466e-11,185
RPS,tabular,202,noG,35,-0.008787111385198736,-0.48757779682305313,0.7682071545591775,0.3477848472823643,0.3150050255246876,8.610334667480402e-13,235,8.738243462147466e-11,185
RPS,tabular,202,noG,40,-0.008787111385198736,-0.48757779682305313,0.7682071545591775,0.3477848472823643,0.3150050255246876,8.610334667480402e-13,235,8.738243462147466e-11,185
RPS,tabular,202,noG,45,-0.008787111385198736,-0.48757779682305313,0.7682071545591775,0.3477848472823643,0.3150050255246876,8.610334667480402e-13,235,8.738243462147466e-11,185
RPS,tabular,202,noG,50,-0.008787111385198736,-0.48757779682305313,0.7682071545591775,0.3477848472823643,0.3150050255246876,8.610334667480402e-13,235,8.738243462147466e-11,185
RPS,tabular,202,noG,55,-0.008787111385198736,-0.48757779682305313,0.7682071545591775,0.3477848472823643,0.3150050255246876,8.610334667480402e-13,235,8.738243462147466e-11,185
RPS,tabular,202,noG,60,-0.008787111385198736,-0.48757779682305313,0.7682071545591775,0.3477848472823643,0.3150050255246876,8.610334667480402e-13,235,8.738243462147466e-11,185
RPS,tabular,202,noG,65,-0.008787111385198736,-0.48757779682305313,0.7682071545591775,0.3477848472823643,0.3150050255246876,8.610334667480402e-13,235,8.738243462147466e-11,185
RPS,tabular,202,noG,70,-0.008787111385198736,-0.48757779682305313,0.7682071545591775,0.3477848472823643,0.3150050255246876,8.610334667480402e-13,235,8.738243462147466e-11,185
RPS,tabular,202,noG,75,-0.008787111385198736,-0.48757779682305313,0.7682071545591775,0.3477848472823643,0.3150050255246876,8.610334667480402e-13,235,8.738243462147466e-11,185
RPS,tabular,202,noG,80,-0.008787111385198736,-0.48757779682305313,0.7682071545591775,0.3477848472823643,0.3150050255246876,8.610334667480402e-13,235,8.738243462147466e-11,185
RPS,tabular,202,noG,85,-0.008787111385198736,-0.48757779682305313,0.7682071545591775,0.3477848472823643,0.3150050255246876,8.610334667480402e-13,235,8.738243462147466e-11,185
RPS,tabular,202,noG,90,-0.008787111385198736,-0.48757779682305313,0.7682071545591775,0.3477848472823643,0.3150050255246876,8.610334667480402e-13,235,8.738243462147466e-11,185
RPS,tabular,202,noG,95,-0.008787111385198736,-0.48757779682305313,0.7682071545591775,0.3477848472823643,0.3150050255246876,8.610334667480402e-13,235,8.738243462147466e-11,185
RPS,tabular,202,noG,100,-0.008787111385198736,-0.48757779682305313,0.7682071545591775,0.3477848472823643,0.3150050255246876,8.610334667480402e-13,235,8.738243462147466e-11,185
RPS,tabular,202,GDA,0,-0.008787111385198736,-0.48757779682305313,0.7682071545591775,0.3477848472823643,0.3150050255246876,8.610334667480402e-13,235,8.738243462147466e-11,185
RPS,tabular,202,GDA,5,-0.014254140387698972,-0.511357415472476,0.742159220771148,0.36776462055100506,0.31022763318945074,8.126832540256146e-13,236,8.5175227981793e-11,185
RPS,tabular,202,GDA,10,-0.015801065953444177,-0.49983315513530413,0.8859570361379444,0.39817642487577176,0.3068795848660238,8.826828157282307e-13,235,8.547121344015807e-11,184
RPS,tabular,202,GDA,15,-0.013774926567125433,-0.4485652894952417,0.9644665077189449,0.42514601248645095,0.3050144657734207,8.200107259881406e-13,236,8.471368051488071e-11,185
RPS,tabular,202,GDA,20,-0.008614232980709447,-0.3561477158859931,0.9681704282405685,0.43336030682593274,0.30452699824000545,8.755218772193984e-13,237,8.794825978597487e-11,187
RPS,tabular,202,GDA,25,-0.0009509897371120701,-0.2261737008990035,0.8919991285943734,0.4298875684952459,0.3051577599647639,8.570921750106208e-13,238,8.993145117486279e-11,188
RPS,tabular,202,GDA,30,0.007810805809642734,-0.2532652748507954,0.9226431067585975,0.44231899244359346,0.30651383851692293,8.617551117140465e-13,238,8.127259976120627e-11,189
RPS,tabular,202,GDA,35,0.01520334531989229,-0.41493179788356305,1.0324674326398116,0.4718011811977276,0.3081896902457328,8.834044606942371e-13,237,8.745271173893343e-11,187
RPS,tabular,202,GDA,40,0.018301937492766072,-0.5500221930490901,1.0601146170424876,0.4836494858153888,0.30992602606175274,8.741896095898483e-13,236,8.814116103650349e-11,185
RPS,tabular,202,GDA,45,0.01513519298199512,-0.6450456855070748,0.9983572057483827,0.46116056586815546,0.3116069542924838,8.304468224196171e-13,238,8.498318715410846e-11,188
RPS,tabular,202,GDA,50,0.006076214205469369,-0.687857727513562,0.8481392485298724,0.4305109271814725,0.3130638255083795,8.855138844410249e-13,238,8.556944042226178e-11,189
RPS,tabular,202,GDA,55,-0.005787735790383151,-0.6703329864711205,0.915351356361266,0.4246467973855445,0.3139522105683509,8.629763570411342e-13,238,8.255263139744784e-11,189
RPS,tabular,202,GDA,60,-0.015768739156511415,-0.5906777930185522,0.9625179155924017,0.4270751927678575,0.3138809070939107,8.448797217397441e-13,237,8.359263281576546e-11,187
RPS,tabular,202,GDA,65,-0.019717014147080072,-0.45469306839592594,0.9270483583947624,0.4054713295652885,0.31261012514057757,8.341660695521114e-13,235,8.708567200699235e-11,183
RPS,tabular,202,GDA,70,-0.01603961123242232,-0.2755963832965953,0.8086863559616407,0.36283785412316527,0.31010645668469305,8.473222123939195e-13,236,8.114342531229113e-11,186
RPS,tabular,202,GDA,75,-0.006462569178503892,-0.1757313191345153,0.7198063547860509,0.3289494360816863,0.3065123106723208,8.647527138805344e-13,236,8.696776632177716e-11,186
RPS,tabular,202,GDA,80,0.004881990881294161,-0.24610055950405874,0.7475362311085713,0.31556468183613323,0.3021195624524872,8.855138844410249e-13,235,8.936817952331921e-11,185
RPS,tabular,202,GDA,85,0.013493694438293811,-0.29936582222515845,0.7080732251855616,0.3064934585478218,0.29727080093983355,8.910649995641506e-13,233,8.905001736003726e-11,183
RPS,tabular,202,GDA,90,0.016517094885481098,-0.3263694017667268,0.6029058888310297,0.292453127490117,0.29219354220782606,8.784639682346551e-13,231,8.798467510118257e-11,180
RPS,tabular,202,GDA,95,0.013700658961072691,-0.3205412283111695,0.5922755549695711,0.2791922213930637,0.2869710378688657,8.628098235874404e-13,231,8.227166170549083e-11,182
RPS,tabular,202,GDA,100,0.006979349053517077,-0.33818882723011184,0.6176935707460132,0.2725830229305446,0.28171437179363884,8.19233569870903e-13,232,8.31046897964427e-11,183
RPS,tabular,202,Adam-GDA,0,-0.008787111385198736,-0.48757779682305313,0.7682071545591775,0.3477848472823643,0.3150050255246876,8.610334667480402e-13,235,8.738243462147466e-11,185
RPS,tabular,202,Adam-GDA,5,0.002536268622641376,-0.49560635261185526,1.4511610886198776,0.921974564320339,0.509296959634856,8.968381592922015e-13,241,8.4161899671642e-11,194
RPS,tabular,202,Adam-GDA,10,0.04918412652914721,-1.2110753976933593,2.5952965511941315,1.949438236128059,0.8308742208952923,8.524292383071952e-13,245,8.324541056481394e-11,199
RPS,tabular,202,Adam-GDA,15,0.0896219962489917,-2.081897573614739,3.0483644317811627,2.50731848335684,1.1389500705768731,8.411049634560186e-13,249,8.1574746957358e-11,204
RPS,tabular,202,Adam-GDA,20,-0.0427842392504604,-2.5978472726874666,4.196859738994862,3.564746480141335,1.4871357982710667,8.499867476530198e-13,251,8.573008969392504e-11,206
RPS,tabular,202,Adam-GDA,25,-0.2932849709149949,-2.507436318592733,5.03305314203082,4.411693768545614,1.7841130276632917,8.264500195309665e-13,251,8.288303376957629e-11,206
RPS,tabular,202,Adam-GDA,30,-0.37814194788791716,-1.6539513470717657,4.993890856300688,4.465273730503475,2.0144974834153886,8.855138844410249e-13,253,8.302381004909876e-11,209
RPS,tabular,202,Adam-GDA,35,-0.09809434236485093,-2.1757154494896054,6.017831640970674,5.418056983129089,2.3301647158853105,8.251177519014163e-13,255,8.741540824530603e-11,210
RPS,tabular,202,Adam-GDA,40,0.4264929347201423,-3.1211546695845325,6.956961525766339,6.369836745706246,2.5562546398995987,8.233413950620161e-13,255,8.744915902525463e-11,210
RPS,tabular,202,Adam-GDA,45,0.8216003686123333,-4.068646955425578,7.246928344569417,6.672775842256527,2.67477454131956,8.739675649849232e-13,255,8.364242631841989e-11,211
RPS,tabular,202,Adam-GDA,50,0.7047937163811132,-4.879544933095541,6.906407856911445,6.476890871995108,2.967981825886267,8.482103908136196e-13,257,8.267697637620586e-11,213
RPS,tabular,202,Adam-GDA,55,-0.0024856377070081597,-5.37894641050982,8.386706347247074,7.838981689334906,3.350706117046143,8.419931418757187e-13,258,8.277467600237287e-11,214
RPS,tabular,202,Adam-GDA,60,-0.9958085784901413,-5.414336162786805,9.529752510163414,8.999251633449843,3.459574837299069,8.473222123939195e-13,258,8.347456059709657e-11,214
RPS,tabular,202,Adam-GDA,65,-1.7663920587254647,-4.8819781096961705,10.100497471327031,9.587208232589944,3.3679206902364918,8.171241461241152e-13,258,8.883827007366563e-11,213
RPS,tabular,202,Adam-GDA,70,-1.865027046578521,-3.7090805633919484,9.878823937324906,9.379313925863418,3.562288978006047,8.695266728864226e-13,259,8.622436098448816e-11,215
RPS,tabular,202,Adam-GDA,75,-1.1083692638947038,-2.3615115427384348,9.232954051860112,8.803059350182492,4.124753838213669,8.713030297258229e-13,260,8.715517196833389e-11,216
RPS,tabular,202,Adam-GDA,80,0.33206804914746313,-3.5044298067253874,10.800979778052286,10.327719099471647,4.516745416596655,8.322231792590173e-13,261,8.36868352394049e-11,217
RPS,tabular,202,Adam-GDA,85,2.010149142389663,-4.7695624706427475,12.225237761924237,11.776896094940536,4.35546849724884,8.5087492607272e-13,261,8.567813125637258e-11,217
RPS,tabular,202,Adam-GDA,90,3.4355855581587704,-5.965303340666029,13.316511960235337,12.898445965563898,3.8019688647933716,8.384404281969182e-13,261,8.44311287551136e-11,217
RPS,tabular,202,Adam-GDA,95,4.283647096734395,-6.943915788478895,13.88897861426041,13.495660575205491,3.3479054163268662,8.810729923425242e-13,260,8.833378473127595e-11,216
RPS,tabular,202,Adam-GDA,100,4.41248702846561,-7.661710011382014,13.804276736530195,13.42131597217329,3.4180681960357293,8.739675649849232e-13,261,8.813749730052223e-11,217
RPS,tabular,202,EGM,0,-0.008787111385198736,-0.48757779682305313,0.7682071545591775,0.3477848472823643,0.3150050255246876,8.610334667480402e-13,235,8.738243462147466e-11,185
RPS,tabular,202,EGM,5,-0.013848512288389202,-0.5044113324094387,0.731595507054294,0.35854102284327116,0.30548848064323686,8.907319326567631e-13,235,8.329742451351763e-11,185
RPS,tabular,202,EGM,10,-0.015074577307988788,-0.48499268106713567,0.8604522805477814,0.3780924575382518,0.2976652772911643,8.56481552347077e-13,235,8.114570126949161e-11,184
RPS,tabular,202,EGM,15,-0.012888429246354034,-0.42670457658080146,0.9218167200884343,0.39241716517785064,0.2914247160535043,8.74356143043542e-13,235,8.765910219921125e-11,184
RPS,tabular,202,EGM,20,-0.00780345090185061,-0.33077270453623336,0.9094183132457985,0.38891888205928526,0.28651021402731003,8.277822871605167e-13,237,8.888495495185111e-11,186
RPS,tabular,202,EGM,25,-0.000678417568533662,-0.20352114750949785,0.8223811115435504,0.37630211070237746,0.2825418858054344,8.852918398360998e-13,237,8.83841333454427e-11,187
RPS,tabular,202,EGM,30,0.006878542178323963,-0.23147892001255727,0.8418720528260846,0.37657946358576855,0.2790730796873026,8.730793865652231e-13,237,8.581185761968868e-11,187
RPS,tabular,202,EGM,35,0.012594095649557366,-0.37458144087874967,0.926100284804369,0.3875665813165693,0.2757249515712362,8.766321002440236e-13,236,8.857403699380484e-11,185
RPS,tabular,202,EGM,40,0.014320140056769914,-0.48817995573954587,0.9337358042160278,0.38376276922106245,0.27230099609561653,8.621436897726653e-13,235,8.770598136642604e-11,183
RPS,tabular,202,EGM,45,0.011137085623758697,-0.5615799197687094,0.862973090540494,0.3568598201301093,0.26873646778040317,8.926193117986259e-13,236,8.254325001288976e-11,186
RPS,tabular,202,EGM,50,0.004047820350091027,-0.5867431255256494,0.7196337723173305,0.3269607512920506,0.2649289004458452,8.393286066166183e-13,237,8.969308629147577e-11,186
RPS,tabular,202,EGM,55,-0.0042667238505990366,-0.5601652051239044,0.7673363005602284,0.3120205853553319,0.26066577424212645,8.90287843446913e-13,236,8.352851743609335e-11,186
RPS,tabular,202,EGM,60,-0.010589758403647018,-0.48404301802479244,0.7925567896188032,0.3006802111501888,0.25572966015580545,8.548162178101393e-13,235,8.120792927002185e-11,184
RPS,tabular,202,EGM,65,-0.012615358192367237,-0.36639299271180364,0.7498200181201569,0.27650623506549465,0.2500325766065071,8.359424263915116e-13,233,8.158182462913999e-11,180
RPS,tabular,202,EGM,70,-0.009927671366300087,-0.22007053073258206,0.6433516464354736,0.24347300207539957,0.2436485608046299,8.305578447220796e-13,234,8.311717980546973e-11,182
RPS,tabular,202,EGM,75,-0.0040295840724742,-0.13733319637694946,0.5605672676927331,0.2167878765309661,0.23677036721188682,8.305023335708484e-13,234,8.747530477748455e-11,182
RPS,tabular,202,EGM,80,0.002512158713999016,-0.18887537545942126,0.5722884756808806,0.20118223584563086,0.2296464381702921,8.359424263915116e-13,233,8.836262277434059e-11,181
RPS,tabular,202,EGM,85,0.007279866680548927,-0.22446113453576239,0.5335061106207952,0.1896363340280855,0.2225034775331938,8.318346012003985e-13,231,8.691539155059047e-11,179
RPS,tabular,202,EGM,90,0.008941555443252631,-0.23906434540911456,0.4486119587166655,0.17740399267294693,0.21548358867299466,8.826828157282307e-13,228,8.447599564309627e-11,176
RPS,tabular,202,EGM,95,0.007529766222071236,-0.2301589380982554,0.4278148249197342,0.16566535904686064,0.20865552054398567,8.498202141993261e-13,228,8.238404403115851e-11,177
RPS,tabular,202,EGM,100,0.004090775598237025,-0.24342771613018752,0.4415864483850194,0.15671200703242022,0.20208847696505292,8.988088051609111e-13,228,8.35310987046256e-11,178
RPS,tabular,202,PPM-3,0,-0.008787111385198736,-0.48757779682305313,0.7682071545591775,0.3477848472823643,0.3150050255246876,8.610334667480402e-13,235,8.738243462147466e-11,185
RPS,tabular,202,PPM-3,5,-0.013848864106089865,-0.5043209757854534,0.7311019885006912,0.35847341036280644,0.30553027082067297,8.906209103543006e-13,235,8.330228173925036e-11,185
RPS,tabular,202,PPM-3,10,-0.015087573576806141,-0.48502061864649954,0.8597801650100012,0.37793228856695993,0.2977299707462761,8.565370634983083e-13,235,8.118719585503698e-11,184
RPS,tabular,202,PPM-3,15,-0.012917680529162624,-0.4271333365291366,0.9213868586461587,0.3922663776694157,0.2914963577500787,8.728573419602981e-13,235,8.746975366236143e-11,184
RPS,tabular,202,PPM-3,20,-0.007856479934287479,-0.3318893820207346,0.9097319534817597,0.38892011576499474,0.2865770429244678,8.266720641358916e-13,237,8.871026135892635e-11,186
RPS,tabular,202,PPM-3,25,-0.0007636379192110002,-0.2055181112481675,0.8239409095023533,0.37632505941240574,0.2825981366645293,8.846257060213247e-13,237,8.829570408153131e-11,187
RPS,tabular,202,PPM-3,30,0.006770686349193094,-0.22901583200428544,0.8397173975625531,0.37634951643607456,0.2791201241550151,8.736344980775357e-13,237,8.58942916792671e-11,187
RPS,tabular,202,PPM-3,35,0.012505353642844108,-0.3720965065894845,0.9250433317020987,0.3873440520450917,0.2757692972870601,8.788525462932739e-13,236,8.897960146470041e-11,185
RPS,tabular,202,PPM-3,40,0.01431296392216817,-0.4860202717513358,0.9343877774099565,0.38409868834871685,0.2723502352091381,8.583134203377085e-13,235,8.700090647906222e-11,183
RPS,tabular,202,PPM-3,45,0.011256898175505231,-0.5602030649364296,0.8658453980202067,0.3577396100674989,0.2687979781843564,8.903988657493755e-13,236,8.216888280898615e-11,186
RPS,tabular,202,PPM-3,50,0.004282822413869334,-0.5866438075818696,0.7250012990447753,0.32770259098236726,0.2650122831799569,8.392175843141558e-13,237,8.963896291902529e-11,186
RPS,tabular,202,PPM-3,55,-0.003997087882309237,-0.5617632075165715,0.7655784457435082,0.3123969346061205,0.260784013255393,8.928413564035509e-13,236,8.390232952848464e-11,186
RPS,tabular,202,PPM-3,60,-0.010403274054306992,-0.48756509533313,0.7930970523754228,0.3013479771194777,0.2558961493031177,8.610334667480402e-13,235,8.217351799011396e-11,184
RPS,tabular,202,PPM-3,65,-0.012607152291204673,-0.37178450236583566,0.7531012947076109,0.27784875884847715,0.2502569236136688,8.313350008393172e-13,233,8.968653597563048e-11,179
RPS,tabular,202,PPM-3,70,-0.010117167750425192,-0.22696462518618024,0.6495216141485637,0.2450277566984802,0.24393388035656632,8.291700659412982e-13,234,8.263981166045653e-11,182
RPS,tabular,202,PPM-3,75,-0.004346669922150001,-0.1349591523008506,0.5592622102729674,0.21793168609704894,0.23711224793924876,8.325562461664049e-13,234,8.756856351155307e-11,182
RPS,tabular,202,PPM-3,80,0.0021935853957334027,-0.18698655902250005,0.5734457910035909,0.2019532987183056,0.23003468996812834,8.426037645392626e-13,233,8.908657145312304e-11,181
RPS,tabular,202,PPM-3,85,0.007081424618303036,-0.22342161399707444,0.5373803568622957,0.19039398914596922,0.22292713483646318,8.450462551934379e-13,231,8.829911801733203e-11,179
RPS,tabular,202,PPM-3,90,0.00892747721301197,-0.23921945551918436,0.45514098692193633,0.1782336164925456,0.21593490474543509,8.832656828161589e-13,228,8.647688121143915e-11,176
RPS,tabular,202,PPM-3,95,0.0076878444151676235,-0.2317336241653032,0.4289927049068938,0.1664256590504255,0.20912833035605746,8.556211295029925e-13,228,8.152652164472585e-11,177
RPS,tabular,202,PPM-3,100,0.00435067682532978,-0.23958525004086592,0.4383726823707942,0.15728065375941996,0.20257331266845752,8.845979504457091e-13,228,8.311866472876517e-11,178
RPS,tabular,203,QP+G,0,-0.026767271966425574,-0.4671878741183369,1.0114829617652423,0.5898602166017275,0.4203319467378885,8.65085780787922e-13,236,8.135603302150685e-11,188
RPS,tabular,203,QP+G,5,-0.008014742220818626,-0.3011306082982744,0.5737877779570901,0.22966654792603866,0.2440956876085094,8.105183191275955e-13,231,8.731554368424099e-11,180
RPS,tabular,203,QP+G,10,-0.002248082835141618,-0.18573950486215235,0.31911085067055517,0.08283909113546441,0.13884626548061701,8.466560785791444e-13,226,8.169005749625313e-11,172
RPS,tabular,203,QP+G,15,-0.0007240056725925024,-0.10424105558465968,0.1798042094290728,0.028034414515118913,0.07773898201566784,8.94104235094062e-13,220,8.944684576350781e-11,161
RPS,tabular,203,QP+G,20,-0.0002635674463508027,-0.05358482254063841,0.10263101201246691,0.00901541144868032,0.043138386080637255,8.648498583951891e-13,214,8.695290494575847e-11,150
RPS,tabular,203,QP+G,25,-9.424015495133455e-05,-0.02550862335293445,0.058164754976365654,0.002816821878687815,0.023847947027504795,8.925846173291063e-13,209,8.623055611570174e-11,138
RPS,tabular,203,QP+G,30,-3.124183071933555e-05,-0.012684713408626891,0.034297766870669245,0.0008661868215771576,0.013155435955332199,8.103517856739018e-13,206,8.598364018399043e-11,125
RPS,tabular,203,QP+G,35,-8.953054088414976e-06,-0.00739776128248391,0.02128461229455585,0.0002638721481786063,0.0072483364299636205,8.817547386685831e-13,201,8.949117445353205e-11,115
RPS,tabular,203,QP+G,40,-1.9547624036708196e-06,-0.004115704377228699,0.0126029484923724,7.996779887359235e-05,0.003991233100325239,8.213742186402584e-13,197,8.5465987619568e-11,106
RPS,tabular,203,QP+G,45,-1.9821042156382718e-07,-0.002146150993925549,0.0070147510207492015,2.4186095756231766e-05,0.0021970376451094695,8.865911477196065e-13,191,8.224629643991169e-11,96
RPS,tabular,203,QP+G,50,7.600184071287533e-08,-0.0010358480218241545,0.003644947533326324,7.31499471412489e-06,0.0012091579562752946,8.940357135167609e-13,185,8.748663127325612e-11,84
RPS,tabular,203,QP+G,55,5.810992060452811e-08,-0.00045167007262410767,0.0017520559784391988,2.2137278692102567e-06,0.0006653985469458033,8.38458209112547e-13,179,8.315805377632739e-11,72
RPS,tabular,203,QP+G,60,2.3558604029875122e-08,-0.00039679193702146597,0.0009896641674672496,6.702409154069058e-07,0.0003661515457981259,8.880353050133571e-13,171,8.658243455525695e-11,58
RPS,tabular,203,QP+G,65,7.052519319739831e-09,-0.0003075120896670905,0.0005445787369884546,2.029602564485034e-07,0.00020148116580193684,8.667149029722987e-13,165,8.5625533330359e-11,47
RPS,tabular,203,QP+G,70,1.549975898141671e-09,-0.0002069122557329031,0.000279644894389436,6.145982375804766e-08,0.00011086849266502666,8.888536337080949e-13,161,8.412434082671761e-11,38
RPS,tabular,203,QP+G,75,1.68633692825145e-10,-0.0001270072477924872,0.00017605126958195174,1.8610260207885257e-08,6.100747275144003e-05,8.315771031844332e-13,157,8.159820819031359e-11,28
RPS,tabular,203,QP+G,80,-5.349827183075359e-11,-7.245423375456545e-05,0.00010563653293263874,5.635086425259673e-09,3.357057668270718e-05,8.926531524589346e-13,151,8.736592116420698e-11,16
RPS,tabular,203,QP+G,85,-3.529936422177115e-11,-3.9422275262956596e-05,5.930515065120084e-05,1.7130783597218983e-09,1.8509738263465377e-05,8.225231951162863e-13,146,8.842543364195871e-11,4
RPS,tabular,203,QP+G,90,-1.1597977272343746e-11,-2.1711832432695128e-05,3.2818873146846366e-05,5.24414262015327e-10,1.0241190644938198e-05,8.524088891876704e-13,140,3.662815384330997e-11,1
RPS,tabular,203,QP+G,95,-3.3993699902860993e-12,-1.2079111093014747e-05,1.819817983565108e-05,1.6126183721709737e-10,5.679101031939487e-06,8.923424658560794e-13,134,1.1371530383996742e-11,1
RPS,tabular,203,QP+G,100,-9.139261956967701e-13,-6.8167865184420675e-06,1.017648447500994e-05,5.061395746963618e-11,3.181629915024177e-06,8.528329164221647e-13,129,3.654743174763554e-12,1
RPS,tabular,203,noG,0,-0.026767271966425574,-0.4671878741183369,1.0114829617652423,0.5898602166017275,0.4203319467378885,8.65085780787922e-13,236,8.135603302150685e-11,188
RPS,tabular,203,noG,5,-0.026767271966425574,-0.4671878741183369,1.0114829617652423,0.5898602166017275,0.4203319467378885,8.65085780787922e-13,236,8.135603302150685e-11,188
RPS,tabular,203,noG,10,-0.026767271966425574,-0.4671878741183369,1.0114829617652423,0.5898602166017275,0.4203319467378885,8.65085780787922e-13,236,8.135603302150685e-11,188
RPS,tabular,203,noG,15,-0.026767271966425574,-0.4671878741183369,1.0114829617652423,0.5898602166017275,0.4203319467378885,8.65085780787922e-13,236,8.135603302150685e-11,188
RPS,tabular,203,noG,20,-0.026767271966425574,-0.4671878741183369,1.0114829617652423,0.5898602166017275,0.4203319467378885,8.65085780787922e-13,236,8.135603302150685e-11,188
RPS,tabular,203,noG,25,-0.026767271966425574,-0.4671878741183369,1.0114829617652423,0.5898602166017275,0.4203319467378885,8.65085780787922e-13,236,8.135603302150685e-11,188
RPS,tabular,203,noG,30,-0.026767271966425574,-0.4671878741183369,1.0114829617652423,0.5898602166017275,0.4203319467378885,8.65085780787922e-13,236,8.135603302150685e-11,188
RPS,tabular,203,noG,35,-0.026767271966425574,-0.4671878741183369,1.0114829617652423,0.5898602166017275,0.4203319467378885,8.65085780787922e-13,236,8.135603302150685e-11,188
RPS,tabular,203,noG,40,-0.026767271966425574,-0.4671878741183369,1.0114829617652423,0.5898602166017275,0.4203319467378885,8.65085780787922e-13,236,8.135603302150685e-11,188
RPS,tabular,203,noG,45,-0.026767271966425574,-0.4671878741183369,1.0114829617652423,0.5898602166017275,0.4203319467378885,8.65085780787922e-13,236,8.135603302150685e-11,188
RPS,tabular,203,noG,50,-0.026767271966425574,-0.4671878741183369,1.0114829617652423,0.5898602166017275,0.4203319467378885,8.65085780787922e-13,236,8.135603302150685e-11,188
RPS,tabular,203,noG,55,-0.026767271966425574,-0.4671878741183369,1.0114829617652423,0.5898602166017275,0.4203319467378885,8.65085780787922e-13,236,8.135603302150685e-11,188
RPS,tabular,203,noG,60,-0.026767271966425574,-0.4671878741183369,1.0114829617652423,0.5898602166017275,0.4203319467378885,8.65085780787922e-13,236,8.135603302150685e-11,188
RPS,tabular,203,noG,65,-0.026767271966425574,-0.4671878741183369,1.0114829617652423,0.5898602166017275,0.4203319467378885,8.65085780787922e-13,236,8.135603302150685e-11,188
RPS,tabular,203,noG,70,-0.026767271966425574,-0.4671878741183369,1.0114829617652423,0.5898602166017275,0.4203319467378885,8.65085780787922e-13,236,8.135603302150685e-11,188
RPS,tabular,203,noG,75,-0.026767271966425574,-0.4671878741183369,1.0114829617652423,0.5898602166017275,0.4203319467378885,8.65085780787922e-13,236,8.135603302150685e-11,188
RPS,tabular,203,noG,80,-0.026767271966425574,-0.4671878741183369,1.0114829617652423,0.5898602166017275,0.4203319467378885,8.65085780787922e-13,236,8.135603302150685e-11,188
RPS,tabular,203,noG,85,-0.026767271966425574,-0.4671878741183369,1.0114829617652423,0.5898602166017275,0.4203319467378885,8.65085780787922e-13,236,8.135603302150685e-11,188
RPS,tabular,203,noG,90,-0.026767271966425574,-0.4671878741183369,1.0114829617652423,0.5898602166017275,0.4203319467378885,8.65085780787922e-13,236,8.135603302150685e-11,188
RPS,tabular,203,noG,95,-0.026767271966425574,-0.4671878741183369,1.0114829617652423,0.5898602166017275,0.4203319467378885,8.65085780787922e-13,236,8.135603302150685e-11,188
RPS,tabular,203,noG,100,-0.026767271966425574,-0.4671878741183369,1.0114829617652423,0.5898602166017275,0.4203319467378885,8.65085780787922e-13,236,8.135603302150685e-11,188
RPS,tabular,203,GDA,0,-0.026767271966425574,-0.4671878741183369,1.0114829617652423,0.5898602166017275,0.4203319467378885,8.65085780787922e-13,236,8.135603302150685e-11,188
RPS,tabular,203,GDA,5,-0.03235378058407796,-0.4749453942590447,1.2103395803069554,0.7058841547729979,0.4146443549694236,8.519851490973451e-13,239,8.572820231478318e-11,190
RPS,tabular,203,GDA,10,-0.02814461944283618,-0.4886371995522303,1.3494068687630763,0.7814808968850865,0.41537823977704097,8.976153154094391e-13,240,8.865774780986158e-11,192
RPS,tabular,203,GDA,15,-0.01562198415897682,-0.4612796918916191,1.3756676709052433,0.7850344837514065,0.42021831742307547,8.58202398035246e-13,241,8.747036428502497e-11,193
RPS,tabular,203,GDA,20,0.001272417340524232,-0.3983043991415114,1.294298157847356,0.7208249577312908,0.4245685209959683,8.408829188510936e-13,241,8.499889680990691e-11,193
RPS,tabular,203,GDA,25,0.01729907760850429,-0.3075612977019146,1.1177100188397848,0.6342097218263918,0.4247501929466601,8.448797217397441e-13,240,8.14857625819343e-11,192
RPS,tabular,203,GDA,30,0.027516574155005136,-0.4217278674898847,1.0870414924109888,0.5895782090985978,0.42023131709234873,8.566480858007708e-13,238,8.404504869830021e-11,189
RPS,tabular,203,GDA,35,0.028845546099568627,-0.6389976867465941,1.1120276190075655,0.6012107117230576,0.41377390872947845,8.22675261247241e-13,238,8.908251913908316e-11,188
RPS,tabular,203,GDA,40,0.021055522421362816,-0.7972443032602059,1.102826915290876,0.6548077859743676,0.409502122515865,8.313350008393172e-13,240,8.898876080465357e-11,191
RPS,tabular,203,GDA,45,0.006822702833961344,-0.883460265729532,1.2853465000535338,0.7252847455791351,0.4098969813805979,8.291145547900669e-13,241,8.352796232458104e-11,193
RPS,tabular,203,GDA,50,-0.009145331707102902,-0.8923384306007704,1.3507908076456823,0.7572794157452377,0.4138575837516688,8.375522497772181e-13,241,8.447376131925921e-11,193
RPS,tabular,203,GDA,55,-0.021634575454205777,-0.8262015446373704,1.2995695892144286,0.7180723090933726,0.4175316694941107,8.615330671091215e-13,240,8.32268698403027e-11,192
RPS,tabular,203,GDA,60,-0.0266399827702097,-0.6940991818754771,1.1434177854407965,0.6208310345783972,0.41711565994612493,8.93507490218326e-13,238,8.63908389270307e-11,189
RPS,tabular,203,GDA,65,-0.022706293555762612,-0.5102424764790325,0.9119303468369333,0.5134464068203013,0.4113462034559632,8.109068971862143e-13,236,8.62009907898198e-11,186
RPS,tabular,203,GDA,70,-0.01138100283164292,-0.2919889972482125,0.8485744658042736,0.4656643574000151,0.4022185181568533,8.846257060213247e-13,236,8.479539292949312e-11,188
RPS,tabular,203,GDA,75,0.0034056580651599397,-0.34855252972151796,1.005459138956045,0.5239896070857514,0.39368018593936244,8.457679001594443e-13,238,8.791167793731347e-11,189
RPS,tabular,203,GDA,80,0.016751882854758298,-0.49993847197777425,1.1947863733994424,0.6244829182530305,0.3889681646594938,8.946177132429511e-13,238,8.226891390350488e-11,190
RPS,tabular,203,GDA,85,0.02441896895948361,-0.6021912147309911,1.2722490504084696,0.6759938067682681,0.38832143143868336,8.626432901337466e-13,238,8.39061597979196e-11,189
RPS,tabular,203,GDA,90,0.024141525895829106,-0.6517467472345955,1.2405970070003367,0.6466789819559084,0.3889728301245022,8.391065620116933e-13,238,8.815403962358914e-11,188
RPS,tabular,203,GDA,95,0.01624772675881575,-0.6499039808954609,1.1124814308274955,0.5511295099679641,0.38738976516879,8.36664071357518e-13,238,8.1688045217021e-11,189
RPS,tabular,203,GDA,100,0.00344093997563127,-0.6011253602418976,0.9066126049753431,0.44508455862488816,0.381807869160555,8.598677325721837e-13,237,8.554418284845156e-11,188
RPS,tabular,203,Adam-GDA,0,-0.026767271966425574,-0.4671878741183369,1.0114829617652423,0.5898602166017275,0.4203319467378885,8.65085780787922e-13,236,8.135603302150685e-11,188
RPS,tabular,203,Adam-GDA,5,0.022623772041957972,-0.42135474371273013,1.6689994783633155,1.1070174252225284,0.5993823677117929,8.535394613318203e-13,244,8.938827456006493e-11,197
RPS,tabular,203,Adam-GDA,10,0.08858281125481722,-1.1441466461430405,2.0634789490780188,1.5175878978377915,0.8342356427180051,8.697487174913476e-13,243,8.990064248592944e-11,196
RPS,tabular,203,Adam-GDA,15,0.07594778359818621,-2.160925378783531,3.736543693405685,3.099978520537775,1.01805030782934,8.730793865652231e-13,249,8.532596851296148e-11,204
RPS,tabular,203,Adam-GDA,20,0.0006926807588373414,-2.7936039449007377,4.794798161444543,4.162687756085499,1.3320153590625818,8.22897305852166e-13,252,8.374945181799376e-11,207
RPS,tabular,203,Adam-GDA,25,-0.14272114787957316,-2.830829119551178,4.7197477716713,4.091077893533375,1.676153178958944,8.335554468885675e-13,252,8.506928494966814e-11,207
RPS,tabular,203,Adam-GDA,30,-0.2576956850272625,-2.394684443149007,3.934525173195202,3.402250021658852,1.892100827426161,8.708589405159728e-13,250,8.69255778468414e-11,205
RPS,tabular,203,Adam-GDA,35,-0.27502107609610116,-1.6865694248303145,4.373416617975012,3.9815213874328608,1.8845692889176073,8.79296635503124e-13,251,8.965761466583899e-11,206
RPS,tabular,203,Adam-GDA,40,-0.19333747179160496,-3.055549395986377,7.028234013545239,6.456882264967005,1.7347324396395087,8.530953721219703e-13,255,8.177991617230873e-11,211
RPS,tabular,203,Adam-GDA,45,-0.06709510603348437,-4.097256052854355,8.992159851105221,8.446990530071089,1.6805735342092611,8.5087492607272e-13,257,8.305445220457841e-11,213
RPS,tabular,203,Adam-GDA,50,0.06068194296325972,-4.667594921337705,10.051997092872163,9.520781876276704,1.8862274389029243,8.419931418757187e-13,258,8.277112328869407e-11,214
RPS,tabular,203,Adam-GDA,55,0.19251554364304033,-4.721831205083254,10.162400216109898,9.627313890008343,2.3070096671958,8.517631044924201e-13,258,8.3645090853679e-11,214
RPS,tabular,203,Adam-GDA,60,0.34005833251378803,-4.312999780459605,9.403247144992257,8.852108756973918,2.798951280658585,8.855138844410249e-13,257,8.648548543988e-11,213
RPS,tabular,203,Adam-GDA,65,0.47286155390804113,-3.580274868639367,7.974136747378769,7.4106929708556315,3.16434181513525,8.490985692333197e-13,256,8.201794798878836e-11,212
RPS,tabular,203,Adam-GDA,70,0.529398470064388,-2.7119293038486134,6.184387240347778,5.6432934616946895,3.2107668411555705,8.282263763703668e-13,254,8.726752653842595e-11,209
RPS,tabular,203,Adam-GDA,75,0.47803865884504143,-3.7312701204063883,6.232654006613499,5.876254355358693,2.8959730206967524,8.899547765395255e-13,254,8.557998754099572e-11,210
RPS,tabular,203,Adam-GDA,80,0.3507016007609061,-5.281464945238972,9.48264163979664,9.011670160517157,2.3741889736936326,8.268941087408166e-13,258,8.162270859202181e-11,214
RPS,tabular,203,Adam-GDA,85,0.20665572386367984,-6.388644284416058,11.949411392895342,11.530359697117431,1.8607180408944792,8.100187187665142e-13,260,8.993694677883468e-11,215
RPS,tabular,203,Adam-GDA,90,0.08179988237296516,-7.1183533985901954,13.59856149125139,13.221912979874112,1.4907998246908296,8.117950756059145e-13,261,8.168488108140082e-11,217
RPS,tabular,203,Adam-GDA,95,-0.019967158520979793,-7.572204043807456,14.61684344960667,14.268761708869318,1.3019192779751674,8.641976023682219e-13,261,8.71924754619613e-11,217
RPS,tabular,203,Adam-GDA,100,-0.11108614076471487,-7.8338408046586645,15.179004622677105,14.84552131545917,1.2788446403965932,8.93507490218326e-13,261,8.132605699984197e-11,218
RPS,tabular,203,EGM,0,-0.026767271966425574,-0.4671878741183369,1.0114829617652423,0.5898602166017275,0.4203319467378885,8.65085780787922e-13,236,8.135603302150685e-11,188
RPS,tabular,203,EGM,5,-0.03136302615577958,-0.4665820180816767,1.1896397899168625,0.6879233776103681,0.4083973265713498,8.377742943821431e-13,239,8.341816126744561e-11,190
RPS,tabular,203,EGM,10,-0.026480556905636884,-0.47214998748836207,1.3054634126091051,0.7424264235702299,0.40279953990259554,8.6897156137411e-13,240,8.433120868289734e-11,192
RPS,tabular,203,EGM,15,-0.0142925760997611,-0.4388046054711095,1.311103152395088,0.7275689928174621,0.40093697766194936,8.186784583585904e-13,241,8.144951380018028e-11,193
RPS,tabular,203,EGM,20,0.0010523767930599773,-0.3732872333453035,1.2159548749988494,0.6527617420724683,0.39844150561165215,8.786305016883489e-13,240,8.602973888827137e-11,192
RPS,tabular,203,EGM,25,0.014744736386254103,-0.2840564378253603,1.0354278790124485,0.5622292126460189,0.39218023848329825,8.706368959110478e-13,239,8.94727625322389e-11,190
RPS,tabular,203,EGM,30,0.022793354632184695,-0.3812937323566694,0.9899336925870077,0.509008922358299,0.38198745372401577,8.706368959110478e-13,237,8.99945118426615e-11,187
RPS,tabular,203,EGM,35,0.023207585993921472,-0.5684525498154769,0.9955475761376245,0.5036868676214032,0.37039639685829745,8.131273432354647e-13,237,8.229450454422249e-11,187
RPS,tabular,203,EGM,40,0.016490721681650757,-0.6981012129237864,0.9615191374135047,0.5322747716668647,0.36073776071200775,8.987255384340642e-13,238,8.935013839916905e-11,189
RPS,tabular,203,EGM,45,0.005315584490946692,-0.7619055480525785,1.1036394968467569,0.5701149598185629,0.35474061105023624,8.828493491819245e-13,239,8.212519553296715e-11,191
RPS,tabular,203,EGM,50,-0.006458162812056896,-0.7584852451163807,1.1433130722930454,0.5775366332060557,0.35134166595062993,8.788525462932739e-13,239,8.104700244260243e-11,191
RPS,tabular,203,EGM,55,-0.015080956404920201,-0.6928038678652702,1.0854829174443301,0.5342473094246326,0.34765422785313854,8.919531779838508e-13,238,8.60406190739127e-11,189
RPS,tabular,203,EGM,60,-0.018105151370589986,-0.5749330235497391,0.9436051177140231,0.4528953433801468,0.3411318644201791,8.22453216642316e-13,237,8.599237988349273e-11,186
RPS,tabular,203,EGM,65,-0.01507997201868273,-0.4184220199618571,0.7403171763897046,0.36930144758918804,0.33118869478376994,8.210099267103033e-13,234,8.690242969677797e-11,183
RPS,tabular,203,EGM,70,-0.007527578149889764,-0.2385457619513331,0.6761630233564353,0.3280840810257906,0.31939293640305433,8.587019983963273e-13,234,8.276382357230716e-11,185
RPS,tabular,203,EGM,75,0.001738602947354861,-0.26356928944307856,0.7717511841389857,0.3489967408465246,0.30833621340129147,8.975042931069765e-13,235,8.227474257438416e-11,186
RPS,tabular,203,EGM,80,0.00964494376328775,-0.37685700268368144,0.9069314480169506,0.3945789983501139,0.29989488145072796,8.424372310855688e-13,236,8.205536250471823e-11,186
RPS,tabular,203,EGM,85,0.01385031815461506,-0.45125956009467455,0.9564413176619526,0.41407103954778235,0.2940355192490004,8.921752225887758e-13,235,8.89277262938748e-11,184
RPS,tabular,203,EGM,90,0.01339379132005257,-0.4850187479273378,0.9248429777418027,0.38795180419398034,0.2890667073227486,8.565370634983083e-13,235,8.124856343272313e-11,184
RPS,tabular,203,EGM,95,0.008845024042683114,-0.4797429487216398,0.8230921663921649,0.3278831293922805,0.28303739912698556,8.47211190091457e-13,235,8.439327014997389e-11,184
RPS,tabular,203,EGM,100,0.0019703908369886167,-0.4393462641042351,0.6659331427218345,0.2678135499019281,0.2750987895931594,8.620881786214341e-13,234,8.864742273573256e-11,183
RPS,tabular,203,PPM-3,0,-0.026767271966425574,-0.4671878741183369,1.0114829617652423,0.5898602166017275,0.4203319467378885,8.65085780787922e-13,236,8.135603302150685e-11,188
RPS,tabular,203,PPM-3,5,-0.03136482351542398,-0.46649484470571395,1.189139821454428,0.6876953412818718,0.40843250706586764,8.373302051722931e-13,239,8.334327672443465e-11,190
RPS,tabular,203,PPM-3,10,-0.026535838499799545,-0.47222713446350834,1.305139320716215,0.7423411718915576,0.40283249758229145,8.6852747216426e-13,240,8.426870312661094e-11,192
RPS,tabular,203,PPM-3,15,-0.014423210183239069,-0.4392478671938592,1.3115788206708854,0.7280709342751469,0.40096712165399806,8.186784583585904e-13,241,8.145328855846401e-11,193
RPS,tabular,203,PPM-3,20,0.0008706374654857305,-0.3742249799864917,1.2177276034549935,0.6539552189030325,0.39850818815898736,8.796297024105115e-13,240,8.615663737998602e-11,192
RPS,tabular,203,PPM-3,25,0.014577493201139595,-0.28553663292889675,1.0388205938637927,0.5635139601513695,0.3923264090018073,8.727463196578356e-13,239,8.981376753425252e-11,190
RPS,tabular,203,PPM-3,30,0.022721573686720165,-0.3774205694424262,0.9891989038291736,0.5096134461579958,0.3822161032693231,8.750777880095484e-13,237,8.158967945703921e-11,188
RPS,tabular,203,PPM-3,35,0.023290376703549227,-0.5650143362691367,0.996471906720964,0.5034565823075393,0.370655356846723,8.980594046192891e-13,236,8.161438191933712e-11,187
RPS,tabular,203,PPM-3,40,0.01673356980448076,-0.6957149514248325,0.9565314663773804,0.5312977236506256,0.360952673704695,8.957279362675763e-13,238,8.890738145694854e-11,189
RPS,tabular,203,PPM-3,45,0.005658829947485165,-0.7611142065191611,1.1009001738951556,0.5692493979776437,0.3548790735476829,8.818501484597618e-13,239,8.200978784955737e-11,191
RPS,tabular,203,PPM-3,50,-0.006124232410586081,-0.7596734759920349,1.1435195200702293,0.5780347396774727,0.35145190970128315,8.801848139228241e-13,239,8.126221917592602e-11,191
RPS,tabular,203,PPM-3,55,-0.014878206669398446,-0.6961398720848806,1.0889981318742925,0.5365785921329034,0.3478372694492875,8.961720254774264e-13,238,8.673461948660588e-11,189
RPS,tabular,203,PPM-3,60,-0.018120222480524546,-0.5803431015265317,0.9504197864057302,0.4563999134428807,0.3414700151589948,8.302247778146921e-13,237,8.738354484449928e-11,186
RPS,tabular,203,PPM-3,65,-0.015326819956144898,-0.4256006066251611,0.746460132823439,0.37231001829214505,0.3316853476959199,8.351097591230427e-13,234,8.6294055234859e-11,183
RPS,tabular,203,PPM-3,70,-0.007937009010387911,-0.24699546580508616,0.6803705867286605,0.3285708126483803,0.31996355059957626,8.503753257116387e-13,234,8.226178072057166e-11,185
RPS,tabular,203,PPM-3,75,0.0012970900526998311,-0.2570220466298091,0.7629496873562828,0.34693606608389466,0.3088612362243107,8.93507490218326e-13,235,8.207495794110287e-11,186
RPS,tabular,203,PPM-3,80,0.00931797147492762,-0.37184147518415844,0.9020202964020795,0.39255109333153093,0.30030587395790664,8.426592756904938e-13,236,8.232764470150755e-11,186
RPS,tabular,203,PPM-3,85,0.013749629732101027,-0.44823800275373366,0.955979082757902,0.41424498618596584,0.2943678778093815,8.966161146872764e-13,235,8.993575328908321e-11,184
RPS,tabular,203,PPM-3,90,0.013557590255840808,-0.48424909552719303,0.9289130357154771,0.3907842524580426,0.28943054262544465,8.552047958687581e-13,235,8.978565113615389e-11,183
RPS,tabular,203,PPM-3,95,0.009224669381936959,-0.48129573176265067,0.8313639021137735,0.3321727256978534,0.28353267130599036,8.499867476530198e-13,235,8.449618782435664e-11,184
RPS,tabular,203,PPM-3,100,0.0024465944916084955,-0.44313653083011556,0.6777646046511767,0.2710396722940048,0.2757421666272079,8.695266728864226e-13,234,8.923262129201248e-11,183
RPS,tabular,204,QP+G,0,-0.0013443697999190674,-0.4052672267209123,0.5672236237925863,0.19456118128884356,0.2014029054617466,8.835709941479308e-13,233,8.848916044357225e-11,180
RPS,tabular,204,QP+G,5,-0.0007392086157796513,-0.23363603175544703,0.30906542267827786,0.06596040620099981,0.11488101508981619,8.626432901337466e-13,228,8.933320749804352e-11,170
RPS,tabular,204,QP+G,10,-0.0004058787582111256,-0.13173942525546195,0.17503852278249268,0.0211819686205347,0.06464816017682051,8.237299731206349e-13,223,8.980019852722343e-11,159
RPS,tabular,204,QP+G,15,-0.00019172880881107628,-0.07136491529724723,0.10851915871336698,0.006586116566844114,0.036017369845636325,8.396755513118137e-13,217,8.927245574719134e-11,147
RPS,tabular,204,QP+G,20,-7.309663649091894e-05,-0.03647120934091305,0.06508840467891429,0.0020146185262456106,0.01994737995987937,8.971781650934929e-13,210,8.668858296131954e-11,134
RPS,tabular,204,QP+G,25,-2.2271605814438038e-05,-0.01722818553648961,0.03711765498366952,0.0006116820124733158,0.011011020755409847,8.2858719885337e-13,205,8.498016954841189e-11,123
RPS,tabular,204,QP+G,30,-5.132042489691637e-06,-0.007252776216287847,0.019943413094226266,0.0001851514472564486,0.00606754431384765,8.953341540385296e-13,200,8.437906374048759e-11,114
RPS,tabular,204,QP+G,35,-6.501176368528843e-07,-0.002474827775051565,0.009996890631818418,5.5989818848051216e-05,0.003340583586737343,8.987238037105882e-13,195,8.29571678007384e-11,104
RPS,tabular,204,QP+G,40,1.3250760480542593e-07,-0.001198895985852785,0.005363312372824599,1.6931255762270284e-05,0.0018384853714194837,8.426185096888084e-13,190,8.982482757548173e-11,92
RPS,tabular,204,QP+G,45,1.2963230664891586e-07,-0.0011339093962586043,0.003285322496637804,5.121708452487937e-06,0.0010116496628141737,8.191160423554056e-13,184,8.663805006751182e-11,80
RPS,tabular,204,QP+G,50,5.594051402298422e-08,-0.000843133716926574,0.0018700936242766917,1.5498745246228522e-06,0.0005566480264936009,8.174810654792974e-13,177,8.208113522194412e-11,67
RPS,tabular,204,QP+G,55,1.7501445913502477e-08,-0.0005532483553787027,0.000994076259340184,4.691315109994766e-07,0.00030628910255766425,8.286845602084592e-13,171,8.172257537353077e-11,55
RPS,tabular,204,QP+G,60,4.069636401112518e-09,-0.00033307411384903555,0.0004910314311562098,1.4202516544770108e-07,0.00016853449430228332,8.448847090697376e-13,166,8.273827623029916e-11,46
RPS,tabular,204,QP+G,65,5.350733209559225e-10,-0.00018672946843218877,0.0002402447283059848,4.300082297181714e-08,9.273693629401362e-05,8.912804847459321e-13,160,8.204892765206989e-11,36
RPS,tabular,204,QP+G,70,-9.171618917996528e-11,-9.775787656664097e-05,0.000142472471480251,1.3019964550942122e-08,5.102956032161763e-05,8.78007546225093e-13,154,8.939648354910874e-11,24
RPS,tabular,204,QP+G,75,-9.725997172097887e-11,-4.743995159722433e-05,7.879446951290637e-05,3.942338885898345e-09,2.8079820416469274e-05,8.908266580453204e-13,147,8.679048812965093e-11,12
RPS,tabular,204,QP+G,80,-4.272644790316873e-11,-2.085943920605533e-05,4.067005148834434e-05,1.1937235228076663e-09,1.545143769883337e-05,8.189438405572288e-13,140,6.7097034595065e-11,1
RPS,tabular,204,QP+G,85,-1.3624625650803388e-11,-1.0466298101161807e-05,2.1701971826148636e-05,3.643860907454054e-10,8.536841060681162e-06,8.300336600767372e-13,134,1.862650034212265e-11,1
RPS,tabular,204,QP+G,90,-4.197407837130614e-12,-5.676145259947595e-06,1.1922377639302328e-05,1.1166213786939497e-10,4.725726730065084e-06,8.682803028680535e-13,128,5.595530705448936e-12,1
RPS,tabular,204,QP+G,95,-1.2776827564923547e-12,-3.2795081072427355e-06,6.715581489819509e-06,3.438749285322726e-11,2.6224962605865596e-06,8.987723802030803e-13,122,1.7920931405512876e-12,1
RPS,tabular,204,QP+G,100,-4.3124595909961504e-13,-2.0510644269219895e-06,4.041915611365102e-06,1.1928097398694597e-11,1.5445466602596216e-06,8.177059307039368e-13,118,6.595723966995591e-13,1
RPS,tabular,204,noG,0,-0.0013443697999190674,-0.4052672267209123,0.5672236237925863,0.19456118128884356,0.2014029054617466,8.835709941479308e-13,233,8.848916044357225e-11,180
RPS,tabular,204,noG,5,-0.001382058018776134,-0.40543452748539066,0.5663563571425849,0.19457790640153177,0.20137285215990203,8.839595722065496e-13,233,8.850994936970835e-11,180
RPS,tabular,204,noG,10,-0.0014058086917086677,-0.405537352387377,0.5658050606363134,0.19458863122995798,0.20135386478713135,8.841816168114747e-13,233,8.852218957855484e-11,180
RPS,tabular,204,noG,15,-0.0014207504046698384,-0.40560100455702514,0.5654563432164881,0.19459545230042707,0.20134190027489257,8.842926391139372e-13,233,8.852948929494175e-11,180
RPS,tabular,204,noG,20,-0.0014301405292285396,-0.4056405966697532,0.565236441263173,0.19459976844263427,0.2013343734083648,8.844036614163997e-13,233,8.853395794261587e-11,180
RPS,tabular,204,noG,25,-0.0014360379697978163,-0.4056653003480683,0.5650980358134086,0.19460249084675638,0.20132964309574133,8.84459172567631e-13,233,8.853670574460182e-11,180
RPS,tabular,204,noG,30,-0.0014397403687400198,-0.4056807453291621,0.5650110281122461,0.19460420457523117,0.20132667219494466,8.84459172567631e-13,233,8.853839883471437e-11,180
RPS,tabular,204,noG,35,-0.0014420641513162964,-0.40569041405416745,0.5649563722198054,0.19460528200299892,0.2013248070488341,8.845146837188622e-13,233,8.8539509057739e-11,180
RPS,tabular,204,noG,40,-0.001443522430817857,-0.4056964716916901,0.5649220549630322,0.19460595885521134,0.20132363639414322,8.845146837188622e-13,233,8.854014743597816e-11,180
RPS,tabular,204,noG,45,-0.0014444374794231679,-0.40570026885864974,0.564900514231286,0.19460638385243537,0.2013229017507257,8.845146837188622e-13,233,8.854056376961239e-11,180
RPS,tabular,204,noG,50,-0.0014450116240788404,-0.4057026498406857,0.5648869957384559,0.1946066506270318,0.20132244077121197,8.845146837188622e-13,233,8.854084132536855e-11,180
RPS,tabular,204,noG,55,-0.0014453718558877179,-0.40570414311845315,0.5648785128083734,0.19460681805148808,0.201322151530214,8.845146837188622e-13,233,8.854100785882224e-11,180
RPS,tabular,204,noG,60,-0.0014455978684069907,-0.4057050797750811,0.5648731901080981,0.19460692311227823,0.20132197005334962,8.845146837188622e-13,233,8.85411188811247e-11,180
RPS,tabular,204,noG,65,-0.0014457396684866219,-0.4057056673387942,0.5648698504779013,0.1946069890341295,0.20132185619309959,8.845146837188622e-13,233,8.854117439227593e-11,180
RPS,tabular,204,noG,70,-0.0014458286329123251,-0.40570603593538024,0.5648677551483836,0.19460703039573285,0.2013217847572256,8.845146837188622e-13,233,8.854117439227593e-11,180
RPS,tabular,204,noG,75,-0.0014458844482785097,-0.4057062671745353,0.5648664405335067,0.19460705634663053,0.20132173993881297,8.845146837188622e-13,233,8.854122990342717e-11,180
RPS,tabular,204,noG,80,-0.001445919466131346,-0.40570641224531956,0.5648656157503058,0.19460707262830992,0.20132171182019915,8.845146837188622e-13,233,8.854122990342717e-11,180
RPS,tabular,204,noG,85,-0.0014459414358413034,-0.40570650325844104,0.5648650982887553,0.1946070828433683,0.20132169417893156,8.845146837188622e-13,233,8.854125765900278e-11,180
RPS,tabular,204,noG,90,-0.0014459552193118836,-0.4057065603578379,0.5648647736394168,0.19460708925220999,0.20132168311104462,8.845146837188622e-13,233,8.854122990342717e-11,180
RPS,tabular,204,noG,95,-0.0014459638668479736,-0.4057065961807659,0.5648645699588066,0.19460709327304357,0.20132167616721683,8.845146837188622e-13,233,8.85412854145784e-11,180
RPS,tabular,204,noG,100,-0.0014459692921753484,-0.40570661865536695,0.5648644421725613,0.19460709579566005,0.20132167181076657,8.845146837188622e-13,233,8.854125765900278e-11,180
RPS,tabular,204,GDA,0,-0.0013443697999190674,-0.4052672267209123,0.5672236237925863,0.19456118128884356,0.2014029054617466,8.835709941479308e-13,233,8.848916044357225e-11,180
RPS,tabular,204,GDA,5,-0.004091943132842644,-0.40577290852808706,0.5938643044722851,0.2006251741819973,0.20079587741775387,8.84681217172556e-13,233,8.601561130028301e-11,180
RPS,tabular,204,GDA,10,-0.005880238042007166,-0.3732381843614868,0.662489405187827,0.20850532920691542,0.20053224257177288,8.137379658990085e-13,233,8.944253671039348e-11,178
RPS,tabular,204,GDA,15,-0.006038763014510619,-0.3082128729577703,0.6778977075365028,0.21187304456613992,0.20053846761408628,8.955614028138825e-13,232,8.907719006856496e-11,178
RPS,tabular,204,GDA,20,-0.00423702322963685,-0.21466765478227817,0.6368959127965261,0.20827749588657188,0.20072342901222298,8.285039321265231e-13,234,8.258752015599669e-11,181
RPS,tabular,204,GDA,25,-0.0008140760086046636,-0.10737966051800794,0.5483475994666248,0.20344984657331794,0.2009546078648216,8.652523142416157e-13,234,8.997452782821824e-11,181
RPS,tabular,204,GDA,30,0.003147478496783483,-0.20318340889623365,0.6255690005877604,0.20234402338066554,0.2010625319972683,8.288369990339106e-13,234,8.412526231182937e-11,181
RPS,tabular,204,GDA,35,0.006157609785983483,-0.2853348070178431,0.6517417204041489,0.2007765644316413,0.20089078963071622,8.876233081878127e-13,232,8.199924073082343e-11,179
RPS,tabular,204,GDA,40,0.006960906569976604,-0.3458934865436694,0.6229086359828566,0.19277229434062215,0.2003471644086569,8.379408278358369e-13,232,8.80829298388619e-11,177
RPS,tabular,204,GDA,45,0.005156777305657703,-0.37785005837220925,0.5400413881455688,0.18050957795775058,0.19940909655292194,8.237854842718662e-13,233,8.804232343173624e-11,179
RPS,tabular,204,GDA,50,0.0014413760891806245,-0.37648375356124947,0.5225634577169056,0.17080682081309873,0.19809585019580686,8.208433932566095e-13,233,8.277981078386176e-11,180
RPS,tabular,204,GDA,55,-0.0026872356283361505,-0.34053067139613563,0.5425314923547876,0.16502973143019498,0.1964436278637863,8.249512184477226e-13,232,8.275458096562716e-11,179
RPS,tabular,204,GDA,60,-0.005615281512973605,-0.2728039883877196,0.515646349665997,0.159055483914924,0.19449026467318198,8.159029007970275e-13,230,8.864366185523664e-11,176
RPS,tabular,204,GDA,65,-0.006326857723836271,-0.1800597271278852,0.4432262454641795,0.15104808053379326,0.19226743435498775,8.745226764972358e-13,229,8.914183280417376e-11,174
RPS,tabular,204,GDA,70,-0.004781294577668366,-0.17432041007922938,0.4336351297269001,0.14332770835812741,0.18981581121767568,8.617551117140465e-13,229,8.578020238569906e-11,176
RPS,tabular,204,GDA,75,-0.0018003821541535683,-0.1927554015114925,0.4231912866110072,0.13831439614154475,0.18721914587338873,8.508194149214887e-13,228,8.170715493083236e-11,177
RPS,tabular,204,GDA,80,0.0014094647458310612,-0.1962123509468432,0.42001869875922615,0.13636942032154492,0.18461488734728726,8.26338997228504e-13,228,8.870232326430028e-11,176
RPS,tabular,204,GDA,85,0.003800621753308116,-0.18251348815129317,0.43743555536354295,0.13695426785040185,0.18215759578402035,8.471001677889944e-13,229,8.189236788691545e-11,176
RPS,tabular,204,GDA,90,0.004817229273535859,-0.151227415305067,0.4193947635031881,0.13950105325333229,0.1799687348460171,8.911205107153819e-13,229,8.848821675400131e-11,174
RPS,tabular,204,GDA,95,0.004421187049342413,-0.22628089175749286,0.48767767072611024,0.14300545580439614,0.17811643900209637,8.686384944667225e-13,229,8.40301300764068e-11,174
RPS,tabular,204,GDA,100,0.0029130310079075743,-0.2922811426553686,0.5257263585782969,0.14600551134864476,0.17662567938318702,8.74134098438617e-13,230,8.564983444703245e-11,176
RPS,tabular,204,Adam-GDA,0,-0.0013443697999190674,-0.4052672267209123,0.5672236237925863,0.19456118128884356,0.2014029054617466,8.835709941479308e-13,233,8.848916044357225e-11,180
RPS,tabular,204,Adam-GDA,5,0.00823346964814998,-0.5981961350443127,1.4004579755545863,0.8007177186184213,0.4697783514387808,8.36664071357518e-13,240,8.147815755421561e-11,192
RPS,tabular,204,Adam-GDA,10,0.037255624287478965,-1.1893821756844436,1.9985089042268671,1.4161316506410087,0.7507521323682204,8.135714324453147e-13,244,8.403444606841504e-11,197
RPS,tabular,204,Adam-GDA,15,-0.017396102890364126,-1.2229403920861375,2.7585716599688097,2.1620284295017793,1.037219380742461,8.51096970677645e-13,246,8.549405627888973e-11,200
RPS,tabular,204,Adam-GDA,20,-0.05950433624726867,-1.540186534723188,3.481837703789054,2.8524557107295596,1.2611891135841347,8.717471189356729e-13,248,8.343481461281499e-11,203
RPS,tabular,204,Adam-GDA,25,0.04453311809968032,-2.4069922439301745,4.379305661989031,3.7541700247634644,1.55284591775913,8.752998326144734e-13,250,8.715250743307479e-11,205
RPS,tabular,204,Adam-GDA,30,0.12519804068823315,-3.1900633195053727,4.663170061220793,4.183267578323696,1.83641638745905,8.455458555545192e-13,253,8.758327396662935e-11,208
RPS,tabular,204,Adam-GDA,35,-0.09541531429249979,-3.721767698952622,6.1470787944372685,5.543021080439303,2.195825156706789,8.877343304902752e-13,254,8.431388920371319e-11,210
RPS,tabular,204,Adam-GDA,40,-0.5664684272449365,-3.753323420908317,7.222035997184648,6.633975719790225,2.492191335940121,8.952838470577262e-13,254,8.526335193437262e-11,210
RPS,tabular,204,Adam-GDA,45,-0.8869448783757892,-3.0553881627173216,7.564788779464065,6.991846755192556,2.689280079976371,8.713030297258229e-13,256,8.423928221645838e-11,212
RPS,tabular,204,Adam-GDA,50,-0.645624964274315,-1.7894820701419474,7.1893391919610306,6.779553080428415,3.0837850586156694,8.455458555545192e-13,258,8.30073787483343e-11,214
RPS,tabular,204,Adam-GDA,55,0.20836149702681842,-2.8056346392429856,8.791969315490936,8.252615760741984,3.5196857875996383,8.428813202954188e-13,259,8.354295033541348e-11,215
RPS,tabular,204,Adam-GDA,60,1.3610624058012095,-3.9549471182243265,10.115274560673994,9.598103048907966,3.6156527864934715,8.677503160470224e-13,259,8.622258462764876e-11,215
RPS,tabular,204,Adam-GDA,65,2.3368099825447595,-5.118346468554096,10.96659390350667,10.47099407594738,3.4202784928938117,8.242295734817162e-13,259,8.162270859202181e-11,215
RPS,tabular,204,Adam-GDA,70,2.7140200895210413,-6.150433259028246,11.12640965913534,10.645933379301745,3.404196891402742,8.659739592076221e-13,259,8.596146017225692e-11,215
RPS,tabular,204,Adam-GDA,75,2.264084188958666,-6.947019557565671,10.437264920188214,9.963877661599112,3.876678646114908,8.810729923425242e-13,260,8.820766339567854e-11,216
RPS,tabular,204,Adam-GDA,80,1.0239683935631423,-7.479296819787662,9.74828072333474,9.298604983344509,4.483354095954983,8.535394613318203e-13,261,8.594902567438112e-11,217
RPS,tabular,204,Adam-GDA,85,-0.7012687225233684,-7.768377383045798,11.177112808502356,10.721101033029706,4.687043417909412,8.86402062860725e-13,261,8.953549013313022e-11,217
RPS,tabular,204,Adam-GDA,90,-2.457949504890495,-7.840983582613424,12.499796266159823,12.068491758747165,4.331124440491846,8.943956686380261e-13,261,8.141309848497258e-11,218
RPS,tabular,204,Adam-GDA,95,-3.8502392576267304,-7.698852691983404,13.541491090425058,13.1403895721688,3.6955154632542366,8.784084570834239e-13,261,8.873968226907891e-11,217
RPS,tabular,204,Adam-GDA,100,-4.659583233711547,-7.300976055207456,14.1246413060688,13.748029845034818,3.2245841959511057,8.331113576787175e-13,261,8.389555716803443e-11,217
RPS,tabular,204,EGM,0,-0.0013443697999190674,-0.4052672267209123,0.5672236237925863,0.19456118128884356,0.2014029054617466,8.835709941479308e-13,233,8.848916044357225e-11,180
RPS,tabular,204,EGM,5,-0.003996233457456527,-0.3992785321716186,0.5845665593097664,0.19465978475982829,0.1976156417745711,8.705258736085852e-13,233,8.345013569055482e-11,180
RPS,tabular,204,EGM,10,-0.005565885386651263,-0.36087183307637816,0.6415925752995124,0.19593758094005703,0.1941669243988087,8.741896095898483e-13,232,8.378688021171143e-11,178
RPS,tabular,204,EGM,15,-0.005494469112685211,-0.2924088777257397,0.6455103737664344,0.19270448714099137,0.19095964125302586,8.553713293224519e-13,232,8.157932662733458e-11,178
RPS,tabular,204,EGM,20,-0.0036593892970717733,-0.1995567207978251,0.5959850222428432,0.1837586562370127,0.1878946678180124,8.643086246706844e-13,233,8.138534290935695e-11,180
RPS,tabular,204,EGM,25,-0.0005821398539949462,-0.099408129474937,0.5059631149611344,0.17428444439113527,0.1848489727603854,8.86402062860725e-13,233,8.570133491758725e-11,180
RPS,tabular,204,EGM,30,0.0026667707156255694,-0.18545742175804686,0.5675875702437587,0.16758713320144952,0.1816857347175251,8.331113576787175e-13,233,8.584258304189518e-11,179
RPS,tabular,204,EGM,35,0.004880065736772282,-0.25590284523921963,0.5811202355454894,0.16037951755612886,0.17829948780859184,8.753553437657047e-13,231,8.951567265214067e-11,176
RPS,tabular,204,EGM,40,0.005245934633855607,-0.3043356570942303,0.5457105771260253,0.14925441293612818,0.1746510373786707,8.191780587196718e-13,231,8.456638167508856e-11,175
RPS,tabular,204,EGM,45,0.0037133387711639843,-0.32593526180646587,0.46505477759885516,0.1362962118830948,0.17076081592617062,8.772982340587987e-13,231,8.202806489610026e-11,177
RPS,tabular,204,EGM,50,0.0009932845352849525,-0.31843826981212214,0.44321947494847974,0.12552100123502066,0.16667840982774373,8.571476861618521e-13,231,8.326760114751863e-11,177
RPS,tabular,204,EGM,55,-0.0017945470033444923,-0.282735064432161,0.45231045844863726,0.11737405126431805,0.16245801740907087,8.456013667057505e-13,230,8.10663064454431e-11,176
RPS,tabular,204,EGM,60,-0.0036303153103700203,-0.2229109644111468,0.42269439623571226,0.10967751469629845,0.1581472809304367,8.230360837302442e-13,228,8.49633696731189e-11,173
RPS,tabular,204,EGM,65,-0.003996039836008329,-0.14570728931948312,0.35774972006729855,0.10157615410708111,0.1537872238135596,8.699152509450414e-13,227,8.982831839476901e-11,170
RPS,tabular,204,EGM,70,-0.0029975852473566105,-0.13841993959734136,0.3432573658909899,0.09410630461647074,0.1494237440278376,8.403555629143966e-13,227,8.54167570008002e-11,172
RPS,tabular,204,EGM,75,-0.0012014258801645863,-0.1504747921877973,0.3294230228439722,0.0883142834510464,0.1451214863236175,8.157086117677181e-13,226,8.93463220075219e-11,172
RPS,tabular,204,EGM,80,0.0006777421247737494,-0.1501503279234042,0.3207697530331428,0.0843394468443196,0.14096208943486507,8.641420912169906e-13,225,8.568228071492712e-11,172
RPS,tabular,204,EGM,85,0.002062480804169934,-0.13682755141303454,0.32891572903205185,0.08180463259316335,0.1370233685614282,8.756051439462453e-13,226,8.497984954614068e-11,171
RPS,tabular,204,EGM,90,0.0026575980235469645,-0.1113096816080643,0.31016894682951707,0.08019583756882015,0.13335680181354434,8.158196340701807e-13,227,8.704088144684263e-11,169
RPS,tabular,204,EGM,95,0.0024462703339709806,-0.16341305869453968,0.35359821727226826,0.07890684743688557,0.1299796265580625,8.669176487785535e-13,226,8.865127382184923e-11,168
RPS,tabular,204,EGM,100,0.0016046614356682207,-0.20923758803527234,0.37560085837312307,0.07741999120664411,0.12688094117859208,8.583966870645554e-13,227,8.76812233929769e-11,170
RPS,tabular,204,PPM-3,0,-0.0013443697999190674,-0.4052672267209123,0.5672236237925863,0.19456118128884356,0.2014029054617466,8.835709941479308e-13,233,8.848916044357225e-11,180
RPS,tabular,204,PPM-3,5,-0.00398951120661642,-0.3993079428037683,0.5842864149619903,0.1946459057622439,0.19762661633387782,8.705813847598165e-13,233,8.346798252567567e-11,180
RPS,tabular,204,PPM-3,10,-0.005557822031516183,-0.3611504993838808,0.6413429197638698,0.1959180452668368,0.1941852789603597,8.749112545558546e-13,232,8.391369543669924e-11,178
RPS,tabular,204,PPM-3,15,-0.005497192654316114,-0.29313948781012605,0.6456498883317249,0.19273603089547667,0.19098361936912261,8.539280393904392e-13,232,8.1347428793066e-11,178
RPS,tabular,204,PPM-3,20,-0.0036854609819110457,-0.2008686411026271,0.5968628054051627,0.18385702334686133,0.18792418911877504,8.63364935099753e-13,233,8.121839312202894e-11,180
RPS,tabular,204,PPM-3,25,-0.0006335241307281904,-0.09809181510507993,0.5046279121347028,0.1743838705293683,0.1848858781258823,8.863465517094937e-13,233,8.568021292454375e-11,180
RPS,tabular,204,PPM-3,30,0.0026058013555717145,-0.18404608929121266,0.5668214588959037,0.16767328132087866,0.18173370914472384,8.345546476107302e-13,233,8.608408430532677e-11,179
RPS,tabular,204,PPM-3,35,0.004838702072133845,-0.25459478993285045,0.5813011629148366,0.16055067205376497,0.17836300330207341,8.794076578055865e-13,231,8.118519745359265e-11,177
RPS,tabular,204,PPM-3,40,0.005251685626441517,-0.3033896058261094,0.5471529492885402,0.14956339033084337,0.1747339218209926,8.166245457630339e-13,231,8.393986894450478e-11,175
RPS,tabular,204,PPM-3,45,0.0037747650108987786,-0.32563096933717717,0.4679369089557062,0.1366520185715025,0.1708654549168094,8.764655667903298e-13,231,8.174179388920066e-11,177
RPS,tabular,204,PPM-3,50,0.0010919045245457242,-0.3190183623669176,0.44237842784061615,0.1258236771704751,0.1668057847635029,8.587019983963273e-13,231,8.335877821341597e-11,177
RPS,tabular,204,PPM-3,55,-0.0016972920304449486,-0.2843437912990203,0.4527242543424915,0.11764980748074144,0.16260823149843126,8.503753257116387e-13,230,8.159951880859495e-11,176
RPS,tabular,204,PPM-3,60,-0.0035746537189869643,-0.22554775257845552,0.42458307469288115,0.10999901314832722,0.15832013363842112,8.327782907713299e-13,228,8.606972079494568e-11,173
RPS,tabular,204,PPM-3,65,-0.004004625560074753,-0.14920903962653767,0.36116945739210604,0.10194157593537581,0.15398219692735907,8.695821840376539e-13,227,8.889325386896019e-11,170
RPS,tabular,204,PPM-3,70,-0.003065980315941301,-0.13782582164450286,0.3434126546380664,0.0944547298109612,0.14963910417242654,8.434364318077314e-13,227,8.496703340910017e-11,172
RPS,tabular,204,PPM-3,75,-0.0013023516882594047,-0.15037964548075128,0.3309711746821987,0.08860020248712666,0.14535336226364684,8.232026171839379e-13,226,8.930722827926729e-11,172
RPS,tabular,204,PPM-3,80,0.0005805175107483118,-0.15067628704237246,0.31982435148628974,0.084554981818109,0.14120476592915626,8.56703596952002e-13,225,8.603621981517762e-11,172
RPS,tabular,204,PPM-3,85,0.001999207474142677,-0.1380543619270067,0.3294241739358289,0.08196305160199388,0.13727079556953425,8.723299860236011e-13,226,8.573788207177913e-11,171
RPS,tabular,204,PPM-3,90,0.0026436924768339786,-0.11323814446037153,0.3122668971747029,0.08032370457096985,0.13360408890866013,8.165135234605714e-13,227,8.83216069724746e-11,169
RPS,tabular,204,PPM-3,95,0.0024813833757500203,-0.1599392982948725,0.3512801042978944,0.07903990532598937,0.13022361061159662,8.72191208145523e-13,226,8.730571127157916e-11,168
RPS,tabular,204,PPM-3,100,0.0016766597006543167,-0.20668957756425124,0.375226314029691,0.07757993302624758,0.12711999369420784,8.479328350574633e-13,227,8.675996032714295e-11,170
RPS,tabular,205,QP+G,0,0.011894536547276102,-0.3231673443467863,1.0517245111946738,0.5357104951503292,0.34299804402234074,8.44213587924969e-13,239,8.414846597304404e-11,190
RPS,tabular,205,QP+G,5,0.005084844743803238,-0.18768101720925232,0.5975638381690731,0.19546437131831187,0.19678059026384342,8.936185125207885e-13,233,8.823869412921681e-11,180
RPS,tabular,205,QP+G,10,0.0017566394525308645,-0.10187290759586944,0.33433496450018574,0.06498267136206048,0.11258721585847611,8.583134203377085e-13,228,8.572142301543906e-11,170
RPS,tabular,205,QP+G,15,0.0006723535050575263,-0.06791569301410996,0.19536378080576502,0.020655852509381227,0.06344594606489729,8.854583732897936e-13,222,8.193894521224543e-11,159
RPS,tabular,205,QP+G,20,0.00025242392716771814,-0.049117968724522086,0.11538747507297914,0.006386097746106231,0.035352492887470076,8.663486594784331e-13,216,8.405496958185932e-11,146
RPS,tabular,205,QP+G,25,8.171575096519954e-05,-0.03415469296430523,0.06621235662328322,0.0019468734659285063,0.019574871754053237,8.401890294607028e-13,210,8.621291354427019e-11,133
RPS,tabular,205,QP+G,30,2.120315295669551e-05,-0.02221600346238794,0.03617659686867085,0.0005898360611501092,0.010802404468540156,8.329587020128315e-13,206,8.118154146965692e-11,125
RPS,tabular,205,QP+G,35,3.7202882270401967e-06,-0.013493736119781422,0.01855719538292699,0.00017827615692835022,0.00595118167798653,8.567938025727528e-13,201,8.410740105681963e-11,115
RPS,tabular,205,QP+G,40,-8.600268006433988e-09,-0.007664277924747411,0.008879789162802843,5.3859803028841205e-05,0.0032759497125547667,8.241437046696554e-13,196,8.592408784534409e-11,104
RPS,tabular,205,QP+G,45,-3.499676076425227e-07,-0.004067856661832798,0.0056440281032252735,1.6278650717543897e-05,0.0018027040278676234,8.230803191788816e-13,190,8.632531356445614e-11,92
RPS,tabular,205,QP+G,50,-1.8311150519926125e-07,-0.0020046482060071162,0.0033142612793889267,4.92314380248771e-06,0.0009918884596690093,8.480421226364498e-13,183,8.459770217690403e-11,79
RPS,tabular,205,QP+G,55,-6.403923393799589e-08,-0.0009001148807895734,0.0018152888711709106,1.4896692718258096e-06,0.0005457518580235187,8.993792039238557e-13,175,8.805931983603716e-11,64
RPS,tabular,205,QP+G,60,-1.6852695120222596e-08,-0.0003504384060288579,0.0009269870773377295,4.5090122545443656e-07,0.0003002869887761427,8.635850281407675e-13,171,8.707840448706892e-11,56
RPS,tabular,205,QP+G,65,-2.9874025633832742e-09,-0.00010026275280373318,0.0004362947650200286,1.3650658874098117e-07,0.00016523010639710387,8.523878217842062e-13,166,8.271516804825296e-11,47
RPS,tabular,205,QP+G,70,-2.5837625371221734e-11,-5.594132394587435e-05,0.0002387653626339115,4.133018677299201e-08,9.091827317385479e-05,8.726394173236285e-13,160,8.517605287749447e-11,36
RPS,tabular,205,QP+G,75,2.60214480162132e-10,-4.4441257992304485e-05,0.00013715089008582004,1.2514168243327186e-08,5.002874139369869e-05,8.326669974183243e-13,154,8.61527049700326e-11,24
RPS,tabular,205,QP+G,80,1.3916405313076182e-10,-3.0329328150821078e-05,7.35822727393607e-05,3.789197081105481e-09,2.752909449522136e-05,8.122031083172658e-13,147,8.509665638811715e-11,11
RPS,tabular,205,QP+G,85,4.7457668391439173e-11,-1.7911012238073305e-05,3.912891705159049e-05,1.154310536044532e-09,1.5194225323225946e-05,8.330172387657504e-13,140,6.454472956107792e-11,1
RPS,tabular,205,QP+G,90,1.4701129979393963e-11,-1.0001589280537127e-05,2.149423507582378e-05,3.5357293481919124e-10,8.409221070276175e-06,8.490174319473022e-13,134,1.926751425074258e-11,1
RPS,tabular,205,QP+G,95,4.455096526895972e-12,-5.481958049217016e-06,1.2045124767272112e-05,1.0883488554824797e-10,4.665517899623985e-06,8.211031104988966e-13,129,6.1394889172561305e-12,1
RPS,tabular,205,QP+G,100,1.4263651711977498e-12,-3.0823322547439097e-06,7.067558475133177e-06,3.6223940513835386e-11,2.6916143162291136e-06,8.443549814407883e-13,124,2.172901858443765e-12,1
RPS,tabular,205,noG,0,0.011894536547276102,-0.3231673443467863,1.0517245111946738,0.5357104951503292,0.34299804402234074,8.44213587924969e-13,239,8.414846597304404e-11,190
RPS,tabular,205,noG,5,0.011894536547276102,-0.3231673443467863,1.0517245111946738,0.5357104951503292,0.34299804402234074,8.44213587924969e-13,239,8.414846597304404e-11,190
RPS,tabular,205,noG,10,0.011894536547276102,-0.3231673443467863,1.0517245111946738,0.5357104951503292,0.34299804402234074,8.44213587924969e-13,239,8.414846597304404e-11,190
RPS,tabular,205,noG,15,0.011894536547276102,-0.3231673443467863,1.0517245111946738,0.5357104951503292,0.34299804402234074,8.44213587924969e-13,239,8.414846597304404e-11,190
RPS,tabular,205,noG,20,0.011894536547276102,-0.3231673443467863,1.0517245111946738,0.5357104951503292,0.34299804402234074,8.44213587924969e-13,239,8.414846597304404e-11,190
RPS,tabular,205,noG,25,0.011894536547276102,-0.3231673443467863,1.0517245111946738,0.5357104951503292,0.34299804402234074,8.44213587924969e-13,239,8.414846597304404e-11,190
RPS,tabular,205,noG,30,0.011894536547276102,-0.3231673443467863,1.0517245111946738,0.5357104951503292,0.34299804402234074,8.44213587924969e-13,239,8.414846597304404e-11,190
RPS,tabular,205,noG,35,0.011894536547276102,-0.3231673443467863,1.0517245111946738,0.5357104951503292,0.34299804402234074,8.44213587924969e-13,239,8.414846597304404e-11,190
RPS,tabular,205,noG,40,0.011894536547276102,-0.3231673443467863,1.0517245111946738,0.5357104951503292,0.34299804402234074,8.44213587924969e-13,239,8.414846597304404e-11,190
RPS,tabular,205,noG,45,0.011894536547276102,-0.3231673443467863,1.0517245111946738,0.5357104951503292,0.34299804402234074,8.44213587924969e-13,239,8.414846597304404e-11,190
RPS,tabular,205,noG,50,0.011894536547276102,-0.3231673443467863,1.0517245111946738,0.5357104951503292,0.34299804402234074,8.44213587924969e-13,239,8.414846597304404e-11,190
RPS,tabular,205,noG,55,0.011894536547276102,-0.3231673443467863,1.0517245111946738,0.5357104951503292,0.34299804402234074,8.44213587924969e-13,239,8.414846597304404e-11,190
RPS,tabular,205,noG,60,0.011894536547276102,-0.3231673443467863,1.0517245111946738,0.5357104951503292,0.34299804402234074,8.44213587924969e-13,239,8.414846597304404e-11,190
RPS,tabular,205,noG,65,0.011894536547276102,-0.3231673443467863,1.0517245111946738,0.5357104951503292,0.34299804402234074,8.44213587924969e-13,239,8.414846597304404e-11,190
RPS,tabular,205,noG,70,0.011894536547276102,-0.3231673443467863,1.0517245111946738,0.5357104951503292,0.34299804402234074,8.44213587924969e-13,239,8.414846597304404e-11,190
RPS,tabular,205,noG,75,0.011894536547276102,-0.3231673443467863,1.0517245111946738,0.5357104951503292,0.34299804402234074,8.44213587924969e-13,239,8.414846597304404e-11,190
RPS,tabular,205,noG,80,0.011894536547276102,-0.3231673443467863,1.0517245111946738,0.5357104951503292,0.34299804402234074,8.44213587924969e-13,239,8.414846597304404e-11,190
RPS,tabular,205,noG,85,0.011894536547276102,-0.3231673443467863,1.0517245111946738,0.5357104951503292,0.34299804402234074,8.44213587924969e-13,239,8.414846597304404e-11,190
RPS,tabular,205,noG,90,0.011894536547276102,-0.3231673443467863,1.0517245111946738,0.5357104951503292,0.34299804402234074,8.44213587924969e-13,239,8.414846597304404e-11,190
RPS,tabular,205,noG,95,0.011894536547276102,-0.3231673443467863,1.0517245111946738,0.5357104951503292,0.34299804402234074,8.44213587924969e-13,239,8.414846597304404e-11,190
RPS,tabular,205,noG,100,0.011894536547276102,-0.3231673443467863,1.0517245111946738,0.5357104951503292,0.34299804402234074,8.44213587924969e-13,239,8.414846597304404e-11,190
RPS,tabular,205,GDA,0,0.011894536547276102,-0.3231673443467863,1.0517245111946738,0.5357104951503292,0.34299804402234074,8.44213587924969e-13,239,8.414846597304404e-11,190
RPS,tabular,205,GDA,5,0.01961126473310549,-0.4991439964547828,1.165382528769277,0.5786024827044637,0.3449997186607228,8.577583088253959e-13,238,8.9536877911911e-11,188
RPS,tabular,205,GDA,10,0.021930870792975826,-0.6440322636315265,1.1865854212278866,0.5916401596442508,0.3473785297668327,8.291145547900669e-13,238,8.45648551184297e-11,188
RPS,tabular,205,GDA,15,0.01665633213364299,-0.7427836881582537,1.107094578767808,0.560035724787583,0.34996468621122695,8.606448886894214e-13,239,8.683737062753494e-11,190
RPS,tabular,205,GDA,20,0.004537678730911107,-0.7817129429045302,0.9315429358761317,0.5259899969124371,0.35242958997123314,8.151257446797899e-13,240,8.504219550786729e-11,191
RPS,tabular,205,GDA,25,-0.01027424931493503,-0.7517478259427826,1.0632907484564667,0.5306399500855673,0.3542040751904012,8.710809851208978e-13,239,8.919204264046243e-11,190
RPS,tabular,205,GDA,30,-0.021761056153421443,-0.6512240793676871,1.1087650026180906,0.5387779390183387,0.3547512809391734,8.384404281969182e-13,238,8.809675211551848e-11,188
RPS,tabular,205,GDA,35,-0.02489690074250158,-0.48740311616177273,1.0585346685335786,0.5079574692624143,0.3538290304148953,8.170131238216527e-13,237,8.765205228300488e-11,186
RPS,tabular,205,GDA,40,-0.018241526880158624,-0.27624816976236166,0.9125101626513547,0.4508570727725494,0.35145951422444965,8.191225475684405e-13,238,8.677170093562836e-11,188
RPS,tabular,205,GDA,45,-0.004735277985590745,-0.20840056019371325,0.8497665866472232,0.4131413920164956,0.3478102043692941,8.257838857161914e-13,238,8.984368804476617e-11,188
RPS,tabular,205,GDA,50,0.00978578000362899,-0.29809970233318805,0.8805793238753833,0.4020290226827201,0.3431670248365069,8.333334022836425e-13,237,8.900208348094907e-11,187
RPS,tabular,205,GDA,55,0.019485037704193013,-0.36717518218415623,0.8318861014545504,0.3868548589465526,0.3378447391425243,8.206768598029157e-13,235,8.431971787459247e-11,185
RPS,tabular,205,GDA,60,0.02118699402964488,-0.4036134603926983,0.7053367696623891,0.3599846757356344,0.33201241461223224,8.799627693178991e-13,233,8.203437928955282e-11,183
RPS,tabular,205,GDA,65,0.01541801264298617,-0.3987917932207104,0.6863040410334033,0.3368816753852906,0.3257193690543059,8.694711617351913e-13,233,8.621434122169092e-11,184
RPS,tabular,205,GDA,70,0.005495266614025368,-0.3611312874248232,0.6668447856541395,0.32673863712920403,0.3191602470266025,8.748557434046234e-13,232,8.20583323513091e-11,185
RPS,tabular,205,GDA,75,-0.004519870586669733,-0.42855894586306303,0.7284298190065572,0.3275070426661499,0.3128072776862948,8.409384300023248e-13,234,8.256265116024508e-11,185
RPS,tabular,205,GDA,80,-0.011673812802234266,-0.47078362864530815,0.7357987087137619,0.33800952539440204,0.30722110649494005,8.313905119905485e-13,235,8.984701871384004e-11,184
RPS,tabular,205,GDA,85,-0.0148309714607732,-0.4831397276383858,0.7689205897270986,0.3592544495843547,0.302798594841143,8.532063944244328e-13,235,8.437633924884835e-11,184
RPS,tabular,205,GDA,90,-0.014213908994536784,-0.460587781885395,0.8860462915220757,0.3860605554689812,0.2997093954700031,8.134048989916209e-13,235,8.255424122083355e-11,183
RPS,tabular,205,GDA,95,-0.010511174841290797,-0.3995376772926294,0.9369103311006737,0.40448356287209336,0.2979594871531929,8.540945728441329e-13,236,8.982992127926082e-11,185
RPS,tabular,205,GDA,100,-0.004395979631477429,-0.2999555049082223,0.9137079188955046,0.4072468485235577,0.2974295084022277,8.779643678735738e-13,237,8.812556240300751e-11,187
RPS,tabular,205,Adam-GDA,0,0.011894536547276102,-0.3231673443467863,1.0517245111946738,0.5357104951503292,0.34299804402234074,8.44213587924969e-13,239,8.414846597304404e-11,190
RPS,tabular,205,Adam-GDA,5,-0.004768313018307936,-1.1646945038833145,1.6776482540427577,1.091604909954957,0.5825123749280522,8.855138844410249e-13,243,8.148526298157321e-11,197
RPS,tabular,205,Adam-GDA,10,-0.08631830704938327,-1.0413070697637243,2.418321124573721,1.8178434560129575,0.8964377401280759,8.479883462086946e-13,245,8.253686623049816e-11,199
RPS,tabular,205,Adam-GDA,15,-0.05985105826169833,-1.2968822116008205,3.077896959988822,2.4432346179689457,1.1534216073627515,8.881784197001252e-13,247,8.36513081026169e-11,202
RPS,tabular,205,Adam-GDA,20,0.08655753292431867,-1.9338879858097502,3.5831264222302317,2.9799089361891316,1.3955737267665538,8.681944052568724e-13,248,8.295031328486857e-11,203
RPS,tabular,205,Adam-GDA,25,0.15721086493934022,-2.3289463268956125,4.113591210308375,3.4972176028527686,1.5727305749686342,8.468781231840694e-13,250,8.390843575512008e-11,205
RPS,tabular,205,Adam-GDA,30,0.013421731875106865,-2.391169576025703,5.027307888049476,4.410861153251711,1.824121623201736,8.624212455288216e-13,251,8.720535404904695e-11,206
RPS,tabular,205,Adam-GDA,35,-0.16779166941237456,-1.861253398216024,5.33293967102727,4.799579754237909,2.08027910994592,8.286704655802168e-13,254,8.664402528779647e-11,209
RPS,tabular,205,Adam-GDA,40,-0.032797639974565605,-2.3755958987933505,6.5316264155545705,5.940674333935183,2.4230107081175603,8.926193117986259e-13,255,8.564127185195503e-11,211
RPS,tabular,205,Adam-GDA,45,0.5062669494379373,-3.4160836748593617,7.893314150519184,7.318967053255509,2.772308012820347,8.65085780787922e-13,256,8.37170333056747e-11,212
RPS,tabular,205,Adam-GDA,50,1.1244803301816475,-4.513886442093797,8.71643826403773,8.159974644680403,2.9206815160955792,8.72191208145523e-13,256,8.432987641526779e-11,212
RPS,tabular,205,Adam-GDA,55,1.3106143608593945,-5.532964650675945,8.738367697231771,8.19737415017752,3.127772645133792,8.65085780787922e-13,258,8.518430405501931e-11,214
RPS,tabular,205,Adam-GDA,60,0.7629079072465063,-6.335393426675336,8.280611441923924,7.828814473676293,3.6212677987603956,8.926193117986259e-13,259,8.873346502014101e-11,215
RPS,tabular,205,Adam-GDA,65,-0.41709411410650943,-6.839441280916664,9.853312468155709,9.34607148788347,4.0159882467078925,8.668621376273222e-13,260,8.673772811107483e-11,216
RPS,tabular,205,Adam-GDA,70,-1.8401546351206126,-7.021259837436951,11.237571972950526,10.75555567505753,3.9672849248220197,8.899547765395255e-13,260,8.925304939566558e-11,216
RPS,tabular,205,Adam-GDA,75,-3.058175802903899,-6.865090883728622,12.274662081956677,11.819863263642342,3.589902849477927,8.704148513061227e-13,260,8.717648825040669e-11,216
RPS,tabular,205,Adam-GDA,80,-3.7300941718149634,-6.317138839691973,12.764371568141874,12.330135619286377,3.3192499007250547,8.171241461241152e-13,260,8.139267038131948e-11,216
RPS,tabular,205,Adam-GDA,85,-3.6599300979947276,-5.278047057449894,12.524924033012063,12.098024452210291,3.553779040135927,8.268941087408166e-13,261,8.307043941613301e-11,217
RPS,tabular,205,Adam-GDA,90,-2.7811747988548907,-3.657432479997726,11.461645227396684,11.030717363463243,4.229442710057005,8.908429549592256e-13,261,8.995559852564838e-11,217
RPS,tabular,205,Adam-GDA,95,-1.191077911663493,-2.1546991340787036,10.312242124440857,9.90810988651394,4.862535458385466,8.36664071357518e-13,262,8.490808056649257e-11,218
RPS,tabular,205,Adam-GDA,100,0.7985096046344192,-3.318444891574085,11.668599068822415,11.24101938555701,4.9843002249529675,8.57980353430321e-13,262,8.706990684004268e-11,218
RPS,tabular,205,EGM,0,0.011894536547276102,-0.3231673443467863,1.0517245111946738,0.5357104951503292,0.34299804402234074,8.44213587924969e-13,239,8.414846597304404e-11,190
RPS,tabular,205,EGM,5,0.019084042852211786,-0.49247124932059333,1.146957855558556,0.562773565890606,0.33938805377985887,8.425482533880313e-13,238,8.689210462264896e-11,188
RPS,tabular,205,EGM,10,0.02048940158663651,-0.6254990739396644,1.1479082703403929,0.5586604363255552,0.3359160877185903,8.948397578478762e-13,237,8.940426177161953e-11,187
RPS,tabular,205,EGM,15,0.01474825594571997,-0.7086381026138655,1.0516011814827169,0.5146495397249777,0.3324381408458549,8.211209490127658e-13,239,8.93550233804774e-11,189
RPS,tabular,205,EGM,20,0.0035014073176038688,-0.7313630910246525,0.8749592165529931,0.4722960108185265,0.32867481607974436,8.473222123939195e-13,239,8.492939684856537e-11,190
RPS,tabular,205,EGM,25,-0.008962150851760097,-0.6890119072693528,0.981078244367696,0.46203310032164996,0.32417686099774884,8.870681966755001e-13,238,8.606848567183079e-11,189
RPS,tabular,205,EGM,30,-0.01762372713976775,-0.5845149094205649,1.0039913390622819,0.45232105434667236,0.3185901513445785,8.361089598452054e-13,237,8.169193099760719e-11,187
RPS,tabular,205,EGM,35,-0.019147555228311405,-0.42861577734914785,0.9402061819589722,0.4134834627080809,0.31185069547022326,8.131273432354647e-13,236,8.92285689779726e-11,184
RPS,tabular,205,EGM,40,-0.013415215871551409,-0.23852551379287026,0.795249577077798,0.3597143844374069,0.3041230125823299,8.848477506262498e-13,236,8.584660760035945e-11,186
RPS,tabular,205,EGM,45,-0.0033724848941895343,-0.1842830766079599,0.7328617648886258,0.32219915612018707,0.2956686023174007,8.719691635405979e-13,236,8.628348036054945e-11,186
RPS,tabular,205,EGM,50,0.00660415407627191,-0.2570400823786322,0.7449310031158815,0.3027183797020194,0.28678030547395034,8.61644089411584e-13,235,8.307790566597362e-11,185
RPS,tabular,205,EGM,55,0.01281491683788125,-0.3081050472904057,0.6906095731579216,0.2828411620720897,0.27771518099519055,8.339440249471863e-13,233,8.55792381404541e-11,182
RPS,tabular,205,EGM,60,0.013688589100180847,-0.3297462552853948,0.5756949670527531,0.2582324989298852,0.2686282053585704,8.875677970365814e-13,231,8.838987874959514e-11,179
RPS,tabular,205,EGM,65,0.009980571153191191,-0.3179963350605069,0.5513210003859239,0.2366415003748882,0.25961612942936474,8.559264408347644e-13,231,8.300587994725106e-11,181
RPS,tabular,205,EGM,70,0.0038933101533425883,-0.2830781133575933,0.5258932508092555,0.2228039771796893,0.25083970858296134,8.466005674279131e-13,230,8.705977605494297e-11,181
RPS,tabular,205,EGM,75,-0.0021784032380891415,-0.33384459837469266,0.5659517259398245,0.21614487939081894,0.24255890197731605,8.986145161316017e-13,231,8.591405364910543e-11,181
RPS,tabular,205,EGM,80,-0.006560268067516835,-0.36170671513893493,0.5613780637701615,0.2155802512962055,0.23503686808945154,8.762435221854048e-13,232,8.979569865452675e-11,180
RPS,tabular,205,EGM,85,-0.00855255995940713,-0.3639588022527163,0.5755276223738697,0.22001397267114756,0.22843166084705405,8.816836150060681e-13,232,8.799286299598919e-11,179
RPS,tabular,205,EGM,90,-0.008184394757959053,-0.33869576812986113,0.6537134850727897,0.22566943335822445,0.22276703667194064,8.205103263492219e-13,232,8.399045348106426e-11,178
RPS,tabular,205,EGM,95,-0.0058606711244084345,-0.28591534106796246,0.679267452936226,0.22700260818740978,0.21795971256678226,8.575917753717022e-13,233,8.883457858210875e-11,180
RPS,tabular,205,EGM,100,-0.002193116580378116,-0.2084597522625317,0.6498571040579926,0.22291668900328585,0.2138520508149909,8.661404926613159e-13,234,8.40883751518362e-11,182
RPS,tabular,205,PPM-3,0,0.011894536547276102,-0.3231673443467863,1.0517245111946738,0.5357104951503292,0.34299804402234074,8.44213587924969e-13,239,8.414846597304404e-11,190
RPS,tabular,205,PPM-3,5,0.019057897833966553,-0.4919673802714505,1.1467069557585792,0.5626460099585926,0.3393841945082561,8.428813202954188e-13,238,8.694855946345115e-11,188
RPS,tabular,205,PPM-3,10,0.02047968770065745,-0.6246711815404777,1.1480395194401618,0.5586979221945703,0.335907005342248,8.936185125207885e-13,237,8.920375549337223e-11,187
RPS,tabular,205,PPM-3,15,0.014815241769501317,-0.7078478937318942,1.0528014034928517,0.5150115933395546,0.33242562244562907,8.201217482906031e-13,239,8.918871197138856e-11,189
RPS,tabular,205,PPM-3,20,0.0036688817373202462,-0.7311119430838915,0.8730480642725483,0.4724965954384962,0.328665564034568,8.471001677889944e-13,239,8.487788250022277e-11,190
RPS,tabular,205,PPM-3,25,-0.00874485831007437,-0.6898294487049816,0.979830790146192,0.4618785664847296,0.32418440413681765,8.880673973976627e-13,238,8.622813574277188e-11,189
RPS,tabular,205,PPM-3,30,-0.017467593448331212,-0.5868136955994167,1.0041044319767787,0.452531990727547,0.31863117366063015,8.394396289190809e-13,237,8.221723302170858e-11,187
RPS,tabular,205,PPM-3,35,-0.019160526099336488,-0.43255862114357124,0.9423153781564486,0.4144772413543961,0.31193919386947905,8.102407633714392e-13,236,8.859071809474983e-11,184
RPS,tabular,205,PPM-3,40,-0.013630774999905998,-0.24394769233038316,0.7997649679405423,0.360926984228877,0.3042669673649141,8.835154829966996e-13,236,8.554679187255942e-11,186
RPS,tabular,205,PPM-3,45,-0.0037193402158423186,-0.18243622360871492,0.7315691907151328,0.3228980524365853,0.2958689826556986,8.727463196578356e-13,236,8.634581938338215e-11,186
RPS,tabular,205,PPM-3,50,0.006269716914921446,-0.2552791470465493,0.745528158266969,0.30318097546154477,0.2870329085528593,8.658074257539283e-13,235,8.358283509757314e-11,185
RPS,tabular,205,PPM-3,55,0.012634496365814431,-0.30683341012222864,0.6935404917857895,0.28359707749753205,0.2780159222179128,8.431033649003439e-13,233,8.667483397672981e-11,182
RPS,tabular,205,PPM-3,60,0.01373141203532187,-0.3294131162392263,0.5811105572578591,0.2592267335410365,0.26897623673521576,8.866796186168813e-13,231,8.74967043262842e-11,179
RPS,tabular,205,PPM-3,65,0.010217530339629877,-0.3189664440009648,0.5520699931472179,0.2375368930367771,0.26000923793723846,8.585354649426336e-13,231,8.257394767952064e-11,181
RPS,tabular,205,PPM-3,70,0.004223786945850763,-0.2802565144382396,0.5235382078971768,0.2234345768812694,0.2512672305918199,8.381628724407619e-13,230,8.695216768828118e-11,181
RPS,tabular,205,PPM-3,75,-0.001871250666058773,-0.33207613958104254,0.5655644289086292,0.21648321713047378,0.24300169094886814,8.938405571257135e-13,231,8.609671309223188e-11,181
RPS,tabular,205,PPM-3,80,-0.0063619471294770686,-0.36119860300477785,0.5633280397638769,0.2156086734597286,0.2354744385619872,8.750222768583171e-13,232,8.128714368282886e-11,181
RPS,tabular,205,PPM-3,85,-0.008499738269018462,-0.3649382145458992,0.569705361714394,0.21982266472857323,0.22884879910536282,8.840705945090122e-13,232,8.898520809097477e-11,179
RPS,tabular,205,PPM-3,90,-0.008274294853882638,-0.34136136601066414,0.6506964253912491,0.22556812559383466,0.2231556918362898,8.269496198920478e-13,232,8.236930582050661e-11,178
RPS,tabular,205,PPM-3,95,-0.006067504113586494,-0.29035711261740715,0.67959662603912,0.22728401559740646,0.21831822353234814,8.486544800234697e-13,233,8.761874559226612e-11,180
RPS,tabular,205,PPM-3,100,-0.0024745532638687597,-0.21457277150541962,0.6538789628959437,0.2234198101105255,0.21418420079987474,8.620326674702028e-13,234,8.356212943816388e-11,182
RPS,tabular,206,QP+G,0,-0.01238435852605715,-0.3518632386249792,0.6475875280631969,0.26851221536306014,0.2625390984601611,8.523737271559639e-13,232,8.813974550214709e-11,179
RPS,tabular,206,QP+G,5,-0.004616634426245361,-0.20764104159097987,0.37621767949068075,0.10116778618884192,0.1511961716233257,8.51846371219267e-13,227,8.968080444926585e-11,170
RPS,tabular,206,QP+G,10,-0.0015412097206031628,-0.11699216119674452,0.22269588506459295,0.03477344622483934,0.08554515986797255,8.128220319036927e-13,222,8.420276281784211e-11,160
RPS,tabular,206,QP+G,15,-0.0004745646565475595,-0.0615320832740057,0.13270109900322255,0.011262655775341333,0.0478388268749234,8.373718385357165e-13,217,8.350222509972971e-11,151
RPS,tabular,206,QP+G,20,-0.00012193410302196569,-0.02965564084686104,0.07675645005999465,0.0035260890453831665,0.02658016652587525,8.44664616028723e-13,213,8.408622452840686e-11,142
RPS,tabular,206,QP+G,25,-2.119360465065263e-05,-0.012684098789856093,0.042177924424623814,0.0010846048705069602,0.014710377229218871,8.957209973736724e-13,208,8.652243580885982e-11,132
RPS,tabular,206,QP+G,30,3.072668027350245e-07,-0.004424995095216437,0.021753812357516684,0.00033072832373241796,0.008121038816883839,8.912454108056522e-13,203,8.863813681517577e-11,121
RPS,tabular,206,QP+G,35,2.1943799708524845e-06,-0.002967343118438544,0.012514365979511468,0.00010043905061936366,0.00447654384738251,8.315431676564344e-13,198,8.96029184145131e-11,109
RPS,tabular,206,QP+G,40,1.1448347498676298e-06,-0.002974004736273517,0.007891947632271142,3.0446066795544694e-05,0.002465457807043756,8.955770153251663e-13,191,8.84729489681864e-11,96
RPS,tabular,206,QP+G,45,4.044069089338395e-07,-0.0022745876110498715,0.004617023837035352,9.221441674353572e-06,0.0013572181475901477,8.918451914474712e-13,184,8.345335755739958e-11,82
RPS,tabular,206,QP+G,50,1.0820565782743068e-07,-0.0015223188194163817,0.002524733079395997,2.79198427599603e-06,0.000746963546746675,8.833999070451126e-13,180,8.915495008937911e-11,73
RPS,tabular,206,QP+G,55,1.9848976880456024e-08,-0.0009314898584874776,0.0012880870715424465,8.45235992932847e-07,0.00041105603378546556,8.238721120254477e-13,176,8.552542674061425e-11,64
RPS,tabular,206,QP+G,60,5.097671232108927e-10,-0.0005300237966173445,0.0006075419726782457,2.558852051082195e-07,0.00022619453286352442,8.821084054172479e-13,170,8.878064283735579e-11,53
RPS,tabular,206,QP+G,65,-1.5531697735290912e-09,-0.00028172032127897083,0.00038480864118794166,7.747012177594663e-08,0.00012446745847478444,8.822460990931535e-13,164,8.135706774937162e-11,42
RPS,tabular,206,QP+G,70,-8.633209479588243e-10,-0.0001391577965147695,0.0002253412510661742,2.34556275097164e-08,6.849012723006087e-05,8.200192640802489e-13,158,8.977892429484729e-11,28
RPS,tabular,206,QP+G,75,-3.114578578357653e-10,-6.271150571348077e-05,0.00012316283781944743,7.1019561759255665e-09,3.768779623519851e-05,8.584671873108213e-13,150,8.523140859750824e-11,14
RPS,tabular,206,QP+G,80,-8.459743515837984e-11,-2.4568272769942605e-05,6.27701733278821e-05,2.150404923573213e-09,2.073837289495325e-05,8.856231042573756e-13,145,8.744024171392081e-11,5
RPS,tabular,206,QP+G,85,-2.178157298947754e-11,-1.0556541077908224e-05,3.2459337567360575e-05,6.550478909295178e-10,1.1445943640156496e-05,8.599061607629348e-13,140,4.5806551884908223e-11,1
RPS,tabular,206,QP+G,90,-6.4083803369751874e-12,-5.537852661533106e-06,1.771887623931781e-05,2.0059828798046903e-10,6.334009180865745e-06,8.998712351985204e-13,134,1.4279410986972607e-11,1
RPS,tabular,206,QP+G,95,-2.0571459623161697e-12,-3.250561811982251e-06,9.971885027133954e-06,6.172437561069435e-11,3.5135271178316054e-06,8.408897162904953e-13,129,4.311544454793647e-12,1
RPS,tabular,206,QP+G,100,-7.176860330988493e-13,-2.0592254130777486e-06,5.828202077987765e-06,1.9926768568545586e-11,1.996330738011976e-06,8.872645541592667e-13,123,1.331914578628357e-12,1
RPS,tabular,206,noG,0,-0.01238435852605715,-0.3518632386249792,0.6475875280631969,0.26851221536306014,0.2625390984601611,8.523737271559639e-13,232,8.813974550214709e-11,179
RPS,tabular,206,noG,5,-0.01238435852605715,-0.3518632386249792,0.6475875280631969,0.26851221536306014,0.2625390984601611,8.523737271559639e-13,232,8.813974550214709e-11,179
RPS,tabular,206,noG,10,-0.01238435852605715,-0.3518632386249792,0.6475875280631969,0.26851221536306014,0.2625390984601611,8.523737271559639e-13,232,8.813974550214709e-11,179
RPS,tabular,206,noG,15,-0.01238435852605715,-0.3518632386249792,0.6475875280631969,0.26851221536306014,0.2625390984601611,8.523737271559639e-13,232,8.813974550214709e-11,179
RPS,tabular,206,noG,20,-0.01238435852605715,-0.3518632386249792,0.6475875280631969,0.26851221536306014,0.2625390984601611,8.523737271559639e-13,232,8.813974550214709e-11,179
RPS,tabular,206,noG,25,-0.01238435852605715,-0.3518632386249792,0.6475875280631969,0.26851221536306014,0.2625390984601611,8.523737271559639e-13,232,8.813974550214709e-11,179
RPS,tabular,206,noG,30,-0.01238435852605715,-0.3518632386249792,0.6475875280631969,0.26851221536306014,0.2625390984601611,8.523737271559639e-13,232,8.813974550214709e-11,179
RPS,tabular,206,noG,35,-0.01238435852605715,-0.3518632386249792,0.6475875280631969,0.26851221536306014,0.2625390984601611,8.523737271559639e-13,232,8.813974550214709e-11,179
RPS,tabular,206,noG,40,-0.01238435852605715,-0.3518632386249792,0.6475875280631969,0.26851221536306014,0.2625390984601611,8.523737271559639e-13,232,8.813974550214709e-11,179
RPS,tabular,206,noG,45,-0.01238435852605715,-0.3518632386249792,0.6475875280631969,0.26851221536306014,0.2625390984601611,8.523737271559639e-13,232,8.813974550214709e-11,179
RPS,tabular,206,noG,50,-0.01238435852605715,-0.3518632386249792,0.6475875280631969,0.26851221536306014,0.2625390984601611,8.523737271559639e-13,232,8.813974550214709e-11,179
RPS,tabular,206,noG,55,-0.01238435852605715,-0.3518632386249792,0.6475875280631969,0.26851221536306014,0.2625390984601611,8.523737271559639e-13,232,8.813974550214709e-11,179
RPS,tabular,206,noG,60,-0.01238435852605715,-0.3518632386249792,0.6475875280631969,0.26851221536306014,0.2625390984601611,8.523737271559639e-13,232,8.813974550214709e-11,179
RPS,tabular,206,noG,65,-0.01238435852605715,-0.3518632386249792,0.6475875280631969,0.26851221536306014,0.2625390984601611,8.523737271559639e-13,232,8.813974550214709e-11,179
RPS,tabular,206,noG,70,-0.01238435852605715,-0.3518632386249792,0.6475875280631969,0.26851221536306014,0.2625390984601611,8.523737271559639e-13,232,8.813974550214709e-11,179
RPS,tabular,206,noG,75,-0.01238435852605715,-0.3518632386249792,0.6475875280631969,0.26851221536306014,0.2625390984601611,8.523737271559639e-13,232,8.813974550214709e-11,179
RPS,tabular,206,noG,80,-0.01238435852605715,-0.3518632386249792,0.6475875280631969,0.26851221536306014,0.2625390984601611,8.523737271559639e-13,232,8.813974550214709e-11,179
RPS,tabular,206,noG,85,-0.01238435852605715,-0.3518632386249792,0.6475875280631969,0.26851221536306014,0.2625390984601611,8.523737271559639e-13,232,8.813974550214709e-11,179
RPS,tabular,206,noG,90,-0.01238435852605715,-0.3518632386249792,0.6475875280631969,0.26851221536306014,0.2625390984601611,8.523737271559639e-13,232,8.813974550214709e-11,179
RPS,tabular,206,noG,95,-0.01238435852605715,-0.3518632386249792,0.6475875280631969,0.26851221536306014,0.2625390984601611,8.523737271559639e-13,232,8.813974550214709e-11,179
RPS,tabular,206,noG,100,-0.01238435852605715,-0.3518632386249792,0.6475875280631969,0.26851221536306014,0.2625390984601611,8.523737271559639e-13,232,8.813974550214709e-11,179
RPS,tabular,206,GDA,0,-0.01238435852605715,-0.3518632386249792,0.6475875280631969,0.26851221536306014,0.2625390984601611,8.523737271559639e-13,232,8.813974550214709e-11,179
RPS,tabular,206,GDA,5,-0.009098805220922846,-0.32685932861117295,0.7242751199494929,0.2786155051382704,0.25922819494010507,8.664735595687034e-13,233,8.395195649768539e-11,182
RPS,tabular,206,GDA,10,-0.003844854176433761,-0.2738683831727514,0.7459638347965944,0.2848645460614415,0.2567342374488442,8.337219803422613e-13,235,8.22984180803843e-11,184
RPS,tabular,206,GDA,15,0.002077342376405381,-0.19381895249123546,0.708264005538687,0.29039640574177455,0.25506490908178897,8.176792576364278e-13,236,8.178666077718333e-11,185
RPS,tabular,206,GDA,20,0.007463289245349862,-0.21424092976904557,0.733738465589092,0.3044666440459741,0.25419408087474776,8.256728634137289e-13,236,8.104125703845e-11,185
RPS,tabular,206,GDA,25,0.011092273824850672,-0.3523009895050329,0.8360397902472777,0.32634076676222856,0.25406259008440024,8.542611062978267e-13,235,8.663192385682805e-11,183
RPS,tabular,206,GDA,30,0.011794174210240236,-0.46616997551355993,0.8727201039131384,0.3399411965618089,0.2545902859397225,8.232303727595536e-13,235,8.152162278562969e-11,183
RPS,tabular,206,GDA,35,0.008886711245534359,-0.5462403305212352,0.8377388995962812,0.3351811528241511,0.2556471513408623,8.681944052568724e-13,236,8.710959731317303e-11,185
RPS,tabular,206,GDA,40,0.0027732735819320058,-0.5838881934547331,0.7308827655863791,0.3238343359741961,0.25698478350512416,8.353318037279678e-13,237,8.820294494782388e-11,186
RPS,tabular,206,GDA,45,-0.004779270929808223,-0.5730620249150367,0.7844387160174502,0.32381191647653434,0.2582300175426597,8.197886813832156e-13,237,8.56849036168228e-11,186
RPS,tabular,206,GDA,50,-0.011066518325190601,-0.5119087842691001,0.8444137616155228,0.3292037243356354,0.2590098103030067,8.135714324453147e-13,236,8.738523793461184e-11,184
RPS,tabular,206,GDA,55,-0.013532435481737184,-0.4039258328018836,0.8340339686110625,0.32034350858302196,0.25910554758422844,8.43991543320044e-13,234,8.735867584874768e-11,181
RPS,tabular,206,GDA,60,-0.010999695764545169,-0.25824430247445207,0.7513964350688926,0.2953775074905779,0.2584828956391171,8.70914451667204e-13,235,8.370965032256095e-11,184
RPS,tabular,206,GDA,65,-0.004348965463141513,-0.11887549085382386,0.6318911124639293,0.2725836560534253,0.2572010954693601,8.15347789284715e-13,236,8.260106487689711e-11,185
RPS,tabular,206,GDA,70,0.0037877551479403434,-0.20197403732996863,0.6874407364958781,0.26275327205292726,0.2553230010109729,8.573142196155459e-13,235,8.602815682046128e-11,184
RPS,tabular,206,GDA,75,0.010203199258136005,-0.27200980836053756,0.6839456216779887,0.2550543672233826,0.2528782058172686,8.981149157705204e-13,233,8.486752967051814e-11,182
RPS,tabular,206,GDA,80,0.01254935177314791,-0.32008692051901916,0.6198028644358389,0.2390926342481262,0.24985911169800806,8.615885782603527e-13,231,8.680067775657108e-11,178
RPS,tabular,206,GDA,85,0.0102891142066306,-0.33881365932608903,0.503479307020598,0.21915338008695584,0.24626587075890535,8.207878821053782e-13,232,8.683032071132857e-11,180
RPS,tabular,206,GDA,90,0.0047257231402572835,-0.32416835568219876,0.516658756834782,0.20477202117227422,0.24220518116748013,8.725242750529105e-13,231,8.523812211613802e-11,181
RPS,tabular,206,GDA,95,-0.0017975418327821067,-0.27671777827891303,0.48348627955099355,0.1992289538693788,0.23794592614126606,8.276157537068229e-13,230,8.361838998993676e-11,181
RPS,tabular,206,GDA,100,-0.007007633099813204,-0.29978698492110584,0.5032553325168,0.2005279539489675,0.2338403975842185,8.965606035360452e-13,230,8.445230625930833e-11,180
RPS,tabular,206,Adam-GDA,0,-0.01238435852605715,-0.3518632386249792,0.6475875280631969,0.26851221536306014,0.2625390984601611,8.523737271559639e-13,232,8.813974550214709e-11,179
RPS,tabular,206,Adam-GDA,5,0.019278988737887196,-0.5681751940393992,1.6183880347475594,1.0291179724608077,0.5237752135955813,8.870681966755001e-13,242,8.678091578673275e-11,195
RPS,tabular,206,Adam-GDA,10,0.061394008691126614,-1.5073118336824811,2.4287761893898825,1.8167191801626883,0.829041856469258,8.353318037279678e-13,246,8.347678104314582e-11,200
RPS,tabular,206,Adam-GDA,15,-0.024499930030025062,-2.143168402476548,3.3654841139364065,2.728249898373571,1.177139664081616,8.659739592076221e-13,249,8.451017663446692e-11,204
RPS,tabular,206,Adam-GDA,20,-0.2157529590195737,-2.1266315510975895,4.273235270445667,3.642134778743122,1.5026681377780282,8.673062268371723e-13,249,8.459188904907933e-11,204
RPS,tabular,206,Adam-GDA,25,-0.2728559944912686,-1.3168867502850863,4.222402582898404,3.765547518218126,1.743989669427538,8.553158181712206e-13,252,8.76307915120833e-11,207
RPS,tabular,206,Adam-GDA,30,-0.04048975216035811,-2.071618292137742,5.363256214185574,4.750738698596334,2.0377648421304597,8.72635297355373e-13,253,8.184120048326804e-11,209
RPS,tabular,206,Adam-GDA,35,0.3569182814942696,-2.9473775562367606,6.086029668568335,5.485031439181958,2.2503409924349493,8.317790900491673e-13,253,8.646594551464659e-11,208
RPS,tabular,206,Adam-GDA,40,0.5698070195573506,-3.7610338801381435,6.060680422106438,5.4949433958413785,2.4111956230510883,8.970602038971265e-13,254,8.524647654439832e-11,210
RPS,tabular,206,Adam-GDA,45,0.31207235095763597,-4.3483701495126095,6.77918540881446,6.2015986770718,2.7145091422621177,8.402167850363185e-13,256,8.108624882652293e-11,212
RPS,tabular,206,Adam-GDA,50,-0.34346581261793424,-4.505844395618402,7.943999562316287,7.37878871622353,2.972296250557977,8.704148513061227e-13,256,8.444800414508791e-11,212
RPS,tabular,206,Adam-GDA,55,-0.9922071273619728,-4.073307009776513,8.569150228586619,8.018995119013855,3.044129390460374,8.686384944667225e-13,256,8.396305872793164e-11,212
RPS,tabular,206,Adam-GDA,60,-1.1439811343764377,-2.961323268670568,8.424286248845247,7.892807810962882,3.2518312156093963,8.553158181712206e-13,258,8.402611939573035e-11,214
RPS,tabular,206,Adam-GDA,65,-0.5365863876910852,-2.618309298516073,8.819723178868031,8.302231526734221,3.740528640235931,8.739675649849232e-13,259,8.673417539739603e-11,215
RPS,tabular,206,Adam-GDA,70,0.684886393495172,-3.762393699686002,10.386105575192307,9.885897213840181,4.062999884547651,8.402167850363185e-13,260,8.383072014339632e-11,216
RPS,tabular,206,Adam-GDA,75,2.0661310110866675,-4.985051386553747,11.672087632456755,11.197418520852466,3.914649149482851,8.482103908136196e-13,260,8.474732027252685e-11,216
RPS,tabular,206,Adam-GDA,80,3.101106790971688,-6.111596827362407,12.456572116527232,12.00672821015208,3.5481686623352253,8.93507490218326e-13,259,8.908518367434226e-11,215
RPS,tabular,206,Adam-GDA,85,3.4336224165984266,-7.015454653703407,12.527065684181268,12.092372377884448,3.5174918046657764,8.890665981198254e-13,260,8.907630189014526e-11,216
RPS,tabular,206,Adam-GDA,90,2.902922137978419,-7.6630421875652805,11.746237242873404,11.314142418329984,4.057526919761629,8.748557434046234e-13,261,8.815614904733593e-11,217
RPS,tabular,206,Adam-GDA,95,1.5406435032526948,-8.085688004482098,10.214732769002838,9.948378537739165,4.774299096908287,8.29558643999917e-13,262,8.406253471093805e-11,218
RPS,tabular,206,Adam-GDA,100,-0.38844173958218053,-8.332305803606658,11.639829481299822,11.212425379091442,5.082448302945799,8.562039965909207e-13,262,8.683365138040244e-11,218
RPS,tabular,206,EGM,0,-0.01238435852605715,-0.3518632386249792,0.6475875280631969,0.26851221536306014,0.2625390984601611,8.523737271559639e-13,232,8.813974550214709e-11,179
RPS,tabular,206,EGM,5,-0.008903471167643057,-0.32156854330771834,0.7134920402572594,0.2712829252444291,0.25523990262121166,8.544831509027517e-13,233,8.191133882284873e-11,182
RPS,tabular,206,EGM,10,-0.003732053057146192,-0.264098359673154,0.7231736091406119,0.2698075353641562,0.24896660328497425,8.107403637325206e-13,235,8.714234889239947e-11,183
RPS,tabular,206,EGM,15,0.00186552487631249,-0.18222493367416098,0.6748769361752827,0.2675492562834581,0.24360885178692102,8.700262732475039e-13,235,8.431963460786562e-11,184
RPS,tabular,206,EGM,20,0.006721302346271026,-0.2011279865061769,0.690192838421072,0.272413323613507,0.2390322317506784,8.636980020071405e-13,235,8.992159794551924e-11,183
RPS,tabular,206,EGM,25,0.009707921602315294,-0.32692882636380194,0.7737670088821509,0.28242393858876225,0.23510046445601207,8.767986336977174e-13,234,8.321004996147963e-11,182
RPS,tabular,206,EGM,30,0.009920965933837402,-0.4261700998079564,0.7939407287292927,0.28455418340410943,0.23168872783266573,8.362199821476679e-13,234,8.522837990909693e-11,181
RPS,tabular,206,EGM,35,0.007097367109705663,-0.4909192496881528,0.7485616725637456,0.27291685429766444,0.22864755089769984,8.669731599297847e-13,235,8.86803408484127e-11,183
RPS,tabular,206,EGM,40,0.001972788382894305,-0.5151146875534254,0.6412768047733209,0.25744747603117535,0.22574670693837626,8.186784583585904e-13,236,8.709838406062431e-11,184
RPS,tabular,206,EGM,45,-0.003769746156326426,-0.49585174057089537,0.6795785731981472,0.24912806495925827,0.22269048824782042,8.756884106730922e-13,235,8.162318043680727e-11,184
RPS,tabular,206,EGM,50,-0.008073715111732509,-0.4343708015989994,0.7189762822533229,0.24306318873078125,0.21922743795515715,8.523182160047327e-13,234,8.869519008136706e-11,181
RPS,tabular,206,EGM,55,-0.009371485371979913,-0.3364137936128509,0.6976485483744654,0.22847070369868785,0.21525298683651328,8.750777880095484e-13,232,8.6031209933779e-11,178
RPS,tabular,206,EGM,60,-0.007286138027116938,-0.211793183652411,0.6177365116564821,0.206227312043157,0.21080750180236338,8.850697952311748e-13,233,8.957418140553841e-11,180
RPS,tabular,206,EGM,65,-0.0027890825591741926,-0.09599656124378449,0.5099863282134837,0.1865693668060822,0.2059943453182497,8.12350187118227e-13,234,8.619899238837547e-11,181
RPS,tabular,206,EGM,70,0.0022690705690805884,-0.16102222459252735,0.5456465568104505,0.17390421449366017,0.20090543156852608,8.385514504993807e-13,233,8.739736712115587e-11,180
RPS,tabular,206,EGM,75,0.005995917965162049,-0.2124902506330532,0.5339218406714087,0.16296743052423132,0.19559475773357757,8.651968030903845e-13,231,8.413664209783178e-11,178
RPS,tabular,206,EGM,80,0.007230480063862012,-0.24467633115019546,0.47654289773737324,0.14936288501555645,0.1900910260020461,8.130718320842334e-13,229,8.461087386280042e-11,174
RPS,tabular,206,EGM,85,0.005898320928663886,-0.253754944152189,0.3798597800991049,0.1349162349640599,0.18443669894358566,8.432143872028064e-13,229,8.969480713716393e-11,175
RPS,tabular,206,EGM,90,0.002852030377330451,-0.23869793024348634,0.38082444500673285,0.123500542642518,0.17873089991880312,8.813227925230649e-13,228,8.79074590898199e-11,176
RPS,tabular,206,EGM,95,-0.0006318711866499551,-0.2015918566634953,0.3507116821796563,0.11660464527375375,0.17313494312652983,8.270328866188947e-13,227,8.549805308177838e-11,176
RPS,tabular,206,EGM,100,-0.003400631977121105,-0.21637972329628646,0.3594836214135193,0.11335275336440338,0.16782441252638353,8.877065749146595e-13,227,8.426184749943388e-11,175
RPS,tabular,206,PPM-3,0,-0.01238435852605715,-0.3518632386249792,0.6475875280631969,0.26851221536306014,0.2625390984601611,8.523737271559639e-13,232,8.813974550214709e-11,179
RPS,tabular,206,PPM-3,5,-0.008917847217684235,-0.3216253636833756,0.7133161681456831,0.2712682160709721,0.2552727904008578,8.539835505416704e-13,233,8.187264755044055e-11,182
RPS,tabular,206,PPM-3,10,-0.0037601166162221315,-0.26441261493942625,0.7231603169471503,0.269790592717773,0.24901996487284386,8.101297410689767e-13,235,8.708470056184581e-11,183
RPS,tabular,206,PPM-3,15,0.0018287761741419978,-0.18298663552859787,0.6754060838609096,0.26750332458203396,0.24367173635714576,8.695821840376539e-13,235,8.428943654159582e-11,184
RPS,tabular,206,PPM-3,20,0.006683736745411849,-0.19963330786943181,0.6888049775888038,0.2722707219770373,0.23909669666853334,8.638645354608343e-13,235,8.998982115038245e-11,183
RPS,tabular,206,PPM-3,25,0.009685024096365779,-0.32534060962659656,0.7728932088944368,0.28226371509184534,0.2351621187832044,8.781864124784988e-13,234,8.347891822246822e-11,182
RPS,tabular,206,PPM-3,30,0.009936196332239312,-0.4247260647133965,0.7940501672883339,0.28460175811942434,0.23174623404843298,8.333889134348738e-13,234,8.47385217550567e-11,181
RPS,tabular,206,PPM-3,35,0.0071704992148289085,-0.4899337248378986,0.7500896022906403,0.2732198496847891,0.22870262827375643,8.651968030903845e-13,235,8.836445464233122e-11,183
RPS,tabular,206,PPM-3,40,0.0021009267782567784,-0.5149454100142232,0.6445284140100843,0.2577421109956064,0.22580512142059425,8.184564137536654e-13,236,8.704026388528519e-11,184
RPS,tabular,206,PPM-3,45,-0.0036236392456935867,-0.49683413728280235,0.6777615715440437,0.24927344998511622,0.22276188388504936,8.774092563612612e-13,235,8.189934841418278e-11,184
RPS,tabular,206,PPM-3,50,-0.007971703173754025,-0.4367352628384705,0.7187643768386589,0.24335648682369082,0.21932242341025784,8.569811527081583e-13,234,8.954448293962969e-11,181
RPS,tabular,206,PPM-3,55,-0.0093713345222095,-0.3402095618947685,0.6994760824831977,0.22917668895012544,0.21537949144268792,8.703038290036602e-13,232,8.501314929798554e-11,178
RPS,tabular,206,PPM-3,60,-0.0074075251262015335,-0.21684235442033042,0.6218454567617709,0.20714145952593657,0.21096938686723202,8.830158826356183e-13,233,8.906078652337612e-11,180
RPS,tabular,206,PPM-3,65,-0.0029965717404772437,-0.0934074503862549,0.5078544879481803,0.1873011974120056,0.2061925106527804,8.132383655379272e-13,234,8.622705327532287e-11,181
RPS,tabular,206,PPM-3,70,0.0020540365518606067,-0.1586738565401075,0.5453805209031863,0.17444892435341505,0.20113976348990018,8.431033649003439e-13,233,8.802766848781118e-11,180
RPS,tabular,206,PPM-3,75,0.0058593240832117205,-0.21071052517464747,0.5358641621355993,0.1636084629625018,0.1958655794935468,8.751888103120109e-13,231,8.54625814561416e-11,178
RPS,tabular,206,PPM-3,80,0.00722591171774631,-0.24381359492934063,0.4808143282033869,0.1501866422988632,0.19039886550870735,8.102130077958236e-13,229,8.684006291836965e-11,174
RPS,tabular,206,PPM-3,85,0.0060243469889323855,-0.25409874198200955,0.38630154017156004,0.13573683407132342,0.184779737314061,8.443801213786628e-13,229,8.893159819667318e-11,175
RPS,tabular,206,PPM-3,90,0.0030570221633309945,-0.2404000204102103,0.3819511312830106,0.12412310695499962,0.17910202150484492,8.876233081878127e-13,228,8.777423232686488e-11,176
RPS,tabular,206,PPM-3,95,-0.0004232667112004635,-0.20461280593450976,0.3538880750199785,0.11698547450206462,0.1735218429493685,8.394118733434652e-13,227,8.590057831714404e-11,176
RPS,tabular,206,PPM-3,100,-0.003255636070579256,-0.21535079127691797,0.3594853113451699,0.11355151183715165,0.16821345200488816,8.834877274210839e-13,227,8.51816117641846e-11,175
RPS,tabular,207,QP+G,0,-0.010760811977194343,-0.6565472335532003,0.8647456872766643,0.40223888067962144,0.32011789084181014,8.453238109495942e-13,238,8.114636740330639e-11,189
RPS,tabular,207,QP+G,5,-0.005165175815744356,-0.2927416037573401,0.46720745965094557,0.12402471268681386,0.16520470029664566,8.755218772193984e-13,230,8.920249261468172e-11,175
RPS,tabular,207,QP+G,10,-0.0016933667844656023,-0.11984223616780693,0.2349016786764715,0.036159509142667495,0.08781835149631978,8.32625635105444e-13,222,8.151567615355404e-11,161
RPS,tabular,207,QP+G,15,-0.0004418534648532739,-0.04177978111661797,0.1094467437063799,0.01076783211209319,0.04749930479033779,8.846257060213247e-13,216,8.105104955247189e-11,152
RPS,tabular,207,QP+G,20,-8.445824575739983e-05,-0.01607666246910507,0.05298751274170502,0.003263068327452254,0.025933209698583783,8.171935350631543e-13,211,8.678376333531856e-11,142
RPS,tabular,207,QP+G,25,-4.931044742927528e-06,-0.0099805521017913,0.028809002461315465,0.0009945408261118063,0.014225475684817284,8.715389521185557e-13,204,8.260239822872883e-11,132
RPS,tabular,207,QP+G,30,5.107919376473455e-06,-0.0056740175079089605,0.014739599817017519,0.0003030798551225533,0.007820273039510602,8.773450715926501e-13,197,8.622503378614629e-11,120
RPS,tabular,207,QP+G,35,3.144195605294497e-06,-0.002996442701304151,0.008297714176588014,9.219086816371344e-05,0.0043029383008532625,8.688440591986257e-13,192,8.826774645128831e-11,107
RPS,tabular,207,QP+G,40,1.1923981703655328e-06,-0.0023385811489956073,0.005229115437486952,2.799311906873104e-05,0.002368277158722079,8.914249546854158e-13,186,8.716546817558006e-11,93
RPS,tabular,207,QP+G,45,3.407590158316189e-07,-0.0018240330478963315,0.00329241641957211,8.489595282948356e-06,0.0013035108411690224,8.573723328519911e-13,182,8.777709226161348e-11,83
RPS,tabular,207,QP+G,50,7.006074090430834e-08,-0.0012334034501498203,0.0019195948779265925,2.5728216065251646e-06,0.000717423016157887,8.836327936717625e-13,178,8.684117425185447e-11,74
RPS,tabular,207,QP+G,55,5.5946279287551865e-09,-0.0007599355597207866,0.0010450705950986667,7.793988888310502e-07,0.00039482898248510045,8.297999874035122e-13,174,8.35403546339692e-11,64
RPS,tabular,207,QP+G,60,-3.4874014225665093e-09,-0.00043492599268270103,0.0005304212817770479,2.3605667441584144e-07,0.00021728056663188132,8.936283787605581e-13,168,8.768008985526453e-11,52
RPS,tabular,207,QP+G,65,-2.3485438748202605e-09,-0.00023253750645286505,0.00034623996541538953,7.148603257955967e-08,0.00011956878046667972,8.990411225814204e-13,162,8.113884897298045e-11,40
RPS,tabular,207,QP+G,70,-9.156201413094259e-10,-0.00011565713878427245,0.00021216204506915973,2.1646993711432756e-08,6.579690398066039e-05,8.414027937928004e-13,156,8.943424001373165e-11,25
RPS,tabular,207,QP+G,75,-2.661958711908595e-10,-5.2610713374974875e-05,0.00012084111867834241,6.5547935135246166e-09,3.620660226587493e-05,8.406146059184577e-13,151,8.594738254430459e-11,15
RPS,tabular,207,QP+G,80,-5.602479386335742e-11,-2.0939142138981927e-05,6.429583202593233e-05,1.984785460984462e-09,1.9923570491049883e-05,8.141512366621056e-13,147,8.577628607397975e-11,6
RPS,tabular,207,QP+G,85,-1.578510295588118e-11,-1.094785013613776e-05,3.522863983761365e-05,6.071711883270926e-10,1.1019655515516878e-05,8.579397534470932e-13,141,4.5393035996710295e-11,1
RPS,tabular,207,QP+G,90,-4.765012455434443e-12,-5.999648965439075e-06,1.9475469049485696e-05,1.8623928788041868e-10,6.103080209788381e-06,8.959716479752921e-13,135,1.3973495693875293e-11,1
RPS,tabular,207,QP+G,95,-1.6146441951105262e-12,-3.5521837465183373e-06,1.0929848354301359e-05,5.7401028374925993e-11,3.3882373131687054e-06,8.30702704296719e-13,130,4.205329418027759e-12,1
RPS,tabular,207,QP+G,100,-6.877892760244398e-13,-2.3729737717546668e-06,6.863760485850022e-06,2.2127022436535487e-11,2.103664605571526e-06,8.563216757253157e-13,125,1.5671131059491473e-12,1
RPS,tabular,207,noG,0,-0.010760811977194343,-0.6565472335532003,0.8647456872766643,0.40223888067962144,0.32011789084181014,8.453238109495942e-13,238,8.114636740330639e-11,189
RPS,tabular,207,noG,5,-0.019329189894390333,-0.5799069151560334,0.8815656074256835,0.3968468690951654,0.31823474341515173,8.29558643999917e-13,237,8.2571394166564e-11,187
RPS,tabular,207,noG,10,-0.022859009109126933,-0.43887047533052054,0.8327212027075155,0.367097414416537,0.3151466060578682,8.611444890505027e-13,234,8.113754113026062e-11,183
RPS,tabular,207,noG,15,-0.018044652461173767,-0.25902028288509693,0.7092839907835143,0.3191277011101028,0.3105750096001421,8.835154829966996e-13,234,8.791184447076716e-11,184
RPS,tabular,207,noG,20,-0.007260486527175841,-0.128915399216462,0.5911412785305301,0.28199527005595015,0.3047499799477553,8.162914788556463e-13,235,8.708445076166527e-11,185
RPS,tabular,207,noG,25,0.005007244050390723,-0.1644153537900421,0.5921037516579485,0.27076265549842027,0.29833625245440243,8.392175843141558e-13,234,8.375203308652601e-11,185
RPS,tabular,207,noG,30,0.010886732624048994,-0.1788333973798785,0.5671991051792575,0.27143191245955794,0.29416491008298656,8.467115897303756e-13,233,8.623163294529945e-11,184
RPS,tabular,207,noG,35,0.013428444801758223,-0.18430912340385344,0.5463945439789419,0.2725267651779225,0.2917830014993562,8.771317006051049e-13,232,8.151565533687233e-11,184
RPS,tabular,207,noG,40,0.014920933186093301,-0.18713497548159905,0.5287995230627577,0.2734292085614384,0.2900935328273676,8.276712648580542e-13,232,8.651207528131977e-11,183
RPS,tabular,207,noG,45,0.015953453103501086,-0.18879104932044136,0.5125661348240472,0.2742047570314223,0.2887108970255627,8.714695631795166e-13,231,8.298414733154402e-11,183
RPS,tabular,207,noG,50,0.016739211372241707,-0.18975976393991784,0.49634923382450125,0.2749180075609303,0.2874580144584906,8.252287742038789e-13,231,8.847761412411614e-11,182
RPS,tabular,207,noG,55,0.017366795742163665,-0.20261438336513446,0.49993389042533287,0.2756152996227409,0.28622823333767794,8.891776204222879e-13,230,8.465766976328837e-11,182
RPS,tabular,207,noG,60,0.01786503552625378,-0.2252728964503438,0.5224770867718849,0.2763329750240072,0.28493666636451326,8.888445535149003e-13,230,8.94130880446653e-11,181
RPS,tabular,207,noG,65,0.018213889833037046,-0.250512147842076,0.5469076477389634,0.2771018162175499,0.2834956319559395,8.864575740119562e-13,230,8.3986068100117e-11,181
RPS,tabular,207,noG,70,0.018320814193815996,-0.2803134786852673,0.5747060233981589,0.2779434813921774,0.2817954413951911,8.804623696789804e-13,230,8.583467270284473e-11,180
RPS,tabular,207,noG,75,0.017940756152983663,-0.3174483325719571,0.6074599915771148,0.27884462606711097,0.2796854835425409,8.544831509027517e-13,231,8.584657984478383e-11,180
RPS,tabular,207,noG,80,0.016473357000110354,-0.36554033184965756,0.6458758947824687,0.2796549877531629,0.27697513360039566,8.855138844410249e-13,232,8.999620493277405e-11,181
RPS,tabular,207,noG,85,0.012721355192373782,-0.42543913440389586,0.6841709121794488,0.27983842632976075,0.27359755557400445,8.347766922156552e-13,234,8.64325833127566e-11,183
RPS,tabular,207,noG,90,0.006652566369744555,-0.4788458033839574,0.7003536400016048,0.27915565306444173,0.2701952431820906,8.456568778569817e-13,235,8.896797187851746e-11,184
RPS,tabular,207,noG,95,0.00233202980771567,-0.5021155453533415,0.692934564367962,0.27917514234295093,0.2679951907486533,8.867351297681125e-13,235,8.42634850783952e-11,185
RPS,tabular,207,noG,100,0.000703438022729118,-0.5084291478944376,0.6863815379955968,0.2795134347422297,0.2671066287713987,8.979483823168266e-13,235,8.52835579934208e-11,185
RPS,tabular,207,GDA,0,-0.010760811977194343,-0.6565472335532003,0.8647456872766643,0.40223888067962144,0.32011789084181014,8.453238109495942e-13,238,8.114636740330639e-11,189
RPS,tabular,207,GDA,5,-0.020622918830535655,-0.5589649435593347,0.8794766003285333,0.3944052633482367,0.3181433093390776,8.884004643050503e-13,236,8.659534200816665e-11,186
RPS,tabular,207,GDA,10,-0.02263300861482196,-0.4095492351350004,0.8168353204785415,0.35979042312041465,0.3147877930597606,8.928968675547821e-13,233,8.816389285293269e-11,182
RPS,tabular,207,GDA,15,-0.0164821463275865,-0.22454229327109546,0.680860794912459,0.3114127759788097,0.3099544909490589,8.953948693601887e-13,234,8.154496522472243e-11,185
RPS,tabular,207,GDA,20,-0.005039568740932855,-0.13605566303735306,0.595957005742408,0.27860241920036977,0.30395253230595964,8.121836536645333e-13,235,8.741118939781245e-11,185
RPS,tabular,207,GDA,25,0.007150708558804286,-0.17004617240326025,0.5867713747154515,0.2713456484772035,0.29746157069801443,8.176792576364278e-13,234,8.218090097322772e-11,185
RPS,tabular,207,GDA,30,0.015887883356998735,-0.189900189039029,0.5221867673671505,0.277044213817762,0.2912059213802396,8.943956686380261e-13,231,8.498235448684e-11,183
RPS,tabular,207,GDA,35,0.018824171875449165,-0.28498160733814587,0.58243335021764,0.28396059915033,0.28559921953807293,8.896217096321379e-13,230,8.722969568886185e-11,180
RPS,tabular,207,GDA,40,0.015889778246997863,-0.3936700354596032,0.6719774901592729,0.2877568545854483,0.2806964167432418,8.583134203377085e-13,233,8.887585112304919e-11,182
RPS,tabular,207,GDA,45,0.008735515735970149,-0.4739657286882663,0.7119061335003499,0.2881324571311147,0.2764359963056868,8.369971382649055e-13,235,8.883349611465974e-11,184
RPS,tabular,207,GDA,50,-0.0002338867542862539,-0.5221029776048304,0.6979114402218117,0.29062790414015666,0.27286692796728473,8.298917109073045e-13,236,8.877865109724326e-11,185
RPS,tabular,207,GDA,55,-0.008646578927993386,-0.5344450426678128,0.6947407827062481,0.30660779329538523,0.27017831357429023,8.494316361407073e-13,236,8.908829229881121e-11,185
RPS,tabular,207,GDA,60,-0.014537307941669308,-0.5079532949291523,0.8313356864409314,0.3383846931931777,0.26859959320217003,8.970602038971265e-13,235,8.827541475575629e-11,184
RPS,tabular,207,GDA,65,-0.016478152393359997,-0.441296844802525,0.9041694921036167,0.3680943566084056,0.26828615971512815,8.174017018802715e-13,235,8.142997387494688e-11,183
RPS,tabular,207,GDA,70,-0.013771498496149824,-0.3362096321535925,0.9051094971618145,0.37647111727810306,0.26921305497975045,8.137934770502397e-13,237,8.461686906713339e-11,186
RPS,tabular,207,GDA,75,-0.006805182013244163,-0.19860728842292338,0.8309781959821664,0.36646662471478003,0.2710808798554442,8.140155216551648e-13,238,8.200951029380121e-11,188
RPS,tabular,207,GDA,80,0.002668369934864092,-0.12247370721250184,0.7685579895493294,0.36220131246782705,0.27332145700565114,8.317790900491673e-13,238,8.500045112214138e-11,188
RPS,tabular,207,GDA,85,0.011725702553742433,-0.27686296920557274,0.8830609974885294,0.37463859855328213,0.2752929097271321,8.671952045347098e-13,237,8.473449719659243e-11,187
RPS,tabular,207,GDA,90,0.017141631278644025,-0.41319715150092556,0.9267916003747998,0.382188323411102,0.27657031670628196,8.162359677044151e-13,236,8.692474517957294e-11,184
RPS,tabular,207,GDA,95,0.01669253634832741,-0.5182506287766635,0.8929424325596356,0.36514614139298635,0.27708286564494095,8.237854842718662e-13,236,8.111303295699201e-11,185
RPS,tabular,207,GDA,100,0.010266516414503964,-0.5801721298768825,0.7815493823132668,0.33366297733328726,0.2769751088919442,8.298917109073045e-13,237,8.969236464650976e-11,186
RPS,tabular,207,Adam-GDA,0,-0.010760811977194343,-0.6565472335532003,0.8647456872766643,0.40223888067962144,0.32011789084181014,8.453238109495942e-13,238,8.114636740330639e-11,189
RPS,tabular,207,Adam-GDA,5,0.009729900803474491,-0.4425462820513538,1.0437384877687204,0.5890247564644051,0.46453426452986557,8.599787548746463e-13,237,8.319656075173043e-11,190
RPS,tabular,207,Adam-GDA,10,0.0629958809361804,-0.7891476166004852,2.05551221723056,1.4910318126480475,0.7299402480713187,8.664180484174722e-13,244,8.210709889766576e-11,198
RPS,tabular,207,Adam-GDA,15,0.0782507904068875,-1.7047082393972144,3.2819865437562212,2.638266817617552,1.0195388961057035,8.502087922579449e-13,247,8.786349425804474e-11,201
RPS,tabular,207,Adam-GDA,20,0.10393685513183928,-2.6307541738664035,3.8490415030993486,3.2446113996242083,1.3352046861261886,8.610889778992714e-13,251,8.68740634984988e-11,206
RPS,tabular,207,Adam-GDA,25,-0.07775455059116367,-3.376303255463003,4.89353584646152,4.272561806491444,1.73624056670073,8.952838470577262e-13,253,8.401634943311365e-11,209
RPS,tabular,207,Adam-GDA,30,-0.4877259582659182,-3.6372054163823866,6.220497311631929,5.612004887255514,2.1183672240543903,8.677503160470224e-13,254,8.22328871663558e-11,210
RPS,tabular,207,Adam-GDA,35,-0.8363432771547915,-3.140806917473644,6.824843294823998,6.2298329115626165,2.3259379010760606,8.788525462932739e-13,254,8.33053626081437e-11,210
RPS,tabular,207,Adam-GDA,40,-0.7531804759997501,-1.950958356528303,6.630001575385181,6.067178628653011,2.639921236010167,8.135714324453147e-13,257,8.776890325634668e-11,212
RPS,tabular,207,Adam-GDA,45,-0.13311825383149,-1.9784966448412826,7.3584417571312715,6.793528425867785,3.066823900243567,8.419931418757187e-13,258,8.276490603975617e-11,214
RPS,tabular,207,Adam-GDA,50,0.8104564032746739,-2.965998321571436,8.593188187811151,8.044584685855437,3.266631163119368,8.810729923425242e-13,258,8.695533182390136e-11,214
RPS,tabular,207,Adam-GDA,55,1.6775860919690366,-4.057017907456095,9.388384075305646,8.856241012203045,3.188662527975371,8.339995360984176e-13,258,8.214140478912668e-11,214
RPS,tabular,207,Adam-GDA,60,2.0645713429128403,-5.132917246186585,9.574468337469622,9.055272928422516,3.1925705484250257,8.93507490218326e-13,257,8.736122936170432e-11,213
RPS,tabular,207,Adam-GDA,65,1.7130752279963932,-6.030100308686216,8.974691583546988,8.468816665850223,3.596121512810537,8.490985692333197e-13,259,8.424194675171748e-11,215
RPS,tabular,207,Adam-GDA,70,0.6398392555907729,-6.624325033704666,9.215199072970744,8.715477039601355,4.107719794127303,8.402167850363185e-13,260,8.390799166591023e-11,216
RPS,tabular,207,Adam-GDA,75,-0.8331538160423865,-6.858284669593629,10.56628835162163,10.079679062951698,4.234650791805429,8.695266728864226e-13,260,8.713652022152019e-11,216
RPS,tabular,207,Adam-GDA,80,-2.2168172024449033,-6.702275429369059,11.592148119735345,11.125375624198817,3.906694539874557,8.499867476530198e-13,260,8.50883807856917e-11,216
RPS,tabular,207,Adam-GDA,85,-3.0704884683234446,-6.106624103255879,12.081486789481588,11.6335537530876,3.552941626384488,8.606448886894214e-13,259,8.568790121898928e-11,215
RPS,tabular,207,Adam-GDA,90,-3.1226974265648377,-4.977451394611704,11.822110009527183,11.384715289032162,3.7196340225670035,8.677503160470224e-13,260,8.679457152993564e-11,216
RPS,tabular,207,Adam-GDA,95,-2.2754441017969516,-3.2174211154923804,10.67943464549028,10.252736705967095,4.413341398018322,8.517631044924201e-13,261,8.572254017735759e-11,217
RPS,tabular,207,Adam-GDA,100,-0.6381340327218764,-3.2966770189541568,11.144236528613455,10.712527621849148,5.041436205557794,8.952838470577262e-13,261,8.145040197859998e-11,218
RPS,tabular,207,EGM,0,-0.010760811977194343,-0.6565472335532003,0.8647456872766643,0.40223888067962144,0.32011789084181014,8.453238109495942e-13,238,8.114636740330639e-11,189
RPS,tabular,207,EGM,5,-0.019825482459701352,-0.5485274435755725,0.8635556775595714,0.38215013731431313,0.3121677511142323,8.717471189356729e-13,236,8.395256712034893e-11,186
RPS,tabular,207,EGM,10,-0.020988608434194225,-0.394876397639154,0.787194468643586,0.338245085755023,0.3031509501231937,8.609224444455776e-13,233,8.281400565302022e-11,182
RPS,tabular,207,EGM,15,-0.014859841176390543,-0.21376968960683904,0.6440760526929437,0.2855495634460522,0.29313689237232565,8.443801213786628e-13,234,8.286177299865471e-11,184
RPS,tabular,207,EGM,20,-0.004638664568618853,-0.12933163478569096,0.5539823111889972,0.24942172322860398,0.28253474590384964,8.332778911324112e-13,234,8.670988926873235e-11,184
RPS,tabular,207,EGM,25,0.0055889353059874755,-0.1569174359933867,0.5342231562623879,0.23596036106361468,0.27199528738345874,8.226197500960097e-13,233,8.873435319856071e-11,183
RPS,tabular,207,EGM,30,0.012547702087326848,-0.1696992275497357,0.465632049344578,0.23412331839321998,0.2621212597056968,8.850697952311748e-13,230,8.11566924774354e-11,182
RPS,tabular,207,EGM,35,0.014722338137156133,-0.2503317356170285,0.5201542247701565,0.23402846284556042,0.253217632517,8.966161146872764e-13,229,8.17299561362006e-11,179
RPS,tabular,207,EGM,40,0.012373115108519649,-0.3445822110819983,0.5921815025312996,0.23136595301951457,0.24528697970719,8.347211810644239e-13,232,8.749043156619507e-11,180
RPS,tabular,207,EGM,45,0.006932717215432182,-0.41127647492594244,0.6177834200761843,0.2257026693092699,0.2382101404132715,8.966716258385077e-13,233,8.632894399340785e-11,182
RPS,tabular,207,EGM,50,0.0002762921388919926,-0.4474805654022127,0.5952150142517035,0.22132884352532586,0.2319083067672141,8.780753901760363e-13,234,8.445891208630485e-11,183
RPS,tabular,207,EGM,55,-0.005800398649732254,-0.4509630666440254,0.5793746308958783,0.2252140551626631,0.22638653243349785,8.84903261777481e-13,234,8.21595569355793e-11,183
RPS,tabular,207,EGM,60,-0.009851897159412657,-0.42075647551309836,0.6834404232938529,0.2375556901825064,0.22169406618550241,8.256173522624977e-13,234,8.669245876724574e-11,181
RPS,tabular,207,EGM,65,-0.010948185154316671,-0.3579754102211654,0.731319959814334,0.24779562878001632,0.21785356692545368,8.139600105039335e-13,233,8.310638288655525e-11,179
RPS,tabular,207,EGM,70,-0.00885487470682709,-0.26654509653076924,0.7193747987706136,0.24625135226059094,0.2147789274364688,8.88566997758744e-13,234,8.540759766084705e-11,182
RPS,tabular,207,EGM,75,-0.004187837873150872,-0.153519917290616,0.6486799561044023,0.2356074408182399,0.21221678215273757,8.744671653460045e-13,235,8.111755711581736e-11,184
RPS,tabular,207,EGM,80,0.0016247725014457096,-0.09253637273528079,0.5893291227724311,0.2267578492387953,0.20977911444100902,8.7735374521003e-13,235,8.149744767926848e-11,184
RPS,tabular,207,EGM,85,0.006705643641297295,-0.20846417817216759,0.6659068891137363,0.22308997238000614,0.2070869854580295,8.976153154094391e-13,234,8.646264260114833e-11,182
RPS,tabular,207,EGM,90,0.009364963540477705,-0.3058581299181703,0.6864433784422168,0.21641765143996164,0.20393181905671376,8.29780688604842e-13,233,8.405295903735066e-11,179
RPS,tabular,207,EGM,95,0.008757037947945552,-0.37609234045458234,0.6495261594787443,0.20099505013673796,0.20032218991716252,8.199552148369094e-13,233,8.476025437076373e-11,179
RPS,tabular,207,EGM,100,0.005234768350113554,-0.4126557410614916,0.5589733945908855,0.18216403165541395,0.19638588539222201,8.996692280049956e-13,233,8.310546695255994e-11,181
RPS,tabular,207,PPM-3,0,-0.010760811977194343,-0.6565472335532003,0.8647456872766643,0.40223888067962144,0.32011789084181014,8.453238109495942e-13,238,8.114636740330639e-11,189
RPS,tabular,207,PPM-3,5,-0.019805587450687053,-0.5490291775487235,0.863653566153056,0.3822566681528994,0.3122053587357166,8.72635297355373e-13,236,8.40764680098971e-11,186
RPS,tabular,207,PPM-3,10,-0.02101378830628005,-0.39618755359427915,0.7879476334376502,0.3386336731761973,0.303237693304326,8.63809024309603e-13,233,8.2596957051706e-11,182
RPS,tabular,207,PPM-3,15,-0.014967335017673123,-0.2159553489165894,0.6459221370407701,0.28608300158319333,0.2932806631444601,8.437139875638877e-13,234,8.273740026432108e-11,184
RPS,tabular,207,PPM-3,20,-0.00480896083237473,-0.12869419357634357,0.5536119742885588,0.2497649397165822,0.28273380029462236,8.337774914934926e-13,234,8.67421134920221e-11,184
RPS,tabular,207,PPM-3,25,0.0054213748407872095,-0.15623503326553648,0.5347014484329623,0.236066993591995,0.27223833766006256,8.251732630526476e-13,233,8.899569969855747e-11,183
RPS,tabular,207,PPM-3,30,0.012456324038307993,-0.16919007446508524,0.4672759202603478,0.23419605989071515,0.26239462279126646,8.915090887740007e-13,230,8.165884635147336e-11,182
RPS,tabular,207,PPM-3,35,0.014750314580646923,-0.2480908759816876,0.5182568183176655,0.23421568653053906,0.2535121221653975,8.977263377119016e-13,229,8.256423322805517e-11,179
RPS,tabular,207,PPM-3,40,0.012516643044612898,-0.3427923334873433,0.5911025741402882,0.23169192777005349,0.24559772575780628,8.303913112683858e-13,232,8.695438813433043e-11,180
RPS,tabular,207,PPM-3,45,0.007149118688441328,-0.410125836935983,0.6178340983759987,0.2260742165200176,0.23853150892165176,8.941736240331011e-13,233,8.608500023932208e-11,182
RPS,tabular,207,PPM-3,50,0.0005047558846415884,-0.4471634543966861,0.5966842001161473,0.2215199397021535,0.2322307333331395,8.774092563612612e-13,234,8.449127508747267e-11,183
RPS,tabular,207,PPM-3,55,-0.005620154983507782,-0.45168338941194314,0.5749612640597946,0.22503914626964236,0.22669794552533862,8.862910405582625e-13,234,8.251219152377587e-11,183
RPS,tabular,207,PPM-3,60,-0.009768919533045298,-0.42270241042563633,0.6807170633456123,0.23721890307582227,0.22198370118094116,8.294476216974545e-13,234,8.755732250342874e-11,181
RPS,tabular,207,PPM-3,65,-0.010993347626345741,-0.36126732071408785,0.7308144096339773,0.2478020683968711,0.21811582194596515,8.95228335906495e-13,232,8.162451270443682e-11,179
RPS,tabular,207,PPM-3,70,-0.00903164297597584,-0.27117088134003964,0.7214996435220097,0.2468279230935167,0.2150165924383792,8.836265052991621e-13,234,8.457146094542622e-11,182
RPS,tabular,207,PPM-3,75,-0.0044617698251225866,-0.15927940075886485,0.6536447830015849,0.23638952862300727,0.21244240741629944,8.730238754139918e-13,235,8.988010335997387e-11,183
RPS,tabular,207,PPM-3,80,0.00132829002039282,-0.0860821766373472,0.5841218451680164,0.2272640273517486,0.21001190786549365,8.79518680108049e-13,235,8.187311939522601e-11,184
RPS,tabular,207,PPM-3,85,0.006485226518201977,-0.20248589235316658,0.6634025637985648,0.22348598045982598,0.2073450008538708,8.139600105039335e-13,235,8.767828130196165e-11,182
RPS,tabular,207,PPM-3,90,0.009308232337897853,-0.3009501035598117,0.6872010852955224,0.21726475761916064,0.2042244448198718,8.421041641781812e-13,233,8.642989102192189e-11,179
RPS,tabular,207,PPM-3,95,0.008900476155151422,-0.37285972515586896,0.6538506605778016,0.2023656132006656,0.20064910591316484,8.129052986305396e-13,233,8.327513678629828e-11,179
RPS,tabular,207,PPM-3,100,0.005539880954710895,-0.4116206389291513,0.5668203924515958,0.18350216333837657,0.19674303279426308,8.974487819557453e-13,233,8.262623918398049e-11,181
RPS,tabular,208,QP+G,0,-0.034167179776321756,-0.5020195646024785,0.9232652255121939,0.4967363206610389,0.39286264312912683,8.8662410746565e-13,235,8.354078540051546e-11,186
RPS,tabular,208,QP+G,5,-0.01201116802698839,-0.3152179352367644,0.5516025586092704,0.21124099575638414,0.23159752500332256,8.484324354185446e-13,231,8.603520673666765e-11,179
RPS,tabular,208,QP+G,10,-0.003744198147615608,-0.190442513066129,0.31241610609538606,0.07868057318410158,0.13398759140877706,8.681111385300255e-13,226,8.485835645277717e-11,171
RPS,tabular,208,QP+G,15,-0.0011494076285816902,-0.11074872349347892,0.1762661127884756,0.027013819115882527,0.07605354753213857,8.549411179004096e-13,221,8.865008727099166e-11,161
RPS,tabular,208,QP+G,20,-0.00040041686804150663,-0.06075927797882404,0.10587692104921936,0.008788358028914147,0.04249354226851501,8.825787323196721e-13,215,8.384036780800797e-11,150
RPS,tabular,208,QP+G,25,-0.00013585857929488074,-0.03130446615670755,0.06389747727893909,0.0027613052448442043,0.023583438014000854,8.908568327470334e-13,209,8.184038451271303e-11,137
RPS,tabular,208,QP+G,30,-3.985525364261762e-05,-0.01482620336173636,0.037341952735436446,0.0008510824065791065,0.013042881753167297,8.441962406902093e-13,206,8.479488443867422e-11,127
RPS,tabular,208,QP+G,35,-9.022094953238575e-06,-0.006190272063956387,0.020719827297141474,0.0002597110146745906,0.007198432608581638,8.303080445415389e-13,202,8.646256375254534e-11,118
RPS,tabular,208,QP+G,40,-1.085559245318248e-06,-0.002046235208326484,0.01078374333193674,7.887838003567407e-05,0.003967727046500339,8.455944278118466e-13,197,8.617162316820401e-11,108
RPS,tabular,208,QP+G,45,2.664468832764102e-07,-0.0007189185893433609,0.005628359055003925,2.390992124068348e-05,0.0021852637513083595,8.94027907261119e-13,191,8.383840288469385e-11,97
RPS,tabular,208,QP+G,50,2.413310732723873e-07,-0.0011089332226253685,0.003687081488375094,7.242445069291505e-06,0.0012030121934557313,8.834300478655077e-13,185,8.815678187496819e-11,84
RPS,tabular,208,QP+G,55,1.0275320730699725e-07,-0.0009630754002635403,0.0022193310097356434,2.1931836320654434e-06,0.0006621130734754668,8.100041904574029e-13,179,8.858708433484106e-11,70
RPS,tabular,208,QP+G,60,3.196943745486255e-08,-0.0006891612830986935,0.0012449011301242327,6.640702991667102e-07,0.0003643704273341137,8.361322701919138e-13,173,8.809889484597719e-11,58
RPS,tabular,208,QP+G,65,7.3993546643263665e-09,-0.0004416713550658624,0.0006523764376031178,2.0106275047671025e-07,0.00020050760094329369,8.16739091722557e-13,169,8.44781111730771e-11,50
RPS,tabular,208,QP+G,70,9.596934615980972e-10,-0.0002611895946170172,0.0003169861009318727,6.087595046111439e-08,0.00011033391651637171,8.179512839615044e-13,164,8.546730656533468e-11,40
RPS,tabular,208,QP+G,75,-1.7403062352979287e-10,-0.00014409259526504268,0.0001697109068657453,1.8431764101101148e-08,6.0713320505055905e-05,8.490987047585913e-13,158,8.386829897233264e-11,29
RPS,tabular,208,QP+G,80,-1.7951545272696722e-10,-7.417795115601992e-05,0.00010378168886541865,5.580826981099736e-09,3.340860530723306e-05,8.225007724601066e-13,152,8.887420133163466e-11,16
RPS,tabular,208,QP+G,85,-7.259183749260545e-11,-3.752839161058888e-05,5.89130906362015e-05,1.6964911420114252e-09,1.8419953717394176e-05,8.700093529173496e-13,145,8.176775256885088e-11,4
RPS,tabular,208,QP+G,90,-2.2895663885302184e-11,-2.0392771963163586e-05,3.265592930789067e-05,5.192183488711431e-10,1.0190345133489763e-05,8.895805201139789e-13,139,3.3219560435782115e-11,1
RPS,tabular,208,QP+G,95,-6.956251991011937e-12,-1.1385727112650612e-05,1.8090077905389965e-05,1.5954709775556342e-10,5.648833133016934e-06,8.41118831079431e-13,134,1.0342793288486974e-11,1
RPS,tabular,208,QP+G,100,-2.0332591319321428e-12,-6.503688660047506e-06,1.000666353532852e-05,4.9223403131293195e-11,3.1376174740949074e-06,8.136619438449595e-13,129,3.3587799208589783e-12,1
RPS,tabular,208,noG,0,-0.034167179776321756,-0.5020195646024785,0.9232652255121939,0.4967363206610389,0.39286264312912683,8.8662410746565e-13,235,8.354078540051546e-11,186
RPS,tabular,208,noG,5,-0.034167179776321756,-0.5020195646024785,0.9232652255121939,0.4967363206610389,0.39286264312912683,8.8662410746565e-13,235,8.354078540051546e-11,186
RPS,tabular,208,noG,10,-0.034167179776321756,-0.5020195646024785,0.9232652255121939,0.4967363206610389,0.39286264312912683,8.8662410746565e-13,235,8.354078540051546e-11,186
RPS,tabular,208,noG,15,-0.034167179776321756,-0.5020195646024785,0.9232652255121939,0.4967363206610389,0.39286264312912683,8.8662410746565e-13,235,8.354078540051546e-11,186
RPS,tabular,208,noG,20,-0.034167179776321756,-0.5020195646024785,0.9232652255121939,0.4967363206610389,0.39286264312912683,8.8662410746565e-13,235,8.354078540051546e-11,186
RPS,tabular,208,noG,25,-0.034167179776321756,-0.5020195646024785,0.9232652255121939,0.4967363206610389,0.39286264312912683,8.8662410746565e-13,235,8.354078540051546e-11,186
RPS,tabular,208,noG,30,-0.034167179776321756,-0.5020195646024785,0.9232652255121939,0.4967363206610389,0.39286264312912683,8.8662410746565e-13,235,8.354078540051546e-11,186
RPS,tabular,208,noG,35,-0.034167179776321756,-0.5020195646024785,0.9232652255121939,0.4967363206610389,0.39286264312912683,8.8662410746565e-13,235,8.354078540051546e-11,186
RPS,tabular,208,noG,40,-0.034167179776321756,-0.5020195646024785,0.9232652255121939,0.4967363206610389,0.39286264312912683,8.8662410746565e-13,235,8.354078540051546e-11,186
RPS,tabular,208,noG,45,-0.034167179776321756,-0.5020195646024785,0.9232652255121939,0.4967363206610389,0.39286264312912683,8.8662410746565e-13,235,8.354078540051546e-11,186
RPS,tabular,208,noG,50,-0.034167179776321756,-0.5020195646024785,0.9232652255121939,0.4967363206610389,0.39286264312912683,8.8662410746565e-13,235,8.354078540051546e-11,186
RPS,tabular,208,noG,55,-0.034167179776321756,-0.5020195646024785,0.9232652255121939,0.4967363206610389,0.39286264312912683,8.8662410746565e-13,235,8.354078540051546e-11,186
RPS,tabular,208,noG,60,-0.034167179776321756,-0.5020195646024785,0.9232652255121939,0.4967363206610389,0.39286264312912683,8.8662410746565e-13,235,8.354078540051546e-11,186
RPS,tabular,208,noG,65,-0.034167179776321756,-0.5020195646024785,0.9232652255121939,0.4967363206610389,0.39286264312912683,8.8662410746565e-13,235,8.354078540051546e-11,186
RPS,tabular,208,noG,70,-0.034167179776321756,-0.5020195646024785,0.9232652255121939,0.4967363206610389,0.39286264312912683,8.8662410746565e-13,235,8.354078540051546e-11,186
RPS,tabular,208,noG,75,-0.034167179776321756,-0.5020195646024785,0.9232652255121939,0.4967363206610389,0.39286264312912683,8.8662410746565e-13,235,8.354078540051546e-11,186
RPS,tabular,208,noG,80,-0.034167179776321756,-0.5020195646024785,0.9232652255121939,0.4967363206610389,0.39286264312912683,8.8662410746565e-13,235,8.354078540051546e-11,186
RPS,tabular,208,noG,85,-0.034167179776321756,-0.5020195646024785,0.9232652255121939,0.4967363206610389,0.39286264312912683,8.8662410746565e-13,235,8.354078540051546e-11,186
RPS,tabular,208,noG,90,-0.034167179776321756,-0.5020195646024785,0.9232652255121939,0.4967363206610389,0.39286264312912683,8.8662410746565e-13,235,8.354078540051546e-11,186
RPS,tabular,208,noG,95,-0.034167179776321756,-0.5020195646024785,0.9232652255121939,0.4967363206610389,0.39286264312912683,8.8662410746565e-13,235,8.354078540051546e-11,186
RPS,tabular,208,noG,100,-0.034167179776321756,-0.5020195646024785,0.9232652255121939,0.4967363206610389,0.39286264312912683,8.8662410746565e-13,235,8.354078540051546e-11,186
RPS,tabular,208,GDA,0,-0.034167179776321756,-0.5020195646024785,0.9232652255121939,0.4967363206610389,0.39286264312912683,8.8662410746565e-13,235,8.354078540051546e-11,186
RPS,tabular,208,GDA,5,-0.02933683252234472,-0.4705890698313101,1.0507430968866394,0.5349758719907682,0.3859870813342771,8.29780688604842e-13,237,8.93917717625925e-11,187
RPS,tabular,208,GDA,10,-0.01792542208174575,-0.401235018272997,1.103493938942766,0.5562125904223664,0.38125198439308977,8.135714324453147e-13,239,8.317224686749114e-11,190
RPS,tabular,208,GDA,15,-0.0031202106125577398,-0.2915844025416129,1.0728246909768515,0.5585510030061389,0.37855323433036825,8.146816554699399e-13,240,8.639783333208584e-11,191
RPS,tabular,208,GDA,20,0.012225480001716135,-0.21029848103919974,1.0195815598614695,0.578417146456091,0.3777513877065412,8.43991543320044e-13,240,8.130679463036472e-11,192
RPS,tabular,208,GDA,25,0.02512909948320367,-0.43676302063419165,1.2154186296002742,0.6445079967066626,0.3786445958465191,8.120171202108395e-13,240,8.459133393756701e-11,191
RPS,tabular,208,GDA,30,0.032140990697794115,-0.6369329589543686,1.3213315883439787,0.70917338458537,0.3810822378582806,8.810729923425242e-13,238,8.440798060505017e-11,189
RPS,tabular,208,GDA,35,0.030126908383739978,-0.7953166797264398,1.3225377264049012,0.7167357534919698,0.3849931247597455,8.293365993949919e-13,240,8.708900267606623e-11,191
RPS,tabular,208,GDA,40,0.018076273186631908,-0.8958342414525364,1.2115033922488592,0.6701825215450975,0.39008007795430194,8.406608742461685e-13,241,8.480283142375811e-11,193
RPS,tabular,208,GDA,45,-0.0012833294450393553,-0.9246375478423438,1.0763437255777608,0.6401159550271996,0.39546043652977064,8.677503160470224e-13,241,8.899159187336636e-11,193
RPS,tabular,208,GDA,50,-0.021524534932917276,-0.8734070540018986,1.2304251672020534,0.6688290635205687,0.39985388745023803,8.197886813832156e-13,241,8.174494414703304e-11,193
RPS,tabular,208,GDA,55,-0.034776424150195856,-0.7420985269077629,1.2861209355121683,0.6885886720756921,0.40228071151282346,8.597567102697212e-13,239,8.712786048192811e-11,190
RPS,tabular,208,GDA,60,-0.03530524906112712,-0.5403651587835745,1.2319537422240912,0.646427545546878,0.4025082107128283,8.903988657493755e-13,238,8.792677697044837e-11,189
RPS,tabular,208,GDA,65,-0.022487980984192617,-0.2871866799553419,1.0670436709853799,0.5640746201002235,0.4008519951633058,8.132383655379272e-13,240,8.65531535332309e-11,191
RPS,tabular,208,GDA,70,-0.0013988511456673636,-0.14429328002592196,0.9390893782310945,0.5160221928232899,0.3977481309155674,8.287814878826794e-13,240,8.962763864417411e-11,191
RPS,tabular,208,GDA,75,0.019443816973704137,-0.26873069903909197,1.000359237027114,0.5136704961111507,0.3935059372425744,8.477663016037695e-13,239,8.871253731612683e-11,190
RPS,tabular,208,GDA,80,0.031989953088194585,-0.3763518538618371,0.9726339878169052,0.49593993111063917,0.38817540342793805,8.528733275170453e-13,237,8.187900357725653e-11,188
RPS,tabular,208,GDA,85,0.03215823071536449,-0.4506747164644623,0.8553354981856289,0.4435695703838032,0.38152840230030177,8.842926391139372e-13,234,8.53627724062278e-11,185
RPS,tabular,208,GDA,90,0.02118315158207412,-0.4786486147670159,0.6738110907938016,0.38621251363947184,0.3733870425308844,8.452682997983629e-13,235,8.264272599589617e-11,187
RPS,tabular,208,GDA,95,0.0043540013149965225,-0.4542503587962433,0.6730133577940169,0.35642593354900726,0.36413046733335913,8.913425553203069e-13,234,8.634321035927428e-11,187
RPS,tabular,208,GDA,100,-0.011854197434817826,-0.444461933585988,0.6704986304440653,0.3576468044515505,0.3547724083429653,8.721356969942917e-13,234,8.225392589267244e-11,187
RPS,tabular,208,Adam-GDA,0,-0.034167179776321756,-0.5020195646024785,0.9232652255121939,0.4967363206610389,0.39286264312912683,8.8662410746565e-13,235,8.354078540051546e-11,186
RPS,tabular,208,Adam-GDA,5,0.007068341283924426,-0.4504199446426608,1.7581780304543075,1.2398391940431572,0.6159379616505664,8.948397578478762e-13,244,8.56703596952002e-11,198
RPS,tabular,208,Adam-GDA,10,0.10169690891374314,-1.2375398418284622,2.9699256597456225,2.323501324819958,0.9290483739793302,8.641976023682219e-13,247,8.955058916626513e-11,201
RPS,tabular,208,Adam-GDA,15,0.17196781852314175,-2.206468895096123,3.4800794003160145,2.8552052392761884,1.2134217475340106,8.912870441690757e-13,249,8.740164147980067e-11,204
RPS,tabular,208,Adam-GDA,20,0.0232938395448153,-2.954421375054878,4.2396690344862025,3.6178448663981624,1.5907006282201475,8.699707620962727e-13,252,8.9334761810278e-11,207
RPS,tabular,208,Adam-GDA,25,-0.320494449941264,-3.1697249129431317,5.397321557952228,4.780113171314564,1.9328789130748307,8.402167850363185e-13,253,8.718226141013474e-11,208
RPS,tabular,208,Adam-GDA,30,-0.6009632356215231,-2.6465727289328522,5.800820037183017,5.195122897831355,2.1199400868716176,8.362199821476679e-13,253,8.65068017219528e-11,208
RPS,tabular,208,Adam-GDA,35,-0.51926032452491,-1.5743759196352334,5.471371432779323,5.034620253468083,2.367250948038818,8.36664071357518e-13,255,8.875433721300396e-11,210
RPS,tabular,208,Adam-GDA,40,-0.036838447112706944,-2.4036562414356606,6.631124635602687,6.044806756990522,2.6442537251646177,8.171241461241152e-13,256,8.749800883833814e-11,211
RPS,tabular,208,Adam-GDA,45,0.5870551940740636,-3.3051935451140864,7.315038038803002,6.739726927870451,2.7438744350470508,8.606448886894214e-13,255,8.277512009158272e-11,211
RPS,tabular,208,Adam-GDA,50,0.9471928816256183,-4.188093995040494,7.3568471503265265,6.793552553907391,2.8039815802356802,8.988365607365267e-13,255,8.636202863954168e-11,211
RPS,tabular,208,Adam-GDA,55,0.7277297736318438,-4.904952510284956,7.271055240075993,6.7485012870503365,3.10058371055672,8.526512829121202e-13,257,8.318856714595313e-11,213
RPS,tabular,208,Adam-GDA,60,-0.061669326902715635,-5.280057052891809,8.66419433842665,8.123605260439493,3.4359624087131793,8.260059303211165e-13,258,8.119105388004755e-11,214
RPS,tabular,208,Adam-GDA,65,-1.0459705724428883,-5.164150636417641,9.675573287768973,9.151119335834315,3.480897508017876,8.979483823168266e-13,257,8.821832153671494e-11,213
RPS,tabular,208,Adam-GDA,70,-1.6855561382254654,-4.453397152035524,10.04691475864935,9.539021832240284,3.4358690517157204,8.757439218243235e-13,258,8.617284663614555e-11,214
RPS,tabular,208,Adam-GDA,75,-1.557325281960804,-3.0795405776685576,9.563369351536302,9.074969400337281,3.7743572616520864,8.215650382226158e-13,260,8.184208866168774e-11,216
RPS,tabular,208,Adam-GDA,80,-0.559576850466995,-2.9069074387078606,10.014186314560543,9.534529145585978,4.352676071560663,8.117950756059145e-13,261,8.131539885880557e-11,217
RPS,tabular,208,Adam-GDA,85,1.0317751498881969,-4.143033117853738,11.602376943223625,11.142756726180815,4.574766206167145,8.5087492607272e-13,261,8.567191400743468e-11,217
RPS,tabular,208,Adam-GDA,90,2.7085120040734307,-5.4226926944521265,12.983721046418339,12.55434812237256,4.213936699450057,8.624212455288216e-13,261,8.695444364548166e-11,217
RPS,tabular,208,Adam-GDA,95,4.008562856709065,-6.547294043670622,13.963773807394325,13.566581015989534,3.5914968846159105,8.464340339742193e-13,261,8.520828487235121e-11,217
RPS,tabular,208,Adam-GDA,100,4.6907561264692585,-7.410451334209398,14.39785150975435,14.023352260027306,3.2111705978912863,8.455458555545192e-13,261,8.501110926317779e-11,217
RPS,tabular,208,EGM,0,-0.034167179776321756,-0.5020195646024785,0.9232652255121939,0.4967363206610389,0.39286264312912683,8.8662410746565e-13,235,8.354078540051546e-11,186
RPS,tabular,208,EGM,5,-0.02867328359646778,-0.4636522223880825,1.0364135257771774,0.5231604032794845,0.38033797851763285,8.193445921733655e-13,237,8.750389302036865e-11,187
RPS,tabular,208,EGM,10,-0.017282285567828622,-0.38737455729487846,1.0720994749747774,0.531028156853685,0.37040986279197474,8.815170815523743e-13,238,8.88060736059515e-11,189
RPS,tabular,208,EGM,15,-0.003099534823299434,-0.2735637583279982,1.0247272624518229,0.5205565589148111,0.3626836895873856,8.703038290036602e-13,239,8.131728623794743e-11,191
RPS,tabular,208,EGM,20,0.011053808811757554,-0.19724473978328053,0.9627508994718909,0.5266259495580633,0.3567214760876526,8.869571743730376e-13,239,8.288797426203587e-11,191
RPS,tabular,208,EGM,25,0.02221584392792735,-0.40714479869769116,1.1297993890761977,0.5703144661130162,0.3521114795096533,8.373302051722931e-13,239,8.348149949100048e-11,190
RPS,tabular,208,EGM,30,0.027363296287106285,-0.585803524780599,1.2072876527628262,0.6083993828757837,0.34860611936019475,8.890665981198254e-13,237,8.863881850729172e-11,187
RPS,tabular,208,EGM,35,0.024428533139918402,-0.7193062008388921,1.1861983103273461,0.5978871462103537,0.3460816168755599,8.33444424586105e-13,239,8.234241066773507e-11,190
RPS,tabular,208,EGM,40,0.013681506941903968,-0.7949945017071327,1.065705648859211,0.5484186424609182,0.34421764324484855,8.290035324876044e-13,240,8.70468697122817e-11,191
RPS,tabular,208,EGM,45,-0.0016255383017920908,-0.8040472306105511,0.9377351139690939,0.5145223714742209,0.342258673277855,8.384404281969182e-13,240,8.868511480741859e-11,191
RPS,tabular,208,EGM,50,-0.016109457006767816,-0.7438038201664334,1.0532760838521789,0.5174648182914108,0.3392637154964323,8.617551117140465e-13,239,8.718115118711012e-11,190
RPS,tabular,208,EGM,55,-0.02441350996773647,-0.6191149866495207,1.0804714046133201,0.5110436251596406,0.33464417415787856,8.856249067434874e-13,237,8.853628941096758e-11,187
RPS,tabular,208,EGM,60,-0.023593415400212953,-0.4423427842387764,1.0154802593807175,0.4650079204622458,0.32841589548975797,8.197886813832156e-13,237,8.843148435744297e-11,186
RPS,tabular,208,EGM,65,-0.014432345430172801,-0.2319578068630088,0.8638203977578717,0.4004733934161103,0.32098769522451603,8.134604101428522e-13,238,8.517797578377895e-11,188
RPS,tabular,208,EGM,70,-0.0009779287113250705,-0.11691378599307112,0.7475751150044906,0.3597295029601256,0.3128062455796834,8.11906097908377e-13,238,8.582506927368172e-11,188
RPS,tabular,208,EGM,75,0.011400188109193523,-0.21227794089550941,0.7825462643417493,0.3435371678012409,0.3041455124708024,8.156808561921025e-13,237,8.238254523007527e-11,187
RPS,tabular,208,EGM,80,0.018367609807106777,-0.2892331609014613,0.7481874727165334,0.32132228408669505,0.2950644476656765,8.105183191275955e-13,235,8.206629820151079e-11,184
RPS,tabular,208,EGM,85,0.018230545593324203,-0.3376993334590184,0.6487092584705155,0.28400450923981035,0.2855023215032034,8.180678356950466e-13,232,8.275005680680181e-11,181
RPS,tabular,208,EGM,90,0.012155243463400116,-0.35127333857928417,0.4954738418756659,0.24595417287931826,0.2754917048737072,8.509304372239512e-13,232,8.934189499321121e-11,182
RPS,tabular,208,EGM,95,0.003156231050615869,-0.32874510678919494,0.4847553048516941,0.22222681858405363,0.2653393324742743,8.848477506262498e-13,231,8.382600169554166e-11,183
RPS,tabular,208,EGM,100,-0.005420192458652808,-0.3230713784019167,0.4789812942120536,0.21544838192762525,0.2555823690246321,8.695821840376539e-13,231,8.756229075146393e-11,182
RPS,tabular,208,PPM-3,0,-0.034167179776321756,-0.5020195646024785,0.9232652255121939,0.4967363206610389,0.39286264312912683,8.8662410746565e-13,235,8.354078540051546e-11,186
RPS,tabular,208,PPM-3,5,-0.028707025547839958,-0.46365055365999186,1.0360888033858395,0.5230706917155731,0.3803995840028922,8.189005029635155e-13,237,8.745104640439649e-11,187
RPS,tabular,208,PPM-3,10,-0.01735215159169003,-0.3876438283468719,1.071859845533843,0.5309165656728347,0.37050296245927933,8.808509477375992e-13,238,8.872730328235434e-11,189
RPS,tabular,208,PPM-3,15,-0.0031953492100171748,-0.27442908144477474,1.025103822974054,0.520444980432336,0.3627800976699313,8.697487174913476e-13,239,8.125172756834331e-11,191
RPS,tabular,208,PPM-3,20,0.010942650578282994,-0.19501828013605618,0.9603768289405609,0.5261720169885161,0.3568002712781348,8.86846152070575e-13,239,8.287570629761376e-11,191
RPS,tabular,208,PPM-3,25,0.02211538076667365,-0.40463805104725875,1.127905351240569,0.5694696049585184,0.3521624348150536,8.379963389870682e-13,239,8.36067326481782e-11,190
RPS,tabular,208,PPM-3,30,0.027330815749538735,-0.5832768863472664,1.2065666825486463,0.6079422613977266,0.3486270082913648,8.916201110764632e-13,237,8.908945803298707e-11,187
RPS,tabular,208,PPM-3,35,0.02453624194926138,-0.717180624389924,1.18738870748376,0.5984492399171439,0.3460747578744244,8.310019339319297e-13,239,8.194689371521235e-11,190
RPS,tabular,208,PPM-3,40,0.01396482074837608,-0.7938326157386992,1.0694407268507924,0.5495217844389529,0.34419348897163826,8.277822871605167e-13,240,8.684392094338023e-11,191
RPS,tabular,208,PPM-3,45,-0.001220224561506358,-0.804460618534057,0.9338069109884237,0.5148051120708719,0.34224158839874724,8.388845174067683e-13,240,8.875289392307195e-11,191
RPS,tabular,208,PPM-3,50,-0.015730861261103426,-0.7463095872903556,1.051306293454881,0.5172507750643561,0.33928732097926195,8.646416915780719e-13,239,8.764761139090638e-11,190
RPS,tabular,208,PPM-3,55,-0.02424555708639036,-0.6239837115742092,1.0812756516978164,0.511927530659154,0.3347370572337484,8.926193117986259e-13,237,8.970579834510772e-11,187
RPS,tabular,208,PPM-3,60,-0.023756449741925593,-0.4494839186365415,1.019683455094865,0.46741146879551976,0.3285915747782422,8.1556983388964e-13,237,8.759154512816281e-11,186
RPS,tabular,208,PPM-3,65,-0.014904919261514337,-0.2408794445269372,0.8716736816714729,0.4030093664022999,0.32124567268392296,8.12128142513302e-13,238,8.48896508642838e-11,188
RPS,tabular,208,PPM-3,70,-0.0015908176085832827,-0.11311460696892689,0.745166858832069,0.3609782340808122,0.3131394385617308,8.136824547477772e-13,238,8.606898527219187e-11,188
RPS,tabular,208,PPM-3,75,0.01088971261797509,-0.20872427176356814,0.7831170404012269,0.34437488094120144,0.30454899889327847,8.216760605250784e-13,237,8.325323763713754e-11,187
RPS,tabular,208,PPM-3,80,0.018162015784357215,-0.2865129823632957,0.7521873136446671,0.32298791360614054,0.29554127819189424,8.223977054910847e-13,235,8.38233926714338e-11,184
RPS,tabular,208,PPM-3,85,0.018401459395824184,-0.336426824565321,0.6561975699994976,0.2863591953093249,0.2860592089568923,8.150147223773274e-13,232,8.152900576874345e-11,181
RPS,tabular,208,PPM-3,90,0.012621809301216067,-0.35192279750561456,0.5060427860820863,0.24801247477729582,0.27612427006248014,8.525402606096577e-13,232,8.880315927051186e-11,182
RPS,tabular,208,PPM-3,95,0.0037355933658490097,-0.3315096253602461,0.48742079128592464,0.22331366270233835,0.2660211231750193,8.922862448912383e-13,231,8.389453021173665e-11,183
RPS,tabular,208,PPM-3,100,-0.004926622516775049,-0.32164436972341176,0.4783999268425364,0.21558494594039446,0.2562712437693777,8.657519146026971e-13,231,8.81766881732915e-11,182
RPS,tabular,209,QP+G,0,0.005143626748070367,-0.5569873025473726,0.8587552868397968,0.35248526327207713,0.28057306914268254,8.852918398360998e-13,236,8.33096369667885e-11,186
RPS,tabular,209,QP+G,5,-0.0005124875036478546,-0.3019242099886456,0.4307466479769356,0.11367832497142907,0.1583478805989839,8.126832540256146e-13,231,8.274796126084283e-11,176
RPS,tabular,209,QP+G,10,-0.0007875084141901092,-0.15035895379063138,0.20922005118829518,0.03618391286955771,0.08806588763433118,8.461564782180631e-13,224,8.67285236683113e-11,164
RPS,tabular,209,QP+G,15,-0.00036079733174919853,-0.06980303029114936,0.12483555264662785,0.011480304190134965,0.04868542425630844,8.213013602542674e-13,217,8.242791085105727e-11,152
RPS,tabular,209,QP+G,20,-0.00012295896686735666,-0.03174355608896377,0.07025269421185977,0.0035756193596038453,0.026872022104569668,8.525749550791772e-13,211,8.476578792181166e-11,139
RPS,tabular,209,QP+G,25,-3.705972140552735e-05,-0.012968255547962554,0.038309082420902356,0.001098114768905005,0.014812987122303384,8.551076513541034e-13,207,8.714107766535223e-11,128
RPS,tabular,209,QP+G,30,-9.385950579701807e-06,-0.007022186595790841,0.023071346997533115,0.0003343767359165193,0.00815815144608996,8.254334715740441e-13,203,8.316183741532805e-11,119
RPS,tabular,209,QP+G,35,-1.626770486453137e-06,-0.004300749379283993,0.01399365948733148,0.00010130885344329638,0.004490912658194486,8.442500171179645e-13,198,8.278774998979506e-11,109
RPS,tabular,209,QP+G,40,2.5000055523471093e-08,-0.002478286405528219,0.007991611718459581,3.0628115326725165e-05,0.0024716294567256707,8.132383655379272e-13,193,8.35831670531733e-11,98
RPS,tabular,209,QP+G,45,1.6486271897776578e-07,-0.001335113246227174,0.004266947867230423,9.258710435972038e-06,0.0013601322444138446,8.137457721546504e-13,187,8.431399578502191e-11,86
RPS,tabular,209,QP+G,50,8.431270172471081e-08,-0.000669388005694269,0.0021178645440963523,2.800867693539267e-06,0.000748431689569715,8.405492014224025e-13,180,8.45758596489312e-11,73
RPS,tabular,209,QP+G,55,2.9176193913733385e-08,-0.0004060412410308528,0.001058680539605306,8.478340563639051e-07,0.00041182715502848866,8.79801765295285e-13,172,8.547076379986486e-11,59
RPS,tabular,209,QP+G,60,7.600661057747633e-09,-0.00031540682530018633,0.0005710409723172325,2.567220250965229e-07,0.00022661015269929833,8.889660383683273e-13,165,8.854732280737254e-11,50
RPS,tabular,209,QP+G,65,1.322907130952645e-09,-0.0002124219653900165,0.00028687093316721646,7.774010372940681e-08,0.00012469476582672382,8.212700268114825e-13,162,8.155109254560169e-11,41
RPS,tabular,209,QP+G,70,-9.711839988778354e-13,-0.00013046021963301338,0.0001891212792878068,2.354048254937791e-08,6.861529371540815e-05,8.541853476710243e-13,157,8.302622589439928e-11,30
RPS,tabular,209,QP+G,75,-1.218780893457368e-10,-7.445903904723477e-05,0.00011696798071888714,7.128046833337898e-09,3.775686511905377e-05,8.256175419978778e-13,152,8.431855880175503e-11,18
RPS,tabular,209,QP+G,80,-6.401757112861608e-11,-3.9698864191961906e-05,6.71558510572071e-05,2.1583361486943184e-09,2.0776481944339684e-05,8.282940644672478e-13,146,8.517351490766604e-11,5
RPS,tabular,209,QP+G,85,-2.111980880545585e-11,-2.1416999058602536e-05,3.707852879692609e-05,6.588400658369408e-10,1.147899369495787e-05,8.408336994605945e-13,140,3.680352689272581e-11,1
RPS,tabular,209,QP+G,90,-6.54460768046306e-12,-1.179434627182915e-05,2.0509037377463778e-05,2.019049510915138e-10,6.354594036190285e-06,8.713055081442265e-13,134,1.1110292685856394e-11,1
RPS,tabular,209,QP+G,95,-1.9665937012726458e-12,-6.6158938752325296e-06,1.1398645376139608e-05,6.218206505259612e-11,3.5265279049713283e-06,8.276996870485993e-13,129,3.530249426120235e-12,1
RPS,tabular,209,QP+G,100,-6.531514437599693e-13,-3.964853180888548e-06,6.733287079472554e-06,2.1682586281990223e-11,2.0824301575950307e-06,8.400385184822393e-13,124,1.2888690115175903e-12,1
RPS,tabular,209,noG,0,0.005143626748070367,-0.5569873025473726,0.8587552868397968,0.35248526327207713,0.28057306914268254,8.852918398360998e-13,236,8.33096369667885e-11,186
RPS,tabular,209,noG,5,-0.0022294482279104394,-0.5199896419980665,0.7376446559937717,0.3065488474523075,0.2789849566864844,8.264500195309665e-13,236,8.505524062840664e-11,185
RPS,tabular,209,noG,10,-0.008725823354084757,-0.4444183778973003,0.6648019521951122,0.2831720270780451,0.2755666483834734,8.720246746918292e-13,234,8.64384397392115e-11,183
RPS,tabular,209,noG,15,-0.01021168796097027,-0.41329785774005967,0.6846831406740828,0.2830329142146286,0.27394365911056423,8.109624083374456e-13,234,8.837816589668535e-11,182
RPS,tabular,209,noG,20,-0.010309599052704507,-0.4107781697987136,0.6859145103371241,0.28313297303872054,0.2737975989890692,8.956169139651138e-13,233,8.777917281932446e-11,182
RPS,tabular,209,noG,25,-0.010317268674782831,-0.410577443976098,0.6860104583778353,0.28314154211079245,0.2737858874860971,8.951728247552637e-13,233,8.773157200714365e-11,182
RPS,tabular,209,noG,30,-0.010317878449730887,-0.4105614637650425,0.6860180835167033,0.28314222805209077,0.2737849546347772,8.951173136040325e-13,233,8.772779724885993e-11,182
RPS,tabular,209,noG,35,-0.010317926987753029,-0.4105601916057949,0.6860186904564815,0.2831422826824609,0.27378488036896725,8.951173136040325e-13,233,8.772749193752816e-11,182
RPS,tabular,209,noG,40,-0.010317930851742485,-0.4105600903315432,0.686018738773296,0.2831422870316338,0.27378487445678346,8.951173136040325e-13,233,8.772746418195254e-11,182
RPS,tabular,209,noG,45,-0.010317931159344918,-0.41056008226935176,0.6860187426196748,0.2831422873778616,0.27378487398612944,8.951173136040325e-13,233,8.772746418195254e-11,182
RPS,tabular,209,noG,50,-0.010317931183832863,-0.4105600816275263,0.6860187429258809,0.28314228740542446,0.27378487394866036,8.951173136040325e-13,233,8.772749193752816e-11,182
RPS,tabular,209,noG,55,-0.010317931185780938,-0.4105600815764677,0.6860187429502403,0.28314228740761654,0.27378487394568,8.951173136040325e-13,233,8.772746418195254e-11,182
RPS,tabular,209,noG,60,-0.010317931185938062,-0.4105600815723515,0.6860187429522054,0.28314228740779507,0.2737848739454404,8.951173136040325e-13,233,8.772749193752816e-11,182
RPS,tabular,209,noG,65,-0.01031793118594894,-0.4105600815720651,0.6860187429523409,0.28314228740780767,0.27378487394542356,8.951173136040325e-13,233,8.772746418195254e-11,182
RPS,tabular,209,noG,70,-0.010317931185954168,-0.41056008157192797,0.6860187429524064,0.28314228740781233,0.273784873945415,8.951173136040325e-13,233,8.772746418195254e-11,182
RPS,tabular,209,noG,75,-0.010317931185954168,-0.41056008157192797,0.6860187429524064,0.28314228740781233,0.273784873945415,8.951173136040325e-13,233,8.772746418195254e-11,182
RPS,tabular,209,noG,80,-0.010317931185954168,-0.41056008157192797,0.6860187429524064,0.28314228740781233,0.273784873945415,8.951173136040325e-13,233,8.772746418195254e-11,182
RPS,tabular,209,noG,85,-0.010317931185954168,-0.41056008157192797,0.6860187429524064,0.28314228740781233,0.273784873945415,8.951173136040325e-13,233,8.772746418195254e-11,182
RPS,tabular,209,noG,90,-0.010317931185954168,-0.41056008157192797,0.6860187429524064,0.28314228740781233,0.273784873945415,8.951173136040325e-13,233,8.772746418195254e-11,182
RPS,tabular,209,noG,95,-0.010317931185954168,-0.41056008157192797,0.6860187429524064,0.28314228740781233,0.273784873945415,8.951173136040325e-13,233,8.772746418195254e-11,182
RPS,tabular,209,noG,100,-0.010317931185954168,-0.41056008157192797,0.6860187429524064,0.28314228740781233,0.273784873945415,8.951173136040325e-13,233,8.772746418195254e-11,182
RPS,tabular,209,GDA,0,0.005143626748070367,-0.5569873025473726,0.8587552868397968,0.35248526327207713,0.28057306914268254,8.852918398360998e-13,236,8.33096369667885e-11,186
RPS,tabular,209,GDA,5,-0.0022294482279104394,-0.5199896419980665,0.7376446559937717,0.3065488474523075,0.2789849566864844,8.264500195309665e-13,236,8.505524062840664e-11,185
RPS,tabular,209,GDA,10,-0.008725823354084757,-0.4444183778973003,0.6648019521951122,0.2831720270780451,0.2755666483834734,8.720246746918292e-13,234,8.64384397392115e-11,183
RPS,tabular,209,GDA,15,-0.012349917214842967,-0.33648089507126755,0.7118111985233535,0.29643662301858437,0.27166409301357547,8.182898802999716e-13,233,8.913289550882553e-11,180
RPS,tabular,209,GDA,20,-0.012040135645028245,-0.22674520735667922,0.7225952564763138,0.3311282105934065,0.26911764439287184,8.756884106730922e-13,235,8.369871462576839e-11,184
RPS,tabular,209,GDA,25,-0.007981531143700598,-0.26644115450691963,0.839014063961296,0.3631515013655672,0.26893277186694753,8.19011525265978e-13,237,8.57969806311587e-11,186
RPS,tabular,209,GDA,30,-0.001533638592542148,-0.2824338470344546,0.8827907314974516,0.37352014672640554,0.27051106520018414,8.587575095475586e-13,237,8.334555268163513e-11,187
RPS,tabular,209,GDA,35,0.005205109415363317,-0.2745092829325964,0.8529430164767227,0.3555071255206244,0.27207904395832666,8.274492202531292e-13,237,8.675327123341958e-11,186
RPS,tabular,209,GDA,40,0.01007035197078289,-0.24460335174343437,0.7547413890624971,0.3181574606253935,0.27193402697564933,8.107958748837518e-13,236,8.64121552091035e-11,184
RPS,tabular,209,GDA,45,0.011534626245995537,-0.26858213130901104,0.6709043529771901,0.2815451423489118,0.2695406811918558,8.771872117563362e-13,233,8.92864671087068e-11,180
RPS,tabular,209,GDA,50,0.009204579830080904,-0.38893747693547664,0.6534993618563448,0.26638267622341666,0.2658066909764872,8.479883462086946e-13,233,8.306139109848232e-11,182
RPS,tabular,209,GDA,55,0.003935779102992796,-0.47330225156340766,0.6615101011826776,0.2821744518834965,0.26242439982023497,8.358314040890491e-13,235,8.403713835924975e-11,184
RPS,tabular,209,GDA,60,-0.002474579160798665,-0.5146454003007022,0.7899448986475264,0.314632935903395,0.2606690820820018,8.180123245438153e-13,236,8.299591569560505e-11,185
RPS,tabular,209,GDA,65,-0.007902956986390612,-0.5105572654157625,0.8462221530709686,0.33405820026174093,0.2604742908896078,8.114620086985269e-13,236,8.82232342735989e-11,184
RPS,tabular,209,GDA,70,-0.010606324306664408,-0.46319744723570155,0.8292291178953202,0.3213485365791138,0.2605215442367077,8.180123245438153e-13,235,8.928244255024254e-11,182
RPS,tabular,209,GDA,75,-0.009782493824544453,-0.3786537142373509,0.7447794451614296,0.279838877226979,0.25925038290818125,8.255618411112664e-13,233,8.78396244630153e-11,180
RPS,tabular,209,GDA,80,-0.005801208458987885,-0.26588552176066993,0.6039075230552149,0.23332917783600132,0.255966173917043,8.188449918122842e-13,232,8.476866431017527e-11,181
RPS,tabular,209,GDA,85,-3.908376256061405e-05,-0.13547853987855663,0.4208741545932059,0.21399781698518217,0.25130670982653647,8.535394613318203e-13,230,8.685779873118804e-11,181
RPS,tabular,209,GDA,90,0.005607745424108091,-0.2610256088289083,0.5861013168334578,0.23442873500298916,0.24683195619914688,8.749667657070859e-13,231,8.516584659723492e-11,181
RPS,tabular,209,GDA,95,0.009351371418207891,-0.36899754041774324,0.7185197162182602,0.27283005405201916,0.24398527519977378,8.938960682769448e-13,232,8.688033625858793e-11,180
RPS,tabular,209,GDA,100,0.010068426988587474,-0.4434513986771838,0.7866690629303903,0.2979897756702202,0.24310322306992807,8.701372955499664e-13,234,8.166978204826592e-11,182
RPS,tabular,209,Adam-GDA,0,0.005143626748070367,-0.5569873025473726,0.8587552868397968,0.35248526327207713,0.28057306914268254,8.852918398360998e-13,236,8.33096369667885e-11,186
RPS,tabular,209,Adam-GDA,5,-0.025991673523399005,-0.8352322362941587,1.6787723876783043,1.0491951411277745,0.48996322453223834,8.796297024105115e-13,240,8.599099210471195e-11,192
RPS,tabular,209,Adam-GDA,10,0.0008426012112804778,-0.9618843584354619,2.226319415295316,1.5903238307920335,0.8176143904938056,8.65085780787922e-13,244,8.21934742489816e-11,198
RPS,tabular,209,Adam-GDA,15,0.045955809274901394,-1.0797921019624184,2.080822351662772,1.7006406272539278,1.0397835167824416,8.208989044078407e-13,243,8.554901231860867e-11,197
RPS,tabular,209,Adam-GDA,20,0.09503065159393294,-2.155136946873146,4.217855316396182,3.5871464124679067,1.1397987210378484,8.704148513061227e-13,249,8.509681848067885e-11,204
RPS,tabular,209,Adam-GDA,25,0.12166258646511777,-2.90604150098736,5.644193333714611,5.023158142631413,1.4155899523109607,8.562039965909207e-13,252,8.75988170889741e-11,207
RPS,tabular,209,Adam-GDA,30,0.08813718564260999,-3.089378349243855,5.878493030845878,5.260078218218503,1.8003644251021558,8.189005029635155e-13,253,8.450928845604722e-11,208
RPS,tabular,209,Adam-GDA,35,0.02092041566999617,-2.771472725895472,5.184044088245752,4.568664718971102,2.116383111382543,8.162359677044151e-13,252,8.326006550873899e-11,207
RPS,tabular,209,Adam-GDA,40,-0.046747558583983835,-2.1784136378895185,3.9871706040254726,3.4918420965359003,2.201846405043646,8.801848139228241e-13,249,8.840972398616032e-11,204
RPS,tabular,209,Adam-GDA,45,-0.10840281477814284,-3.0526450462169556,6.054782935462962,5.485859006580132,2.0283625527182663,8.992806499463768e-13,252,8.421841002359542e-11,208
RPS,tabular,209,Adam-GDA,50,-0.17012093033939485,-4.371956901349863,8.647918131566964,8.11191420800034,1.7667137033106297,8.446576771348191e-13,256,8.187228672795754e-11,212
RPS,tabular,209,Adam-GDA,55,-0.2376876962770947,-5.293002437770923,10.423970121321883,9.91695149564364,1.6678751470272142,8.286704655802168e-13,258,8.142819751810748e-11,214
RPS,tabular,209,Adam-GDA,60,-0.31539991431311176,-5.783391832542639,11.32608891444379,10.83237677073398,1.8501215330898984,8.144596108650148e-13,259,8.946177132429511e-11,214
RPS,tabular,209,Adam-GDA,65,-0.40558057534101244,-5.8599738573656515,11.393347614754319,10.893705469512273,2.2566644686240402,8.251177519014163e-13,259,8.15827405631353e-11,215
RPS,tabular,209,Adam-GDA,70,-0.498412824578648,-5.542496001515336,10.679321040927057,10.158747379118202,2.7763897828204214,8.677503160470224e-13,258,8.532552442375163e-11,214
RPS,tabular,209,Adam-GDA,75,-0.5595443756826607,-4.861735800255672,9.277881766908436,8.734547774245584,3.2489156700953745,8.455458555545192e-13,257,8.232081682990611e-11,213
RPS,tabular,209,Adam-GDA,80,-0.539960016242779,-3.906146261022772,7.405230869253204,6.855809942712205,3.4548860817717997,8.388845174067683e-13,255,8.918910054944718e-11,210
RPS,tabular,209,Adam-GDA,85,-0.4196625378930046,-2.846691388613946,5.797473209442543,5.349540543115028,3.251870131086344,8.690825836765725e-13,252,8.420331099046052e-11,208
RPS,tabular,209,Adam-GDA,90,-0.23859791340402736,-3.6764003981986293,8.413414916304863,7.9349284075565105,2.7279166358270084,8.242295734817162e-13,257,8.991740685360128e-11,212
RPS,tabular,209,Adam-GDA,95,-0.06102303388343358,-5.267364057542811,11.341016235444009,10.918082520450715,2.1267319626442314,8.553158181712206e-13,259,8.539213780522914e-11,215
RPS,tabular,209,Adam-GDA,100,0.07963799309875065,-6.360543748947241,13.349224669701464,12.976680549950478,1.6394031681925234,8.86402062860725e-13,260,8.914557980688187e-11,216
RPS,tabular,209,EGM,0,0.005143626748070367,-0.5569873025473726,0.8587552868397968,0.35248526327207713,0.28057306914268254,8.852918398360998e-13,236,8.33096369667885e-11,186
RPS,tabular,209,EGM,5,-0.0021428180473988733,-0.5121698113549077,0.7266487190471377,0.2985764153034342,0.27458119648697066,8.140155216551648e-13,236,8.289474662248608e-11,185
RPS,tabular,209,EGM,10,-0.008164339631975272,-0.4314095618600687,0.6438320517115984,0.26866648957007916,0.26696736383762015,8.464895451254506e-13,234,8.22193979566066e-11,183
RPS,tabular,209,EGM,15,-0.011212572256409606,-0.3221283324078842,0.678353780441593,0.27281121627443666,0.25907676155051923,8.629763570411342e-13,232,8.27496959843188e-11,180
RPS,tabular,209,EGM,20,-0.010613938638960372,-0.21120687617897585,0.6745645355118136,0.2949840018466319,0.2525546936750358,8.182898802999716e-13,235,8.239542381716092e-11,183
RPS,tabular,209,EGM,25,-0.006853403930996116,-0.24428848767255348,0.7712271589124989,0.313319048192383,0.24816266366763076,8.374412274747556e-13,236,8.233522197365062e-11,185
RPS,tabular,209,EGM,30,-0.0013437526482477898,-0.25500130817103617,0.7993293558411888,0.3125740826930066,0.24525496622298879,8.651968030903845e-13,236,8.660960837403309e-11,185
RPS,tabular,209,EGM,35,0.004071544422023159,-0.24419496047683747,0.7611286228231622,0.28930657177635355,0.2423074869288554,8.215650382226158e-13,236,8.766892767297918e-11,184
RPS,tabular,209,EGM,40,0.007720479011645048,-0.21449581074447832,0.6641760757055619,0.25255772897697787,0.23800589894955523,8.823497488208432e-13,234,8.475928292561719e-11,182
RPS,tabular,209,EGM,45,0.008616781323172444,-0.22939558737197344,0.5796519641491518,0.21835404109172263,0.23205333811068599,8.484879465697759e-13,232,8.52190956690535e-11,178
RPS,tabular,209,EGM,50,0.006722238345946674,-0.32714423493760664,0.5553964990424948,0.20104686049088147,0.22524041644822337,8.805733919814429e-13,231,8.588976752044175e-11,179
RPS,tabular,209,EGM,55,0.002883399581159874,-0.392109792219149,0.5448081804140215,0.2046324496291056,0.21883029432040987,8.548717289613705e-13,233,8.391051742329125e-11,181
RPS,tabular,209,EGM,60,-0.0015132287605939094,-0.4202719368158488,0.6419153289436612,0.21781783016121245,0.21367391159140817,8.246736626915663e-13,234,8.89344708987494e-11,181
RPS,tabular,209,EGM,65,-0.005030229355298791,-0.41145630157248536,0.6790705911035646,0.2224117086849107,0.20965955304521555,8.970602038971265e-13,233,8.202874490770284e-11,181
RPS,tabular,209,EGM,70,-0.006640344920798414,-0.36896587636714584,0.6578797333893387,0.20820825886963457,0.20589245314648735,8.938405571257135e-13,232,8.868007717044435e-11,178
RPS,tabular,209,EGM,75,-0.006013310036196812,-0.2988368445767608,0.5849421012003702,0.17905575129267529,0.20140950749101708,8.93729534823251e-13,230,8.694818476318034e-11,176
RPS,tabular,209,EGM,80,-0.003552588375792055,-0.20889258351533674,0.47036318964117757,0.14949393586451076,0.19584989114822196,8.688605390716475e-13,229,8.400638518146764e-11,177
RPS,tabular,209,EGM,85,-0.00019546137288902079,-0.10777472802151578,0.3262416469816942,0.13489487906481523,0.1896538383560205,8.962552922042732e-13,227,8.460271372356942e-11,177
RPS,tabular,209,EGM,90,0.002933493645279496,-0.18791515229827588,0.4258598502946501,0.13904737227744784,0.1837320321118098,8.78547234961502e-13,228,8.875278290076949e-11,176
RPS,tabular,209,EGM,95,0.004888892410800902,-0.26478388389422436,0.5178187668600145,0.15149324981661488,0.17884604268773097,8.798517470154366e-13,229,8.577161203504602e-11,175
RPS,tabular,209,EGM,100,0.005175631819814195,-0.31588619686887437,0.5619979171213134,0.158247076342369,0.17511501203496604,8.502643034091761e-13,231,8.87510342995057e-11,175
RPS,tabular,209,PPM-3,0,0.005143626748070367,-0.5569873025473726,0.8587552868397968,0.35248526327207713,0.28057306914268254,8.852918398360998e-13,236,8.33096369667885e-11,186
RPS,tabular,209,PPM-3,5,-0.0021210549996576755,-0.512385174872761,0.7271645504941314,0.29873417691137927,0.2746074875588808,8.144596108650148e-13,236,8.294143150067157e-11,185
RPS,tabular,209,PPM-3,10,-0.008135318867043714,-0.43204329360471433,0.6434677545395884,0.26875963819975035,0.2670258055463761,8.477663016037695e-13,234,8.236472615053003e-11,183
RPS,tabular,209,PPM-3,15,-0.011202311823300464,-0.32330835407272224,0.6783421559565987,0.27267200226915955,0.2591573402173302,8.600897771771088e-13,232,8.302461496079161e-11,180
RPS,tabular,209,PPM-3,20,-0.010645394921148393,-0.21060600201326826,0.6728942413365064,0.294705600881994,0.2526355131653255,8.164025011581089e-13,235,8.208972390733038e-11,183
RPS,tabular,209,PPM-3,25,-0.006932885382250744,-0.2438907761488607,0.770218517917846,0.3131707550104929,0.2482295783780539,8.365530490550555e-13,236,8.218081770650087e-11,185
RPS,tabular,209,PPM-3,30,-0.0014543718955169177,-0.25495804881823736,0.7994381152470069,0.3128353591542845,0.24531841122566608,8.654188476953095e-13,236,8.665912432093137e-11,185
RPS,tabular,209,PPM-3,35,0.003966083118283147,-0.24461809532063183,0.7626939552389903,0.2900642888479533,0.2423985583919283,8.234524173644786e-13,236,8.80125972102519e-11,184
RPS,tabular,209,PPM-3,40,0.007662572924310806,-0.21544287647936675,0.6673714420326871,0.25358977392561177,0.23815370903921687,8.867906409193438e-13,234,8.549530527979243e-11,182
RPS,tabular,209,PPM-3,45,0.008637168033834438,-0.22615767670599066,0.5797533083036982,0.21920910572686564,0.2322616540186559,8.565925746495395e-13,232,8.649723992615321e-11,178
RPS,tabular,209,PPM-3,50,0.0068253336640540785,-0.3244912245725267,0.5570229901186978,0.20129472178834681,0.22548146631005905,8.734124534726107e-13,231,8.521602867794797e-11,179
RPS,tabular,209,PPM-3,55,0.0030424159449720808,-0.3904534365160388,0.5401939200408311,0.2042511655956658,0.21906282792316029,8.512635041313388e-13,233,8.355124925252255e-11,181
RPS,tabular,209,PPM-3,60,-0.001348737977582111,-0.4199338105894841,0.6392097063735104,0.21737410349145336,0.21387511225964811,8.240075288767912e-13,234,8.898451420158437e-11,181
RPS,tabular,209,PPM-3,65,-0.00491694465367816,-0.41261977885211915,0.6787365724287655,0.2226118959690221,0.20984528347939305,8.996137168537643e-13,233,8.258965733531909e-11,181
RPS,tabular,209,PPM-3,70,-0.006620444510904357,-0.37165112922710425,0.6601281792802318,0.20932385396734327,0.2061069252654721,8.102962745226705e-13,233,8.103726023556135e-11,179
RPS,tabular,209,PPM-3,75,-0.006098375511027342,-0.30290059624416993,0.5897206372092049,0.18071055118337018,0.20169234709538741,8.152922781334837e-13,231,8.650304084145688e-11,176
RPS,tabular,209,PPM-3,80,-0.0037183819998192974,-0.21404936553965115,0.47738072437566564,0.15083983574614163,0.19620607166121815,8.750222768583171e-13,229,8.386616401345748e-11,177
RPS,tabular,209,PPM-3,85,-0.0003895945817243997,-0.11363239237031691,0.3350138605319969,0.1352254680800796,0.19004713455296082,8.174017018802715e-13,228,8.474534962665814e-11,177
RPS,tabular,209,PPM-3,90,0.0027739224206552522,-0.18262060616529033,0.4189986070646001,0.13847311342144358,0.18410706651985712,8.727740752334512e-13,228,8.928453809620152e-11,176
RPS,tabular,209,PPM-3,95,0.004816144399149093,-0.2607266315613384,0.5135284831813375,0.1508248025969936,0.17916583333277475,8.664180484174722e-13,229,8.682637941959115e-11,175
RPS,tabular,209,PPM-3,100,0.0052139744871114455,-0.3134472288674254,0.5607172740516083,0.1582566552375731,0.17538686909610315,8.437139875638877e-13,231,8.732971290559277e-11,175
CyclicControl,tabular,200,QP+G,0,-0.0016761143748635857,-0.3058931834662882,0.883462827676545,0.48117411039700164,0.15935780641529498,8.266720641358916e-13,237,8.707035092925253e-11,188
CyclicControl,tabular,200,QP+G,5,0.00012195115731526436,-0.2996847008039631,0.8602568768008536,0.46147181301216944,0.15555980508068556,8.912870441690757e-13,236,8.267919682225511e-11,188
CyclicControl,tabular,200,QP+G,10,0.0016879485083956278,-0.30426354724226157,0.8466704237754566,0.4421272519871845,0.1518218962785236,8.624212455288216e-13,236,8.681699803503307e-11,187
CyclicControl,tabular,200,QP+G,15,0.0030289996952782253,-0.3073391962388513,0.8305604443858793,0.423207153155001,0.14814689194663522,8.318901123516298e-13,236,8.166201048709354e-11,187
CyclicControl,tabular,200,QP+G,20,0.004155484731776706,-0.3089459200516226,0.8121039146874365,0.4047847969015269,0.14453775142601222,8.889000646661316e-13,235,8.496592318607554e-11,186
CyclicControl,tabular,200,QP+G,25,0.0050802700181157324,-0.30912645845833064,0.791480959909311,0.38694905005991803,0.14099742759700587,8.521516825510389e-13,235,8.803796580636458e-11,185
CyclicControl,tabular,200,QP+G,30,0.005818001273084426,-0.3079312086423201,0.7688736035497652,0.3698054582165175,0.13752873692963502,8.143485885625523e-13,235,8.180131572110838e-11,185
CyclicControl,tabular,200,QP+G,35,0.006384470936698382,-0.30541738593436746,0.7444645649850141,0.35346737496795233,0.13413425215699912,8.618106228652778e-13,234,8.420325547930929e-11,184
CyclicControl,tabular,200,QP+G,40,0.006796065931049549,-0.3095992092427236,0.7263871576706052,0.3380391958884732,0.13081621608248106,8.180678356950466e-13,234,8.649284066741814e-11,183
CyclicControl,tabular,200,QP+G,45,0.007069298105663143,-0.3158271428137205,0.7101043173079866,0.3235967499004218,0.12757647506602224,8.598122214209525e-13,233,8.873862755720552e-11,182
CyclicControl,tabular,200,QP+G,50,0.007220416643501718,-0.32046487816172065,0.6920854409287617,0.3101711724801728,0.12441643087800237,8.104628079763643e-13,233,8.191516909228369e-11,182
CyclicControl,tabular,200,QP+G,55,0.007265099180180869,-0.32357906018984606,0.6724960372521146,0.2977415452209586,0.12133700976208173,8.454348332520567e-13,232,8.406153551021589e-11,181
CyclicControl,tabular,200,QP+G,60,0.007218216392884005,-0.3252404159555483,0.6514988424053192,0.28623837506254,0.11833864764199443,8.782974347809613e-13,231,8.636147352802936e-11,180
CyclicControl,tabular,200,QP+G,65,0.007093663333958725,-0.32552298834550003,0.6330475119156254,0.27555603559921704,0.11542129040447328,8.761324998829423e-13,231,8.885855939944065e-11,179
CyclicControl,tabular,200,QP+G,70,0.006868759056926248,-0.32235400726382873,0.6220667132459106,0.2654083303420655,0.11266946923474187,8.676392937445598e-13,231,8.754158509205467e-11,179
CyclicControl,tabular,200,QP+G,75,0.006597565810871122,-0.31644009555298114,0.6094946895743052,0.25553982070802655,0.11009123623600973,8.517075933411888e-13,231,8.482527180664334e-11,179
CyclicControl,tabular,200,QP+G,80,0.0063228156090175715,-0.3096025865702106,0.5966470898817823,0.24595742256046868,0.10762444559202397,8.332778911324112e-13,231,8.159688202891147e-11,179
CyclicControl,tabular,200,QP+G,85,0.006054251866093503,-0.3024753273131282,0.5838807718215577,0.23667728595339113,0.10524103264956448,8.141265439576273e-13,231,8.690867470129149e-11,178
CyclicControl,tabular,200,QP+G,90,0.005794691525241924,-0.2953161970074181,0.5713125104909411,0.22770523014240335,0.10292711517807537,8.83182416089312e-13,230,8.315875765774194e-11,178
CyclicControl,tabular,200,QP+G,95,0.005545082148214231,-0.2882402364563876,0.558984907368623,0.2190401331862781,0.10067508500825825,8.619771563189715e-13,230,8.832383435741775e-11,177
CyclicControl,tabular,200,QP+G,100,0.005305717212629722,-0.281301190474379,0.5469135058647283,0.2106772011366923,0.09848029147768682,8.412714969097124e-13,230,8.438057197412974e-11,177
CyclicControl,tabular,200,noG,0,-0.0016761143748635857,-0.3058931834662882,0.883462827676545,0.48117411039700164,0.15935780641529498,8.266720641358916e-13,237,8.707035092925253e-11,188
CyclicControl,tabular,200,noG,5,0.00037903894834114796,-0.3064490800138514,0.8796761818651562,0.4780481009198283,0.15908031733709752,8.202327705930657e-13,237,8.55556181456052e-11,188
CyclicControl,tabular,200,noG,10,0.0023537113274190134,-0.31834728448484906,0.8852673648252465,0.47477509697414844,0.15877603042022406,8.113509863960644e-13,237,8.365302894830506e-11,188
CyclicControl,tabular,200,noG,15,0.004219282103777443,-0.32920918434799845,0.8878952707381564,0.47135756217993546,0.15844620994374933,8.884004643050503e-13,236,8.138278939640031e-11,188
CyclicControl,tabular,200,noG,20,0.005949981624016837,-0.33897408020770486,0.8875444439130558,0.4677830657652971,0.15809295921518177,8.72191208145523e-13,236,8.752637503661731e-11,187
CyclicControl,tabular,200,noG,25,0.007523332555004238,-0.34758421575625564,0.8842099357117703,0.4640434240673997,0.15771911217342033,8.533174167268953e-13,236,8.4292961499699e-11,187
CyclicControl,tabular,200,noG,30,0.008920507269084655,-0.354985368175669,0.8778976705958348,0.46015843654493405,0.15732810871088393,8.314460231417797e-13,236,8.975536980315724e-11,186
CyclicControl,tabular,200,noG,35,0.010126593617138992,-0.36174205160851863,0.869239373973693,0.45619633041290736,0.15692385844073545,8.966161146872764e-13,235,8.561767961268174e-11,186
CyclicControl,tabular,200,noG,40,0.011130764110674603,-0.3803653074124169,0.8708200362492433,0.45228499058447624,0.15651059739155374,8.664735595687034e-13,235,8.133971274304486e-11,186
CyclicControl,tabular,200,noG,45,0.011926346349538645,-0.397499293257359,0.8693641264567691,0.4486099041139846,0.15609274171867207,8.335554468885675e-13,235,8.55892023921001e-11,185
CyclicControl,tabular,200,noG,50,0.01251079536373727,-0.41307683341109114,0.8648907198974538,0.4453959382883552,0.15567474205945322,8.867906409193438e-13,234,8.988745858751201e-11,184
CyclicControl,tabular,200,noG,55,0.012885571293486903,-0.4270376408209181,0.8574312531731578,0.44287229360960795,0.15526094170709806,8.447686994372816e-13,234,8.49317560724927e-11,184
CyclicControl,tabular,200,noG,60,0.013055928424327538,-0.43932874493738366,0.8470294441042616,0.44122543650498336,0.15485544139889573,8.620326674702028e-13,234,8.762648939786288e-11,184
CyclicControl,tabular,200,noG,65,0.01303062394580583,-0.4499048638574936,0.8375397940766407,0.44055278115170315,0.15446197325250643,8.827938380306932e-13,234,8.231673676029061e-11,185
CyclicControl,tabular,200,noG,70,0.012862814873891768,-0.45751317227027405,0.8416964700101277,0.4407130611328031,0.15413351024525965,8.976708265606703e-13,234,8.51370363097459e-11,185
CyclicControl,tabular,200,noG,75,0.01276997057866899,-0.4599100787240461,0.8426589751601369,0.4408874980511691,0.15400911669473827,8.121836536645333e-13,235,8.611239499245471e-11,185
CyclicControl,tabular,200,noG,80,0.012735877266177736,-0.46065616909220664,0.8429118098442818,0.4409559023745195,0.1539674154964694,8.134604101428522e-13,235,8.642719873108717e-11,185
CyclicControl,tabular,200,noG,85,0.012723993703423798,-0.4609030378697131,0.8429899857528874,0.4409801400887075,0.15395327195056152,8.139044993527023e-13,235,8.653266991842656e-11,185
CyclicControl,tabular,200,noG,90,0.012719907710329669,-0.4609864617659081,0.8430157627283644,0.4409885161748652,0.1539484522508408,8.14071032806396e-13,235,8.656847461097072e-11,185
CyclicControl,tabular,200,noG,95,0.012718508748316511,-0.46101485723939273,0.8430244617471245,0.44099138877315525,0.15394680705401648,8.141265439576273e-13,235,8.65806870642416e-11,185
CyclicControl,tabular,200,noG,100,0.012718030443306048,-0.46102454625244194,0.843027421261488,0.4409923714683817,0.15394624513817834,8.141265439576273e-13,235,8.658482264500833e-11,185
CyclicControl,tabular,200,GDA,0,-0.0016761143748635857,-0.3058931834662882,0.883462827676545,0.48117411039700164,0.15935780641529498,8.266720641358916e-13,237,8.707035092925253e-11,188
CyclicControl,tabular,200,GDA,5,0.00037903894834114796,-0.3064490800138514,0.8796761818651562,0.4780481009198283,0.15908031733709752,8.202327705930657e-13,237,8.55556181456052e-11,188
CyclicControl,tabular,200,GDA,10,0.0023537113274190134,-0.31834728448484906,0.8852673648252465,0.47477509697414844,0.15877603042022406,8.113509863960644e-13,237,8.365302894830506e-11,188
CyclicControl,tabular,200,GDA,15,0.004219282103777443,-0.32920918434799845,0.8878952707381564,0.47135756217993546,0.15844620994374933,8.884004643050503e-13,236,8.138278939640031e-11,188
CyclicControl,tabular,200,GDA,20,0.005949981624016837,-0.33897408020770486,0.8875444439130558,0.4677830657652971,0.15809295921518177,8.72191208145523e-13,236,8.752637503661731e-11,187
CyclicControl,tabular,200,GDA,25,0.007523332555004238,-0.34758421575625564,0.8842099357117703,0.4640434240673997,0.15771911217342033,8.533174167268953e-13,236,8.4292961499699e-11,187
CyclicControl,tabular,200,GDA,30,0.008920507269084655,-0.354985368175669,0.8778976705958348,0.46015843654493405,0.15732810871088393,8.314460231417797e-13,236,8.975536980315724e-11,186
CyclicControl,tabular,200,GDA,35,0.010126593617138992,-0.36174205160851863,0.869239373973693,0.45619633041290736,0.15692385844073545,8.966161146872764e-13,235,8.561767961268174e-11,186
CyclicControl,tabular,200,GDA,40,0.011130764110674603,-0.3803653074124169,0.8708200362492433,0.45228499058447624,0.15651059739155374,8.664735595687034e-13,235,8.133971274304486e-11,186
CyclicControl,tabular,200,GDA,45,0.011926346349538645,-0.397499293257359,0.8693641264567691,0.4486099041139846,0.15609274171867207,8.335554468885675e-13,235,8.55892023921001e-11,185
CyclicControl,tabular,200,GDA,50,0.01251079536373727,-0.41307683341109114,0.8648907198974538,0.4453959382883552,0.15567474205945322,8.867906409193438e-13,234,8.988745858751201e-11,184
CyclicControl,tabular,200,GDA,55,0.012885571293486903,-0.4270376408209181,0.8574312531731578,0.44287229360960795,0.15526094170709806,8.447686994372816e-13,234,8.49317560724927e-11,184
CyclicControl,tabular,200,GDA,60,0.013055928424327538,-0.43932874493738366,0.8470294441042616,0.44122543650498336,0.15485544139889573,8.620326674702028e-13,234,8.762648939786288e-11,184
CyclicControl,tabular,200,GDA,65,0.01303062394580583,-0.4499048638574936,0.8375397940766407,0.44055278115170315,0.15446197325250643,8.827938380306932e-13,234,8.231673676029061e-11,185
CyclicControl,tabular,200,GDA,70,0.01282155684515953,-0.4587287184276117,0.842249558999682,0.4408345621426653,0.15408378625147304,8.101297410689767e-13,235,8.562184294902409e-11,185
CyclicControl,tabular,200,GDA,75,0.012443349025392304,-0.46894175702856206,0.8473718821341101,0.4419360174989438,0.15372354566146068,8.282263763703668e-13,235,8.873252133057008e-11,185
CyclicControl,tabular,200,GDA,80,0.011912882006071983,-0.48028598340232176,0.8526467070815573,0.4436377530158879,0.15338324880550713,8.482103908136196e-13,235,8.244549487557151e-11,186
CyclicControl,tabular,200,GDA,85,0.011248803393734016,-0.4896770292936447,0.8549878408028879,0.4456793293987263,0.15306415967156722,8.646972027293032e-13,235,8.478401314349071e-11,186
CyclicControl,tabular,200,GDA,90,0.0104710176787075,-0.49709455972093564,0.8543737325023091,0.4477988671610002,0.1527667647888435,8.777423232686488e-13,235,8.684586383367332e-11,186
CyclicControl,tabular,200,GDA,95,0.009600175822051082,-0.5055298470490912,0.8537954725890149,0.44975881169255694,0.1524907526121552,8.928413564035509e-13,235,8.860745470684606e-11,186
CyclicControl,tabular,200,GDA,100,0.008657177550104393,-0.5158092744168926,0.8613808237749416,0.45135731173851207,0.15223501823259775,8.198441925344468e-13,236,8.104600324188027e-11,187
CyclicControl,tabular,200,Adam-GDA,0,-0.0016761143748635857,-0.3058931834662882,0.883462827676545,0.48117411039700164,0.15935780641529498,8.266720641358916e-13,237,8.707035092925253e-11,188
CyclicControl,tabular,200,Adam-GDA,5,0.02276135699873304,-0.780231573614868,1.6206809267702353,1.04411687890291,0.25092473204833343,8.764100556390986e-13,240,8.957046215840592e-11,192
CyclicControl,tabular,200,Adam-GDA,10,0.006709617875963557,-1.3142676931381105,2.3362024214715174,1.7232861575815812,0.35927733544293167,8.995026945513018e-13,244,8.812883756093015e-11,198
CyclicControl,tabular,200,Adam-GDA,15,-0.04157188125753568,-1.696426356786623,2.7227568080378104,2.139849200919512,0.48830596588914466,8.464340339742193e-13,247,8.81301698285597e-11,201
CyclicControl,tabular,200,Adam-GDA,20,-0.11760686151472992,-2.03939819301744,3.7920592304565073,3.1780537998660607,0.5959405252276284,8.237854842718662e-13,249,8.921019478691505e-11,203
CyclicControl,tabular,200,Adam-GDA,25,-0.19446646027606385,-2.291452731421324,5.005379482892517,4.389591178357559,0.6974803427800275,8.890665981198254e-13,251,8.112621685540944e-11,207
CyclicControl,tabular,200,Adam-GDA,30,-0.1599174781551086,-2.225646272325082,5.618606029376979,5.015145441209472,0.8280965167758352,8.095746295566641e-13,254,8.454170696836627e-11,209
CyclicControl,tabular,200,Adam-GDA,35,0.06728811834830206,-2.250997284993235,5.911252618456597,5.335976754471785,0.9747551920768613,8.730793865652231e-13,254,8.284217756227008e-11,210
CyclicControl,tabular,200,Adam-GDA,40,0.4056719441579965,-2.4951264517864202,5.956823128576792,5.3916943240939945,1.0799017927573769,8.255618411112664e-13,254,8.752110147725034e-11,209
CyclicControl,tabular,200,Adam-GDA,45,0.6621656501364848,-2.919271545805893,6.087523929261197,5.534394504077504,1.1183835994397748,8.43769498715119e-13,253,8.86570816760468e-11,208
CyclicControl,tabular,200,Adam-GDA,50,0.6663108035157027,-3.75212099209743,7.017034580557885,6.460230508135264,1.1723229393294257,8.952838470577262e-13,254,8.542411222833834e-11,210
CyclicControl,tabular,200,Adam-GDA,55,0.38866865602351963,-4.636809755421285,8.271524202576572,7.741066475562762,1.2916419463262043,8.952838470577262e-13,256,8.706457776952448e-11,212
CyclicControl,tabular,200,Adam-GDA,60,-0.04032554700373988,-5.421763915864479,9.68883040318482,9.175350241939796,1.39905977447411,8.482103908136196e-13,258,8.347011970499807e-11,214
CyclicControl,tabular,200,Adam-GDA,65,-0.43235373420501033,-5.881931960000138,10.794214509855374,10.296173729957683,1.4113179697136133,8.29558643999917e-13,259,8.201084256143076e-11,215
CyclicControl,tabular,200,Adam-GDA,70,-0.670273259004974,-5.971926758005891,11.325435682311737,10.83739433295026,1.3764625177006369,8.419931418757187e-13,259,8.337419643567046e-11,215
CyclicControl,tabular,200,Adam-GDA,75,-0.7465462029428935,-5.637966583362203,11.118041020870422,10.63039552571368,1.4577285757525023,8.828493491819245e-13,258,8.710010490631248e-11,214
CyclicControl,tabular,200,Adam-GDA,80,-0.6929587396549317,-4.83865204161225,10.05667114763149,9.575691435888764,1.6873336370747753,8.15347789284715e-13,258,8.894307512719024e-11,213
CyclicControl,tabular,200,Adam-GDA,85,-0.48801828228789235,-4.298709648595255,9.463350694687286,8.979839761746321,1.9040358751950714,8.988365607365267e-13,257,8.829914577290765e-11,213
CyclicControl,tabular,200,Adam-GDA,90,-0.1046304518321596,-4.536546113240969,9.761648218655168,9.2886616099216,1.9470554978841217,8.197886813832156e-13,258,8.969713860551565e-11,213
CyclicControl,tabular,200,Adam-GDA,95,0.3297580546659935,-5.191269978897082,10.479838121349536,10.050897318794926,1.7837164440923359,8.242295734817162e-13,258,8.169998011453572e-11,214
CyclicControl,tabular,200,Adam-GDA,100,0.6159164725429189,-5.802572661550822,11.762990656083936,11.354538529577887,1.5447109832196673,8.402167850363185e-13,259,8.342304624875396e-11,215
CyclicControl,tabular,200,EGM,0,-0.0016761143748635857,-0.3058931834662882,0.883462827676545,0.48117411039700164,0.15935780641529498,8.266720641358916e-13,237,8.707035092925253e-11,188
CyclicControl,tabular,200,EGM,5,0.00037098169588722896,-0.3062443170147455,0.8790882076573785,0.4775444026414526,0.15897358936911046,8.197886813832156e-13,237,8.546829910471843e-11,188
CyclicControl,tabular,200,EGM,10,0.002332124121687788,-0.31791625914988325,0.8840856360742768,0.4737678441341554,0.1585625469347177,8.102407633714392e-13,237,8.348294278093249e-11,188
CyclicControl,tabular,200,EGM,15,0.004179529086384325,-0.32853206918963224,0.8861201133289478,0.4698485974242893,0.15812604338170771,8.8662410746565e-13,236,8.113631988493353e-11,188
CyclicControl,tabular,200,EGM,20,0.00588841993979697,-0.33803304989563965,0.8851824470327372,0.4657770059591974,0.1576662697925344,8.699707620962727e-13,236,8.717548904968453e-11,187
CyclicControl,tabular,200,EGM,25,0.007437429689724417,-0.346363772094645,0.8812740619644849,0.4615486840204628,0.1571861317351537,8.505418591653324e-13,236,8.387485150862517e-11,187
CyclicControl,tabular,200,EGM,30,0.008808916001200788,-0.3534726527707086,0.8744073137788128,0.4571877124497339,0.15668912183305286,8.282263763703668e-13,236,8.922823591106521e-11,186
CyclicControl,tabular,200,EGM,35,0.009989182639225623,-0.35978088177493767,0.8650741022119945,0.45276613434132923,0.15617918196938738,8.927303341010884e-13,235,8.50411407959939e-11,186
CyclicControl,tabular,200,EGM,40,0.010968604046763055,-0.3780238473967386,0.86608693525204,0.4484139616066587,0.1556605595575296,8.621992009238966e-13,235,8.969675002745703e-11,185
CyclicControl,tabular,200,EGM,45,0.01174165254970223,-0.3947629707945221,0.864090356117558,0.4443158093447241,0.15513766187771455,8.291145547900669e-13,235,8.488254543692619e-11,185
CyclicControl,tabular,200,EGM,50,0.012306830431749367,-0.4099352664384278,0.8591100527630031,0.44069164045095605,0.15461491199948527,8.816281038548368e-13,234,8.908637716409373e-11,184
CyclicControl,tabular,200,EGM,55,0.012666511737316385,-0.4234848387724488,0.8511838633636186,0.4377615786124454,0.15409660935660824,8.394951400703121e-13,234,8.412320839923382e-11,184
CyclicControl,tabular,200,EGM,60,0.012826701060011308,-0.4353632661600333,0.840361632796971,0.43570022523111235,0.1535867976732221,8.542611062978267e-13,234,8.633621595421914e-11,184
CyclicControl,tabular,200,EGM,65,0.012796718689123084,-0.44552992674864295,0.8305531885985318,0.4345932711366757,0.15308914269117416,8.741896095898483e-13,234,8.101369575186368e-11,185
CyclicControl,tabular,200,EGM,70,0.012588823258776173,-0.4539522645283084,0.8346789848945313,0.43441278233436287,0.15260682202406034,8.906764215055318e-13,234,8.41746672364252e-11,185
CyclicControl,tabular,200,EGM,75,0.012217784428626205,-0.46359583102714974,0.8390558109638918,0.43502160470340706,0.15214242943910317,8.187894806610529e-13,235,8.714040600210637e-11,185
CyclicControl,tabular,200,EGM,80,0.011700419088063959,-0.47449246696363506,0.8437146626022698,0.43620374963100095,0.151697895893354,8.379963389870682e-13,235,8.987005584160102e-11,185
CyclicControl,tabular,200,EGM,85,0.011055105097775225,-0.48345274400873395,0.8454657058327419,0.4377062225157028,0.15127442965705387,8.537615059367454e-13,235,8.309464227806984e-11,186
CyclicControl,tabular,200,EGM,90,0.01030128665630903,-0.49046151604474764,0.8442942141753522,0.4392763901973711,0.1508724777680157,8.661960038125471e-13,235,8.503392434633383e-11,186
CyclicControl,tabular,200,EGM,95,0.009458985011874399,-0.49828242921860155,0.8429655081785273,0.4406861174906405,0.15049171080552315,8.799627693178991e-13,235,8.667883077961847e-11,186
CyclicControl,tabular,200,EGM,100,0.008548327451889423,-0.5081395144040239,0.8497021101683724,0.4417424541524204,0.1501310324975303,8.975042931069765e-13,235,8.801337436636913e-11,186
CyclicControl,tabular,200,PPM-3,0,-0.0016761143748635857,-0.3058931834662882,0.883462827676545,0.48117411039700164,0.15935780641529498,8.266720641358916e-13,237,8.707035092925253e-11,188
CyclicControl,tabular,200,PPM-3,5,0.0003707078079128261,-0.30624232662025463,0.8790877083482259,0.47754504599910885,0.15897370674268416,8.197886813832156e-13,237,8.546874319392828e-11,188
CyclicControl,tabular,200,PPM-3,10,0.002331626882666952,-0.31791252318219565,0.8840854682670244,0.4737692692383943,0.1585627886160558,8.102407633714392e-13,237,8.348388647050342e-11,188
CyclicControl,tabular,200,PPM-3,15,0.004178870774648317,-0.3285268698904228,0.8861211193423854,0.46985095953158024,0.15812641575122674,8.8662410746565e-13,236,8.113776317486554e-11,188
CyclicControl,tabular,200,PPM-3,20,0.005887671795156001,-0.338026706074909,0.885185474033322,0.46578046727325756,0.1576667782345772,8.699707620962727e-13,236,8.717804256264117e-11,187
CyclicControl,tabular,200,PPM-3,25,0.00743666884478471,-0.3463566375538583,0.8812799548699934,0.4615533887508705,0.15718678028101216,8.505418591653324e-13,236,8.387812666654781e-11,187
CyclicControl,tabular,200,PPM-3,30,0.008808222241896998,-0.35346511401653913,0.874416907807953,0.45719374626481424,0.15668991290128287,8.283373986728293e-13,236,8.923273231431494e-11,186
CyclicControl,tabular,200,PPM-3,35,0.009988635117299896,-0.3597646134540613,0.865079473572943,0.45277347432674797,0.15618011621033598,8.927858452523196e-13,235,8.504663639996579e-11,186
CyclicControl,tabular,200,PPM-3,40,0.010968278066830376,-0.3780069957983609,0.8660965803740187,0.4484224284355186,0.15566163580440368,8.623102232263591e-13,235,8.970368892136094e-11,185
CyclicControl,tabular,200,PPM-3,45,0.011741616548713708,-0.3947460732607531,0.8641051073171673,0.44432503851724126,0.1551388772025698,8.291700659412982e-13,235,8.489009495349364e-11,185
CyclicControl,tabular,200,PPM-3,50,0.012307143259409379,-0.40991888334689713,0.8591307070548693,0.44070109286751513,0.15461626186919505,8.816836150060681e-13,234,8.909523119271512e-11,184
CyclicControl,tabular,200,PPM-3,55,0.012667220332798166,-0.4234695480425328,0.8512111744048634,0.43777060679115165,0.15409808788108686,8.395506512215434e-13,234,8.413209018343082e-11,184
CyclicControl,tabular,200,PPM-3,60,0.012827838603759724,-0.4353496574052261,0.8403963031186998,0.43570819359313373,0.15358839793573037,8.542611062978267e-13,234,8.633069259467163e-11,184
CyclicControl,tabular,200,PPM-3,65,0.012798303289335289,-0.4455185951534241,0.8305475684765005,0.43459969973352564,0.1530908571482259,8.741896095898483e-13,234,8.100886628170656e-11,185
CyclicControl,tabular,200,PPM-3,70,0.012590857211091537,-0.45394380452981986,0.8346778404169388,0.4344174621934306,0.15260864296010582,8.906764215055318e-13,234,8.417014307759985e-11,185
CyclicControl,tabular,200,PPM-3,75,0.012220254065444854,-0.46357820178478554,0.8390472934334539,0.43502464146450415,0.15214434945870442,8.187339695098217e-13,235,8.713646471036895e-11,185
CyclicControl,tabular,200,PPM-3,80,0.011703295211586959,-0.4744783782301806,0.8437116857097922,0.4362055286297869,0.15169990843103587,8.379963389870682e-13,235,8.986666966137591e-11,185
CyclicControl,tabular,200,PPM-3,85,0.011058343969143892,-0.4834428373590691,0.8454691273199124,0.4377073247855161,0.15127652948260134,8.537615059367454e-13,235,8.309236632086936e-11,186
CyclicControl,tabular,200,PPM-3,90,0.010304831492921544,-0.4904564109156211,0.84430488168671,0.43927750007488203,0.15087466146298467,8.659739592076221e-13,235,8.503253656755305e-11,186
CyclicControl,tabular,200,PPM-3,95,0.009462767926837874,-0.4982715892084227,0.8429731246989649,0.4406879493062015,0.1504939771855429,8.799627693178991e-13,235,8.667844220155985e-11,186
CyclicControl,tabular,200,PPM-3,100,0.00855227175431297,-0.5081342990895642,0.8496779514887076,0.4417457048778799,0.15013338295501658,8.97393270804514e-13,235,8.80142070336376e-11,186
CyclicControl,tabular,201,QP+G,0,-0.008042421501014259,-0.4219789258516133,0.824461493150286,0.37495322739996845,0.13372106662130956,8.27837798311748e-13,234,8.251394012503965e-11,183
CyclicControl,tabular,201,QP+G,5,-0.007835929978101723,-0.401414104792321,0.8072021299137733,0.3612696148639898,0.130579446768175,8.84459172567631e-13,233,8.496398029578245e-11,182
CyclicControl,tabular,201,QP+G,10,-0.00757179315364664,-0.3789192206251252,0.7886248037565768,0.3480175129391415,0.12748800279048653,8.930634010084759e-13,233,8.545489316169608e-11,182
CyclicControl,tabular,201,QP+G,15,-0.0072202187114797645,-0.35410333912964437,0.767970588081785,0.3351713094105462,0.1244467670785235,8.11906097908377e-13,234,8.63407678686201e-11,182
CyclicControl,tabular,201,QP+G,20,-0.006761967857920285,-0.33089610787617874,0.7474565913310245,0.32267663530739976,0.12148194938579805,8.172351684265777e-13,234,8.695727471419445e-11,182
CyclicControl,tabular,201,QP+G,25,-0.006213486899701656,-0.3180582002071213,0.737222407575844,0.3105324837612778,0.1185981191882176,8.22675261247241e-13,234,8.713593735443226e-11,182
CyclicControl,tabular,201,QP+G,30,-0.005595342408529083,-0.30471309336465,0.7265581375558585,0.298748039422498,0.11579222198458461,8.279488206142105e-13,234,8.685271946085038e-11,182
CyclicControl,tabular,201,QP+G,35,-0.0049276450651059445,-0.2909462139259728,0.7136604614489932,0.287326942792987,0.11306126778511913,8.296696663023795e-13,234,8.609937762749098e-11,182
CyclicControl,tabular,201,QP+G,40,-0.0042296011960246144,-0.27684000353902405,0.698680791886156,0.27626664182508825,0.11040234643702189,8.278933094629792e-13,234,8.488121316929664e-11,182
CyclicControl,tabular,201,QP+G,45,-0.003519135661282825,-0.2624735968330241,0.6817739855948142,0.2655584746115198,0.1078126421460208,8.22897305852166e-13,234,8.321540678757344e-11,182
CyclicControl,tabular,201,QP+G,50,-0.0028125888477666342,-0.24792255006095099,0.6630972884649098,0.25518836215456947,0.1052894463833876,8.147926777724024e-13,234,8.112907567969785e-11,182
CyclicControl,tabular,201,QP+G,55,-0.0021244879926624197,-0.23325861895055397,0.6428093120612828,0.2451381590293268,0.10283016864309946,8.930634010084759e-13,233,8.739772794363887e-11,181
CyclicControl,tabular,201,QP+G,60,-0.0014673908296816962,-0.21854958386152948,0.6210690498776943,0.23538765500569192,0.10043234476804472,8.777423232686488e-13,233,8.427220032913851e-11,181
CyclicControl,tabular,201,QP+G,65,-0.0008517976545618117,-0.21011545364763431,0.6042912741237128,0.2259170216247468,0.09809364277801788,8.595346656647962e-13,233,8.98007779248644e-11,180
CyclicControl,tabular,201,QP+G,70,-0.00028612636323379156,-0.20578384084376197,0.5904011142864253,0.2167093048360148,0.09581186629434993,8.386624728018433e-13,233,8.566880538296573e-11,180
CyclicControl,tabular,201,QP+G,75,0.00022325616919472455,-0.2074372253468946,0.5813805424145567,0.20775249267720938,0.09358495576304826,8.154033004359462e-13,233,8.130859874277974e-11,180
CyclicControl,tabular,201,QP+G,80,0.0006719538358936284,-0.20891079508058233,0.5711654605939884,0.19904076479894456,0.09141098773384695,8.776313009661862e-13,232,8.532283213291691e-11,179
CyclicControl,tabular,201,QP+G,85,0.001057420143482964,-0.21162933249274457,0.5612818656238145,0.19057471538032503,0.08928817246532053,8.471001677889944e-13,232,8.911701931957339e-11,178
CyclicControl,tabular,201,QP+G,90,0.0013788043257733562,-0.21345148598938543,0.5496894353182115,0.18236056038673346,0.08721485010808624,8.145706331674774e-13,232,8.340667045914074e-11,178
CyclicControl,tabular,201,QP+G,95,0.0016367728252926208,-0.21439404023608616,0.5365051549046709,0.17440853051406638,0.08518948568195327,8.67028671081016e-13,231,8.639020054879154e-11,177
CyclicControl,tabular,201,QP+G,100,0.0018333139366174494,-0.2144782164709389,0.521849018370915,0.16673077468824382,0.08321066302085088,8.273381979506667e-13,231,8.916371807554668e-11,176
CyclicControl,tabular,201,noG,0,-0.008042421501014259,-0.4219789258516133,0.824461493150286,0.37495322739996845,0.13372106662130956,8.27837798311748e-13,234,8.251394012503965e-11,183
CyclicControl,tabular,201,noG,5,-0.008265434823923303,-0.4116929244032945,0.8258121256189848,0.3752094554491623,0.13348802792590345,8.12350187118227e-13,234,8.857833910802526e-11,182
CyclicControl,tabular,201,noG,10,-0.008445172007120257,-0.39862078577863685,0.8256479913832646,0.37546502720847896,0.13322418538171038,8.376632720796806e-13,234,8.243752902536983e-11,183
CyclicControl,tabular,201,noG,15,-0.00853748700540432,-0.3817739418869329,0.8229636206290272,0.3756850012819866,0.13292604876792274,8.65529869997772e-13,234,8.650846705648974e-11,183
CyclicControl,tabular,201,noG,20,-0.00849062919347965,-0.36308154993458275,0.8173558461917828,0.375767635741268,0.13263188808026888,8.911760218666132e-13,234,8.150491392910908e-11,184
CyclicControl,tabular,201,noG,25,-0.008299018989189328,-0.3552170046479721,0.8219989915100098,0.3756915957520264,0.13234792931160094,8.243405957841787e-13,235,8.497230696846714e-11,184
CyclicControl,tabular,201,noG,30,-0.007963872539469893,-0.34749430193092606,0.8281434490675001,0.3754552757842601,0.1320739200077637,8.490985692333197e-13,235,8.819225905121186e-11,184
CyclicControl,tabular,201,noG,35,-0.007489212479976399,-0.33860565551375255,0.8315262765404302,0.37506411438340065,0.13180943961298103,8.707479182135103e-13,235,8.199357859339784e-11,185
CyclicControl,tabular,201,noG,40,-0.0068818501308779804,-0.32858726717292036,0.8321226267592217,0.37453008188944054,0.1315539082325216,8.893996650272129e-13,235,8.428888143008351e-11,185
CyclicControl,tabular,201,noG,45,-0.006151303134743917,-0.31748023078731835,0.829917864015183,0.3738711165227573,0.13130660078839226,8.146816554699399e-13,236,8.621814373555026e-11,185
CyclicControl,tabular,201,noG,50,-0.005309648743627357,-0.3053304117686542,0.8249079710057379,0.3731096735423942,0.13106666564829061,8.260059303211165e-13,236,8.774786453003003e-11,185
CyclicControl,tabular,201,noG,55,-0.004371314721233458,-0.2921882848531989,0.8170998935091528,0.3722697474569679,0.1308331466423684,8.346656699131927e-13,236,8.885175928341482e-11,185
CyclicControl,tabular,201,noG,60,-0.00335281157382639,-0.27810873102410233,0.8065118172677179,0.37137242372111695,0.1306050072924049,8.399947404313934e-13,236,8.951089869313478e-11,185
CyclicControl,tabular,201,noG,65,-0.0022724115064371303,-0.26916783866512606,0.7991904160996787,0.37043088986579586,0.1303811560680583,8.425482533880313e-13,236,8.971401399548995e-11,185
CyclicControl,tabular,201,noG,70,-0.0011497810660121939,-0.26774067555063474,0.797489031975838,0.3694464273547742,0.13016047155332455,8.421041641781812e-13,236,8.945721940989415e-11,185
CyclicControl,tabular,201,noG,75,-5.57583009077147e-06,-0.2726597876580734,0.8002265374665247,0.36840687244800213,0.1299418265456156,8.386624728018433e-13,236,8.874437296135795e-11,185
CyclicControl,tabular,201,noG,80,0.0011389933175285382,-0.28074983436079937,0.8042222848700823,0.36728835256909936,0.12972411030638614,8.320011346540923e-13,236,8.758738179182046e-11,185
CyclicControl,tabular,201,noG,85,0.00226261185382225,-0.2910728291362128,0.808541606300438,0.3660600828461813,0.12950624841739075,8.22453216642316e-13,236,8.600636869360301e-11,185
CyclicControl,tabular,201,noG,90,0.0033443201136916286,-0.30060789624188916,0.8101757707751118,0.3646910958253309,0.1292872199479922,9.000578060636144e-13,235,8.402978313171161e-11,185
CyclicControl,tabular,201,noG,95,0.004363967172863074,-0.30930351605331236,0.8090943671000501,0.3631573067065026,0.12906607188223543,8.826273045769994e-13,235,8.169465104401752e-11,185
CyclicControl,tabular,201,noG,100,0.005302648665267676,-0.31710873414851354,0.8052765842921221,0.36144735742226175,0.12884193096574356,8.620881786214341e-13,235,8.782874427737397e-11,184
CyclicControl,tabular,201,GDA,0,-0.008042421501014259,-0.4219789258516133,0.824461493150286,0.37495322739996845,0.13372106662130956,8.27837798311748e-13,234,8.251394012503965e-11,183
CyclicControl,tabular,201,GDA,5,-0.008344324185610173,-0.40702648102171707,0.8260517977895061,0.3753693765535132,0.13340142863081142,8.220091274324659e-13,234,8.919354144154568e-11,182
CyclicControl,tabular,201,GDA,10,-0.008510191533332144,-0.390535707327451,0.824771654372428,0.37566846739854454,0.13309188939151215,8.518186156436514e-13,234,8.447251231835651e-11,183
CyclicControl,tabular,201,GDA,15,-0.008534562304908415,-0.3725562386040101,0.8205987312106124,0.37582651486470486,0.13279261340079487,8.789080574445052e-13,234,8.859504796454587e-11,183
CyclicControl,tabular,201,GDA,20,-0.008414559384878176,-0.3586402598601892,0.8190168177901254,0.37582946182881216,0.13250360243982184,8.128497874793084e-13,235,8.33016433610112e-11,184
CyclicControl,tabular,201,GDA,25,-0.008150023015908694,-0.35150476386141755,0.8255495377352383,0.3756718985223317,0.132224688515195,8.374412274747556e-13,235,8.665287931641785e-11,184
CyclicControl,tabular,201,GDA,30,-0.00774358620794882,-0.3431870877743263,0.8303023260852379,0.3753558756025107,0.13195553336743945,8.605338663869588e-13,235,8.972489418113128e-11,184
CyclicControl,tabular,201,GDA,35,-0.00720068843154377,-0.3337209870944989,0.832279315130821,0.37489019580079264,0.13169563429941797,8.806289031326742e-13,235,8.321471289818305e-11,185
CyclicControl,tabular,201,GDA,40,-0.006529525266402347,-0.32314515458336,0.8314607585481265,0.37428996980562274,0.13144433577221093,8.979483823168266e-13,235,8.533024287160629e-11,185
CyclicControl,tabular,201,GDA,45,-0.005740933354130978,-0.31150312039826694,0.8278373363027145,0.3735757099159407,0.13120084595562895,8.208989044078407e-13,236,8.706174670081168e-11,185
CyclicControl,tabular,201,GDA,50,-0.00484821174926675,-0.2988431103789835,0.8214105309416381,0.37277115185134335,0.13096425722043903,8.306688670245421e-13,236,8.837935938643682e-11,185
CyclicControl,tabular,201,GDA,55,-0.0038668825233892333,-0.2852178630100842,0.812192938735867,0.3718994680132439,0.13073356943108175,8.377742943821431e-13,236,8.926065442338427e-11,185
CyclicControl,tabular,201,GDA,60,-0.002814395199496288,-0.27068440610646,0.8002085105118253,0.3709783766739744,0.13050771484795365,8.417710972707937e-13,236,8.969044951179228e-11,185
CyclicControl,tabular,201,GDA,65,-0.0017097812243488768,-0.26857034418060266,0.7987592671588294,0.3700154394621237,0.13028558347859825,8.427702979929563e-13,236,8.966111186836656e-11,185
CyclicControl,tabular,201,GDA,70,-0.000573266173260927,-0.26887990344360174,0.7978317310301188,0.369005141579567,0.13006604782280362,8.40771896548631e-13,236,8.917272475983395e-11,185
CyclicControl,tabular,201,GDA,75,0.0005741513234969011,-0.27639810283981864,0.8022014362180805,0.36792896777056694,0.12984798612691262,8.357758929378178e-13,236,8.823325403639615e-11,185
CyclicControl,tabular,201,GDA,80,0.0017111438840191995,-0.286092191570426,0.806834653100656,0.3667587788153543,0.12963030348142202,8.276712648580542e-13,236,8.685868690960774e-11,185
CyclicControl,tabular,201,GDA,85,0.0028165120712575877,-0.29602470187220725,0.8098016712852514,0.3654627719539133,0.12941195034236483,8.166800569142652e-13,236,8.50732817525568e-11,185
CyclicControl,tabular,201,GDA,90,0.0038696421581560624,-0.3051431419802031,0.8100666617151517,0.3640125932818406,0.12919193830744363,8.917311333789257e-13,235,8.29098734111966e-11,185
CyclicControl,tabular,201,GDA,95,0.004850953468069648,-0.3133962042504791,0.8076039892972781,0.36238996549096586,0.12896935320801664,8.727463196578356e-13,235,8.934389339465554e-11,184
CyclicControl,tabular,201,GDA,100,0.005742323956708481,-0.32073340616997775,0.8023978907470433,0.360591448075918,0.12874336576509288,8.505973703165637e-13,235,8.624587155559027e-11,184
CyclicControl,tabular,201,Adam-GDA,0,-0.008042421501014259,-0.4219789258516133,0.824461493150286,0.37495322739996845,0.13372106662130956,8.27837798311748e-13,234,8.251394012503965e-11,183
CyclicControl,tabular,201,Adam-GDA,5,0.021432679022691588,-0.728863362903827,1.4965569025945786,0.9372988898543075,0.23977309412394657,8.895106873296754e-13,239,8.166506360041126e-11,192
CyclicControl,tabular,201,Adam-GDA,10,0.026876172752188156,-1.348257651629965,2.3404010433262,1.7315404308289388,0.35858564909974505,8.302247778146921e-13,245,8.961498210169339e-11,198
CyclicControl,tabular,201,Adam-GDA,15,-0.04777678321005873,-1.5247470922146116,3.0702136633222787,2.4732238032006855,0.4908113967292914,8.568701304056958e-13,246,8.826805952821815e-11,200
CyclicControl,tabular,201,Adam-GDA,20,-0.0865839794787529,-1.853799600943463,3.748077817941589,3.1400283343972264,0.6165840820268691,8.51096970677645e-13,248,8.237099891061916e-11,203
CyclicControl,tabular,201,Adam-GDA,25,-0.0062793085219678465,-2.145454076170952,4.289629768581072,3.7058043901950546,0.7317934016250484,8.664180484174722e-13,249,8.623324276868516e-11,204
CyclicControl,tabular,201,Adam-GDA,30,0.06472643459578975,-2.9261966507562076,5.232915250572914,4.642992720833498,0.8427279445731942,8.619771563189715e-13,252,8.838529907961856e-11,207
CyclicControl,tabular,201,Adam-GDA,35,-0.026413056293652724,-3.515147090874352,6.550038154412318,5.951965736698372,0.966734616381433,8.384404281969182e-13,254,8.79536443676443e-11,209
CyclicControl,tabular,201,Adam-GDA,40,-0.2641459337502497,-3.6454903515135135,7.171846135488929,6.598134802831758,1.0731514725834945,8.699707620962727e-13,254,8.255129912981829e-11,210
CyclicControl,tabular,201,Adam-GDA,45,-0.43710425347958537,-3.1826051181808306,7.309340313008805,6.736304688872535,1.1972695565933096,8.859579736508749e-13,255,8.497869075085873e-11,211
CyclicControl,tabular,201,Adam-GDA,50,-0.31818005076580047,-2.723453216452808,7.377952079785511,6.829479720966053,1.3576462863966559,8.100187187665142e-13,257,8.72724115197343e-11,212
CyclicControl,tabular,201,Adam-GDA,55,0.13436842997650644,-3.089104363714256,8.037118517391686,7.510696562292376,1.461146623370521,8.615330671091215e-13,257,8.403677753676675e-11,213
CyclicControl,tabular,201,Adam-GDA,60,0.7732772330590202,-3.888772309597206,9.088454565748522,8.574404985489819,1.4683978903376789,8.15347789284715e-13,258,8.884804003628233e-11,213
CyclicControl,tabular,201,Adam-GDA,65,1.3722909197560629,-4.901299225582774,10.233339655154257,9.73215123576957,1.4600247036302965,8.357758929378178e-13,258,8.218226099643289e-11,214
CyclicControl,tabular,201,Adam-GDA,70,1.6933603059953755,-5.854571933681626,10.789435076296254,10.307289718203613,1.5072980729525591,8.251177519014163e-13,259,8.15507661400261e-11,215
CyclicControl,tabular,201,Adam-GDA,75,1.539064855826509,-6.60502219469724,10.649138122278547,10.199061613943138,1.6312752230578362,8.384404281969182e-13,260,8.353673308647558e-11,216
CyclicControl,tabular,201,Adam-GDA,80,0.8460095142480634,-7.125524732065062,11.079410797914267,10.62579716962688,1.7765493474012293,8.144596108650148e-13,261,8.15632006379019e-11,217
CyclicControl,tabular,201,Adam-GDA,85,-0.26225958420815854,-7.413963272397529,11.890617828897984,11.444134112159682,1.8414807880885409,8.464340339742193e-13,261,8.51256842793191e-11,217
CyclicControl,tabular,201,Adam-GDA,90,-1.5135486082762686,-7.476027225235797,12.513387479398915,12.080559679116668,1.7913506209068368,8.535394613318203e-13,261,8.591527489443251e-11,217
CyclicControl,tabular,201,Adam-GDA,95,-2.6017547091021047,-7.3018468483183625,13.114403867058185,12.695291096587615,1.6618694026421497,8.348877145181177e-13,261,8.381206839658262e-11,217
CyclicControl,tabular,201,Adam-GDA,100,-3.3008411929846293,-6.853519730956336,13.254971285963009,12.84541235503442,1.5669330821810858,8.695266728864226e-13,260,8.708678223001698e-11,216
CyclicControl,tabular,201,EGM,0,-0.008042421501014259,-0.4219789258516133,0.824461493150286,0.37495322739996845,0.13372106662130956,8.27837798311748e-13,234,8.251394012503965e-11,183
CyclicControl,tabular,201,EGM,5,-0.008330748660769084,-0.4067285699492386,0.825486400404188,0.37494408122879747,0.13331351607763592,8.214540159201533e-13,234,8.909911697330131e-11,182
CyclicControl,tabular,201,EGM,10,-0.008482031563478636,-0.3899618131311312,0.82363726460004,0.3748166391837442,0.13291637521979024,8.507639037702575e-13,234,8.42911851428596e-11,183
CyclicControl,tabular,201,EGM,15,-0.00849154191745837,-0.37173241596397893,0.8188982943357603,0.37454847128214275,0.1325297724815376,8.771872117563362e-13,234,8.830611242238717e-11,183
CyclicControl,tabular,201,EGM,20,-0.008357178067680687,-0.3576889626905676,0.8168524138090855,0.37412711386679287,0.13215367487197532,8.106848525812893e-13,235,8.293521425173367e-11,184
CyclicControl,tabular,201,EGM,25,-0.008079572453105286,-0.3503477968637273,0.8228457556660732,0.37354863079879974,0.13178788203181743,8.346656699131927e-13,235,8.617137559063792e-11,184
CyclicControl,tabular,201,EGM,30,-0.007662139543019462,-0.34184283619014205,0.8270359080482121,0.37281630439589264,0.13143202679851287,8.570366638593896e-13,235,8.912098836688642e-11,184
CyclicControl,tabular,201,EGM,35,-0.007111061284645816,-0.3322104366070784,0.8284564793430911,0.37193981655243397,0.1310855819725943,8.766321002440236e-13,235,8.255565675518994e-11,185
CyclicControl,tabular,201,EGM,40,-0.006435208718654337,-0.3214917502553115,0.8270938916043478,0.3709346824293507,0.13074787268198462,8.931744233109384e-13,235,8.455180999789036e-11,185
CyclicControl,tabular,201,EGM,45,-0.005646000124036153,-0.30973259603142367,0.8229450955904098,0.3698212197976343,0.13041809349380465,8.159029007970275e-13,236,8.616196645050422e-11,185
CyclicControl,tabular,201,EGM,50,-0.0047571977884259715,-0.29698328965018256,0.8160178921956656,0.36862229883117426,0.13009532923883801,8.251177519014163e-13,236,8.73580097149329e-11,185
CyclicControl,tabular,201,EGM,55,-0.003784647211873513,-0.2832984342015195,0.806331185673852,0.3673596131227311,0.12977857840261678,8.314460231417797e-13,236,8.811923413176714e-11,185
CyclicControl,tabular,201,EGM,60,-0.0027459641885010924,-0.2687366726887857,0.7939151642347044,0.36604902955915514,0.1294667779045877,8.349987368205802e-13,236,8.843251131374075e-11,185
CyclicControl,tabular,201,EGM,65,-0.0016601767201857524,-0.2665976749560498,0.7920486748257719,0.3646962933692738,0.12915882813282414,8.353318037279678e-13,236,8.829215136785251e-11,185
CyclicControl,tabular,201,EGM,70,-0.000547330051294404,-0.2668941356532793,0.7907315634594227,0.36329458612914967,0.12885361722005598,8.326672684688674e-13,236,8.770015269554676e-11,185
CyclicControl,tabular,201,EGM,75,0.0005719357696639016,-0.2741824167977506,0.7945156097344486,0.3618250066464568,0.1285500437252436,8.271161533457416e-13,236,8.666634077059143e-11,185
CyclicControl,tabular,201,EGM,80,0.0016768255337470193,-0.28361563188599975,0.7985578480190898,0.36026015140448264,0.12824703710615842,8.184564137536654e-13,236,8.520845140580491e-11,185
CyclicControl,tabular,201,EGM,85,0.002746834875349503,-0.2932550068899807,0.8009321066141091,0.3585700170129624,0.12794357561115727,8.966161146872764e-13,235,8.335238055323657e-11,185
CyclicControl,tabular,201,EGM,90,0.003762191518042311,-0.302067984801496,0.8006272280778789,0.3567288142926934,0.12763870145910342,8.804068585277491e-13,235,8.113237859319611e-11,185
CyclicControl,tabular,201,EGM,95,0.0047042806878428226,-0.3100051589657287,0.7976240530356122,0.35472114044165115,0.12733153339181244,8.610889778992714e-13,235,8.732276013390106e-11,184
CyclicControl,tabular,201,EGM,100,0.005556043979903585,-0.31701826412568307,0.7919133941468686,0.3525462346731608,0.12702127685254272,8.38606961650612e-13,235,8.419587249619553e-11,184
CyclicControl,tabular,201,PPM-3,0,-0.008042421501014259,-0.4219789258516133,0.824461493150286,0.37495322739996845,0.13372106662130956,8.27837798311748e-13,234,8.251394012503965e-11,183
CyclicControl,tabular,201,PPM-3,5,-0.008330690471828077,-0.40673076918093665,0.8254861803490194,0.3749441557478095,0.1333136466993348,8.214540159201533e-13,234,8.909847859506215e-11,182
CyclicControl,tabular,201,PPM-3,10,-0.008481960361055887,-0.38996670651215004,0.8236376562906962,0.3748168374176569,0.13291663065528472,8.507639037702575e-13,234,8.428996389753252e-11,183
CyclicControl,tabular,201,PPM-3,15,-0.008491506110632721,-0.3717404753814396,0.8189001441646624,0.37454885296138357,0.13253014706278862,8.771872117563362e-13,234,8.830433606554777e-11,183
CyclicControl,tabular,201,PPM-3,20,-0.008357227497248165,-0.357694099963654,0.8168500443183171,0.37412774136807336,0.13215416315695622,8.106848525812893e-13,235,8.293310482798688e-11,184
CyclicControl,tabular,201,PPM-3,25,-0.00807975646059637,-0.35035510382918883,0.8228427406388281,0.37354956182282406,0.13178847889194972,8.346101587619614e-13,235,8.616887758883252e-11,184
CyclicControl,tabular,201,PPM-3,30,-0.007662504975748109,-0.34185263432715157,0.8270345529961245,0.3728175854433199,0.13143272750297066,8.570366638593896e-13,235,8.911815729817363e-11,184
CyclicControl,tabular,201,PPM-3,35,-0.007111650506645086,-0.33222302434051015,0.8284575745335254,0.3719414772831265,0.13108638226532165,8.766321002440236e-13,235,8.255301997550646e-11,185
CyclicControl,tabular,201,PPM-3,40,-0.006436057699594525,-0.3215073993122422,0.8270982297607776,0.3709367314354053,0.1307487688477811,8.930634010084759e-13,235,8.454917321820687e-11,185
CyclicControl,tabular,201,PPM-3,45,-0.005647136677810596,-0.30975154800485005,0.822953464682189,0.36982364307854615,0.13041908241053513,8.159029007970275e-13,236,8.615952395985005e-11,185
CyclicControl,tabular,201,PPM-3,50,-0.004758640029982877,-0.2970057528225994,0.8160310679456042,0.3686250626728089,0.13009640841369632,8.251177519014163e-13,236,8.735578926888365e-11,185
CyclicControl,tabular,201,PPM-3,55,-0.003786402295122182,-0.28332458067716976,0.806349923870141,0.36736267253641985,0.12977974599132133,8.314460231417797e-13,236,8.81175687972302e-11,185
CyclicControl,tabular,201,PPM-3,60,-0.002748027379888896,-0.26876663587882094,0.7939401929384906,0.3660523418282263,0.12946803271337076,8.347766922156552e-13,236,8.843148435744297e-11,185
CyclicControl,tabular,201,PPM-3,65,-0.0016625308520848924,-0.26660551525268533,0.7920546543661284,0.36469983416663365,0.12916016960398782,8.353318037279678e-13,236,8.829192932324759e-11,185
CyclicControl,tabular,201,PPM-3,70,-0.0005499453870016944,-0.2668800113790801,0.7907192513653816,0.3632983641282051,0.1288550454026393,8.326672684688674e-13,236,8.770090209608838e-11,185
CyclicControl,tabular,201,PPM-3,75,0.0005691012412977626,-0.2741681349192169,0.7945074051637429,0.3618290723973886,0.1285515592329132,8.271161533457416e-13,236,8.66682281497333e-11,185
CyclicControl,tabular,201,PPM-3,80,0.0016738253707931088,-0.2835930363560463,0.7985461736246828,0.3602645976408294,0.12824864106473902,8.185674360561279e-13,236,8.521150451912263e-11,185
CyclicControl,tabular,201,PPM-3,85,0.0027437330342970304,-0.2932320745459356,0.8009254978565128,0.3585749698784193,0.12794526959826602,8.967271369897389e-13,235,8.335673817860823e-11,185
CyclicControl,tabular,201,PPM-3,90,0.003759060811285193,-0.3020449994652924,0.800626500715055,0.3567344172878858,0.12764048743813275,8.805178808302117e-13,235,8.113809624177293e-11,185
CyclicControl,tabular,201,PPM-3,95,0.004701200888494869,-0.3099824359749813,0.797630021106777,0.3547275344519089,0.12733341364210968,8.612555113529652e-13,235,8.733058720622466e-11,184
CyclicControl,tabular,201,PPM-3,100,0.005553099628419376,-0.31699614935209763,0.7919268625954456,0.3525535379965443,0.1270232538971,8.387179839530745e-13,235,8.420517061402677e-11,184
CyclicControl,tabular,202,QP+G,0,-0.002545076795126086,-0.5827218571655701,0.8696400235481776,0.3884434522756852,0.1369059005793642,8.3366646919103e-13,237,8.340433899078903e-11,187
CyclicControl,tabular,202,QP+G,5,-0.004110836565605545,-0.5623678481525818,0.8503703150275029,0.3715695738053024,0.1336191565112317,8.93951579428176e-13,236,8.763223480201532e-11,186
CyclicControl,tabular,202,QP+G,10,-0.005472055406237313,-0.54091975975717,0.829249219603934,0.35532234223021314,0.1304054427314921,8.597567102697212e-13,236,8.243206117697355e-11,186
CyclicControl,tabular,202,QP+G,15,-0.006626334429709629,-0.5184994267547307,0.806399906188862,0.33980405051157325,0.12726317280089533,8.242295734817162e-13,236,8.569411846792718e-11,185
CyclicControl,tabular,202,QP+G,20,-0.007574849081523731,-0.4952277487717891,0.7819473059060245,0.32509674629881524,0.12419121791330615,8.745781876484671e-13,235,8.859799005556113e-11,184
CyclicControl,tabular,202,QP+G,25,-0.008321974497035853,-0.47122432254091584,0.7560181516615051,0.31124911133877364,0.12118878746825765,8.321121569565548e-13,235,8.198078327303904e-11,184
CyclicControl,tabular,202,QP+G,30,-0.008874896658228406,-0.44660706738262035,0.7287409013866413,0.2982704334057723,0.11825531824764662,8.762990333366361e-13,234,8.380968141707967e-11,183
CyclicControl,tabular,202,QP+G,35,-0.009243217358396599,-0.4214918490093936,0.7139771199389319,0.28613270835291615,0.11539037428178242,8.270606421945104e-13,234,8.518977190341559e-11,182
CyclicControl,tabular,202,QP+G,40,-0.00943856010597483,-0.39599210641876936,0.6996144865004259,0.274779126286478,0.11259355898482587,8.633094239485217e-13,233,8.609632451417326e-11,181
CyclicControl,tabular,202,QP+G,45,-0.009474183238128422,-0.3702184863780603,0.6832383876919872,0.2641354760155411,0.10986444066361652,8.967271369897389e-13,232,8.651682148475004e-11,180
CyclicControl,tabular,202,QP+G,50,-0.009364605679696488,-0.34427848960223917,0.6709187863490178,0.25412098068223066,0.10720249205281696,8.338885137959551e-13,232,8.645303917198532e-11,179
CyclicControl,tabular,202,QP+G,55,-0.00908404452526694,-0.3236927945269552,0.6578895030662246,0.2445323076253479,0.10467316452266796,8.996692280049956e-13,231,8.780974558586507e-11,178
CyclicControl,tabular,202,QP+G,60,-0.008724141105970747,-0.3091631074517765,0.6438679478408902,0.23521162171569515,0.10227745163781177,8.109068971862143e-13,232,8.649361782353537e-11,178
CyclicControl,tabular,202,QP+G,65,-0.008351713009249126,-0.29755222524956676,0.6297911782454039,0.22616962600760285,0.09997031036226098,8.943401574867949e-13,231,8.46699793610739e-11,178
CyclicControl,tabular,202,QP+G,70,-0.007985195047758228,-0.2874411539754684,0.6158936613507744,0.21741832393802113,0.09773079449413219,8.841816168114747e-13,231,8.244095683895836e-11,178
CyclicControl,tabular,202,QP+G,75,-0.007630175586622793,-0.27815283513815936,0.6022376612128715,0.20896099130948775,0.09554850376629148,8.72413252750448e-13,231,8.895517655815866e-11,177
CyclicControl,tabular,202,QP+G,80,-0.007288242552643066,-0.2693515114027847,0.5888369434399306,0.20079524643951446,0.0934178765459017,8.600342660258775e-13,231,8.627294711960332e-11,177
CyclicControl,tabular,202,QP+G,85,-0.006959596440352245,-0.26086493709167413,0.5756903074355352,0.19291573693771988,0.09133565754669784,8.475442569988445e-13,231,8.36184593788758e-11,177
CyclicControl,tabular,202,QP+G,90,-0.006643925632983682,-0.25260122621593556,0.5627916502668704,0.18531566466611735,0.08929972182039055,8.349987368205802e-13,231,8.102264692499972e-11,177
CyclicControl,tabular,202,QP+G,95,-0.006340726504190688,-0.24450865562868232,0.5501331696182117,0.1779875755397085,0.08730851145694082,8.227307723984723e-13,231,8.722265965044329e-11,176
CyclicControl,tabular,202,QP+G,100,-0.006049426902159904,-0.23655578735034016,0.5377063827723669,0.17092375794188616,0.08536075983631743,8.106848525812893e-13,231,8.450941335613749e-11,176
CyclicControl,tabular,202,noG,0,-0.002545076795126086,-0.5827218571655701,0.8696400235481776,0.3884434522756852,0.1369059005793642,8.3366646919103e-13,237,8.340433899078903e-11,187
CyclicControl,tabular,202,noG,5,-0.004314797254412097,-0.5741515285805008,0.8681010664352808,0.38503298482784054,0.13657792697600926,8.213429936176908e-13,237,8.163791864745917e-11,187
CyclicControl,tabular,202,noG,10,-0.006022089518186283,-0.563770786503758,0.8640131842242921,0.3815926493883971,0.1362402236817747,8.961720254774264e-13,236,8.832840014960652e-11,186
CyclicControl,tabular,202,noG,15,-0.007642627314610306,-0.5516154741133004,0.8574036751365779,0.37829146552705484,0.1358932013946263,8.767431225464861e-13,236,8.55565063240249e-11,186
CyclicControl,tabular,202,noG,20,-0.009153382191127421,-0.5377262173506937,0.848303166720634,0.3753123261726985,0.13553795033048274,8.54760706658908e-13,236,8.24234569485327e-11,186
CyclicControl,tabular,202,noG,25,-0.010532973620102278,-0.5221484097949936,0.8367456718251292,0.37282816308978295,0.13517617999160297,8.30002733209767e-13,236,8.773781701165717e-11,185
CyclicControl,tabular,202,noG,30,-0.011761991712189347,-0.5049321953317597,0.8257125692087718,0.37097381026146875,0.13481013817623472,8.918421556813882e-13,235,8.357559089233746e-11,185
CyclicControl,tabular,202,noG,35,-0.012823287319695828,-0.48613244532851696,0.8296958534769245,0.3698220516691807,0.1344425126787865,8.58424442640171e-13,235,8.793760164493847e-11,184
CyclicControl,tabular,202,noG,40,-0.013702224982429363,-0.4658087270564546,0.8309602950322243,0.36937270446087217,0.13407631952969667,8.225642389447785e-13,235,8.277478702467533e-11,184
CyclicControl,tabular,202,noG,45,-0.014353257693398807,-0.445281282201064,0.829725537362018,0.3695241004408788,0.13373291710425655,8.736900092287669e-13,234,8.637901505181844e-11,183
CyclicControl,tabular,202,noG,50,-0.014613528604696882,-0.43431800336497295,0.832528320705507,0.3697456020663509,0.13355117473627373,8.521516825510389e-13,234,8.347755819926306e-11,183
CyclicControl,tabular,202,noG,55,-0.014714071846272334,-0.42929575599882264,0.8335552923133999,0.3698682334399592,0.13346777334179077,8.422151864806438e-13,234,8.216882729783492e-11,183
CyclicControl,tabular,202,noG,60,-0.014757767380309782,-0.42691806180340885,0.8339881361641953,0.36993029109906234,0.1334282993489383,8.375522497772181e-13,234,8.155384700891943e-11,183
CyclicControl,tabular,202,noG,65,-0.014777914450241564,-0.42577413839305867,0.8341844540121091,0.3699610007022368,0.13340931491354216,8.353318037279678e-13,234,8.125899952915461e-11,183
CyclicControl,tabular,202,noG,70,-0.014787480765872574,-0.42521947141078925,0.8342768869185451,0.3699760840629692,0.13340011175322325,8.342770918545739e-13,234,8.111630811491466e-11,183
CyclicControl,tabular,202,noG,75,-0.014792089328388169,-0.42494949843542645,0.8343212285783663,0.3699834704043521,0.13339563283291334,8.337219803422613e-13,234,8.104691917587559e-11,183
CyclicControl,tabular,202,noG,80,-0.014794325329424707,-0.42481785049191356,0.8343426975308049,0.36998708279229353,0.1333934488924037,8.33444424586105e-13,234,8.101308512920014e-11,183
CyclicControl,tabular,202,noG,85,-0.01479541398212288,-0.42475359634992593,0.8343531394943743,0.3699888484142544,0.13339238299663408,8.333334022836425e-13,234,8.999614942162282e-11,182
CyclicControl,tabular,202,noG,90,-0.01479594492228821,-0.42472222160574563,0.8343582295188814,0.36998971114788737,0.13339186253666058,8.332778911324112e-13,234,8.99872398818502e-11,182
CyclicControl,tabular,202,noG,95,-0.014796204079288994,-0.4247068982800412,0.8343607133972992,0.3699901326461853,0.1333916083475155,8.3322237998118e-13,234,8.998288225647855e-11,182
CyclicControl,tabular,202,noG,100,-0.014796330627723724,-0.4246994136268614,0.8343619261490418,0.3699903385601778,0.13339148418969096,8.3322237998118e-13,234,8.998071732158053e-11,182
CyclicControl,tabular,202,GDA,0,-0.002545076795126086,-0.5827218571655701,0.8696400235481776,0.3884434522756852,0.1369059005793642,8.3366646919103e-13,237,8.340433899078903e-11,187
CyclicControl,tabular,202,GDA,5,-0.004314797254412097,-0.5741515285805008,0.8681010664352808,0.38503298482784054,0.13657792697600926,8.213429936176908e-13,237,8.163791864745917e-11,187
CyclicControl,tabular,202,GDA,10,-0.006022089518186283,-0.563770786503758,0.8640131842242921,0.3815926493883971,0.1362402236817747,8.961720254774264e-13,236,8.832840014960652e-11,186
CyclicControl,tabular,202,GDA,15,-0.007642627314610306,-0.5516154741133004,0.8574036751365779,0.37829146552705484,0.1358932013946263,8.767431225464861e-13,236,8.55565063240249e-11,186
CyclicControl,tabular,202,GDA,20,-0.009153382191127421,-0.5377262173506937,0.848303166720634,0.3753123261726985,0.13553795033048274,8.54760706658908e-13,236,8.24234569485327e-11,186
CyclicControl,tabular,202,GDA,25,-0.010532973620102278,-0.5221484097949936,0.8367456718251292,0.37282816308978295,0.13517617999160297,8.30002733209767e-13,236,8.773781701165717e-11,185
CyclicControl,tabular,202,GDA,30,-0.011761991712189347,-0.5049321953317597,0.8257125692087718,0.37097381026146875,0.13481013817623472,8.918421556813882e-13,235,8.357559089233746e-11,185
CyclicControl,tabular,202,GDA,35,-0.012823287319695828,-0.48613244532851696,0.8296958534769245,0.3698220516691807,0.1344425126787865,8.58424442640171e-13,235,8.793760164493847e-11,184
CyclicControl,tabular,202,GDA,40,-0.013702224982429363,-0.4658087270564546,0.8309602950322243,0.36937270446087217,0.13407631952969667,8.225642389447785e-13,235,8.277478702467533e-11,184
CyclicControl,tabular,202,GDA,45,-0.014386894912125586,-0.44402526026019284,0.8301074015961445,0.36955903546721086,0.1337147818984279,8.711920074233603e-13,234,8.604403300971342e-11,183
CyclicControl,tabular,202,GDA,50,-0.01486828100633156,-0.4208508589469353,0.8351809465524539,0.37026856919248585,0.1333612039347875,8.257283745649602e-13,234,8.889372571374565e-11,182
CyclicControl,tabular,202,GDA,55,-0.015140382706758186,-0.39635885571542107,0.8374115861935194,0.37137000759360134,0.13301884385578688,8.656408923002346e-13,234,8.314654520447107e-11,183
CyclicControl,tabular,202,GDA,60,-0.015200289350043104,-0.37062700626068,0.8367852255602782,0.3727374091897532,0.13269079049973284,8.234524173644786e-13,235,8.972930731765416e-11,183
CyclicControl,tabular,202,GDA,65,-0.015048206481930813,-0.3437373719759719,0.8332982524361379,0.3742660363715261,0.1323798473684383,8.647527138805344e-13,235,8.660522299308582e-11,184
CyclicControl,tabular,202,GDA,70,-0.014687434402769345,-0.31577617895009746,0.8269577236578853,0.3758784540885486,0.13208842786556707,8.126832540256146e-13,236,8.304101850598045e-11,185
CyclicControl,tabular,202,GDA,75,-0.014124299969212228,-0.2868336519752259,0.8177814959375297,0.3775224071849291,0.13181846501973446,8.43991543320044e-13,236,8.788175742679982e-11,185
CyclicControl,tabular,202,GDA,80,-0.013368043382988692,-0.2598481312355271,0.8086426086312893,0.37916327863184895,0.13157133846393287,8.72413252750448e-13,236,8.31519297861405e-11,186
CyclicControl,tabular,202,GDA,85,-0.012430662344015055,-0.2392499113333512,0.8039133580071952,0.38077408185819805,0.1313478208414782,8.976153154094391e-13,236,8.685374641714816e-11,186
CyclicControl,tabular,202,GDA,90,-0.011326716525776178,-0.22966941402563312,0.8081736744394614,0.3823255832108511,0.1311480451409004,8.277822871605167e-13,237,8.113509863960644e-11,187
CyclicControl,tabular,202,GDA,95,-0.01007309584178539,-0.21943806110363337,0.8097121690660395,0.3837785965158623,0.13097149375035497,8.445466548323566e-13,237,8.370126813872503e-11,187
CyclicControl,tabular,202,GDA,100,-0.008688756410892033,-0.2085901185944344,0.8085281212478607,0.3850798115109442,0.1308170092917883,8.58424442640171e-13,237,8.583755928270875e-11,187
CyclicControl,tabular,202,Adam-GDA,0,-0.002545076795126086,-0.5827218571655701,0.8696400235481776,0.3884434522756852,0.1369059005793642,8.3366646919103e-13,237,8.340433899078903e-11,187
CyclicControl,tabular,202,Adam-GDA,5,0.0015659530850741605,-0.5660946036907384,1.42367875545159,0.8561511779856157,0.23375954886331163,8.943956686380261e-13,240,8.162404085965136e-11,193
CyclicControl,tabular,202,Adam-GDA,10,0.04506160072561742,-0.8456764395226011,1.7625488580175082,1.2412328928365393,0.31347193238171783,8.599787548746463e-13,241,8.753620051038524e-11,194
CyclicControl,tabular,202,Adam-GDA,15,0.03472083974433596,-1.3747177667932426,2.3431649115625737,1.7753969444565234,0.41730239989989193,8.459899447643693e-13,245,8.551048757965418e-11,199
CyclicControl,tabular,202,Adam-GDA,20,-0.006961798336886474,-2.0729232151930606,3.2719919345912776,2.6874373046481494,0.4993814496703296,8.375522497772181e-13,249,8.130451867316424e-11,204
CyclicControl,tabular,202,Adam-GDA,25,-0.07392038742434065,-2.5119629006733737,4.438210818580663,3.81750756327948,0.5995378176282998,8.22453216642316e-13,251,8.272582618928936e-11,206
CyclicControl,tabular,202,Adam-GDA,30,-0.21620990270715137,-2.8908362324722723,5.343440688654891,4.758318664506539,0.7210042805994951,8.5087492607272e-13,252,8.718448185618399e-11,207
CyclicControl,tabular,202,Adam-GDA,35,-0.36526845913060363,-2.8398553354120954,6.041434324327405,5.435295019106022,0.8536685030546184,8.486544800234697e-13,253,8.808953566585842e-11,208
CyclicControl,tabular,202,Adam-GDA,40,-0.34157376725357025,-2.3387011120613055,6.182539017056954,5.626750435111971,1.0106654043951335,8.246736626915663e-13,255,8.738965107113472e-11,210
CyclicControl,tabular,202,Adam-GDA,45,-0.030812116769801032,-2.585702649643028,7.040697594363165,6.467951572880181,1.149387120578569,8.597567102697212e-13,256,8.320277800066833e-11,212
CyclicControl,tabular,202,Adam-GDA,50,0.4752179391880876,-2.884047295240072,7.809580941769588,7.304773136780456,1.2125206653522107,8.570921750106208e-13,257,8.355449665486958e-11,213
CyclicControl,tabular,202,Adam-GDA,55,0.918132524504199,-4.066638768946263,9.034565109823806,8.506992036734008,1.206611395119513,8.65085780787922e-13,257,8.451195299130632e-11,213
CyclicControl,tabular,202,Adam-GDA,60,1.0289648614020819,-5.267946398442547,9.878818089006995,9.37883383738161,1.2504230732193216,8.260059303211165e-13,258,8.101519455294692e-11,214
CyclicControl,tabular,202,Adam-GDA,65,0.7181701111541133,-6.0567993066400065,10.119125423693191,9.642659941820266,1.3853750410449726,8.535394613318203e-13,259,8.467804235579024e-11,215
CyclicControl,tabular,202,Adam-GDA,70,0.1477099992744961,-6.406980845861316,10.277462264004837,9.801169037907187,1.490923653167179,8.126832540256146e-13,260,8.992184774569978e-11,215
CyclicControl,tabular,202,Adam-GDA,75,-0.4428523588706641,-6.407977815561252,10.525920483216947,10.038888612223097,1.5261537158471261,8.135714324453147e-13,260,8.996625666668479e-11,215
CyclicControl,tabular,202,Adam-GDA,80,-0.9415297162507773,-6.169892599480142,10.51044300903736,10.029293099363969,1.5155367803348283,8.695266728864226e-13,259,8.65005844730149e-11,215
CyclicControl,tabular,202,Adam-GDA,85,-1.3608373143925983,-5.997105603152033,10.588202730894448,10.134535826906642,1.4410491473045712,8.455458555545192e-13,259,8.404299478570465e-11,215
CyclicControl,tabular,202,Adam-GDA,90,-1.6973829966409304,-5.947391765288013,10.966984376347629,10.527428201264717,1.3351626295103647,8.384404281969182e-13,259,8.327827316634284e-11,215
CyclicControl,tabular,202,Adam-GDA,95,-1.858566229859884,-5.679739884492614,11.499796501011023,11.06871713785673,1.340169650649351,8.189005029635155e-13,259,8.126121997520386e-11,215
CyclicControl,tabular,202,Adam-GDA,100,-1.6972261829357458,-5.4469903270299,11.811273110541828,11.385356403510807,1.5439556323449941,8.961720254774264e-13,259,8.93489726649932e-11,215
CyclicControl,tabular,202,EGM,0,-0.002545076795126086,-0.5827218571655701,0.8696400235481776,0.3884434522756852,0.1369059005793642,8.3366646919103e-13,237,8.340433899078903e-11,187
CyclicControl,tabular,202,EGM,5,-0.00430853666391819,-0.5737953329487191,0.8675653230405498,0.3846241741762665,0.13648842257575552,8.208989044078407e-13,237,8.155393027564628e-11,187
CyclicControl,tabular,202,EGM,10,-0.006004819725840965,-0.5630735630629415,0.862953455868286,0.3807837053917664,0.13606188223099208,8.950618024528012e-13,236,8.814710072968523e-11,186
CyclicControl,tabular,202,EGM,15,-0.007609992469488641,-0.5505955766666837,0.8558351648743695,0.37708936616939276,0.13562670622910497,8.751888103120109e-13,236,8.529366102294489e-11,186
CyclicControl,tabular,202,EGM,20,-0.009101552892661855,-0.5364051141318564,0.8462444832838995,0.3737209026809632,0.1351839878035729,8.526512829121202e-13,236,8.208661528286143e-11,186
CyclicControl,tabular,202,EGM,25,-0.010458766960450179,-0.5205506013737009,0.8342188130805116,0.37084686547832646,0.1347354231618043,8.273381979506667e-13,236,8.729073019964062e-11,185
CyclicControl,tabular,202,EGM,30,-0.011662974802756285,-0.5030851204789898,0.8225483659422349,0.36859726523767533,0.13428322818324653,8.884004643050503e-13,235,8.306572096827836e-11,185
CyclicControl,tabular,202,EGM,35,-0.012697861867932586,-0.4840663733833855,0.8259787430260328,0.36704081637742725,0.13383003891753423,8.548162178101393e-13,235,8.731365630509913e-11,184
CyclicControl,tabular,202,EGM,40,-0.013549690969063378,-0.4635566354325377,0.8266971684612804,0.3661751365482157,0.1333787997538373,8.185674360561279e-13,235,8.210604418579237e-11,184
CyclicControl,tabular,202,EGM,45,-0.014207491937227644,-0.4416226958714398,0.8252300317346408,0.36593367506870544,0.13293264335546764,8.665290707199347e-13,234,8.526565564714872e-11,183
CyclicControl,tabular,202,EGM,50,-0.014663206409731679,-0.4183357825165542,0.8297348665039033,0.36620621242843465,0.132494766559712,8.20732370954147e-13,234,8.800543627174306e-11,182
CyclicControl,tabular,202,EGM,55,-0.014911786109709042,-0.3937714681469613,0.8314126464087768,0.36686485972589666,0.13206830643559353,8.588685318500211e-13,234,8.204786849930201e-11,183
CyclicControl,tabular,202,EGM,60,-0.014951243797275561,-0.36800955649134887,0.8302553106372677,0.3677871408005883,0.13165622057484225,8.164580123093401e-13,235,8.843736853947348e-11,183
CyclicControl,tabular,202,EGM,65,-0.01478265687446412,-0.34113394599124625,0.8262652586910871,0.36887094604211557,0.1312611754663515,8.569256415569271e-13,235,8.525907757572782e-11,184
CyclicControl,tabular,202,EGM,70,-0.014410124391851084,-0.31323246990848264,0.8194554926220318,0.370040129242447,0.1308854464751414,8.941736240331011e-13,235,8.165823572880981e-11,185
CyclicControl,tabular,202,EGM,75,-0.01384067892217208,-0.2843967116722225,0.809849703281273,0.37124229712142365,0.13053083251865427,8.353318037279678e-13,236,8.632400350094827e-11,185
CyclicControl,tabular,202,EGM,80,-0.01308415542596585,-0.25741785706593295,0.8001783620440794,0.3724415310114898,0.13019858801456632,8.628653347386717e-13,236,8.15907341689126e-11,186
CyclicControl,tabular,202,EGM,85,-0.012153019829499609,-0.23684743033576267,0.7949396651135279,0.3736088991181651,0.12988937407787174,8.872902412804251e-13,236,8.513395544085256e-11,186
CyclicControl,tabular,202,EGM,90,-0.011062160561275422,-0.227252416932386,0.7986548332202607,0.37471324288302926,0.12960323028798293,8.175682353339653e-13,237,8.827422126600482e-11,186
CyclicControl,tabular,202,EGM,95,-0.009828646747646236,-0.21702726409817735,0.799680258123147,0.3757141503898601,0.12933956765037496,8.337774914934926e-13,237,8.187595046393881e-11,187
CyclicControl,tabular,202,EGM,100,-0.008471457149559132,-0.20620687356999337,0.7980206104006291,0.37655834458473403,0.12909718266654627,8.467671008816069e-13,237,8.388073569065568e-11,187
CyclicControl,tabular,202,PPM-3,0,-0.002545076795126086,-0.5827218571655701,0.8696400235481776,0.3884434522756852,0.1369059005793642,8.3366646919103e-13,237,8.340433899078903e-11,187
CyclicControl,tabular,202,PPM-3,5,-0.004308299411036492,-0.5737968104263547,0.8675664265804779,0.3846251406515091,0.13648857397844277,8.211209490127658e-13,237,8.155420783140244e-11,187
CyclicControl,tabular,202,PPM-3,10,-0.006004367997165173,-0.5630769767273965,0.8629562453344936,0.3807855501979897,0.1360621847585557,8.950618024528012e-13,236,8.81479333969537e-11,186
CyclicControl,tabular,202,PPM-3,15,-0.007609359187933876,-0.5506013701071742,0.855840208808774,0.3770919291951451,0.13562715903842665,8.752998326144734e-13,236,8.529504880172567e-11,186
CyclicControl,tabular,202,PPM-3,20,-0.009100780129010392,-0.536413713387994,0.8462523364339014,0.37372395787870616,0.13518458916130077,8.526512829121202e-13,236,8.208861368430576e-11,186
CyclicControl,tabular,202,PPM-3,25,-0.010457904694811794,-0.5205624124533739,0.8342300162150873,0.3708501455377258,0.1347361701886669,8.273381979506667e-13,236,8.729370004623149e-11,185
CyclicControl,tabular,202,PPM-3,30,-0.011662079479124038,-0.5031005268306353,0.8225447831914916,0.36860050329942945,0.13428411667866005,8.884004643050503e-13,235,8.30695234821377e-11,185
CyclicControl,tabular,202,PPM-3,35,-0.01269699477986928,-0.48408573333400057,0.8259770627195812,0.36704379411209953,0.133831063271353,8.548717289613705e-13,235,8.731879108658802e-11,184
CyclicControl,tabular,202,PPM-3,40,-0.013548916517786828,-0.46358027960681947,0.826698134339196,0.36617772237685736,0.13337995294792437,8.186229472073592e-13,235,8.211215041242781e-11,184
CyclicControl,tabular,202,PPM-3,45,-0.014206875805446138,-0.4416509246110377,0.8252264336995239,0.36593583919724637,0.13293391705377627,8.665290707199347e-13,234,8.52734272083211e-11,183
CyclicControl,tabular,202,PPM-3,50,-0.014662813695539328,-0.4183688633214535,0.829734636070645,0.3662080155417012,0.13249615128184275,8.207878821053782e-13,234,8.801512296763292e-11,182
CyclicControl,tabular,202,PPM-3,55,-0.014911679464737877,-0.3938096331635111,0.8314165545910293,0.3668664229019467,0.1320697918054516,8.588130206987898e-13,234,8.203898671510501e-11,183
CyclicControl,tabular,202,PPM-3,60,-0.014951481612199374,-0.368053000073396,0.8302641162636957,0.36778860938551206,0.13165779563309654,8.164025011581089e-13,235,8.842779286588609e-11,183
CyclicControl,tabular,202,PPM-3,65,-0.014783291552956674,-0.34118282236219555,0.8262797024240245,0.3688724589877689,0.13126282903296693,8.569256415569271e-13,235,8.525005701365274e-11,184
CyclicControl,tabular,202,PPM-3,70,-0.014411200751330705,-0.3132868909529964,0.8194762909535092,0.37004180077936044,0.1308871675463729,8.941181128818698e-13,235,8.164999232285197e-11,185
CyclicControl,tabular,202,PPM-3,75,-0.013842232756229476,-0.284456744886615,0.809877542551352,0.37124421280842845,0.13053261068158317,8.352207814255053e-13,236,8.631578785056604e-11,185
CyclicControl,tabular,202,PPM-3,80,-0.01308621225939058,-0.2574689283494169,0.8001992971794389,0.37244375661029744,0.1302004138615626,8.627543124362091e-13,236,8.158373976385747e-11,186
CyclicControl,tabular,202,PPM-3,85,-0.012155593892405558,-0.23687262545016546,0.7949374169299321,0.3736114984374576,0.1298912396033109,8.871792189779626e-13,236,8.512740512500727e-11,186
CyclicControl,tabular,202,PPM-3,90,-0.011065254004084276,-0.22728052434540555,0.7986588270204392,0.3747162994187618,0.12960512925011367,8.175682353339653e-13,237,8.826828157282307e-11,186
CyclicControl,tabular,202,PPM-3,95,-0.009832249113722713,-0.21705834096119186,0.7996911853583402,0.37571778716015203,0.1293414958824325,8.335554468885675e-13,237,8.187145406068908e-11,187
CyclicControl,tabular,202,PPM-3,100,-0.008475545117191747,-0.20624095785664776,0.7980391364402405,0.37656273710433197,0.1290991383229701,8.466560785791444e-13,237,8.387723848812811e-11,187
CyclicControl,tabular,203,QP+G,0,0.01218048679703921,-0.5197116192375624,0.8776090608713134,0.4559227809297961,0.15829325883317838,8.257838857161914e-13,236,8.551120922462019e-11,186
CyclicControl,tabular,203,QP+G,5,0.010698532829163212,-0.5085239166285356,0.8341647821629505,0.4303641106133883,0.1541948152260267,8.977818488631328e-13,235,8.409445362289603e-11,186
CyclicControl,tabular,203,QP+G,10,0.009097601187702841,-0.49570517525892427,0.7988632795642122,0.4057236327429016,0.15019820043556367,8.751888103120109e-13,235,8.238476567612452e-11,186
CyclicControl,tabular,203,QP+G,15,0.007433880721196414,-0.481365237460187,0.7626129861806539,0.38258088570467225,0.1463003047055653,8.499312365017886e-13,235,8.933953576928388e-11,185
CyclicControl,tabular,203,QP+G,20,0.005758705160621456,-0.46562065610006714,0.7250691211962766,0.361513036162311,0.1424979655288079,8.221201497349284e-13,235,8.686462660278949e-11,185
CyclicControl,tabular,203,QP+G,25,0.004117651547112847,-0.44859329769867257,0.6881470572876487,0.34297700367741474,0.13878818595016487,8.801293027715928e-13,234,8.413583718613893e-11,185
CyclicControl,tabular,203,QP+G,30,0.0025499297296162028,-0.43040902060538144,0.6544682227672302,0.3271722397521136,0.13516828917823362,8.444356325298941e-13,234,8.117329031165355e-11,185
CyclicControl,tabular,203,QP+G,35,0.0010880419311070082,-0.41504370147872627,0.6399562360305577,0.3139633194759611,0.1316360050610065,8.146261443187086e-13,234,8.666267703461017e-11,184
CyclicControl,tabular,203,QP+G,40,0.00022643164986034433,-0.40439378170932666,0.6333087175574857,0.3026293816318716,0.1282557448021327,8.817391261572993e-13,233,8.31380797539083e-11,184
CyclicControl,tabular,203,QP+G,45,5.337075117477569e-05,-0.39435572549156617,0.6199282950524014,0.2917378887185501,0.1250706006858979,8.598122214209525e-13,233,8.88250861752482e-11,183
CyclicControl,tabular,203,QP+G,50,-5.0322708584153454e-05,-0.384654692427472,0.6062842323365127,0.281179470453892,0.12198999564942642,8.387179839530745e-13,233,8.542441753967012e-11,183
CyclicControl,tabular,203,QP+G,55,-0.0001412806433597201,-0.37522217090560506,0.5929304864883373,0.27095784285889013,0.1190000927712708,8.181233468462779e-13,233,8.214082192203875e-11,183
CyclicControl,tabular,203,QP+G,60,-0.00022450099639821479,-0.36604386117128906,0.579905907642376,0.26106436590078935,0.1160965948595448,8.867906409193438e-13,232,8.774200810357513e-11,182
CyclicControl,tabular,203,QP+G,65,-0.00030080283489404905,-0.3571106518269575,0.5672066120881981,0.2514895512833413,0.11327617076071006,8.651412919391532e-13,232,8.433495568560545e-11,182
CyclicControl,tabular,203,QP+G,70,-0.00037063266841899905,-0.3484141956534915,0.5548250884724185,0.2422241507212673,0.11053570733427047,8.441025656225065e-13,232,8.104247828377709e-11,182
CyclicControl,tabular,203,QP+G,75,-0.00043439227794630705,-0.3399464868257518,0.5427537107302115,0.23325923851241845,0.10787223570189708,8.236189508181724e-13,232,8.651185323671484e-11,181
CyclicControl,tabular,203,QP+G,80,-0.0004924679503922249,-0.33169980292541035,0.5309850685562363,0.22458620388808428,0.1052829187275809,8.928968675547821e-13,231,8.309550270091393e-11,181
CyclicControl,tabular,203,QP+G,85,-0.0005452324054712567,-0.32366668238335,0.5195119914129719,0.2161967349036546,0.10276504449558672,8.712475185745916e-13,231,8.86602735672426e-11,180
CyclicControl,tabular,203,QP+G,90,-0.0005930442713516205,-0.3158399053228817,0.5083275406146338,0.20808280171780447,0.10031602047515903,8.501532811067136e-13,231,8.511596982785363e-11,180
CyclicControl,tabular,203,QP+G,95,-0.0006362464918756349,-0.30821247681415925,0.497424981691065,0.20023663977476522,0.0979333682072547,8.296141551511482e-13,231,8.169134813051926e-11,180
CyclicControl,tabular,203,QP+G,100,-0.0006751675796844324,-0.300777604026554,0.4867977952218894,0.19265073445452233,0.09561471725246688,8.995582057025331e-13,230,8.709177823362779e-11,179
CyclicControl,tabular,203,noG,0,0.01218048679703921,-0.5197116192375624,0.8776090608713134,0.4559227809297961,0.15829325883317838,8.257838857161914e-13,236,8.551120922462019e-11,186
CyclicControl,tabular,203,noG,5,0.011526818200117148,-0.5198707402198262,0.8544098647488025,0.4467217689815293,0.1581796253658054,8.260614414723477e-13,236,8.702055742659809e-11,186
CyclicControl,tabular,203,noG,10,0.01061618153215802,-0.5183607610054481,0.8380261684523812,0.4370621926947191,0.15805615563435724,8.237299731206349e-13,236,8.828437980668014e-11,186
CyclicControl,tabular,203,noG,15,0.009460822616275804,-0.5151480307523701,0.8192378012564959,0.4274272108378613,0.15792293580234934,8.185674360561279e-13,236,8.930167716414417e-11,186
CyclicControl,tabular,203,noG,20,0.008079716551990723,-0.510205311086365,0.7974830035970394,0.41843855987709255,0.15777958417499427,8.107958748837518e-13,236,8.106326720991319e-11,187
CyclicControl,tabular,203,noG,25,0.006498163217345965,-0.5035124272389865,0.7756499850660442,0.4108318389660829,0.15762532225827586,8.890665981198254e-13,235,8.152761798996266e-11,187
CyclicControl,tabular,203,noG,30,0.004747193342104119,-0.49505684483521695,0.7549428034172014,0.4053506228136906,0.15745909589299667,8.741896095898483e-13,235,8.175832233447977e-11,187
CyclicControl,tabular,203,noG,35,0.002862803521931704,-0.49345859653885665,0.7484073164197107,0.40255199878481857,0.1572797290175086,8.718581412381354e-13,235,8.174666499272121e-11,187
CyclicControl,tabular,203,noG,40,0.0015540977796337117,-0.4932299575730694,0.75867899893757,0.4022517457427687,0.1571450389755565,8.708034293647415e-13,235,8.159362074877663e-11,187
CyclicControl,tabular,203,noG,45,0.0014579162115125155,-0.4935137359424681,0.7597128426380428,0.4022704736879349,0.15713282476100818,8.713585408770541e-13,235,8.15765233141974e-11,187
CyclicControl,tabular,203,noG,50,0.001453335452933278,-0.49352709197545275,0.7597618497068627,0.4022714856024453,0.157132232107486,8.714140520282854e-13,235,8.157557962462647e-11,187
CyclicControl,tabular,203,noG,55,0.0014531172961878,-0.49352772769077224,0.7597641831266764,0.40227153406524196,0.15713220385783255,8.715250743307479e-13,235,8.157557962462647e-11,187
CyclicControl,tabular,203,noG,60,0.001453106906575164,-0.493527757965599,0.7597642942535169,0.4022715363738738,0.15713220251239987,8.714140520282854e-13,235,8.157557962462647e-11,187
CyclicControl,tabular,203,noG,65,0.0014531064117722149,-0.4935277594074296,0.7597642995459057,0.4022715364838244,0.15713220244832407,8.714140520282854e-13,235,8.157557962462647e-11,187
CyclicControl,tabular,203,noG,70,0.0014531063882072606,-0.49352775947609606,0.7597642997979546,0.40227153648906033,0.1571322024452723,8.714140520282854e-13,235,8.157557962462647e-11,187
CyclicControl,tabular,203,noG,75,0.0014531063870933758,-0.4935277594793418,0.7597642998098686,0.4022715364893078,0.15713220244512788,8.714140520282854e-13,235,8.157557962462647e-11,187
CyclicControl,tabular,203,noG,80,0.001453106387032299,-0.49352775947952,0.7597642998105221,0.4022715364893213,0.15713220244512008,8.714140520282854e-13,235,8.157557962462647e-11,187
CyclicControl,tabular,203,noG,85,0.001453106387032299,-0.49352775947952,0.7597642998105221,0.4022715364893213,0.15713220244512008,8.714140520282854e-13,235,8.157557962462647e-11,187
CyclicControl,tabular,203,noG,90,0.001453106387032299,-0.49352775947952,0.7597642998105221,0.4022715364893213,0.15713220244512008,8.714140520282854e-13,235,8.157557962462647e-11,187
CyclicControl,tabular,203,noG,95,0.001453106387032299,-0.49352775947952,0.7597642998105221,0.4022715364893213,0.15713220244512008,8.714140520282854e-13,235,8.157557962462647e-11,187
CyclicControl,tabular,203,noG,100,0.001453106387032299,-0.49352775947952,0.7597642998105221,0.4022715364893213,0.15713220244512008,8.714140520282854e-13,235,8.157557962462647e-11,187
CyclicControl,tabular,203,GDA,0,0.01218048679703921,-0.5197116192375624,0.8776090608713134,0.4559227809297961,0.15829325883317838,8.257838857161914e-13,236,8.551120922462019e-11,186
CyclicControl,tabular,203,GDA,5,0.011526818200117148,-0.5198707402198262,0.8544098647488025,0.4467217689815293,0.1581796253658054,8.260614414723477e-13,236,8.702055742659809e-11,186
CyclicControl,tabular,203,GDA,10,0.01061618153215802,-0.5183607610054481,0.8380261684523812,0.4370621926947191,0.15805615563435724,8.237299731206349e-13,236,8.828437980668014e-11,186
CyclicControl,tabular,203,GDA,15,0.009460822616275804,-0.5151480307523701,0.8192378012564959,0.4274272108378613,0.15792293580234934,8.185674360561279e-13,236,8.930167716414417e-11,186
CyclicControl,tabular,203,GDA,20,0.008079716551990723,-0.510205311086365,0.7974830035970394,0.41843855987709255,0.15777958417499427,8.107958748837518e-13,236,8.106326720991319e-11,187
CyclicControl,tabular,203,GDA,25,0.006498163217345965,-0.5035124272389865,0.7756499850660442,0.4108318389660829,0.15762532225827586,8.890665981198254e-13,235,8.152761798996266e-11,187
CyclicControl,tabular,203,GDA,30,0.004747193342104119,-0.49505684483521695,0.7549428034172014,0.4053506228136906,0.15745909589299667,8.741896095898483e-13,235,8.175832233447977e-11,187
CyclicControl,tabular,203,GDA,35,0.002862803521931704,-0.49345859653885665,0.7484073164197107,0.40255199878481857,0.1572797290175086,8.718581412381354e-13,235,8.174666499272121e-11,187
CyclicControl,tabular,203,GDA,40,0.0008850434384458635,-0.4951876922735562,0.7658487141011439,0.40260205264404747,0.15708608933760532,8.74356143043542e-13,235,8.148148822328949e-11,187
CyclicControl,tabular,203,GDA,45,-0.0011430173818030363,-0.4996408497228093,0.7855122666154071,0.40519920823833305,0.1568772444074639,8.824052599720744e-13,235,8.994399669504105e-11,186
CyclicControl,tabular,203,GDA,50,-0.003176412755223931,-0.5020757635722305,0.8046165849904267,0.40968701308818933,0.156652588349486,8.867351297681125e-13,235,8.904088577565972e-11,186
CyclicControl,tabular,203,GDA,55,-0.005169460200447145,-0.5024676492153651,0.8238926589634112,0.41526853037389816,0.1564119233836841,8.874567747341189e-13,235,8.781037008631642e-11,186
CyclicControl,tabular,203,GDA,60,-0.007076964366082713,-0.5008035139730231,0.8403373567768035,0.42118821597946626,0.15615548599583626,8.846257060213247e-13,235,8.623862735035459e-11,186
CyclicControl,tabular,203,GDA,65,-0.008855409033534852,-0.49708235559098923,0.8538620104514772,0.4268218117526199,0.15588391428835366,8.780753901760363e-13,235,8.431522147134274e-11,186
CyclicControl,tabular,203,GDA,70,-0.01046410374331281,-0.491315270730705,0.8643880346849246,0.4316921225052732,0.1555981600812947,8.679168495007161e-13,235,8.203415724494789e-11,186
CyclicControl,tabular,203,GDA,75,-0.011866252556057048,-0.48352547237595256,0.8718479131895489,0.43545018999761287,0.15529935589528,8.542055951465954e-13,235,8.821679498005608e-11,185
CyclicControl,tabular,203,GDA,80,-0.01302991482073191,-0.4737482142279051,0.8761861781304401,0.4378495869569214,0.15498865233164452,8.36886115962443e-13,235,8.489473013462145e-11,185
CyclicControl,tabular,203,GDA,85,-0.013928831042355282,-0.4620306196330978,0.8773603543290783,0.4387260539625243,0.1546670449606221,8.162914788556463e-13,235,8.120004668654701e-11,185
CyclicControl,tabular,203,GDA,90,-0.014543090955852196,-0.44843141250203655,0.8782765119035247,0.4379856514994347,0.15433521121072544,8.802958362252866e-13,234,8.573519671983831e-11,184
CyclicControl,tabular,203,GDA,95,-0.014859625625888622,-0.433020548107667,0.8787790967889568,0.4356010977368451,0.15399337673941418,8.752443214632422e-13,234,8.503803217152495e-11,184
CyclicControl,tabular,203,GDA,100,-0.014872510675465887,-0.4170814753915878,0.8771814503589197,0.4316151306136775,0.1536412274573565,8.130163209330021e-13,235,8.861608669086252e-11,184
CyclicControl,tabular,203,Adam-GDA,0,0.01218048679703921,-0.5197116192375624,0.8776090608713134,0.4559227809297961,0.15829325883317838,8.257838857161914e-13,236,8.551120922462019e-11,186
CyclicControl,tabular,203,Adam-GDA,5,-0.009332067259962638,-0.8807498496532633,1.698998820246367,1.0862437223002332,0.26153682928788,8.271161533457416e-13,241,8.567557774341594e-11,193
CyclicControl,tabular,203,Adam-GDA,10,-0.0149531555141386,-0.8159483784257808,1.9627836570388841,1.4441533118639178,0.36842553904724407,8.72191208145523e-13,243,8.156619824006839e-11,197
CyclicControl,tabular,203,Adam-GDA,15,0.000834713791445809,-1.5094620872466744,2.9846026068830445,2.3640354114421616,0.4587640542289711,8.36664071357518e-13,246,8.442957444287913e-11,200
CyclicControl,tabular,203,Adam-GDA,20,0.023534960755870273,-2.2009458827260557,4.10653879028416,3.491504248583947,0.5667158375466184,8.895106873296754e-13,249,8.719891475550412e-11,204
CyclicControl,tabular,203,Adam-GDA,25,0.007612774252191374,-2.5107449689247106,4.810954878817358,4.186807389595186,0.6977496887270723,8.22453216642316e-13,251,8.254996686218874e-11,206
CyclicControl,tabular,203,Adam-GDA,30,-0.05863139553900854,-2.559255348495051,4.943332247087209,4.345391300195683,0.8164839079611549,8.388845174067683e-13,251,8.449863031501081e-11,206
CyclicControl,tabular,203,Adam-GDA,35,-0.100276003148332,-2.4077989115385483,4.974825914947219,4.459518023056152,0.895089480550121,8.379963389870682e-13,251,8.630118841779222e-11,206
CyclicControl,tabular,203,Adam-GDA,40,-0.027979657665050353,-2.9720728158001117,6.265836324111726,5.699681024675634,0.9512231614423515,8.730793865652231e-13,253,8.256506589532364e-11,209
CyclicControl,tabular,203,Adam-GDA,45,0.15427710371978365,-3.630100450337916,7.855427914081287,7.307419684086774,0.9853630474882135,8.171241461241152e-13,256,8.743894497342808e-11,211
CyclicControl,tabular,203,Adam-GDA,50,0.3431632756869311,-4.4369948909721595,9.12836284862517,8.5848108041979,1.0196172196953568,8.171241461241152e-13,257,8.815437269049653e-11,212
CyclicControl,tabular,203,Adam-GDA,55,0.43012034120454545,-4.892658879061688,9.540566424466302,9.008293984964332,1.1142164486929644,8.526512829121202e-13,257,8.30020496778161e-11,213
CyclicControl,tabular,203,Adam-GDA,60,0.3770697815872368,-4.99309543441508,9.141248127709757,8.62653105180548,1.2611707991714645,8.704148513061227e-13,257,8.495604220115638e-11,213
CyclicControl,tabular,203,Adam-GDA,65,0.18850077905179108,-4.787949483546139,8.982389619645982,8.473931932085831,1.3924623142153423,8.313350008393172e-13,257,8.137579499134517e-11,213
CyclicControl,tabular,203,Adam-GDA,70,-0.10353455741015474,-4.714100941125633,9.135648436771696,8.608478372088205,1.4504890777639852,8.189005029635155e-13,257,8.846168242371277e-11,212
CyclicControl,tabular,203,Adam-GDA,75,-0.41568772944511956,-4.663830546181626,9.067306898360851,8.570066555451493,1.4185134251682283,8.135714324453147e-13,257,8.810996376951152e-11,212
CyclicControl,tabular,203,Adam-GDA,80,-0.6523348928486477,-4.923518076131047,9.64779170888907,9.188158825165974,1.330741478951666,8.615330671091215e-13,257,8.459366540591873e-11,213
CyclicControl,tabular,203,Adam-GDA,85,-0.75580341119902,-5.342788127123264,10.717882096503883,10.271016086407904,1.2541650888059943,8.43769498715119e-13,258,8.308287391400881e-11,214
CyclicControl,tabular,203,Adam-GDA,90,-0.696042676544322,-5.843107940996354,11.620894085394774,11.211723471413618,1.2510760817313744,8.22453216642316e-13,259,8.167955201088262e-11,215
CyclicControl,tabular,203,Adam-GDA,95,-0.4736137324500864,-5.849820496308782,12.417318601760142,12.015903565613204,1.3006087496478935,8.331113576787175e-13,260,8.326139777636854e-11,216
CyclicControl,tabular,203,Adam-GDA,100,-0.1551591132926279,-6.133431201864163,13.165951623472669,12.774483707217943,1.3139635230960627,8.943956686380261e-13,260,8.952127927841502e-11,216
CyclicControl,tabular,203,EGM,0,0.01218048679703921,-0.5197116192375624,0.8776090608713134,0.4559227809297961,0.15829325883317838,8.257838857161914e-13,236,8.551120922462019e-11,186
CyclicControl,tabular,203,EGM,5,0.011501130963533897,-0.519526846065909,0.8537957741256542,0.4462236757199325,0.15805848725049151,8.255618411112664e-13,236,8.693151754002315e-11,186
CyclicControl,tabular,203,EGM,10,0.010567324921017255,-0.5176656284349683,0.8368225756210259,0.4360912229163394,0.15781356133653696,8.225642389447785e-13,236,8.810224771949038e-11,186
CyclicControl,tabular,203,EGM,15,0.009393140024838625,-0.5140980817567873,0.8174745635023255,0.42601349778786957,0.1575586074153187,8.169576126704214e-13,236,8.90227336292071e-11,186
CyclicControl,tabular,203,EGM,20,0.007999217198974666,-0.5088010638865932,0.7951985048488571,0.4166142201228084,0.15729328902311837,8.983924715266767e-13,235,8.96913654457876e-11,186
CyclicControl,tabular,203,EGM,25,0.0064122836063857025,-0.5017587769392409,0.7728533446506703,0.4086246380957663,0.15701688518642212,8.859579736508749e-13,235,8.109413140999777e-11,187
CyclicControl,tabular,203,EGM,30,0.004664489688244594,-0.49296329001792805,0.7516909883429183,0.40277430061706954,0.15672841616922434,8.70470362457354e-13,235,8.123079986432913e-11,187
CyclicControl,tabular,203,EGM,35,0.002792587640857147,-0.4908760736902522,0.7449020824485011,0.3995971540084502,0.15642679856345987,8.673062268371723e-13,235,8.112405192051142e-11,187
CyclicControl,tabular,203,EGM,40,0.0008369767539021813,-0.49216716804572763,0.7616976164021136,0.39923438870303285,0.1561110088827764,8.690270725253413e-13,235,8.973727316785585e-11,186
CyclicControl,tabular,203,EGM,45,-0.001159355488789883,-0.4961959683496395,0.7807062735235479,0.4013681845694139,0.15578023460132306,8.762435221854048e-13,235,8.904116333141587e-11,186
CyclicControl,tabular,203,EGM,50,-0.0031519650819228037,-0.49821531971149324,0.7990473698323413,0.405339667556447,0.1554339937748347,8.799072581666678e-13,235,8.803541229340794e-11,186
CyclicControl,tabular,203,EGM,55,-0.005096122847423156,-0.49820661007827916,0.817595756241054,0.41036043409614364,0.1550722086489499,8.799072581666678e-13,235,8.670592022141932e-11,186
CyclicControl,tabular,203,EGM,60,-0.006947991657374393,-0.4961629937126349,0.8333047155447273,0.41568827946770626,0.1546952244561563,8.763545444878673e-13,235,8.504080772908651e-11,186
CyclicControl,tabular,203,EGM,65,-0.008665775945244727,-0.492089515570013,0.8460928258716855,0.4207126294899002,0.1543037712523354,8.691936059790351e-13,235,8.303135956566621e-11,186
CyclicControl,tabular,203,EGM,70,-0.010210811039466881,-0.4860031460396319,0.8558891476440493,0.42496865325984867,0.1538988734076574,8.585354649426336e-13,235,8.963713105103466e-11,185
CyclicControl,tabular,203,EGM,75,-0.011548561853111948,-0.4779327253646661,0.8626341588215123,0.42811846705975076,0.15348171750874462,8.443246102274315e-13,235,8.663197936797928e-11,185
CyclicControl,tabular,203,EGM,80,-0.012649503304748767,-0.46791881636866156,0.8662806686242344,0.42992599662501685,0.1530534942814953,8.266165529846603e-13,235,8.325143352472253e-11,185
CyclicControl,tabular,203,EGM,85,-0.013489858470623969,-0.4560134637825997,0.8667946818534089,0.4302371382361806,0.1526152331703636,8.95228335906495e-13,234,8.835016052088918e-11,184
CyclicControl,tabular,203,EGM,90,-0.014052174792921961,-0.4422798585872608,0.8669534171862778,0.42896820562843563,0.15216764906655475,8.682499164081037e-13,234,8.383765903730023e-11,184
CyclicControl,tabular,203,EGM,95,-0.014325723578662701,-0.42679190636493447,0.8668226046678345,0.4261022835403923,0.15171101926326125,8.639755577632968e-13,234,8.331707546105349e-11,184
CyclicControl,tabular,203,EGM,100,-0.014306713373475484,-0.41073329867952446,0.864542003880275,0.42169225162384344,0.15124510519950043,8.910649995641506e-13,234,8.67103333579422e-11,184
CyclicControl,tabular,203,PPM-3,0,0.01218048679703921,-0.5197116192375624,0.8776090608713134,0.4559227809297961,0.15829325883317838,8.257838857161914e-13,236,8.551120922462019e-11,186
CyclicControl,tabular,203,PPM-3,5,0.011501230100036248,-0.519526412451211,0.8537987018677005,0.4462251999788166,0.15805858888970264,8.255618411112664e-13,236,8.693118447311576e-11,186
CyclicControl,tabular,203,PPM-3,10,0.010567636964477108,-0.5176652493597272,0.8368283354195005,0.4360944531065611,0.15781376508285422,8.225642389447785e-13,236,8.810163709682683e-11,186
CyclicControl,tabular,203,PPM-3,15,0.009393769179311649,-0.5140982769438994,0.8174846085272032,0.42601834969529795,0.15755891382769532,8.169576126704214e-13,236,8.902195647308986e-11,186
CyclicControl,tabular,203,PPM-3,20,0.008000252510427188,-0.5088023790337884,0.7952137288485407,0.41662024080839394,0.15729369912259536,8.983924715266767e-13,235,8.96904772673679e-11,186
CyclicControl,tabular,203,PPM-3,25,0.00641379401211775,-0.5017617774200125,0.7728703377929176,0.40863094873019357,0.15701740075513324,8.859579736508749e-13,235,8.109340976503177e-11,187
CyclicControl,tabular,203,PPM-3,30,0.004666519909847261,-0.4929685540098131,0.7517140200711552,0.40277968318769425,0.15672903992997347,8.70470362457354e-13,235,8.123013373051435e-11,187
CyclicControl,tabular,203,PPM-3,35,0.0027951550861845,-0.49087587319902665,0.7448893704825403,0.3996003484013506,0.15642753421574596,8.673062268371723e-13,235,8.112360783130157e-11,187
CyclicControl,tabular,203,PPM-3,40,0.0008400695518023182,-0.4921597846714795,0.7616758959324404,0.399234506693502,0.15611186099666752,8.690825836765725e-13,235,8.973721765670462e-11,186
CyclicControl,tabular,203,PPM-3,45,-0.0011557792420248932,-0.4961906511113877,0.7806848559936737,0.40136499723620395,0.15578120839455456,8.762435221854048e-13,235,8.904160742062572e-11,186
CyclicControl,tabular,203,PPM-3,50,-0.003147976831668482,-0.49821279310154376,0.7990190223817213,0.4053336055409248,0.15543509481746653,8.797962358642053e-13,235,8.80365780275838e-11,186
CyclicControl,tabular,203,PPM-3,55,-0.005091821858966734,-0.49820759145937454,0.8175687921463493,0.4103523759169998,0.15507344255141062,8.799627693178991e-13,235,8.670791862286364e-11,186
CyclicControl,tabular,203,PPM-3,60,-0.006943502121943226,-0.4961681838846415,0.8332800942802379,0.4156793079981866,0.154696596599015,8.764100556390986e-13,235,8.504391635355546e-11,186
CyclicControl,tabular,203,PPM-3,65,-0.008661243015189151,-0.4920995894614233,0.8460715377862713,0.4207038641076884,0.15430528660950452,8.692491171302663e-13,235,8.303557841315978e-11,186
CyclicControl,tabular,203,PPM-3,70,-0.010206395933199327,-0.4860187436279057,0.8558722061445223,0.42496116643227433,0.15390053649991722,8.585354649426336e-13,235,8.96432372776701e-11,185
CyclicControl,tabular,203,PPM-3,75,-0.011544436205016098,-0.4779544429309268,0.8626225915787031,0.42811325248049226,0.1534835325035673,8.443246102274315e-13,235,8.663955664012235e-11,185
CyclicControl,tabular,203,PPM-3,80,-0.012645842964112084,-0.46794719819446823,0.8662755078565014,0.429923956802986,0.15305546523108435,8.267275752871228e-13,235,8.326073164255376e-11,185
CyclicControl,tabular,203,PPM-3,85,-0.0134868369755828,-0.4560489943982595,0.8667969537909405,0.43023907160186803,0.15261736435610146,8.951728247552637e-13,234,8.836237297416005e-11,184
CyclicControl,tabular,203,PPM-3,90,-0.014049956759400108,-0.44232295568107194,0.8669531963547882,0.4289747826278806,0.1521699453982202,8.682499164081037e-13,234,8.385186989201543e-11,184
CyclicControl,tabular,203,PPM-3,95,-0.01432445824950825,-0.42684291445981665,0.8668314772040802,0.42611400590875737,0.15171348666861076,8.638645354608343e-13,234,8.330539036371931e-11,184
CyclicControl,tabular,203,PPM-3,100,-0.014306528568949196,-0.41078562278594666,0.8645540977835153,0.42170939123859397,0.15124775093629317,8.909539772616881e-13,234,8.66989535719398e-11,184
CyclicControl,tabular,204,QP+G,0,0.0003957048979154589,-0.28568498216922544,0.7453726717330256,0.31523622523718886,0.12712262937851845,8.119616090596082e-13,235,8.131437190250779e-11,184
CyclicControl,tabular,204,QP+G,5,0.001157752458174201,-0.27937040223950727,0.7248955035979401,0.30244125406103295,0.12371324956479135,8.74356143043542e-13,234,8.621800495767218e-11,183
CyclicControl,tabular,204,QP+G,10,0.001800019509594552,-0.2723023961321522,0.702701987919983,0.2898032553219585,0.1204271483535733,8.446576771348191e-13,234,8.198669521064517e-11,183
CyclicControl,tabular,204,QP+G,15,0.002329003095016139,-0.26455376564012245,0.6789883573020352,0.27739719211357333,0.11725696128993372,8.133493878403897e-13,234,8.633960213444425e-11,182
CyclicControl,tabular,204,QP+G,20,0.002751889580034285,-0.2561941105764523,0.6539422265489521,0.2653011846150469,0.11419564857603683,8.671952045347098e-13,233,8.157785558182695e-11,182
CyclicControl,tabular,204,QP+G,25,0.0030763179685120833,-0.24728986691477475,0.627742499060582,0.25358747642717266,0.11123655817101129,8.294476216974545e-13,233,8.53950798962444e-11,181
CyclicControl,tabular,204,QP+G,30,0.0033101919698988033,-0.2379043766373294,0.6005593707978797,0.2423163520412056,0.10837347273913163,8.784639682346551e-13,232,8.914968763207298e-11,180
CyclicControl,tabular,204,QP+G,35,0.0034615335633213814,-0.2287002784008066,0.5731567109095157,0.231532517876913,0.10560064076830651,8.343326030058051e-13,232,8.355238723112279e-11,180
CyclicControl,tabular,204,QP+G,40,0.0035383706796252926,-0.22541792392200097,0.5513705143795178,0.22126358287791442,0.10291279276453678,8.771872117563362e-13,231,8.680559049345504e-11,179
CyclicControl,tabular,204,QP+G,45,0.0035486519114999167,-0.2242476779150359,0.5314812757542483,0.21152032068117677,0.10030514387044837,8.268385975895853e-13,231,8.999373468654426e-11,178
CyclicControl,tabular,204,QP+G,50,0.00350018176429755,-0.22356816099804067,0.5119523353664901,0.20229836943843965,0.09777338455932275,8.623102232263591e-13,230,8.380772464899877e-11,178
CyclicControl,tabular,204,QP+G,55,0.003400570779009257,-0.2283400863061224,0.4978238417453717,0.19358096258782645,0.09531366123347465,8.95228335906495e-13,229,8.657190242455925e-11,177
CyclicControl,tabular,204,QP+G,60,0.003257195804491504,-0.2334896779710192,0.48862965082077015,0.1853422297324682,0.09292254862680734,8.476275237256914e-13,229,8.929933181800465e-11,176
CyclicControl,tabular,204,QP+G,65,0.003077166690095573,-0.2375964249118766,0.48317537909961483,0.17755059942170304,0.09059701589756414,8.160139230994901e-13,229,8.280898189383379e-11,176
CyclicControl,tabular,204,QP+G,70,0.0028672966473872307,-0.24068487219259427,0.4823202724496083,0.17017189296848947,0.08833438821970971,8.92008689135082e-13,228,8.52599379985719e-11,175
CyclicControl,tabular,204,QP+G,75,0.0026340744399238913,-0.24278189213053808,0.481470634528291,0.1631718142322584,0.08613230555861041,8.962830477798889e-13,228,8.134846962715159e-11,175
CyclicControl,tabular,204,QP+G,80,0.0023836373663248694,-0.24391672358710828,0.4789396495153722,0.15651768940869382,0.0839886801641451,8.104628079763643e-13,229,8.956378694247036e-11,174
CyclicControl,tabular,204,QP+G,85,0.002121744680363296,-0.2441209717929481,0.47480906975591064,0.1501794599195833,0.0819016541440103,8.111289417911394e-13,229,8.854648958500633e-11,174
CyclicControl,tabular,204,QP+G,90,0.0018537516302564183,-0.2434285702263953,0.46916373687073964,0.14413004998766307,0.07986955830062606,8.98670027282833e-13,228,8.730675904455865e-11,174
CyclicControl,tabular,204,QP+G,95,0.001584584695188138,-0.2418757066639661,0.46209115504147186,0.1383452989029288,0.07789087323285725,8.929523787060134e-13,228,8.582511090704514e-11,174
CyclicControl,tabular,204,QP+G,100,0.0013187188556660957,-0.24055092232943615,0.45473125075760845,0.13280366154861223,0.07596419352284449,8.879008639439689e-13,228,8.40910258093075e-11,174
CyclicControl,tabular,204,noG,0,0.0003957048979154589,-0.28568498216922544,0.7453726717330256,0.31523622523718886,0.12712262937851845,8.119616090596082e-13,235,8.131437190250779e-11,184
CyclicControl,tabular,204,noG,5,0.001329421064160097,-0.28550668789565886,0.7420182224708505,0.3145980691894541,0.1266843489147823,8.958944697212701e-13,234,8.974077037038342e-11,183
CyclicControl,tabular,204,noG,10,0.002209543628421461,-0.2843315230283926,0.7359827732681028,0.3134387816802753,0.12626009254716847,8.863465517094937e-13,234,8.874520562862642e-11,183
CyclicControl,tabular,204,noG,15,0.0030236595455138703,-0.2821713988416144,0.7273166930545718,0.3117753071817978,0.12584846992950838,8.735789869263044e-13,234,8.73929817402086e-11,183
CyclicControl,tabular,204,noG,20,0.0037610979638240155,-0.27904262166540045,0.7160817248764513,0.30966291116883315,0.12544776958627904,8.575917753717022e-13,234,8.572054177591326e-11,183
CyclicControl,tabular,204,noG,25,0.004413005726655608,-0.27496557785282266,0.7023502279815216,0.3071873273722908,0.1250560507379361,8.386624728018433e-13,234,8.376904725437839e-11,183
CyclicControl,tabular,204,noG,30,0.004972379269810723,-0.26996440282012,0.6862043698835245,0.30445638538061015,0.12467124403943347,8.166800569142652e-13,234,8.1583267919072e-11,183
CyclicControl,tabular,204,noG,35,0.005434056349779556,-0.2674385154011508,0.6711071556690986,0.3015913200218698,0.12429125609252298,8.800182804691303e-13,233,8.801165352068097e-11,182
CyclicControl,tabular,204,noG,40,0.005794671952627835,-0.26903482146838636,0.6587741048590294,0.2987179102822423,0.12391407250134052,8.49598169594401e-13,233,8.522110794828563e-11,182
CyclicControl,tabular,204,noG,45,0.006052583437733322,-0.27233332357011497,0.6468583191380729,0.29595773980654966,0.12353785448781146,8.163469900068776e-13,233,8.232978188082996e-11,182
CyclicControl,tabular,204,noG,50,0.006207770443851275,-0.2779251726514348,0.636027983709361,0.29342010740009283,0.12316102462877145,8.67250715685941e-13,232,8.821038344208887e-11,181
CyclicControl,tabular,204,noG,55,0.00626171531737535,-0.29158044799937843,0.6321335950237562,0.2911953186760582,0.12278233805907059,8.247291738427975e-13,232,8.49433023919488e-11,181
CyclicControl,tabular,204,noG,60,0.0062172698139499275,-0.304303977894988,0.6307063287036654,0.28935013443639884,0.12240093642970658,8.782419236297301e-13,231,8.172684751173165e-11,181
CyclicControl,tabular,204,noG,65,0.006078513585270843,-0.3160655957787503,0.6386846576106997,0.28792595583347236,0.12201638293802104,8.680833829544099e-13,231,8.734188372550022e-11,180
CyclicControl,tabular,204,noG,70,0.005850609513958195,-0.3268362273820271,0.6529656189982722,0.28693989512606494,0.12162867778216344,8.796297024105115e-13,231,8.403183704430717e-11,180
CyclicControl,tabular,204,noG,75,0.005539660331318846,-0.33658788519399574,0.6655032233245338,0.2863883167321628,0.12123825436774194,8.152367669822524e-13,232,8.522807459776516e-11,180
CyclicControl,tabular,204,noG,80,0.005152570184070936,-0.3452937043267993,0.6758953629436173,0.28625190363867686,0.12084595745793898,8.363310044501304e-13,232,8.802025774912181e-11,180
CyclicControl,tabular,204,noG,85,0.004717217604285659,-0.35262529175447754,0.6837996265555344,0.2864776629671378,0.12046805570534486,8.540390616929017e-13,232,8.157813313758311e-11,181
CyclicControl,tabular,204,noG,90,0.00444763735972182,-0.3562734095965566,0.6872991316881291,0.28671360151893205,0.12024766341937464,8.628653347386717e-13,232,8.285469532687273e-11,181
CyclicControl,tabular,204,noG,95,0.004311335560012678,-0.3579129196066754,0.6887437114326453,0.28685015320072804,0.12013832231585563,8.668621376273222e-13,232,8.345532598319494e-11,181
CyclicControl,tabular,204,noG,100,0.004242586663793503,-0.3586935082081827,0.6893984135203803,0.2869228305443962,0.12008363470993445,8.686940056179537e-13,232,8.37479252613349e-11,181
CyclicControl,tabular,204,GDA,0,0.0003957048979154589,-0.28568498216922544,0.7453726717330256,0.31523622523718886,0.12712262937851845,8.119616090596082e-13,235,8.131437190250779e-11,184
CyclicControl,tabular,204,GDA,5,0.001329421064160097,-0.28550668789565886,0.7420182224708505,0.3145980691894541,0.1266843489147823,8.958944697212701e-13,234,8.974077037038342e-11,183
CyclicControl,tabular,204,GDA,10,0.002209543628421461,-0.2843315230283926,0.7359827732681028,0.3134387816802753,0.12626009254716847,8.863465517094937e-13,234,8.874520562862642e-11,183
CyclicControl,tabular,204,GDA,15,0.0030236595455138703,-0.2821713988416144,0.7273166930545718,0.3117753071817978,0.12584846992950838,8.735789869263044e-13,234,8.73929817402086e-11,183
CyclicControl,tabular,204,GDA,20,0.0037610979638240155,-0.27904262166540045,0.7160817248764513,0.30966291116883315,0.12544776958627904,8.575917753717022e-13,234,8.572054177591326e-11,183
CyclicControl,tabular,204,GDA,25,0.004413005726655608,-0.27496557785282266,0.7023502279815216,0.3071873273722908,0.1250560507379361,8.386624728018433e-13,234,8.376904725437839e-11,183
CyclicControl,tabular,204,GDA,30,0.004972379269810723,-0.26996440282012,0.6862043698835245,0.30445638538061015,0.12467124403943347,8.166800569142652e-13,234,8.1583267919072e-11,183
CyclicControl,tabular,204,GDA,35,0.005434056349779556,-0.2674385154011508,0.6711071556690986,0.3015913200218698,0.12429125609252298,8.800182804691303e-13,233,8.801165352068097e-11,182
CyclicControl,tabular,204,GDA,40,0.005794671952627835,-0.26903482146838636,0.6587741048590294,0.2987179102822423,0.12391407250134052,8.49598169594401e-13,233,8.522110794828563e-11,182
CyclicControl,tabular,204,GDA,45,0.006052583437733322,-0.27233332357011497,0.6468583191380729,0.29595773980654966,0.12353785448781146,8.163469900068776e-13,233,8.232978188082996e-11,182
CyclicControl,tabular,204,GDA,50,0.006207770443851275,-0.2779251726514348,0.636027983709361,0.29342010740009283,0.12316102462877145,8.67250715685941e-13,232,8.821038344208887e-11,181
CyclicControl,tabular,204,GDA,55,0.00626171531737535,-0.29158044799937843,0.6321335950237562,0.2911953186760582,0.12278233805907059,8.247291738427975e-13,232,8.49433023919488e-11,181
CyclicControl,tabular,204,GDA,60,0.0062172698139499275,-0.304303977894988,0.6307063287036654,0.28935013443639884,0.12240093642970658,8.782419236297301e-13,231,8.172684751173165e-11,181
CyclicControl,tabular,204,GDA,65,0.006078513585270843,-0.3160655957787503,0.6386846576106997,0.28792595583347236,0.12201638293802104,8.680833829544099e-13,231,8.734188372550022e-11,180
CyclicControl,tabular,204,GDA,70,0.005850609513958195,-0.3268362273820271,0.6529656189982722,0.28693989512606494,0.12162867778216344,8.796297024105115e-13,231,8.403183704430717e-11,180
CyclicControl,tabular,204,GDA,75,0.005539660331318846,-0.33658788519399574,0.6655032233245338,0.2863883167321628,0.12123825436774194,8.152367669822524e-13,232,8.522807459776516e-11,180
CyclicControl,tabular,204,GDA,80,0.005152570184070936,-0.3452937043267993,0.6758953629436173,0.28625190363867686,0.12084595745793898,8.363310044501304e-13,232,8.802025774912181e-11,180
CyclicControl,tabular,204,GDA,85,0.004696913950819761,-0.35292801855798067,0.6841081388482184,0.2865009780146075,0.1204530051722455,8.54760706658908e-13,232,8.168149490117571e-11,181
CyclicControl,tabular,204,GDA,90,0.0041808161945521925,-0.3594664744787449,0.690113047051436,0.28709979755869625,0.12006093728246392,8.705813847598165e-13,232,8.404371643067066e-11,181
CyclicControl,tabular,204,GDA,95,0.0036128407214280588,-0.3660805434026241,0.6950816665299784,0.2880088963147487,0.11967155262169488,8.863465517094937e-13,232,8.62548088509385e-11,181
CyclicControl,tabular,204,GDA,100,0.0030018908443474974,-0.3749812204294828,0.7012295121628098,0.2891851873685488,0.11928683861911522,8.171796572753465e-13,233,8.826758768343268e-11,181
CyclicControl,tabular,204,Adam-GDA,0,0.0003957048979154589,-0.28568498216922544,0.7453726717330256,0.31523622523718886,0.12712262937851845,8.119616090596082e-13,235,8.131437190250779e-11,184
CyclicControl,tabular,204,Adam-GDA,5,0.005143581052930942,-0.7872497518981548,1.477755990546434,0.9144643226866216,0.23047158321418454,8.211209490127658e-13,240,8.180511823496772e-11,192
CyclicControl,tabular,204,Adam-GDA,10,-0.018534197535611325,-1.2217033930991805,2.260615875966078,1.6557858908276735,0.3473609030688538,8.353318037279678e-13,244,8.899558867625501e-11,197
CyclicControl,tabular,204,Adam-GDA,15,-0.04795644864703594,-1.6350865965258907,3.1735130743602884,2.53893477004982,0.4694789224844874,8.15791878494565e-13,247,8.348433055971327e-11,201
CyclicControl,tabular,204,Adam-GDA,20,-0.03211970876220561,-1.847369229615765,3.75697447986013,3.177782404921543,0.6081802149776461,8.557599073810707e-13,248,8.461942258009003e-11,203
CyclicControl,tabular,204,Adam-GDA,25,0.027268235446057783,-1.9943774009547248,4.410144020068894,3.8262017828010437,0.7384055459565181,8.779643678735738e-13,250,8.809974971768497e-11,205
CyclicControl,tabular,204,Adam-GDA,30,0.1077425269460631,-2.290236705339008,5.0966777731993,4.500466355199357,0.8201282667156838,8.264500195309665e-13,252,8.448841626318426e-11,207
CyclicControl,tabular,204,Adam-GDA,35,0.16888566632632876,-2.7513124681701555,5.660716214819827,5.080523304519304,0.911967298051088,8.57980353430321e-13,252,8.838130227672991e-11,207
CyclicControl,tabular,204,Adam-GDA,40,0.17822648028617075,-3.508359622416104,6.748585006417813,6.163360585835353,1.0271427507515223,8.36664071357518e-13,254,8.781331217733168e-11,209
CyclicControl,tabular,204,Adam-GDA,45,0.13366014890506267,-3.97518093913709,7.584392181502164,7.009504898007434,1.1075643135079074,8.535394613318203e-13,255,8.167155840510532e-11,211
CyclicControl,tabular,204,Adam-GDA,50,0.01678998671221348,-3.999196835562829,7.573600433684866,7.04410122227606,1.168215039676757,8.57980353430321e-13,255,8.227951653339005e-11,211
CyclicControl,tabular,204,Adam-GDA,55,-0.1686554678170934,-3.8653596785776503,7.526098819111278,6.973282874928532,1.2489853372169892,8.29558643999917e-13,255,8.847234056474917e-11,210
CyclicControl,tabular,204,Adam-GDA,60,-0.3317282970187512,-4.220737229710538,7.967494584032187,7.438089987821246,1.3214108005862986,8.180123245438153e-13,256,8.807887752482202e-11,211
CyclicControl,tabular,204,Adam-GDA,65,-0.3793518702549681,-4.729703895084601,8.840557302229062,8.337801207651347,1.338614255936231,8.233413950620161e-13,257,8.914113891478337e-11,212
CyclicControl,tabular,204,Adam-GDA,70,-0.32111344541637626,-4.951170923094507,9.592656187178772,9.082055452417896,1.3292402529353147,8.606448886894214e-13,257,8.415934615868537e-11,213
CyclicControl,tabular,204,Adam-GDA,75,-0.261174893717863,-4.848156942445812,9.609015428078525,9.117599553493639,1.410609250937357,8.428813202954188e-13,257,8.23021650830924e-11,213
CyclicControl,tabular,204,Adam-GDA,80,-0.31303506244054635,-4.863511752773202,9.69787041775269,9.260871508217058,1.5879228111638384,8.419931418757187e-13,257,8.276490603975617e-11,213
CyclicControl,tabular,204,Adam-GDA,85,-0.4794412257071548,-5.669545098182152,11.116614850005027,10.654828172392751,1.6780238222902313,8.881784197001252e-13,258,8.769163173383276e-11,214
CyclicControl,tabular,204,Adam-GDA,90,-0.6290998245372805,-6.208303101226779,12.051322813103994,11.60631713037763,1.596219689006124,8.739675649849232e-13,259,8.697220721387566e-11,215
CyclicControl,tabular,204,Adam-GDA,95,-0.6202020640988553,-6.41167755649134,12.382296036977987,11.95039204073768,1.4788455872115054,8.144596108650148e-13,260,8.102229998030452e-11,216
CyclicControl,tabular,204,Adam-GDA,100,-0.43265901240816046,-6.21768367133675,12.367262827275916,11.945430868013265,1.4904148253590583,8.757439218243235e-13,259,8.712852661574289e-11,215
CyclicControl,tabular,204,EGM,0,0.0003957048979154589,-0.28568498216922544,0.7453726717330256,0.31523622523718886,0.12712262937851845,8.119616090596082e-13,235,8.131437190250779e-11,184
CyclicControl,tabular,204,EGM,5,0.0013240628185883486,-0.2853209781300342,0.7414995611356585,0.31422766846814465,0.12659430814415257,8.952838470577262e-13,234,8.96334673150534e-11,183
CyclicControl,tabular,204,EGM,10,0.002196298020825117,-0.28396348256375414,0.7349627782343731,0.312706117042883,0.1260810868119382,8.851253063824061e-13,234,8.853576205503089e-11,183
CyclicControl,tabular,204,EGM,15,0.0030005091297871473,-0.28162675207677007,0.7258188297159904,0.3106920658262061,0.12558153433693575,8.716916077844417e-13,234,8.708797571976845e-11,183
CyclicControl,tabular,204,EGM,20,0.003726572779952777,-0.27832928536601076,0.7141351785178144,0.30824339672864154,0.12509391112121226,8.552603070199893e-13,234,8.532738404731788e-11,183
CyclicControl,tabular,204,EGM,25,0.004366198649956705,-0.2740934922148187,0.6999894434381947,0.3054472641739951,0.12461626156910156,8.357758929378178e-13,234,8.329575917898069e-11,183
CyclicControl,tabular,204,EGM,30,0.004912942408436448,-0.26894535115246687,0.6834685580333384,0.3024115784487807,0.12414651429900513,8.133493878403897e-13,234,8.103817616955666e-11,183
CyclicControl,tabular,204,EGM,35,0.005362180573261483,-0.2661918796899968,0.6679457189053211,0.2992562823323083,0.12368258493804811,8.75854944126786e-13,233,8.733533340965494e-11,182
CyclicControl,tabular,204,EGM,40,0.005711052067310249,-0.2676199039144828,0.6552786165988598,0.2961045755234219,0.12322247642653454,8.451017663446692e-13,233,8.448267085903183e-11,182
CyclicControl,tabular,204,EGM,45,0.005958371810929446,-0.2707683747663181,0.6430812029690551,0.29307438660832014,0.12276437208143293,8.115730310009894e-13,233,8.15369161077939e-11,182
CyclicControl,tabular,204,EGM,50,0.006104522012270745,-0.27609270282574017,0.6318874734004769,0.29027061509747915,0.12230671726612526,8.61644089411584e-13,232,8.727624178916926e-11,181
CyclicControl,tabular,204,EGM,55,0.006151326899153635,-0.28948820719911633,0.6276743658385977,0.2877788436775299,0.12184828632254031,8.189005029635155e-13,232,8.396172646030209e-11,181
CyclicControl,tabular,204,EGM,60,0.006101916487355821,-0.30194347991593684,0.6259844057774528,0.285661237760663,0.12138823236636959,8.719136523893667e-13,231,8.966885567396332e-11,180
CyclicControl,tabular,204,EGM,65,0.005960584617887696,-0.3134297098367056,0.6334648620086947,0.28395513678249995,0.12092611854921613,8.613110225041964e-13,231,8.615785862531311e-11,180
CyclicControl,tabular,204,EGM,70,0.005732645946955259,-0.32391922561424386,0.6471468498142268,0.2826744146079905,0.12046193038145718,8.716916077844417e-13,231,8.280362506773997e-11,180
CyclicControl,tabular,204,EGM,75,0.005424295872174532,-0.33338550812141055,0.6591660027325764,0.2818131504482664,0.11999606962548572,8.97171226199589e-13,231,8.384734573319008e-11,180
CyclicControl,tabular,204,EGM,80,0.005042476568551037,-0.3418032430367053,0.6690449929944327,0.281350666803464,0.11952933106441904,8.27837798311748e-13,232,8.649728155951664e-11,180
CyclicControl,tabular,204,EGM,85,0.004594751432935355,-0.34914841177272754,0.676754107349657,0.28125671164792654,0.11906286409577907,8.456568778569817e-13,232,8.908576654143019e-11,180
CyclicControl,tabular,204,EGM,90,0.004089189342496994,-0.3553984182061368,0.6822691727554426,0.2814955880028355,0.11859812157797467,8.607559109918839e-13,232,8.240144677706951e-11,181
CyclicControl,tabular,204,EGM,95,0.0035342592662823673,-0.36158721773879143,0.6866268377307945,0.2820283879256907,0.11813679866836721,8.754663660681672e-13,232,8.44717906733905e-11,181
CyclicControl,tabular,204,EGM,100,0.002938734970563236,-0.37013490843064095,0.6922542914430343,0.28281310957081074,0.11768076454496987,8.962275366286576e-13,232,8.634259973661074e-11,181
CyclicControl,tabular,204,PPM-3,0,0.0003957048979154589,-0.28568498216922544,0.7453726717330256,0.31523622523718886,0.12712262937851845,8.119616090596082e-13,235,8.131437190250779e-11,184
CyclicControl,tabular,204,PPM-3,5,0.0013239256361234956,-0.2853211437550641,0.7415009025579123,0.31422822605414574,0.12659450544900863,8.95228335906495e-13,234,8.96338281375364e-11,183
CyclicControl,tabular,204,PPM-3,10,0.0021960557048825657,-0.28396410778500497,0.7349662424966965,0.31270741377923783,0.12608147500835457,8.851253063824061e-13,234,8.853651145557251e-11,183
CyclicControl,tabular,204,PPM-3,15,0.0030001973618399465,-0.2816281175546906,0.725825154470112,0.3106942632211687,0.12558210782687057,8.716916077844417e-13,234,8.708925247624677e-11,183
CyclicControl,tabular,204,PPM-3,20,0.0037262292939428095,-0.2783316558369735,0.7141450511640224,0.30824661197412717,0.12509466524185858,8.552603070199893e-13,234,8.532921591530851e-11,183
CyclicControl,tabular,204,PPM-3,25,0.004365861723118361,-0.274097114308831,0.7000034956046062,0.3054515537134904,0.12461719262220426,8.357203817865866e-13,234,8.32982571807861e-11,183
CyclicControl,tabular,204,PPM-3,30,0.004912649470949285,-0.26895045163548575,0.6834873610334455,0.30241692927309055,0.1241476194909347,8.134048989916209e-13,234,8.104131254960123e-11,183
CyclicControl,tabular,204,PPM-3,35,0.005361966975697538,-0.2661919254426443,0.6679630414959448,0.29926261076901095,0.12368386223835627,8.759104552780173e-13,233,8.733946899042166e-11,182
CyclicControl,tabular,204,PPM-3,40,0.0057109500347841055,-0.26762105482514437,0.6553008762168318,0.29611173311650163,0.12322392435820191,8.451017663446692e-13,233,8.448744481803772e-11,182
CyclicControl,tabular,204,PPM-3,45,0.00595840960225519,-0.2707634251437202,0.6431014060421103,0.2930821722841692,0.12276598946028563,8.115730310009894e-13,233,8.154227293388772e-11,182
CyclicControl,tabular,204,PPM-3,50,0.006104723291789232,-0.27607725188947047,0.6319013852716688,0.290278792175254,0.12230850290964226,8.618106228652778e-13,232,8.728276434943893e-11,181
CyclicControl,tabular,204,PPM-3,55,0.006151710318724012,-0.2894725038319276,0.6276923554601195,0.2877871595738599,0.12185023874939804,8.19011525265978e-13,232,8.396863759863038e-11,181
CyclicControl,tabular,204,PPM-3,60,0.00610249546679158,-0.30192777490595674,0.6259957838863683,0.2856694437473181,0.121390349507607,8.719691635405979e-13,231,8.967684927974062e-11,180
CyclicControl,tabular,204,PPM-3,65,0.0059613673042753015,-0.3134142593731536,0.6334661877593639,0.28396300516791184,0.12092839749001573,8.612555113529652e-13,231,8.616604652011972e-11,180
CyclicControl,tabular,204,PPM-3,70,0.005733635327158058,-0.3239042919949476,0.6471275258541367,0.28268175137213936,0.120464367149512,8.716916077844417e-13,231,8.281178520697097e-11,180
CyclicControl,tabular,204,PPM-3,75,0.005425490008629373,-0.3333713603979302,0.6591491799664138,0.2818198025681481,0.11999865903809719,8.97171226199589e-13,231,8.384315464127212e-11,180
CyclicControl,tabular,204,PPM-3,80,0.005043868926317473,-0.341790157540249,0.6690312624730531,0.28135652493486507,0.11953206664221491,8.27837798311748e-13,232,8.64929516897206e-11,180
CyclicControl,tabular,204,PPM-3,85,0.004596331265854664,-0.34913667246889085,0.6767440671029004,0.28126171002753986,0.11906573804659663,8.456568778569817e-13,232,8.908140891605854e-11,180
CyclicControl,tabular,204,PPM-3,90,0.004090942108136444,-0.3553883168322515,0.6822634249020219,0.2814997039729081,0.11860112485036671,8.607003998406526e-13,232,8.239764426321017e-11,181
CyclicControl,tabular,204,PPM-3,95,0.003536167042854858,-0.36156712521414763,0.686614056667509,0.2820316430864877,0.11813992107055257,8.754108549169359e-13,232,8.446818244856047e-11,181
CyclicControl,tabular,204,PPM-3,100,0.002940776853916519,-0.37011670086916715,0.6922466464806831,0.28281557323589157,0.11768399492209942,8.962275366286576e-13,232,8.633938008983932e-11,181
CyclicControl,tabular,205,QP+G,0,0.0016539449443396079,-0.2960126456666203,0.707122794575358,0.2892346668039715,0.11598699283706732,8.964495812335826e-13,233,8.308898014064425e-11,182
CyclicControl,tabular,205,QP+G,5,0.0017982556019016085,-0.2792110172242375,0.6699125757004167,0.27273157368018613,0.11300745434633272,8.519851490973451e-13,233,8.668896156471817e-11,181
CyclicControl,tabular,205,QP+G,10,0.0019069362100239328,-0.26201026974255864,0.6320312787901032,0.25748948261328497,0.11009229551640158,8.965050923848139e-13,232,8.148687280495892e-11,181
CyclicControl,tabular,205,QP+G,15,0.0019852758197751773,-0.2445024381831009,0.5936664533600637,0.243494647868828,0.10724069172859109,8.459899447643693e-13,232,8.521952588047554e-11,180
CyclicControl,tabular,205,QP+G,20,0.002037806340213438,-0.22908972540058423,0.5612042370899251,0.23068209278486107,0.10445208100789657,8.93951579428176e-13,231,8.924053163106294e-11,179
CyclicControl,tabular,205,QP+G,25,0.002068335355707644,-0.21670294555996908,0.539448299813018,0.21894978457422704,0.10172611241579292,8.68749516769185e-13,231,8.419817620897163e-11,179
CyclicControl,tabular,205,QP+G,30,0.002080001700980183,-0.20401488516464553,0.5237769735058585,0.20817413064653356,0.09906259155147623,8.604783552357276e-13,231,8.832901077227007e-11,178
CyclicControl,tabular,205,QP+G,35,0.0020753473403791137,-0.19823250624295322,0.5157929856227768,0.19822431059827894,0.09646142555546187,8.545941732052142e-13,231,8.341226320762729e-11,178
CyclicControl,tabular,205,QP+G,40,0.0020563996090189004,-0.2038827396062346,0.518102795742964,0.18897384133158102,0.093922569827848,8.456568778569817e-13,231,8.749040381061945e-11,177
CyclicControl,tabular,205,QP+G,45,0.0020247585051433262,-0.20900257952420614,0.5188025069985055,0.18030871159320122,0.09144597838878774,8.337774914934926e-13,231,8.251813121695761e-11,177
CyclicControl,tabular,205,QP+G,50,0.001981684437083067,-0.2130621895529581,0.5174242981593441,0.17213213894506146,0.08903155945678862,8.191780587196718e-13,231,8.635883674834588e-11,176
CyclicControl,tabular,205,QP+G,55,0.001928182589257874,-0.21610751219953073,0.5140785817246238,0.16436642561658404,0.08667913743402784,8.910649995641506e-13,230,8.1198964219098e-11,176
CyclicControl,tabular,205,QP+G,60,0.0018650808480437332,-0.21818579786134742,0.5088790792356361,0.15695257225156253,0.08438842209455526,8.693601394327288e-13,230,8.465893264197888e-11,175
CyclicControl,tabular,205,QP+G,65,0.0017930989920701586,-0.21934527534406903,0.5019420405576084,0.14984833631771483,0.08215898539292324,8.451572774959004e-13,230,8.807277129818658e-11,174
CyclicControl,tabular,205,QP+G,70,0.001712907578881357,-0.2196348469660456,0.4933854942832492,0.14302536587266063,0.07999024596361957,8.187339695098217e-13,230,8.227597769749906e-11,174
CyclicControl,tabular,205,QP+G,75,0.001625175631465994,-0.2191038079956647,0.4833285327589595,0.13646594362341738,0.07788146107665712,8.780753901760363e-13,229,8.521207350842275e-11,173
CyclicControl,tabular,205,QP+G,80,0.001530606828935457,-0.21780159001255678,0.47189063473167264,0.13015976397146084,0.07583172555841032,8.444356325298941e-13,229,8.807056472992514e-11,172
CyclicControl,tabular,205,QP+G,85,0.0014299644249667948,-0.21577752759247804,0.4591910280187458,0.12410104869565595,0.07383997698234765,8.987255384340642e-13,228,8.552463598432425e-11,172
CyclicControl,tabular,205,QP+G,90,0.001324085549051092,-0.21308064758671807,0.44534809413566423,0.1182861924539714,0.07190500628204141,8.575917753717022e-13,228,8.364850478947972e-11,172
CyclicControl,tabular,205,QP+G,95,0.0012138858865118945,-0.20975948007912865,0.4304788162071006,0.11271202410821743,0.07002547283711502,8.149314556504805e-13,228,8.174192572818484e-11,172
CyclicControl,tabular,205,QP+G,100,0.0011003559845716418,-0.2058618900205918,0.41469827109207225,0.10737468085270165,0.06819992302845408,8.567313525276177e-13,227,8.865001094315872e-11,171
CyclicControl,tabular,205,noG,0,0.0016539449443396079,-0.2960126456666203,0.707122794575358,0.2892346668039715,0.11598699283706732,8.964495812335826e-13,233,8.308898014064425e-11,182
CyclicControl,tabular,205,noG,5,0.001944997579841594,-0.28584647267357277,0.6850841212093295,0.28376385174649343,0.11577184049584138,8.705813847598165e-13,233,8.995823530533187e-11,181
CyclicControl,tabular,205,noG,10,0.0021910033531796335,-0.27467606808084705,0.6607743359188022,0.27865442531166895,0.11554129693823789,8.419376307244875e-13,233,8.768311077211877e-11,181
CyclicControl,tabular,205,noG,15,0.002392312184513478,-0.26253476433365003,0.6342909479932315,0.2740683799491282,0.1152948149119932,8.106848525812893e-13,233,8.555287034361925e-11,181
CyclicControl,tabular,205,noG,20,0.0025500886160690433,-0.25307086355622804,0.6132242416724889,0.27012603720994544,0.11503224942692346,8.724687639016793e-13,232,8.360631631454396e-11,181
CyclicControl,tabular,205,noG,25,0.0026661989924038113,-0.24543292971297107,0.6024506150553666,0.26689664215141595,0.1147538566639289,8.646416915780719e-13,232,8.186082367522829e-11,181
CyclicControl,tabular,205,noG,30,0.0027430883097487495,-0.23718066142430053,0.6008559878502164,0.2643944369106275,0.11446027977415382,8.807954365863679e-13,232,8.92358409387839e-11,180
CyclicControl,tabular,205,noG,35,0.0027836511148018332,-0.23998070714399808,0.6092771987941477,0.26258082690570905,0.11415252181402391,8.944511797892574e-13,232,8.770811854574845e-11,180
CyclicControl,tabular,205,noG,40,0.002791100811453619,-0.2536336220577431,0.6273315390997216,0.26137202443062424,0.1138319066101765,8.146261443187086e-13,233,8.633102566157902e-11,180
CyclicControl,tabular,205,noG,45,0.002768841579102444,-0.2662638682580536,0.6431181749314993,0.2606506208086823,0.11350002889358932,8.216205493738471e-13,233,8.505243731526946e-11,180
CyclicControl,tabular,205,noG,50,0.0027203468274031046,-0.27783305077381953,0.6565776563593262,0.2602791407663503,0.11315869554842369,8.256728634137289e-13,233,8.381711991134466e-11,180
CyclicControl,tabular,205,noG,55,0.0026490477216781338,-0.28830774394899583,0.667659966720316,0.2601137370904219,0.11280986025285367,8.270606421945104e-13,233,8.25724488784374e-11,180
CyclicControl,tabular,205,noG,60,0.00255823482577188,-0.2976595760556643,0.676324811157926,0.2600165877389308,0.11245555411458244,8.255618411112664e-13,233,8.127312711714296e-11,180
CyclicControl,tabular,205,noG,65,0.0024509753420830427,-0.3058652833200861,0.6825418531374963,0.25986604600809077,0.1120978150976531,8.212874824664596e-13,233,8.876063772866871e-11,179
CyclicControl,tabular,205,noG,70,0.002330047800901667,-0.3129067334180712,0.6862908967654728,0.2595640280891255,0.11173861908311752,8.140155216551648e-13,233,8.709424847985758e-11,179
CyclicControl,tabular,205,noG,75,0.00219789538333716,-0.31877091864226265,0.6875620130586036,0.25904044858514,0.11137981529863752,8.933964679158635e-13,232,8.52945769569402e-11,179
CyclicControl,tabular,205,noG,80,0.002056598375212159,-0.3234499191339562,0.6863556087083775,0.25825473937825993,0.11102306859725897,8.791301020494302e-13,232,8.33662722188322e-11,179
CyclicControl,tabular,205,noG,85,0.0019078655648073076,-0.3269408367782983,0.6826824362999401,0.2571946465444671,0.11066981068111438,8.616996005628152e-13,232,8.450806721072013e-11,179
CyclicControl,tabular,205,noG,90,0.001753043736581805,-0.32924570064525716,0.676563545505121,0.25587263798532567,0.11032120187951014,8.413270080609436e-13,232,8.577738519477407e-11,179
CyclicControl,tabular,205,noG,95,0.0015931437965564029,-0.330371345115853,0.6680301752530595,0.2543204054971028,0.10997810453829321,8.179013022413528e-13,232,8.694556186128466e-11,179
CyclicControl,tabular,205,noG,100,0.001428881512224272,-0.3303292621491025,0.657123587481495,0.2525821170293899,0.10964106849842667,8.892886427247504e-13,231,8.800107864637141e-11,179
CyclicControl,tabular,205,GDA,0,0.0016539449443396079,-0.2960126456666203,0.707122794575358,0.2892346668039715,0.11598699283706732,8.964495812335826e-13,233,8.308898014064425e-11,182
CyclicControl,tabular,205,GDA,5,0.001944997579841594,-0.28584647267357277,0.6850841212093295,0.28376385174649343,0.11577184049584138,8.705813847598165e-13,233,8.995823530533187e-11,181
CyclicControl,tabular,205,GDA,10,0.0021910033531796335,-0.27467606808084705,0.6607743359188022,0.27865442531166895,0.11554129693823789,8.419376307244875e-13,233,8.768311077211877e-11,181
CyclicControl,tabular,205,GDA,15,0.002392312184513478,-0.26253476433365003,0.6342909479932315,0.2740683799491282,0.1152948149119932,8.106848525812893e-13,233,8.555287034361925e-11,181
CyclicControl,tabular,205,GDA,20,0.0025500886160690433,-0.25307086355622804,0.6132242416724889,0.27012603720994544,0.11503224942692346,8.724687639016793e-13,232,8.360631631454396e-11,181
CyclicControl,tabular,205,GDA,25,0.0026661989924038113,-0.24543292971297107,0.6024506150553666,0.26689664215141595,0.1147538566639289,8.646416915780719e-13,232,8.186082367522829e-11,181
CyclicControl,tabular,205,GDA,30,0.0027430883097487495,-0.23718066142430053,0.6008559878502164,0.2643944369106275,0.11446027977415382,8.807954365863679e-13,232,8.92358409387839e-11,180
CyclicControl,tabular,205,GDA,35,0.0027836511148018332,-0.23998070714399808,0.6092771987941477,0.26258082690570905,0.11415252181402391,8.944511797892574e-13,232,8.770811854574845e-11,180
CyclicControl,tabular,205,GDA,40,0.002791100811453619,-0.2536336220577431,0.6273315390997216,0.26137202443062424,0.1138319066101765,8.146261443187086e-13,233,8.633102566157902e-11,180
CyclicControl,tabular,205,GDA,45,0.002768841579102444,-0.2662638682580536,0.6431181749314993,0.2606506208086823,0.11350002889358932,8.216205493738471e-13,233,8.505243731526946e-11,180
CyclicControl,tabular,205,GDA,50,0.0027203468274031046,-0.27783305077381953,0.6565776563593262,0.2602791407663503,0.11315869554842369,8.256728634137289e-13,233,8.381711991134466e-11,180
CyclicControl,tabular,205,GDA,55,0.0026490477216781338,-0.28830774394899583,0.667659966720316,0.2601137370904219,0.11280986025285367,8.270606421945104e-13,233,8.25724488784374e-11,180
CyclicControl,tabular,205,GDA,60,0.00255823482577188,-0.2976595760556643,0.676324811157926,0.2600165877389308,0.11245555411458244,8.255618411112664e-13,233,8.127312711714296e-11,180
CyclicControl,tabular,205,GDA,65,0.0024509753420830427,-0.3058652833200861,0.6825418531374963,0.25986604600809077,0.1120978150976531,8.212874824664596e-13,233,8.876063772866871e-11,179
CyclicControl,tabular,205,GDA,70,0.002330047800901667,-0.3129067334180712,0.6862908967654728,0.2595640280891255,0.11173861908311752,8.140155216551648e-13,233,8.709424847985758e-11,179
CyclicControl,tabular,205,GDA,75,0.00219789538333716,-0.31877091864226265,0.6875620130586036,0.25904044858514,0.11137981529863752,8.933964679158635e-13,232,8.52945769569402e-11,179
CyclicControl,tabular,205,GDA,80,0.002056598375212159,-0.3234499191339562,0.6863556087083775,0.25825473937825993,0.11102306859725897,8.791301020494302e-13,232,8.33662722188322e-11,179
CyclicControl,tabular,205,GDA,85,0.0019078655648073076,-0.3269408367782983,0.6826824362999401,0.2571946465444671,0.11066981068111438,8.616996005628152e-13,232,8.450806721072013e-11,179
CyclicControl,tabular,205,GDA,90,0.001753043736581805,-0.32924570064525716,0.676563545505121,0.25587263798532567,0.11032120187951014,8.413270080609436e-13,232,8.577738519477407e-11,179
CyclicControl,tabular,205,GDA,95,0.0015931437965564029,-0.330371345115853,0.6680301752530595,0.2543204054971028,0.10997810453829321,8.179013022413528e-13,232,8.694556186128466e-11,179
CyclicControl,tabular,205,GDA,100,0.001428881512224272,-0.3303292621491025,0.657123587481495,0.2525821170293899,0.10964106849842667,8.892886427247504e-13,231,8.800107864637141e-11,179
CyclicControl,tabular,205,Adam-GDA,0,0.0016539449443396079,-0.2960126456666203,0.707122794575358,0.2892346668039715,0.11598699283706732,8.964495812335826e-13,233,8.308898014064425e-11,182
CyclicControl,tabular,205,Adam-GDA,5,-0.001511240353032629,-0.7086178997623291,1.2840772153075115,0.7696441665666788,0.21232322761909062,8.213429936176908e-13,239,8.645328897216586e-11,190
CyclicControl,tabular,205,Adam-GDA,10,-0.01693871395528401,-1.1614841894033017,2.170760373004545,1.5742858923080794,0.33692870900516814,8.828493491819245e-13,243,8.258427275364966e-11,197
CyclicControl,tabular,205,Adam-GDA,15,-0.02222406078419995,-1.4806571673269353,2.8482547025131506,2.2926508587630177,0.46080303733246786,8.204548151979907e-13,246,8.238298931928512e-11,200
CyclicControl,tabular,205,Adam-GDA,20,-0.004268770627686154,-1.733801017486737,3.7896184790130443,3.1777392235768795,0.5734438941921042,8.317790900491673e-13,249,8.991829503202098e-11,203
CyclicControl,tabular,205,Adam-GDA,25,0.04493341394235008,-2.2781346759791457,4.93227534555769,4.308545645322177,0.692492695308917,8.695266728864226e-13,251,8.800382644835736e-11,206
CyclicControl,tabular,205,Adam-GDA,30,0.11749907437794298,-2.5097905667437814,5.364778823447232,4.801732401271245,0.8067221196582749,8.419931418757187e-13,252,8.676037666077718e-11,207
CyclicControl,tabular,205,Adam-GDA,35,0.1784246082056524,-3.019769941132186,6.030297573961941,5.453907814450462,0.9374733419297177,8.890665981198254e-13,252,8.299716469650775e-11,208
CyclicControl,tabular,205,Adam-GDA,40,0.18052350504535097,-3.4009608574546433,6.7172961188182025,6.127983461855749,1.0511761576300866,8.100187187665142e-13,254,8.480904867269601e-11,209
CyclicControl,tabular,205,Adam-GDA,45,0.09208960515217769,-3.6879283338255835,6.936442182269735,6.403962059020397,1.0960533986581675,8.784084570834239e-13,254,8.431388920371319e-11,210
CyclicControl,tabular,205,Adam-GDA,50,-0.08023729630839647,-4.375783450716225,7.7107701268836575,7.18649149298632,1.1071629628500106,8.464340339742193e-13,256,8.183498323433014e-11,212
CyclicControl,tabular,205,Adam-GDA,55,-0.29936118225057834,-4.7299063096395155,8.686726911027794,8.149630968005676,1.1602468612927617,8.233413950620161e-13,257,8.900791215182835e-11,212
CyclicControl,tabular,205,Adam-GDA,60,-0.5129778234611857,-4.647141057740885,9.184454342815894,8.682167346237748,1.2306839464239065,8.961720254774264e-13,256,8.770051351802977e-11,212
CyclicControl,tabular,205,Adam-GDA,65,-0.6545582467035622,-4.73972252485114,9.578806254746095,9.066860723723194,1.254822290814115,8.419931418757187e-13,257,8.212897029125088e-11,213
CyclicControl,tabular,205,Adam-GDA,70,-0.6712159773360732,-4.789185953464303,9.898025169224773,9.429596456290124,1.2486082779205656,8.872902412804251e-13,257,8.704770237955017e-11,213
CyclicControl,tabular,205,Adam-GDA,75,-0.5497821009721655,-5.152169775084066,10.579283603503619,10.091793066098948,1.2833609400964527,8.499867476530198e-13,258,8.36584135299745e-11,214
CyclicControl,tabular,205,Adam-GDA,80,-0.32914907925645853,-5.0484227971147675,10.471292124707826,10.005121899431991,1.396916435896377,8.499867476530198e-13,258,8.381562111026142e-11,214
CyclicControl,tabular,205,Adam-GDA,85,-0.09721062053286866,-5.129457441116159,10.3009901352149,9.829304640621782,1.5361229330279094,8.144596108650148e-13,258,8.917311333789257e-11,213
CyclicControl,tabular,205,Adam-GDA,90,0.08042733623265347,-4.98375258111227,10.133770134564742,9.685646268239312,1.5944495052090701,8.109068971862143e-13,258,8.913580984426517e-11,213
CyclicControl,tabular,205,Adam-GDA,95,0.2438639277562557,-5.0910156916068985,10.976865876353418,10.53105876031092,1.5101276713642424,8.268941087408166e-13,259,8.22701906599832e-11,215
CyclicControl,tabular,205,Adam-GDA,100,0.4671718220806764,-5.646849347773736,12.29373556494086,11.878319743974615,1.339484533631488,8.43769498715119e-13,260,8.431300102529349e-11,216
CyclicControl,tabular,205,EGM,0,0.0016539449443396079,-0.2960126456666203,0.707122794575358,0.2892346668039715,0.11598699283706732,8.964495812335826e-13,233,8.308898014064425e-11,182
CyclicControl,tabular,205,EGM,5,0.001940469283645187,-0.2856454071347232,0.6846248069980686,0.28342802908692366,0.11568805157217572,8.700262732475039e-13,233,8.98588425890523e-11,181
CyclicControl,tabular,205,EGM,10,0.0021819970443687537,-0.27428745192767817,0.6598944254975292,0.27799951667517464,0.11537405225321605,8.408829188510936e-13,233,8.749201363400516e-11,181
CyclicControl,tabular,205,EGM,15,0.0023791214407802653,-0.26197442371776347,0.6330336942070145,0.27310682021173166,0.11504451358573232,8.990586053414518e-13,232,8.52759252101265e-11,181
CyclicControl,tabular,205,EGM,20,0.0025332104069764405,-0.2523151669752652,0.6115981848645475,0.26886489726873214,0.1146993543070469,8.704148513061227e-13,232,8.324707589935088e-11,181
CyclicControl,tabular,205,EGM,25,0.0026462887788461344,-0.2445156986967552,0.6004598792077827,0.26533731071422006,0.11433888979961963,8.620326674702028e-13,232,8.142073126826688e-11,181
CyclicControl,tabular,205,EGM,30,0.002720912369956493,-0.23610443430615552,0.5983823008007707,0.26253312300768483,0.11396381579058483,8.7735374521003e-13,232,8.865641554223203e-11,180
CyclicControl,tabular,205,EGM,35,0.0027600383140283756,-0.23858385719656172,0.6062157338805122,0.2604097911039022,0.11357517949844692,8.903988657493755e-13,232,8.703615606009407e-11,180
CyclicControl,tabular,205,EGM,40,0.002766895938413899,-0.2519714752373222,0.623734154794676,0.25888130857319447,0.11317433912636465,8.104628079763643e-13,233,8.556383379598742e-11,180
CyclicControl,tabular,205,EGM,45,0.0027448621983683524,-0.2643280696029558,0.6389757132217706,0.257829978826868,0.11276291312724375,8.167355680654964e-13,233,8.418751806793523e-11,180
CyclicControl,tabular,205,EGM,50,0.0026973453524988867,-0.27561814623347053,0.6518866266909187,0.2571198809991375,0.1123427211440025,8.202882817442969e-13,233,8.28528634588821e-11,180
CyclicControl,tabular,205,EGM,55,0.0026276801100032815,-0.2858112066103532,0.6624226561469995,0.2566102462195589,0.11191571892558955,8.210654378615345e-13,233,8.150866093181719e-11,180
CyclicControl,tabular,205,EGM,60,0.0025390369469187827,-0.294881806866073,0.6705493490332406,0.2561673870217142,0.1114839298067473,8.19011525265978e-13,233,8.901274162198547e-11,179
CyclicControl,tabular,205,EGM,65,0.002434347690140667,-0.30280958681672515,0.6762422292549751,0.2556743088857384,0.11104937549533947,8.141820551088585e-13,233,8.736500411998804e-11,179
CyclicControl,tabular,205,EGM,70,0.0023162488242883393,-0.30957926919548595,0.6794869322538628,0.2550375537021264,0.11061400892251746,8.960610031749638e-13,232,8.559952746622912e-11,179
CyclicControl,tabular,205,EGM,75,0.00218704330826156,-0.31518062952088655,0.6802792837843414,0.25419113717091646,0.11017965177585666,8.84459172567631e-13,232,8.37081515214777e-11,179
CyclicControl,tabular,205,EGM,80,0.002048681016529179,-0.3196084372047658,0.6786253213616846,0.2530976567946158,0.10974793906260365,8.697487174913476e-13,232,8.169667720103746e-11,179
CyclicControl,tabular,205,EGM,85,0.0019027572656437949,-0.32286236875095764,0.6745412578744652,0.2517468004686942,0.10932027265860345,8.519296379461139e-13,232,8.273901008770679e-11,179
CyclicControl,tabular,205,EGM,90,0.0017505282693178296,-0.3249468941185431,0.6680533873055812,0.2501516186723735,0.10889778531654891,8.311684673856234e-13,232,8.389705596911767e-11,179
CyclicControl,tabular,205,EGM,95,0.0015929418045570187,-0.32587113760718756,0.6591979330765179,0.2483430649958972,0.10848131606953065,8.97171226199589e-13,231,8.495634751248815e-11,179
CyclicControl,tabular,205,EGM,100,0.0014306808840064717,-0.3256487149016549,0.6480208400809329,0.2463634632145174,0.10807139741025856,8.766321002440236e-13,231,8.59051163537572e-11,179
CyclicControl,tabular,205,PPM-3,0,0.0016539449443396079,-0.2960126456666203,0.707122794575358,0.2892346668039715,0.11598699283706732,8.964495812335826e-13,233,8.308898014064425e-11,182
CyclicControl,tabular,205,PPM-3,5,0.0019404661556615725,-0.28564670375868934,0.6846285244336536,0.28342908339829653,0.11568817138395032,8.700262732475039e-13,233,8.985939770056461e-11,181
CyclicControl,tabular,205,PPM-3,10,0.002182007803929362,-0.27429034530267754,0.6599024734863745,0.278001464679383,0.1153742962193564,8.409384300023248e-13,233,8.749298507915171e-11,181
CyclicControl,tabular,205,PPM-3,15,0.0023791606460720123,-0.26197920217716153,0.6330466376170802,0.27310944063662534,0.11504488602462554,8.990586053414518e-13,232,8.527720196660482e-11,181
CyclicControl,tabular,205,PPM-3,20,0.0025332897038894252,-0.25231922429850207,0.6116046997126057,0.26886793965767375,0.11469985930791846,8.704148513061227e-13,232,8.324857470043412e-11,181
CyclicControl,tabular,205,PPM-3,25,0.0026464166025678536,-0.24452151019981389,0.6004693325753663,0.2653405312814943,0.11433953103063284,8.620326674702028e-13,232,8.14223688472282e-11,181
CyclicControl,tabular,205,PPM-3,30,0.0027210938059440554,-0.23610708259371788,0.5983793734237324,0.2625363188603633,0.11396459632891671,8.774092563612612e-13,232,8.865824741022266e-11,180
CyclicControl,tabular,205,PPM-3,35,0.0027602751148417077,-0.23857213526968393,0.6061986002758036,0.2604128271586812,0.11357610169050324,8.903433545981443e-13,232,8.703796017250909e-11,180
CyclicControl,tabular,205,PPM-3,40,0.002767186686933475,-0.2519594165494075,0.6237172003787016,0.25888413332195537,0.11317540448502486,8.10407296825133e-13,233,8.55655823972512e-11,180
CyclicControl,tabular,205,PPM-3,45,0.0027452026025480162,-0.26431604776679124,0.6389596735029772,0.2578326276069195,0.11276412227127425,8.167355680654964e-13,233,8.418921115804778e-11,180
CyclicControl,tabular,205,PPM-3,50,0.0026977286521965814,-0.2756065391792035,0.6518722488073239,0.2571224677123205,0.11234407378264348,8.202882817442969e-13,233,8.285461206014588e-11,180
CyclicControl,tabular,205,PPM-3,55,0.0026280975727291764,-0.28580039308114624,0.6624106925504516,0.25661294598540335,0.11191721388893262,8.211209490127658e-13,233,8.151043728865659e-11,180
CyclicControl,tabular,205,PPM-3,60,0.0025394784266525904,-0.2948721629760666,0.670540551064776,0.25617041296652926,0.11148556512004196,8.190670364172092e-13,233,8.901487880130787e-11,179
CyclicControl,tabular,205,PPM-3,65,0.0024348022217644183,-0.30280148270245066,0.6762373406651343,0.2556778863678593,0.11105114849296711,8.142375662600898e-13,233,8.736744661064222e-11,179
CyclicControl,tabular,205,PPM-3,70,0.0023167052256930828,-0.3095730657904482,0.6794866827232586,0.2550418950230873,0.11061591639524339,8.961165143261951e-13,232,8.560227526821507e-11,179
CyclicControl,tabular,205,PPM-3,75,0.0021874907628072794,-0.3151766754813726,0.6802843825006771,0.25419641942213667,0.11018169014324895,8.84459172567631e-13,232,8.371137116824912e-11,179
CyclicControl,tabular,205,PPM-3,80,0.0020491096102231874,-0.3196070660130121,0.6786364507097828,0.25310400502685526,0.10975010456133222,8.697487174913476e-13,232,8.170031318144311e-11,179
CyclicControl,tabular,205,PPM-3,85,0.0019031584560732443,-0.32286389601950377,0.6745590672954715,0.25175427783499116,0.10932256153675882,8.519296379461139e-13,232,8.27397317326728e-11,179
CyclicControl,tabular,205,PPM-3,90,0.0017508952669109089,-0.32495161511698883,0.6680784873804204,0.25016022451433223,0.10890019402417468,8.312239785368547e-13,232,8.389808292541545e-11,179
CyclicControl,tabular,205,PPM-3,95,0.0015932698510073818,-0.32587932502955097,0.6592308898867835,0.2483527409518474,0.1084838414362,8.972267373508203e-13,231,8.495763814675428e-11,179
CyclicControl,tabular,205,PPM-3,100,0.0014309674175050783,-0.32566061688918896,0.648062169897717,0.24637410633832701,0.10807403680164492,8.766876113952549e-13,231,8.590669842156728e-11,179
CyclicControl,tabular,206,QP+G,0,-0.003907246923563784,-0.3867534253277479,0.8654810188938923,0.4446504497008609,0.1519293010624393,8.452682997983629e-13,235,8.623429748055855e-11,186
CyclicControl,tabular,206,QP+G,5,-0.002532347077842344,-0.37961136357612657,0.8444932886069825,0.42405802289155514,0.14794338667192977,8.20732370954147e-13,235,8.298639553316889e-11,186
CyclicControl,tabular,206,QP+G,10,-0.0012562287938802708,-0.3714449345771157,0.8211102306383127,0.40488658863818494,0.14406085458456228,8.821277042159181e-13,234,8.854578181782813e-11,185
CyclicControl,tabular,206,QP+G,15,-9.428623308827776e-05,-0.3623482097167759,0.7955723739164127,0.3872498375926363,0.14028024535007483,8.498202141993261e-13,234,8.485331881580294e-11,185
CyclicControl,tabular,206,QP+G,20,0.0009422741768547243,-0.3524148419321846,0.7726165103318874,0.3711665114663534,0.13659972867833725,8.251177519014163e-13,234,8.114353633459359e-11,185
CyclicControl,tabular,206,QP+G,25,0.0018167353573639727,-0.3418330730389454,0.7551383430862262,0.3565290318645377,0.133023943644064,8.115730310009894e-13,234,8.60495008581097e-11,184
CyclicControl,tabular,206,QP+G,30,0.0020948154801983913,-0.33267337351788495,0.7369188707836085,0.342693826494745,0.12967011901413142,8.819611707622244e-13,233,8.238457138709521e-11,184
CyclicControl,tabular,206,QP+G,35,0.002090916786036181,-0.32470697899482487,0.7194000114389707,0.329268287072649,0.12648399071901956,8.610334667480402e-13,233,8.784786786897314e-11,183
CyclicControl,tabular,206,QP+G,40,0.0020155212115253313,-0.3172351715045171,0.7024579212769076,0.3162722056617327,0.12340746941418977,8.40327807338781e-13,233,8.435455112199008e-11,183
CyclicControl,tabular,206,QP+G,45,0.0019249890756216901,-0.31002684462868446,0.6859747692537491,0.3037168185354771,0.12042044008985475,8.201217482906031e-13,233,8.999787026731099e-11,182
CyclicControl,tabular,206,QP+G,50,0.0018352623100999917,-0.3030081461745167,0.6699026423254089,0.2915980402021009,0.117514769306076,8.892886427247504e-13,232,8.639775006535899e-11,182
CyclicControl,tabular,206,QP+G,55,0.0017507962385961543,-0.29615362011014423,0.654219828507068,0.27990631844656466,0.11468610924393331,8.678613383494849e-13,232,8.291789477254952e-11,182
CyclicControl,tabular,206,QP+G,60,0.0016726216665220962,-0.2894528230052652,0.6389131192189614,0.26863048993654115,0.11193138654468189,8.469891454865319e-13,232,8.839270981830794e-11,181
CyclicControl,tabular,206,QP+G,65,0.001600724299729078,-0.2829001017708095,0.6239720852948063,0.25775904002732813,0.10924801195401927,8.266720641358916e-13,232,8.477887836200182e-11,181
CyclicControl,tabular,206,QP+G,70,0.0015347772419771384,-0.2764913787994729,0.6093872662049807,0.24728050278481106,0.10663362096158094,8.964495812335826e-13,231,8.128625550440916e-11,181
CyclicControl,tabular,206,QP+G,75,0.0014743741458724672,-0.27022310145183925,0.5951495747196269,0.23718358548078194,0.10408598353265573,8.750222768583171e-13,231,8.656866890000003e-11,180
CyclicControl,tabular,206,QP+G,80,0.0014191050860925332,-0.2640918796817061,0.5812500802219194,0.22745720391074906,0.10160296954367065,8.540945728441329e-13,231,8.294728792712647e-11,180
CyclicControl,tabular,206,QP+G,85,0.0013685811440135292,-0.2580943486807035,0.5676799105781791,0.2180904884757005,0.09918253322256322,8.337219803422613e-13,231,8.827838460234716e-11,179
CyclicControl,tabular,206,QP+G,90,0.0013224412546365256,-0.25222710859284114,0.5544301903059957,0.20907278049821365,0.09682270459957945,8.137934770502397e-13,231,8.452810673631461e-11,179
CyclicControl,tabular,206,QP+G,95,0.001280355261866854,-0.24648667666208068,0.5414919795890614,0.20039362725340476,0.09452158213115569,8.826828157282307e-13,230,8.989910205148277e-11,178
CyclicControl,tabular,206,QP+G,100,0.0012420228274738349,-0.24086945418633127,0.5288562124435476,0.19204277526881797,0.09227732730736858,8.61644089411584e-13,230,8.601995504786686e-11,178
CyclicControl,tabular,206,noG,0,-0.003907246923563784,-0.3867534253277479,0.8654810188938923,0.4446504497008609,0.1519293010624393,8.452682997983629e-13,235,8.623429748055855e-11,186
CyclicControl,tabular,206,noG,5,-0.00270609851592714,-0.38887451008035606,0.8658504836889473,0.4409664719040515,0.15163093191963956,8.421041641781812e-13,235,8.622214053843891e-11,186
CyclicControl,tabular,206,noG,10,-0.001451596084179743,-0.38958077328668383,0.8629838224071522,0.43777975822262294,0.1513390254473273,8.357758929378178e-13,235,8.602812906488566e-11,186
CyclicControl,tabular,206,noG,15,-0.00016634677343258767,-0.3888781304513407,0.8568911171585991,0.4353033989734302,0.1510549458751396,8.262279749260415e-13,235,8.566508613583323e-11,186
CyclicControl,tabular,206,noG,20,0.0011263441871750208,-0.386778676236031,0.8501031877611547,0.43374355273739196,0.15077964322683277,8.182898802999716e-13,235,8.51425596692934e-11,186
CyclicControl,tabular,206,noG,25,0.0024029265452637436,-0.38330074631755257,0.8503250761256276,0.43325434198173535,0.15051361923828818,8.254508188088039e-13,235,8.446626731384299e-11,186
CyclicControl,tabular,206,noG,30,0.003007780382733266,-0.381100236317399,0.849261536967785,0.43336819541255434,0.15037607398901914,8.273937091018979e-13,235,8.4073803474638e-11,186
CyclicControl,tabular,206,noG,35,0.0031560273951029283,-0.3804986445748602,0.8488707693785218,0.4334242568994825,0.15033941295169784,8.27837798311748e-13,235,8.396844330960107e-11,186
CyclicControl,tabular,206,noG,40,0.003193236576055879,-0.380343668324455,0.848764418985827,0.43344009027692204,0.15033002264249454,8.278933094629792e-13,235,8.394135386780022e-11,186
CyclicControl,tabular,206,noG,45,0.0032026401286439693,-0.38030424741989244,0.84873701264949,0.43344420390830185,0.15032763742814395,8.278933094629792e-13,235,8.393452599619877e-11,186
CyclicControl,tabular,206,noG,50,0.0032050208613061,-0.3802942507156558,0.84873004013798,0.43344525255706323,0.15032703277939716,8.279488206142105e-13,235,8.393274963935937e-11,186
CyclicControl,tabular,206,noG,55,0.00320562387548855,-0.3802917176069229,0.8487282718970485,0.4334455186294736,0.15032687957858512,8.280043317654417e-13,235,8.393230555014952e-11,186
CyclicControl,tabular,206,noG,60,0.0032057766302427534,-0.38029107585577765,0.8487278238288196,0.43344558606015626,0.15032684076676656,8.279488206142105e-13,235,8.393219452784706e-11,186
CyclicControl,tabular,206,noG,65,0.0032058153270152065,-0.3802909132791107,0.8487277103124538,0.43344560314400893,0.1503268309345135,8.278933094629792e-13,235,8.393213901669583e-11,186
CyclicControl,tabular,206,noG,70,0.00320582512999673,-0.3802908720935879,0.8487276815549876,0.4334456074719517,0.1503268284437139,8.279488206142105e-13,235,8.393219452784706e-11,186
CyclicControl,tabular,206,noG,75,0.0032058276133598677,-0.3802908616601514,0.8487276742698985,0.4334456085683471,0.15032682781272544,8.278933094629792e-13,235,8.393213901669583e-11,186
CyclicControl,tabular,206,noG,80,0.003205828242463133,-0.3802908590170781,0.8487276724243855,0.43344560884609246,0.15032682765287894,8.278933094629792e-13,235,8.393219452784706e-11,186
CyclicControl,tabular,206,noG,85,0.0032058284018386743,-0.38029085834748805,0.8487276719568473,0.43344560891645534,0.1503268276123838,8.279488206142105e-13,235,8.393213901669583e-11,186
CyclicControl,tabular,206,noG,90,0.003205828442215783,-0.38029085817784986,0.8487276718383985,0.43344560893428075,0.15032682760212435,8.279488206142105e-13,235,8.393219452784706e-11,186
CyclicControl,tabular,206,noG,95,0.003205828452439868,-0.3802908581348952,0.8487276718084057,0.43344560893879636,0.15032682759952679,8.279488206142105e-13,235,8.393213901669583e-11,186
CyclicControl,tabular,206,noG,100,0.003205828455027447,-0.38029085812402386,0.848727671800815,0.433445608939938,0.15032682759886917,8.278933094629792e-13,235,8.393213901669583e-11,186
CyclicControl,tabular,206,GDA,0,-0.003907246923563784,-0.3867534253277479,0.8654810188938923,0.4446504497008609,0.1519293010624393,8.452682997983629e-13,235,8.623429748055855e-11,186
CyclicControl,tabular,206,GDA,5,-0.00270609851592714,-0.38887451008035606,0.8658504836889473,0.4409664719040515,0.15163093191963956,8.421041641781812e-13,235,8.622214053843891e-11,186
CyclicControl,tabular,206,GDA,10,-0.001451596084179743,-0.38958077328668383,0.8629838224071522,0.43777975822262294,0.1513390254473273,8.357758929378178e-13,235,8.602812906488566e-11,186
CyclicControl,tabular,206,GDA,15,-0.00016634677343258767,-0.3888781304513407,0.8568911171585991,0.4353033989734302,0.1510549458751396,8.262279749260415e-13,235,8.566508613583323e-11,186
CyclicControl,tabular,206,GDA,20,0.0011263441871750208,-0.386778676236031,0.8501031877611547,0.43374355273739196,0.15077964322683277,8.182898802999716e-13,235,8.51425596692934e-11,186
CyclicControl,tabular,206,GDA,25,0.0024029265452637436,-0.38330074631755257,0.8503250761256276,0.43325434198173535,0.15051361923828818,8.254508188088039e-13,235,8.446626731384299e-11,186
CyclicControl,tabular,206,GDA,30,0.003640065651646835,-0.37846893455392205,0.8474721425942127,0.43388497417211824,0.15025691244401237,8.290035324876044e-13,235,8.363754133711154e-11,186
CyclicControl,tabular,206,GDA,35,0.004815100771092703,-0.37693316655259285,0.8461840518850339,0.4355419811388729,0.1500091014550297,8.293365993949919e-13,235,8.265388373729365e-11,186
CyclicControl,tabular,206,GDA,40,0.00590649133923021,-0.3937338949849239,0.8614978608842062,0.4379876236470648,0.14976932469273618,8.267275752871228e-13,235,8.151013197732482e-11,186
CyclicControl,tabular,206,GDA,45,0.006894241743833091,-0.4092050283776112,0.8737510780722035,0.4408777748706809,0.14953631430084496,8.20954415559072e-13,235,8.911077431505987e-11,185
CyclicControl,tabular,206,GDA,50,0.007760295674809641,-0.4232776644420876,0.8837505231417384,0.4438221918713912,0.14930844165322288,8.137379658990085e-13,235,8.746214863464274e-11,185
CyclicControl,tabular,206,GDA,55,0.008488891688287052,-0.435886784010536,0.8921109908275047,0.44644312227406213,0.14908377180468194,8.957834474188076e-13,234,8.561576447796426e-11,185
CyclicControl,tabular,206,GDA,60,0.009066872361526247,-0.4469717894171693,0.8972811725584444,0.4484163631366174,0.14886012436368432,8.841816168114747e-13,234,8.356915159879463e-11,185
CyclicControl,tabular,206,GDA,65,0.009483940281089388,-0.45647705324514165,0.8992369952225214,0.44949157882431134,0.14863513854675653,8.95672425116345e-13,234,8.132386430936833e-11,185
CyclicControl,tabular,206,GDA,70,0.00973285511616884,-0.46435246822552545,0.8979664292237969,0.44949680101662337,0.14840634053513627,8.199552148369094e-13,235,8.765077552652656e-11,184
CyclicControl,tabular,206,GDA,75,0.009809567192267362,-0.47055398810547666,0.8934698514288008,0.44833403350529083,0.14817121162038352,8.309464227806984e-13,235,8.597178524638593e-11,184
CyclicControl,tabular,206,GDA,80,0.00971328430242643,-0.4750441487443731,0.8858832251365529,0.4459714276623019,0.1479272559291029,8.38829006255537e-13,235,8.816458674232308e-11,184
CyclicControl,tabular,206,GDA,85,0.009446469968466759,-0.4777925584484918,0.8844337983020322,0.44243521574510347,0.14767206670638452,8.436584764126565e-13,235,8.106651461226022e-11,185
CyclicControl,tabular,206,GDA,90,0.009014772973219398,-0.47877634678168274,0.8797926846265081,0.4378027417325252,0.14740339018741808,8.453793221008254e-13,235,8.253109307077011e-11,185
CyclicControl,tabular,206,GDA,95,0.008426889689738343,-0.47798056166434705,0.8719817372472651,0.4321967779478294,0.14711918600133933,8.43991543320044e-13,235,8.375222737555532e-11,185
CyclicControl,tabular,206,GDA,100,0.007694362481748875,-0.47539850554054675,0.8610358037352908,0.42578073995082033,0.14681768286417252,8.394396289190809e-13,235,8.474604351604853e-11,185
CyclicControl,tabular,206,Adam-GDA,0,-0.003907246923563784,-0.3867534253277479,0.8654810188938923,0.4446504497008609,0.1519293010624393,8.452682997983629e-13,235,8.623429748055855e-11,186
CyclicControl,tabular,206,Adam-GDA,5,0.010919358242283284,-0.6797412228999303,1.5254248674102153,0.9811626616302738,0.253540379993392,8.824052599720744e-13,240,8.194944722816899e-11,193
CyclicControl,tabular,206,Adam-GDA,10,0.01882695361310164,-1.1540969359428281,2.2293431832901005,1.632749770911983,0.3614330709347757,8.772982340587987e-13,243,8.105127680124724e-11,197
CyclicControl,tabular,206,Adam-GDA,15,0.013433019794133009,-1.5191612286798062,2.8848434105643035,2.2712990861557403,0.4670584999970791,8.424372310855688e-13,246,8.604139623002993e-11,200
CyclicControl,tabular,206,Adam-GDA,20,-0.05009919694924932,-1.940042161537615,3.5781444631897132,3.0153340772440975,0.5869347689071228,8.704148513061227e-13,248,8.549339014507495e-11,203
CyclicControl,tabular,206,Adam-GDA,25,-0.11363371697017133,-2.2651562466208413,4.515486366475519,3.9160073443062537,0.6980912772236119,8.233413950620161e-13,250,8.220624181376479e-11,205
CyclicControl,tabular,206,Adam-GDA,30,-0.11106622217333215,-2.5592361267036923,5.390251588239127,4.775843573337117,0.804397641294855,8.344436253082677e-13,252,8.522071937022702e-11,207
CyclicControl,tabular,206,Adam-GDA,35,-0.05198633102342831,-2.653082859993823,5.783716102789052,5.2279701770320575,0.9182072055133454,8.30002733209767e-13,253,8.596057199383722e-11,208
CyclicControl,tabular,206,Adam-GDA,40,0.02877477589176146,-3.144241988474311,6.47330298385312,5.886225889539206,1.0090861504002724,8.824052599720744e-13,253,8.310641064213087e-11,209
CyclicControl,tabular,206,Adam-GDA,45,0.10708234124374182,-3.3701854620243994,7.049349371027448,6.4942653240436385,1.105473741596653,8.806289031326742e-13,254,8.378586713320146e-11,210
CyclicControl,tabular,206,Adam-GDA,50,0.1608661550314222,-3.8407465484922114,7.64206657301572,7.132420370568516,1.2030856323945085,8.260059303211165e-13,255,8.774758697427387e-11,210
CyclicControl,tabular,206,Adam-GDA,55,0.16137336518862455,-4.345080999880926,8.774276763791207,8.235820953806636,1.250289157112521,8.570921750106208e-13,256,8.293277176107949e-11,212
CyclicControl,tabular,206,Adam-GDA,60,0.09209340856017588,-4.780399514121006,9.819792784410195,9.29757269217275,1.2612447589181455,8.775202786637237e-13,257,8.569323028950748e-11,213
CyclicControl,tabular,206,Adam-GDA,65,0.02148844594668397,-4.812481533964789,10.169532666049843,9.661397643779374,1.3145031850314344,8.393286066166183e-13,258,8.237943660560632e-11,214
CyclicControl,tabular,206,Adam-GDA,70,0.09691532418207327,-4.48772246422657,9.839513681273038,9.401276139351745,1.4674206555008005,8.384404281969182e-13,258,8.245493177128083e-11,214
CyclicControl,tabular,206,Adam-GDA,75,0.35201438526518025,-5.006582555861494,10.054671208661453,9.572592145348711,1.6073631067672658,8.801848139228241e-13,257,8.638423310003418e-11,213
CyclicControl,tabular,206,Adam-GDA,80,0.6113590899452801,-5.365898899385016,10.249869417322783,9.795945070932564,1.6050129979196697,8.411049634560186e-13,258,8.279776864128507e-11,214
CyclicControl,tabular,206,Adam-GDA,85,0.6826209375883842,-5.982057949443943,11.30546100080308,10.846768424338931,1.522902891112112,8.419931418757187e-13,259,8.343903346030856e-11,215
CyclicControl,tabular,206,Adam-GDA,90,0.5272732338870392,-6.491936522642275,11.977356659755348,11.535925316052754,1.480178335976084,8.233413950620161e-13,260,8.199041445777766e-11,216
CyclicControl,tabular,206,Adam-GDA,95,0.22487694269149522,-6.68991009574179,12.051458816672067,11.623541707839966,1.4881023966385682,8.473222123939195e-13,260,8.468159506946904e-11,216
CyclicControl,tabular,206,Adam-GDA,100,-0.13843967309224015,-6.642843160017912,11.88855951414925,11.492502845142283,1.4862141223776744,8.393286066166183e-13,260,8.409006824194876e-11,216
CyclicControl,tabular,206,EGM,0,-0.003907246923563784,-0.3867534253277479,0.8654810188938923,0.4446504497008609,0.1519293010624393,8.452682997983629e-13,235,8.623429748055855e-11,186
CyclicControl,tabular,206,EGM,5,-0.002700741373154467,-0.3885937661813339,0.8652028738998758,0.4404517076645114,0.151519064108478,8.415490526658687e-13,235,8.612377477845712e-11,186
CyclicControl,tabular,206,EGM,10,-0.0014453756919472112,-0.3890245055786874,0.8616977351479391,0.4367615686365671,0.15111525107886442,8.344436253082677e-13,235,8.583256327909794e-11,186
CyclicControl,tabular,206,EGM,15,-0.0001639402558802869,-0.3880548494094066,0.8549836880950299,0.43379170347667406,0.15071920113553264,8.243405957841787e-13,235,8.53737636141716e-11,186
CyclicControl,tabular,206,EGM,20,0.0011202518932292497,-0.3857001385370456,0.8476702100336484,0.4317440113348213,0.15033183612814022,8.159029007970275e-13,235,8.475725676859724e-11,186
CyclicControl,tabular,206,EGM,25,0.0023838204530935566,-0.38198188048304205,0.8473011381604995,0.43076543621277463,0.14995363138727763,8.22453216642316e-13,235,8.39889269244054e-11,186
CyclicControl,tabular,206,EGM,30,0.0036037752804384342,-0.37692773428915105,0.843878102158407,0.4308965059922536,0.1495846056338007,8.252842853551101e-13,235,8.307021737152809e-11,186
CyclicControl,tabular,206,EGM,35,0.004757966047153618,-0.375173469724786,0.8420305910845443,0.4320362561510801,0.14922432870710825,8.250622407501851e-13,235,8.199912970852097e-11,186
CyclicControl,tabular,206,EGM,40,0.005825514644971073,-0.3916202264509011,0.8566603600053486,0.4339432960167534,0.14887194510724636,8.218425939787721e-13,235,8.974521126248192e-11,185
CyclicControl,tabular,206,EGM,45,0.006787221298884292,-0.4067185374838019,0.8682255506184794,0.43627489907642303,0.14852621086910714,8.1556983388964e-13,235,8.819850405572538e-11,185
CyclicControl,tabular,206,EGM,50,0.007625935935312552,-0.4204025224313925,0.8775138560140904,0.4386466313539205,0.14818554105601123,8.975598042582078e-13,234,8.64638360908998e-11,185
CyclicControl,tabular,206,EGM,55,0.008326887062167693,-0.4326104899379162,0.8851923401985251,0.440689224510904,0.1478480651619404,8.886225089099753e-13,234,8.453629463112122e-11,185
CyclicControl,tabular,206,EGM,60,0.008877961251842462,-0.44328546653655104,0.8896968978131741,0.44208785718617205,0.14751168790817917,8.764655667903298e-13,234,8.24145751643357e-11,185
CyclicControl,tabular,206,EGM,65,0.009269927279166318,-0.45237572924896674,0.8910107895792294,0.4426012479860886,0.1471741532519121,8.875677970365814e-13,234,8.90008899911976e-11,184
CyclicControl,tabular,206,EGM,70,0.009496600062096582,-0.45983533239014035,0.889129385361972,0.44206554647114005,0.14683310981967013,8.119616090596082e-13,235,8.622411118430762e-11,184
CyclicControl,tabular,206,EGM,75,0.009554940788882211,-0.4656246183528616,0.8840604713294037,0.44038974117225166,0.14648617636349615,8.222311720373909e-13,235,8.443173937777715e-11,184
CyclicControl,tabular,206,EGM,80,0.009445090989992116,-0.4697107018219604,0.8758245025444871,0.437547815980204,0.14613100614760746,8.294476216974545e-13,235,8.64908145103982e-11,184
CyclicControl,tabular,206,EGM,85,0.009170339812931468,-0.4720679168864497,0.8737788493463305,0.4335706748282704,0.14576534936264557,8.336109580397988e-13,235,8.827036324099424e-11,184
CyclicControl,tabular,206,EGM,90,0.008737025355325558,-0.47267821698864265,0.868593893179029,0.4285390849917635,0.1453871127141383,8.346101587619614e-13,235,8.977238397100962e-11,184
CyclicControl,tabular,206,EGM,95,0.008154372563162138,-0.47153151843956376,0.8602933688795996,0.42257779687967756,0.1449944152515174,8.326117573176361e-13,235,8.190759182014062e-11,185
CyclicControl,tabular,206,EGM,100,0.007434271849937463,-0.46862597937024114,0.8489191003521224,0.41585045719566166,0.14458563933069984,8.274492202531292e-13,235,8.279654739595799e-11,185
CyclicControl,tabular,206,PPM-3,0,-0.003907246923563784,-0.3867534253277479,0.8654810188938923,0.4446504497008609,0.1519293010624393,8.452682997983629e-13,235,8.623429748055855e-11,186
CyclicControl,tabular,206,PPM-3,5,-0.0027009598784227106,-0.3885943658446803,0.8652038810332543,0.44045265636528863,0.15151919071236436,8.414380303634061e-13,235,8.612377477845712e-11,186
CyclicControl,tabular,206,PPM-3,10,-0.0014458279335244962,-0.38902611548348215,0.8617007595535509,0.4367633152395271,0.1511155017946182,8.344436253082677e-13,235,8.583261879024917e-11,186
CyclicControl,tabular,206,PPM-3,15,-0.00016462876574997932,-0.3880578680051359,0.8549897282540699,0.4337939571213358,0.15071957301888828,8.243405957841787e-13,235,8.537404116992775e-11,186
CyclicControl,tabular,206,PPM-3,20,0.001119337568295521,-0.3857049484539391,0.847673160281319,0.43174635946635204,0.15033232613866052,8.159029007970275e-13,235,8.475775636895833e-11,186
CyclicControl,tabular,206,PPM-3,25,0.0023827035994618056,-0.38198884480367346,0.8473070297406335,0.43076741371140437,0.1499542367655176,8.223977054910847e-13,235,8.398975959167387e-11,186
CyclicControl,tabular,206,PPM-3,30,0.0036024914308207434,-0.37693719282190485,0.8438877926447306,0.430897709271153,0.14958532427298207,8.253397965063414e-13,235,8.307138310570394e-11,186
CyclicControl,tabular,206,PPM-3,35,0.004756561975612946,-0.3751563046006763,0.8420154809392699,0.4320364654327809,0.14922515949451495,8.251177519014163e-13,235,8.200062850960421e-11,186
CyclicControl,tabular,206,PPM-3,40,0.005824046972376262,-0.39160187405826946,0.8566463997160665,0.43394255562143613,0.14887288821384706,8.218981051300034e-13,235,8.974743170853117e-11,185
CyclicControl,tabular,206,PPM-3,45,0.0067857547486110375,-0.40669942323943503,0.8682136705851877,0.43627352608239695,0.14852726797032986,8.1556983388964e-13,235,8.82013906355894e-11,185
CyclicControl,tabular,206,PPM-3,50,0.0076245412890475,-0.42038310583442534,0.8775036421779068,0.43864516095552913,0.14818671547170598,8.975042931069765e-13,234,8.646733329342737e-11,185
CyclicControl,tabular,206,PPM-3,55,0.008325638874590556,-0.4325912624028944,0.8851859678712708,0.44068832469666597,0.1478493619088805,8.886780200612066e-13,234,8.454054123419041e-11,185
CyclicControl,tabular,206,PPM-3,60,0.00887693539063674,-0.44326694858434534,0.8896953225308297,0.4420882443118424,0.1475131136635865,8.765210779415611e-13,234,8.241957116794651e-11,185
CyclicControl,tabular,206,PPM-3,65,0.009269198363086636,-0.45235846704111415,0.8910149628333245,0.44260361986616537,0.1471757162311103,8.876233081878127e-13,234,8.900741255146727e-11,184
CyclicControl,tabular,206,PPM-3,70,0.009496238874469057,-0.45981989360952036,0.8891402465540612,0.4420705355082286,0.1468348195748882,8.11906097908377e-13,235,8.623157743414822e-11,184
CyclicControl,tabular,206,PPM-3,75,0.009555011746639691,-0.4656115874523602,0.8840789393428169,0.4403978827167825,0.14648804351398004,8.222866831886222e-13,235,8.442635479610772e-11,184
CyclicControl,tabular,206,PPM-3,80,0.009445649748821824,-0.4697006746819751,0.8758514670070925,0.4375595254757206,0.14613304205360717,8.293921105462232e-13,235,8.648581850678738e-11,184
CyclicControl,tabular,206,PPM-3,85,0.009171431087035734,-0.4720614949409588,0.8737919491424315,0.4335862285082963,0.1457675657576317,8.335554468885675e-13,235,8.826581132659328e-11,184
CyclicControl,tabular,206,PPM-3,90,0.00873868102542864,-0.47267600089703554,0.8686159164215508,0.428558600955425,0.14538952131091654,8.346101587619614e-13,235,8.976838716812097e-11,184
CyclicControl,tabular,206,PPM-3,95,0.008156610138643262,-0.47153410139677876,0.8603251707906434,0.4226012153780537,0.14499702733883554,8.326117573176361e-13,235,8.19045387068229e-11,185
CyclicControl,tabular,206,PPM-3,100,0.007437093340405903,-0.4686339401602498,0.8489614869033824,0.41587752067304623,0.1445884653775582,8.274492202531292e-13,235,8.279410490530381e-11,185
CyclicControl,tabular,207,QP+G,0,-0.009206485822710322,-0.4424600500527084,0.8907485971069904,0.4121363504597505,0.14113999204980443,8.799627693178991e-13,234,8.865061462692836e-11,183
CyclicControl,tabular,207,QP+G,5,-0.008725621864124889,-0.410392931523773,0.8589082206124037,0.39438820888326687,0.1376095487439206,8.803513473765179e-13,234,8.541525819971696e-11,183
CyclicControl,tabular,207,QP+G,10,-0.00817433081861515,-0.3784910520922058,0.8253962256489691,0.3777365548977337,0.13416727656756955,8.772427229075674e-13,234,8.489065006500596e-11,183
CyclicControl,tabular,207,QP+G,15,-0.007572666926500199,-0.3610049205764385,0.8045621355777162,0.36205665101926165,0.1308113989906421,8.706368959110478e-13,234,8.411313312528534e-11,183
CyclicControl,tabular,207,QP+G,20,-0.0069387758549834845,-0.35205349940212055,0.7906288189497017,0.3472085427724624,0.12754004171402705,8.607003998406526e-13,234,8.307879384439332e-11,183
CyclicControl,tabular,207,QP+G,25,-0.006288730210786495,-0.3421606271671911,0.7742278251102801,0.3330555322621989,0.12435128091915576,8.47877323906232e-13,234,8.179046329104267e-11,183
CyclicControl,tabular,207,QP+G,30,-0.005636449197247708,-0.3314215496334405,0.7555648681571872,0.3194757241390724,0.12124318209122148,8.323897127127111e-13,234,8.917425131649281e-11,182
CyclicControl,tabular,207,QP+G,35,-0.004993692291694087,-0.3199298610258128,0.7348457714314436,0.3063670157083255,0.11821382930232628,8.142375662600898e-13,234,8.721257049870701e-11,182
CyclicControl,tabular,207,QP+G,40,-0.0043701157385699855,-0.30777699764889743,0.7122750228717026,0.2936477576653619,0.1152613454495698,8.820166819134556e-13,233,8.501263581983665e-11,182
CyclicControl,tabular,207,QP+G,45,-0.0037733801713974546,-0.2950518027933067,0.6883317941567972,0.28125545928107154,0.1123839044046644,8.576472865229334e-13,233,8.259717909631092e-11,182
CyclicControl,tabular,207,QP+G,50,-0.0032092977193249866,-0.28184015979380356,0.6693376199206538,0.2691451389456244,0.1095797363392195,8.449907440422066e-13,233,8.8880125481694e-11,181
CyclicControl,tabular,207,QP+G,55,-0.0026820074352580763,-0.26822468947780526,0.6487639172672823,0.25728798516915397,0.10684712765118877,8.298361997560733e-13,233,8.580589017093132e-11,181
CyclicControl,tabular,207,QP+G,60,-0.002194168709694919,-0.25928600693145765,0.6317912957297274,0.24567031666082073,0.10418441695137215,8.12350187118227e-13,233,8.258493888746443e-11,181
CyclicControl,tabular,207,QP+G,65,-0.001747163414994747,-0.25344107331908333,0.6169357754498057,0.23429251969562143,0.10158998849870797,8.807399254351367e-13,232,8.805689510893444e-11,180
CyclicControl,tabular,207,QP+G,70,-0.001341298771625293,-0.24684570086051438,0.6004507062906445,0.2231676201188489,0.09906226432626707,8.568146192544646e-13,232,8.426592756904938e-11,180
CyclicControl,tabular,207,QP+G,75,-0.0009760042623282231,-0.23955387579695797,0.5824855686632398,0.21231928191352167,0.09659969610297008,8.309464227806984e-13,232,8.93626561637717e-11,179
CyclicControl,tabular,207,QP+G,80,-0.0006500172741992895,-0.23402786412822693,0.5655956203448692,0.2017791998298979,0.0942007575531832,8.927303341010884e-13,231,8.50839398935932e-11,179
CyclicControl,tabular,207,QP+G,85,-0.0003615534662387239,-0.22787715174206113,0.5474804396364026,0.19158400314460416,0.09186393802808296,8.604783552357276e-13,231,8.981362875637444e-11,178
CyclicControl,tabular,207,QP+G,90,-0.00010845909669922235,-0.22099551090047626,0.5306987871918838,0.18177188672294367,0.08958773760519893,8.3366646919103e-13,231,8.516039262662645e-11,178
CyclicControl,tabular,207,QP+G,95,0.00011165633236665922,-0.2134409085121489,0.5148719371888086,0.17237923474455497,0.08737066389774165,8.113509863960644e-13,231,8.957173891488424e-11,177
CyclicControl,tabular,207,QP+G,100,0.0003013077690212992,-0.20527344395211916,0.49782399005921635,0.1634375109596078,0.08521123059083861,8.750222768583171e-13,230,8.46751280203506e-11,177
CyclicControl,tabular,207,noG,0,-0.009206485822710322,-0.4424600500527084,0.8907485971069904,0.4121363504597505,0.14113999204980443,8.799627693178991e-13,234,8.865061462692836e-11,183
CyclicControl,tabular,207,noG,5,-0.009170290614395768,-0.41925070465133446,0.8790114290669431,0.41013821889044755,0.14090890798162928,8.122391648157645e-13,235,8.911504867370468e-11,183
CyclicControl,tabular,207,noG,10,-0.008997946014497908,-0.39467695363068395,0.8642590789571867,0.4085300877659384,0.14067613593656716,8.295031328486857e-13,235,8.316389243923084e-11,184
CyclicControl,tabular,207,noG,15,-0.00869610611074683,-0.3855932333354818,0.8633021688777645,0.407250523507924,0.14044161437522773,8.438805210175815e-13,235,8.595688050228034e-11,184
CyclicControl,tabular,207,noG,20,-0.008273619839813378,-0.38429760094339777,0.8684018210641161,0.4061974514534866,0.14020503609469548,8.550937735662956e-13,235,8.853473509873311e-11,184
CyclicControl,tabular,207,noG,25,-0.007741326261880655,-0.38162840709029766,0.8703667058218446,0.4052445337166875,0.13996586434398026,8.631984016460592e-13,235,8.177022947641888e-11,185
CyclicControl,tabular,207,noG,30,-0.007111805853309684,-0.3775956012694061,0.8691846772221883,0.4042603575313869,0.13972335828441024,8.682499164081037e-13,235,8.359635206289795e-11,185
CyclicControl,tabular,207,noG,35,-0.006399093987529844,-0.3722162094698423,0.8648585308464986,0.40312470520721877,0.13947660630067085,8.70248317852429e-13,235,8.513309501800848e-11,185
CyclicControl,tabular,207,noG,40,-0.005618363945709589,-0.36551421344166396,0.8574061083687657,0.40173837204685203,0.13922456536556,8.688605390716475e-13,235,8.63597526823412e-11,185
CyclicControl,tabular,207,noG,45,-0.00478558775011571,-0.35752036193843234,0.847938550124997,0.40002589070190586,0.1389661044741164,8.663070261150096e-13,235,8.726042111106835e-11,185
CyclicControl,tabular,207,noG,50,-0.0039171838008231355,-0.348271917865814,0.8426394213900026,0.3979327682031516,0.13870005009889225,8.732459200189169e-13,235,8.782446991872916e-11,185
CyclicControl,tabular,207,noG,55,-0.003029660687619581,-0.3378123462027589,0.8342937214253223,0.39541994712744766,0.13842523167416965,8.770206783026424e-13,235,8.804584838983942e-11,185
CyclicControl,tabular,207,noG,60,-0.0021392666235890015,-0.333397165414244,0.8301567742644087,0.3924582609786805,0.13814052527851917,8.775202786637237e-13,235,8.792350181252573e-11,185
CyclicControl,tabular,207,noG,65,-0.0012616536995437863,-0.3336125952939649,0.8288232226029852,0.3890249693380561,0.13784489392957072,8.748002322533921e-13,235,8.746095514489127e-11,185
CyclicControl,tabular,207,noG,70,-0.0004115655989111864,-0.3327530034067002,0.8246044702386011,0.385103375284726,0.13753742320470544,8.688605390716475e-13,235,8.666692363767936e-11,185
CyclicControl,tabular,207,noG,75,0.0003974434348608374,-0.33080935350680196,0.8175170592019101,0.380685406718546,0.1372173512277843,8.598122214209525e-13,235,8.555506303409288e-11,185
CyclicControl,tabular,207,noG,80,0.0011532516845375693,-0.3320075143007747,0.8118208399618588,0.3757762079504482,0.13688409238842578,8.47655279301307e-13,235,8.414424712555046e-11,185
CyclicControl,tabular,207,noG,85,0.0018453697061678578,-0.3323769360958813,0.8035874431220122,0.37039941997094633,0.13653725446482187,8.324452238639424e-13,235,8.245909510762317e-11,185
CyclicControl,tabular,207,noG,90,0.002465092792606985,-0.3315645037286743,0.7925138627236001,0.3646019059919503,0.13617664908813065,8.14071032806396e-13,235,8.947820262505957e-11,184
CyclicControl,tabular,207,noG,95,0.0030056037453125304,-0.32954161768180534,0.7852033791354424,0.35845702346895203,0.1358022957074254,8.941736240331011e-13,234,8.710537846567945e-11,184
CyclicControl,tabular,207,noG,100,0.0034620251098121573,-0.32628553962053125,0.7759671681022553,0.35206592849393886,0.13541441938677504,8.824052599720744e-13,234,8.455097733062189e-11,184
CyclicControl,tabular,207,GDA,0,-0.009206485822710322,-0.4424600500527084,0.8907485971069904,0.4121363504597505,0.14113999204980443,8.799627693178991e-13,234,8.865061462692836e-11,183
CyclicControl,tabular,207,GDA,5,-0.009170290614395768,-0.41925070465133446,0.8790114290669431,0.41013821889044755,0.14090890798162928,8.122391648157645e-13,235,8.911504867370468e-11,183
CyclicControl,tabular,207,GDA,10,-0.008997946014497908,-0.39467695363068395,0.8642590789571867,0.4085300877659384,0.14067613593656716,8.295031328486857e-13,235,8.316389243923084e-11,184
CyclicControl,tabular,207,GDA,15,-0.00869610611074683,-0.3855932333354818,0.8633021688777645,0.407250523507924,0.14044161437522773,8.438805210175815e-13,235,8.595688050228034e-11,184
CyclicControl,tabular,207,GDA,20,-0.008273619839813378,-0.38429760094339777,0.8684018210641161,0.4061974514534866,0.14020503609469548,8.550937735662956e-13,235,8.853473509873311e-11,184
CyclicControl,tabular,207,GDA,25,-0.007741326261880655,-0.38162840709029766,0.8703667058218446,0.4052445337166875,0.13996586434398026,8.631984016460592e-13,235,8.177022947641888e-11,185
CyclicControl,tabular,207,GDA,30,-0.007111805853309684,-0.3775956012694061,0.8691846772221883,0.4042603575313869,0.13972335828441024,8.682499164081037e-13,235,8.359635206289795e-11,185
CyclicControl,tabular,207,GDA,35,-0.006399093987529844,-0.3722162094698423,0.8648585308464986,0.40312470520721877,0.13947660630067085,8.70248317852429e-13,235,8.513309501800848e-11,185
CyclicControl,tabular,207,GDA,40,-0.005618363945709589,-0.36551421344166396,0.8574061083687657,0.40173837204685203,0.13922456536556,8.688605390716475e-13,235,8.63597526823412e-11,185
CyclicControl,tabular,207,GDA,45,-0.00478558775011571,-0.35752036193843234,0.847938550124997,0.40002589070190586,0.1389661044741164,8.663070261150096e-13,235,8.726042111106835e-11,185
CyclicControl,tabular,207,GDA,50,-0.0039171838008231355,-0.348271917865814,0.8426394213900026,0.3979327682031516,0.13870005009889225,8.732459200189169e-13,235,8.782446991872916e-11,185
CyclicControl,tabular,207,GDA,55,-0.003029660687619581,-0.3378123462027589,0.8342937214253223,0.39541994712744766,0.13842523167416965,8.770206783026424e-13,235,8.804584838983942e-11,185
CyclicControl,tabular,207,GDA,60,-0.0021392666235890015,-0.333397165414244,0.8301567742644087,0.3924582609786805,0.13814052527851917,8.775202786637237e-13,235,8.792350181252573e-11,185
CyclicControl,tabular,207,GDA,65,-0.0012616536995437863,-0.3336125952939649,0.8288232226029852,0.3890249693380561,0.13784489392957072,8.748002322533921e-13,235,8.746095514489127e-11,185
CyclicControl,tabular,207,GDA,70,-0.0004115655989111864,-0.3327530034067002,0.8246044702386011,0.385103375284726,0.13753742320470544,8.688605390716475e-13,235,8.666692363767936e-11,185
CyclicControl,tabular,207,GDA,75,0.0003974434348608374,-0.33080935350680196,0.8175170592019101,0.380685406718546,0.1372173512277843,8.598122214209525e-13,235,8.555506303409288e-11,185
CyclicControl,tabular,207,GDA,80,0.0011532516845375693,-0.3320075143007747,0.8118208399618588,0.3757762079504482,0.13688409238842578,8.47655279301307e-13,235,8.414424712555046e-11,185
CyclicControl,tabular,207,GDA,85,0.0018453697061678578,-0.3323769360958813,0.8035874431220122,0.37039941997094633,0.13653725446482187,8.324452238639424e-13,235,8.245909510762317e-11,185
CyclicControl,tabular,207,GDA,90,0.002465092792606985,-0.3315645037286743,0.7925138627236001,0.3646019059919503,0.13617664908813065,8.14071032806396e-13,235,8.947820262505957e-11,184
CyclicControl,tabular,207,GDA,95,0.0030056037453125304,-0.32954161768180534,0.7852033791354424,0.35845702346895203,0.1358022957074254,8.941736240331011e-13,234,8.710537846567945e-11,184
CyclicControl,tabular,207,GDA,100,0.0034620251098121573,-0.32628553962053125,0.7759671681022553,0.35206592849393886,0.13541441938677504,8.824052599720744e-13,234,8.455097733062189e-11,184
CyclicControl,tabular,207,Adam-GDA,0,-0.009206485822710322,-0.4424600500527084,0.8907485971069904,0.4121363504597505,0.14113999204980443,8.799627693178991e-13,234,8.865061462692836e-11,183
CyclicControl,tabular,207,Adam-GDA,5,0.017785412848281765,-0.5436554824541193,1.3198648574500558,0.8201383378979044,0.23082425915252536,8.990586053414518e-13,239,8.310596655292102e-11,192
CyclicControl,tabular,207,Adam-GDA,10,0.03402766532713017,-1.1338338465660154,2.1872200921070766,1.6077839017994564,0.35241170493621216,8.613110225041964e-13,243,8.265221840275672e-11,197
CyclicControl,tabular,207,Adam-GDA,15,-0.006593787082498017,-1.7068256486575923,2.8206378605048315,2.2429659388948577,0.47011374353936947,8.517631044924201e-13,247,8.88504825269365e-11,201
CyclicControl,tabular,207,Adam-GDA,20,-0.08851062783205858,-1.9559202995710883,3.3843997269084936,2.8388012613347327,0.58675522363776,8.775202786637237e-13,248,8.705614007453732e-11,203
CyclicControl,tabular,207,Adam-GDA,25,-0.15024748167884333,-2.206691980399985,4.4223719526332275,3.804402052419578,0.7096282040073717,8.975042931069765e-13,249,8.84556872193798e-11,204
CyclicControl,tabular,207,Adam-GDA,30,-0.15736028978581085,-2.468908408357979,5.475128416785928,4.866317230697464,0.8387893286603012,8.86846152070575e-13,252,8.22257817389982e-11,208
CyclicControl,tabular,207,Adam-GDA,35,-0.12144242939133157,-2.8250367945224557,6.361168038713333,5.76954938072295,0.974422067441053,8.451017663446692e-13,254,8.887512947808318e-11,209
CyclicControl,tabular,207,Adam-GDA,40,-0.006225105581011998,-2.8282901472767747,6.927915854668556,6.353806151051893,1.1262121076668237,8.810729923425242e-13,255,8.448930444160396e-11,211
CyclicControl,tabular,207,Adam-GDA,45,0.23097107447619736,-2.939778352266001,7.447862229701566,6.882953851848827,1.254930759247384,8.713030297258229e-13,256,8.434586362682239e-11,212
CyclicControl,tabular,207,Adam-GDA,50,0.510328447267522,-3.525363202732582,8.069489004710393,7.5130581299301245,1.33818827533003,8.784084570834239e-13,256,8.517275773556321e-11,212
CyclicControl,tabular,207,Adam-GDA,55,0.7177959390454646,-4.265815113067221,8.454238121023376,7.9377904488559,1.4030589943725043,8.251177519014163e-13,256,8.841372078904897e-11,211
CyclicControl,tabular,207,Adam-GDA,60,0.7767467969575367,-4.747142699070363,8.769169560801622,8.279228260091553,1.480009949355271,8.242295734817162e-13,257,8.929568195981119e-11,212
CyclicControl,tabular,207,Adam-GDA,65,0.6229028478182195,-5.3521622679286445,9.46542905942604,8.957362085365325,1.578063790840881,8.36664071357518e-13,258,8.22772960873408e-11,214
CyclicControl,tabular,207,Adam-GDA,70,0.2064700033539186,-5.924937956129652,10.024811651287932,9.528564850542603,1.66412565177372,8.339995360984176e-13,259,8.262901474154205e-11,215
CyclicControl,tabular,207,Adam-GDA,75,-0.40325924394319457,-6.2050476839450095,10.425755499681955,9.944798860898207,1.662647607076811,8.730793865652231e-13,259,8.689404751294205e-11,215
CyclicControl,tabular,207,Adam-GDA,80,-0.98180834110312,-6.1319005488785105,10.371840763112381,9.918775705138565,1.5800525510190089,8.624212455288216e-13,259,8.58584314755717e-11,215
CyclicControl,tabular,207,Adam-GDA,85,-1.3174620222886955,-5.74441038261986,10.261591107476091,9.860333342766669,1.567408979078734,8.970602038971265e-13,258,8.927525385615809e-11,214
CyclicControl,tabular,207,Adam-GDA,90,-1.341109351245822,-5.75492126213667,10.66297830375302,10.239641733040733,1.7098860190468708,8.117950756059145e-13,259,8.952927288419232e-11,214
CyclicControl,tabular,207,Adam-GDA,95,-1.0836796588113606,-5.544585634208368,10.642880424417845,10.22363870401384,1.8621205931119083,8.704148513061227e-13,258,8.614531310513485e-11,214
CyclicControl,tabular,207,Adam-GDA,100,-0.6610847977807867,-5.528425018296066,11.376721804349039,10.942090778827232,1.846216385613635,8.22453216642316e-13,259,8.160760955888691e-11,215
CyclicControl,tabular,207,EGM,0,-0.009206485822710322,-0.4424600500527084,0.8907485971069904,0.4121363504597505,0.14113999204980443,8.799627693178991e-13,234,8.865061462692836e-11,183
CyclicControl,tabular,207,EGM,5,-0.009156629309189604,-0.41898236444025466,0.8784021038282792,0.40965829818977806,0.1408088148450766,8.115730310009894e-13,235,8.900225001440276e-11,183
CyclicControl,tabular,207,EGM,10,-0.008972009968576236,-0.39418096945683506,0.8630666445562454,0.4075750876136083,0.1404760182229858,8.283373986728293e-13,235,8.295397702084983e-11,184
CyclicControl,tabular,207,EGM,15,-0.008659912095219668,-0.38483016215711074,0.8614766462800649,0.40582412838036136,0.14014156780665915,8.419376307244875e-13,235,8.563272313466541e-11,184
CyclicControl,tabular,207,EGM,20,-0.008229734078535344,-0.3832852048447249,0.8659545855915778,0.40430300217060167,0.13980518949128656,8.525402606096577e-13,235,8.809203366766383e-11,184
CyclicControl,tabular,207,EGM,25,-0.007692764349751984,-0.3803750182462835,0.8673040204544187,0.40288606960509943,0.13946638746990045,8.600897771771088e-13,235,8.126238570937971e-11,185
CyclicControl,tabular,207,EGM,30,-0.007061916752645911,-0.3761129569445852,0.865520655447768,0.40144347200101016,0.13912447111067905,8.644196469731469e-13,235,8.297756926012312e-11,185
CyclicControl,tabular,207,EGM,35,-0.006351432141951197,-0.3705193340257353,0.8606151028128273,0.39985693444155923,0.13877858909507468,8.657519146026971e-13,235,8.440356746852729e-11,185
CyclicControl,tabular,207,EGM,40,-0.005576554035375018,-0.36362125924843935,0.8526128996436764,0.3980290751417154,0.13842776896412995,8.636980020071405e-13,235,8.552070163148073e-11,185
CyclicControl,tabular,207,EGM,45,-0.004753186922318051,-0.3554524123095656,0.8426083536043234,0.39588579095410154,0.1380709600767374,8.606448886894214e-13,235,8.631470538311703e-11,185
CyclicControl,tabular,207,EGM,50,-0.0038975463287935297,-0.3460527557431955,0.8367870421942101,0.3933734341104022,0.13770707796263126,8.669731599297847e-13,235,8.67760308054244e-11,185
CyclicControl,tabular,207,EGM,55,-0.003025809929850286,-0.3354681928210274,0.8279604254474775,0.3904534827593515,0.1373350481471905,8.699707620962727e-13,235,8.690015373957749e-11,185
CyclicControl,tabular,207,EGM,60,-0.002153778877952523,-0.33089328101875126,0.8233274601241654,0.3870973709941051,0.13695384771738683,8.698597397938101e-13,235,8.668710194115192e-11,185
CyclicControl,tabular,207,EGM,65,-0.0012965580827742776,-0.3308718827380495,0.821444905458304,0.3832834090326852,0.13656254316392438,8.666400930223972e-13,235,8.614176039145605e-11,185
CyclicControl,tabular,207,EGM,70,-0.00046826345369638207,-0.32978056370612335,0.8167106675934326,0.3789966477708171,0.13616032334562717,8.602007994795713e-13,235,8.52737880308041e-11,185
CyclicControl,tabular,207,EGM,75,0.0003182368668256559,-0.3276125899883343,0.8091476767961578,0.374231478269621,0.13574652675017942,8.506528814677949e-13,235,8.409772878081867e-11,185
CyclicControl,tabular,207,EGM,80,0.0010515414495068033,-0.32850476113583094,0.8029305357252489,0.3689960010999851,0.1353206625451946,8.381073612895307e-13,235,8.263356665594301e-11,185
CyclicControl,tabular,207,EGM,85,0.0017218902369256187,-0.3285796334726498,0.7942274943395162,0.3633168985025633,0.13488242520530708,8.226197500960097e-13,235,8.989581301577232e-11,184
CyclicControl,tabular,207,EGM,90,0.0023212919164774214,-0.3274796657377932,0.782734286033643,0.35724364976402034,0.13443170275115435,8.931744233109384e-13,234,8.77188599535117e-11,184
CyclicControl,tabular,207,EGM,95,0.0028436025260013755,-0.3251801171533864,0.775177629355229,0.35085126738947464,0.13396857883804641,8.830158826356183e-13,234,8.532485828993686e-11,184
CyclicControl,tabular,207,EGM,100,0.003284555316941846,-0.32166223684080647,0.7655307197508023,0.3442410899016164,0.13349332908528203,8.710254739696666e-13,234,8.276168639298476e-11,184
CyclicControl,tabular,207,PPM-3,0,-0.009206485822710322,-0.4424600500527084,0.8907485971069904,0.4121363504597505,0.14113999204980443,8.799627693178991e-13,234,8.865061462692836e-11,183
CyclicControl,tabular,207,PPM-3,5,-0.009156689758975154,-0.41898638786951037,0.8784047551759158,0.40965894277454046,0.14080893498462463,8.116285421522207e-13,235,8.900175041404168e-11,183
CyclicControl,tabular,207,PPM-3,10,-0.008972173062543781,-0.39418939074564624,0.8630728250955733,0.4075762943778039,0.14047626022552243,8.283373986728293e-13,235,8.295322762030821e-11,184
CyclicControl,tabular,207,PPM-3,15,-0.008660214674026272,-0.3848308285689067,0.8614747301085122,0.4058258458664702,0.14014193362618343,8.419931418757187e-13,235,8.563177944509448e-11,184
CyclicControl,tabular,207,PPM-3,20,-0.008230206152137574,-0.3832869110929358,0.8659539127921364,0.40430522753860937,0.1398056814765141,8.525402606096577e-13,235,8.80909234446392e-11,184
CyclicControl,tabular,207,PPM-3,25,-0.007693427862770354,-0.3803781610264658,0.8673055463301025,0.40288885203065605,0.1394670084995231,8.600897771771088e-13,235,8.126138650865755e-11,185
CyclicControl,tabular,207,PPM-3,30,-0.007062784639341308,-0.376117918290481,0.8655253282303722,0.40144690264023075,0.1391252246905321,8.644196469731469e-13,235,8.297676434843027e-11,185
CyclicControl,tabular,207,PPM-3,35,-0.00635250770768821,-0.3705264766829199,0.8606238531109951,0.3998611291327425,0.138779479410581,8.656408923002346e-13,235,8.440292909028813e-11,185
CyclicControl,tabular,207,PPM-3,40,-0.005577830689356368,-0.3636309223462558,0.8526266299889806,0.39803415755859417,0.13842880088431397,8.636980020071405e-13,235,8.552047958687581e-11,185
CyclicControl,tabular,207,PPM-3,45,-0.004754648273105699,-0.355464907391886,0.8426191602063686,0.39589188200160663,0.13807213910917696,8.605338663869588e-13,235,8.631495518329757e-11,185
CyclicControl,tabular,207,PPM-3,50,-0.003899166640260557,-0.34606836320989603,0.8368035839018222,0.3933806496591909,0.13770841016169866,8.668621376273222e-13,235,8.677697449499533e-11,185
CyclicControl,tabular,207,PPM-3,55,-0.0030275549213528005,-0.3354871588228483,0.8279835104325566,0.3904619380657162,0.13733653998063086,8.699152509450414e-13,235,8.690181907411443e-11,185
CyclicControl,tabular,207,PPM-3,60,-0.002155606839298449,-0.3308875829324407,0.8233296090987313,0.38710718755604673,0.1369555058985244,8.699152509450414e-13,235,8.668965545410856e-11,185
CyclicControl,tabular,207,PPM-3,65,-0.0012984212625920372,-0.33086747609445877,0.8214525923653253,0.3832947188302981,0.13656437445845684,8.666400930223972e-13,235,8.614520208283238e-11,185
CyclicControl,tabular,207,PPM-3,70,-0.00047010966959660784,-0.32977776324993296,0.8167246946251385,0.3790095908493898,0.13616233436301492,8.602007994795713e-13,235,8.527817341175137e-11,185
CyclicControl,tabular,207,PPM-3,75,0.000316462455913415,-0.3276117146870964,0.8091688136410992,0.37424619184302066,0.13574872373007463,8.507639037702575e-13,235,8.41032798959418e-11,185
CyclicControl,tabular,207,PPM-3,80,0.001049894473942731,-0.32849414747710887,0.8029475274621614,0.3690126008125387,0.1353230511491922,8.381628724407619e-13,235,8.264006146063707e-11,185
CyclicControl,tabular,207,PPM-3,85,0.0017204252178482293,-0.32857097792811096,0.7942523989305065,0.3633354543337378,0.13488501032365996,8.227862835497035e-13,235,8.99043062219107e-11,184
CyclicControl,tabular,207,PPM-3,90,0.00232006040618605,-0.3274734250313358,0.7827678701206369,0.35726415992505867,0.13443448833304378,8.93285445613401e-13,234,8.772843562709909e-11,184
CyclicControl,tabular,207,PPM-3,95,0.0028426513526758133,-0.3251767570231127,0.7752006982782247,0.3508736336217475,0.13397156775265007,8.831269049380808e-13,234,8.533543316424641e-11,184
CyclicControl,tabular,207,PPM-3,100,0.0032839249941200997,-0.32166222658478294,0.7655625262833101,0.3442650973361551,0.13349652301933113,8.710809851208978e-13,234,8.277317720128963e-11,184
CyclicControl,tabular,208,QP+G,0,-0.0029841415686908367,-0.3454448457427672,0.6958435472290506,0.28390842494303165,0.11357464584927972,8.488210134771634e-13,232,8.795750239265487e-11,180
CyclicControl,tabular,208,QP+G,5,-0.0028424724120080457,-0.33779759944249454,0.6803354141889817,0.27325509324885455,0.11114002213127329,8.298361997560733e-13,232,8.47799053182996e-11,180
CyclicControl,tabular,208,QP+G,10,-0.002708219653656304,-0.3303223234662893,0.6651777750906507,0.26297121815092483,0.10875965505020894,8.111844529423706e-13,232,8.170472631796599e-11,180
CyclicControl,tabular,208,QP+G,15,-0.0025809562084489913,-0.32301533775180524,0.6503627424723533,0.25304610998230226,0.10643229735763574,8.811285034937555e-13,231,8.747710888989957e-11,179
CyclicControl,tabular,208,QP+G,20,-0.002460281649354619,-0.3158730223985443,0.6358825994484738,0.24346925599512306,0.10415673221959791,8.613110225041964e-13,231,8.427933351207173e-11,179
CyclicControl,tabular,208,QP+G,25,-0.0023458204407443882,-0.3088918180268858,0.6217297963952841,0.23423032491859602,0.10193177226449028,8.421041641781812e-13,231,8.118682115476616e-11,179
CyclicControl,tabular,208,QP+G,30,-0.002237220293552408,-0.30206822602675915,0.6078969477038656,0.2253191711660654,0.09975625868347383,8.232303727595536e-13,231,8.688536001777436e-11,178
CyclicControl,tabular,208,QP+G,35,-0.0021341506337127516,-0.2953988086914299,0.5943768285711994,0.21672583865915554,0.09762906037900373,8.941736240331011e-13,230,8.367401216347048e-11,178
CyclicControl,tabular,208,QP+G,40,-0.002036301175861885,-0.288880189255912,0.5811623718502776,0.2084405642452863,0.09554907315743572,8.74134098438617e-13,230,8.952279195728607e-11,177
CyclicControl,tabular,208,QP+G,45,-0.0019433805948723363,-0.2825090518340827,0.5682466649301827,0.20045378069237435,0.09351521896206304,8.545941732052142e-13,230,8.619102653817379e-11,177
CyclicControl,tabular,208,QP+G,50,-0.001855115288318593,-0.2762821412800429,0.5556229466816018,0.19275611925124775,0.09152644514325843,8.354428260304303e-13,230,8.297260101208792e-11,177
CyclicControl,tabular,208,QP+G,55,-0.0017712482234725898,-0.27019626296747534,0.5432846044403687,0.1853384117822442,0.08958172376272733,8.167355680654964e-13,230,8.873818346799567e-11,176
CyclicControl,tabular,208,QP+G,60,-0.001691537862885186,-0.2642482824981851,0.5312251710377303,0.17819169244762734,0.08768005092914029,8.871792189779626e-13,229,8.540347595786812e-11,176
CyclicControl,tabular,208,QP+G,65,-0.0016157571630359556,-0.2584351253504389,0.5194383218858207,0.17130719897589847,0.08582044616268467,8.673062268371723e-13,229,8.218430103124064e-11,176
CyclicControl,tabular,208,QP+G,70,-0.0015501359950098052,-0.25273040238283057,0.5083428158401595,0.16468576619508085,0.0839927817796579,8.494316361407073e-13,229,8.778032467571251e-11,175
CyclicControl,tabular,208,QP+G,75,-0.0015008304355104017,-0.24709409850484454,0.4984037037922937,0.15832437557470433,0.08218566691257845,8.351097591230427e-13,229,8.419051567010172e-11,175
CyclicControl,tabular,208,QP+G,80,-0.0014596265320010217,-0.24152946551237356,0.48913195712549784,0.15220040548723668,0.08040780934592051,8.227862835497035e-13,229,8.95942209311329e-11,174
CyclicControl,tabular,208,QP+G,85,-0.0014224845388011264,-0.23603268861756424,0.4802762958055578,0.14630020465353893,0.07866296059975772,8.116562977278363e-13,229,8.572693943609266e-11,174
CyclicControl,tabular,208,QP+G,90,-0.0013875381904680057,-0.23059723985438216,0.47171602433282644,0.14061410129653448,0.07695229080612484,8.90287843446913e-13,228,8.196134049232029e-11,174
CyclicControl,tabular,208,QP+G,95,-0.0013538940925749679,-0.22521457652142052,0.46339053719451895,0.1351341645475855,0.07527578674295989,8.794076578055865e-13,228,8.70031685584749e-11,173
CyclicControl,tabular,208,QP+G,100,-0.0013210935678668822,-0.21987385537820986,0.4552666689885707,0.1298533005829371,0.0736328628234247,8.691380948278038e-13,228,8.30565616283252e-11,173
CyclicControl,tabular,208,noG,0,-0.0029841415686908367,-0.3454448457427672,0.6958435472290506,0.28390842494303165,0.11357464584927972,8.488210134771634e-13,232,8.795750239265487e-11,180
CyclicControl,tabular,208,noG,5,-0.0029841415686908367,-0.3454448457427672,0.6958435472290506,0.28390842494303165,0.11357464584927972,8.488210134771634e-13,232,8.795750239265487e-11,180
CyclicControl,tabular,208,noG,10,-0.0029841415686908367,-0.3454448457427672,0.6958435472290506,0.28390842494303165,0.11357464584927972,8.488210134771634e-13,232,8.795750239265487e-11,180
CyclicControl,tabular,208,noG,15,-0.0029841415686908367,-0.3454448457427672,0.6958435472290506,0.28390842494303165,0.11357464584927972,8.488210134771634e-13,232,8.795750239265487e-11,180
CyclicControl,tabular,208,noG,20,-0.0029841415686908367,-0.3454448457427672,0.6958435472290506,0.28390842494303165,0.11357464584927972,8.488210134771634e-13,232,8.795750239265487e-11,180
CyclicControl,tabular,208,noG,25,-0.0029841415686908367,-0.3454448457427672,0.6958435472290506,0.28390842494303165,0.11357464584927972,8.488210134771634e-13,232,8.795750239265487e-11,180
CyclicControl,tabular,208,noG,30,-0.0029841415686908367,-0.3454448457427672,0.6958435472290506,0.28390842494303165,0.11357464584927972,8.488210134771634e-13,232,8.795750239265487e-11,180
CyclicControl,tabular,208,noG,35,-0.0029841415686908367,-0.3454448457427672,0.6958435472290506,0.28390842494303165,0.11357464584927972,8.488210134771634e-13,232,8.795750239265487e-11,180
CyclicControl,tabular,208,noG,40,-0.0029841415686908367,-0.3454448457427672,0.6958435472290506,0.28390842494303165,0.11357464584927972,8.488210134771634e-13,232,8.795750239265487e-11,180
CyclicControl,tabular,208,noG,45,-0.0029841415686908367,-0.3454448457427672,0.6958435472290506,0.28390842494303165,0.11357464584927972,8.488210134771634e-13,232,8.795750239265487e-11,180
CyclicControl,tabular,208,noG,50,-0.0029841415686908367,-0.3454448457427672,0.6958435472290506,0.28390842494303165,0.11357464584927972,8.488210134771634e-13,232,8.795750239265487e-11,180
CyclicControl,tabular,208,noG,55,-0.0029841415686908367,-0.3454448457427672,0.6958435472290506,0.28390842494303165,0.11357464584927972,8.488210134771634e-13,232,8.795750239265487e-11,180
CyclicControl,tabular,208,noG,60,-0.0029841415686908367,-0.3454448457427672,0.6958435472290506,0.28390842494303165,0.11357464584927972,8.488210134771634e-13,232,8.795750239265487e-11,180
CyclicControl,tabular,208,noG,65,-0.0029841415686908367,-0.3454448457427672,0.6958435472290506,0.28390842494303165,0.11357464584927972,8.488210134771634e-13,232,8.795750239265487e-11,180
CyclicControl,tabular,208,noG,70,-0.0029841415686908367,-0.3454448457427672,0.6958435472290506,0.28390842494303165,0.11357464584927972,8.488210134771634e-13,232,8.795750239265487e-11,180
CyclicControl,tabular,208,noG,75,-0.0029841415686908367,-0.3454448457427672,0.6958435472290506,0.28390842494303165,0.11357464584927972,8.488210134771634e-13,232,8.795750239265487e-11,180
CyclicControl,tabular,208,noG,80,-0.0029841415686908367,-0.3454448457427672,0.6958435472290506,0.28390842494303165,0.11357464584927972,8.488210134771634e-13,232,8.795750239265487e-11,180
CyclicControl,tabular,208,noG,85,-0.0029841415686908367,-0.3454448457427672,0.6958435472290506,0.28390842494303165,0.11357464584927972,8.488210134771634e-13,232,8.795750239265487e-11,180
CyclicControl,tabular,208,noG,90,-0.0029841415686908367,-0.3454448457427672,0.6958435472290506,0.28390842494303165,0.11357464584927972,8.488210134771634e-13,232,8.795750239265487e-11,180
CyclicControl,tabular,208,noG,95,-0.0029841415686908367,-0.3454448457427672,0.6958435472290506,0.28390842494303165,0.11357464584927972,8.488210134771634e-13,232,8.795750239265487e-11,180
CyclicControl,tabular,208,noG,100,-0.0029841415686908367,-0.3454448457427672,0.6958435472290506,0.28390842494303165,0.11357464584927972,8.488210134771634e-13,232,8.795750239265487e-11,180
CyclicControl,tabular,208,GDA,0,-0.0029841415686908367,-0.3454448457427672,0.6958435472290506,0.28390842494303165,0.11357464584927972,8.488210134771634e-13,232,8.795750239265487e-11,180
CyclicControl,tabular,208,GDA,5,-0.0032907719826753843,-0.34434724042514947,0.7091680207008039,0.28577703439823876,0.11331330430639232,8.837930387528559e-13,232,8.618153413131324e-11,180
CyclicControl,tabular,208,GDA,10,-0.0035492899268925113,-0.3420944123805302,0.7200914049952876,0.28788681733460636,0.11306048588943457,8.242295734817162e-13,233,8.44636305341595e-11,180
CyclicControl,tabular,208,GDA,15,-0.0037553762981050545,-0.3386923786983729,0.728569254488972,0.29010322456684046,0.11281709591631778,8.500422588042511e-13,233,8.553899255581143e-11,180
CyclicControl,tabular,208,GDA,20,-0.003905664253217982,-0.3386600957180537,0.7390747229351096,0.29229212674200056,0.11258376674769124,8.730793865652231e-13,233,8.841338772214158e-11,180
CyclicControl,tabular,208,GDA,25,-0.003997795665685474,-0.34171086835879827,0.7512802902623327,0.2943261475353173,0.1123608288504832,8.930078898572447e-13,233,8.203110413163017e-11,181
CyclicControl,tabular,208,GDA,30,-0.0040304549332906385,-0.34362364340750085,0.7609293488078283,0.29609021803624225,0.11214829171990057,8.189560141147467e-13,234,8.430686704308243e-11,181
CyclicControl,tabular,208,GDA,35,-0.004003380020609395,-0.34439518667180946,0.7679886455793709,0.29748617157303275,0.11194583550607462,8.312239785368547e-13,234,8.635239745480305e-11,181
CyclicControl,tabular,208,GDA,40,-0.003917351191839735,-0.34402564316299056,0.7724340766326239,0.2984362442355706,0.11175281381408847,8.406608742461685e-13,234,8.812989227280354e-11,181
CyclicControl,tabular,208,GDA,45,-0.0037741584244714394,-0.34251856225466193,0.7742509126587054,0.2988853810274631,0.11156826772892019,8.47211190091457e-13,234,8.961112407668281e-11,181
CyclicControl,tabular,208,GDA,50,-0.0035765489781174192,-0.3398809229405886,0.7734339883931591,0.2988022758402562,0.11139095068058218,8.508194149214887e-13,234,8.169967480320395e-11,182
CyclicControl,tabular,208,GDA,55,-0.0033281570144780745,-0.33612315784604685,0.7699878523223807,0.29817910431475675,0.11121936333265307,8.513745264338013e-13,234,8.2457374261935e-11,182
CyclicControl,tabular,208,GDA,60,-0.0030334175149822,-0.331259174432023,0.7639268733472364,0.29702995427942,0.11105179727332158,8.490430580820885e-13,234,8.292211362004309e-11,182
CyclicControl,tabular,208,GDA,65,-0.002697467015767103,-0.32530637165515386,0.7552753013134644,0.2953880300678774,0.11088638593441764,8.437139875638877e-13,234,8.30993607259245e-11,182
CyclicControl,tabular,208,GDA,70,-0.0023260338715568214,-0.32177990761222597,0.7475615360389114,0.29330180895760255,0.11072116087986288,8.354983371816616e-13,234,8.300013454309862e-11,182
CyclicControl,tabular,208,GDA,75,-0.001925320869504866,-0.3196009558409023,0.7397263420847471,0.2908304518305709,0.110554111404957,8.243405957841787e-13,234,8.263936757124668e-11,182
CyclicControl,tabular,208,GDA,80,-0.001501883042573066,-0.3163666335342214,0.7293926925893317,0.28803889196314836,0.11038324528072135,8.104628079763643e-13,234,8.203465684530897e-11,182
CyclicControl,tabular,208,GDA,85,-0.0010625034833286826,-0.31209104257351405,0.7166066836179756,0.2849931094117709,0.11020664846589076,8.819056596109931e-13,233,8.120537575706521e-11,182
CyclicControl,tabular,208,GDA,90,-0.0006140698391813412,-0.3067916482700104,0.7092548620892726,0.2817561062910764,0.1100225416901034,8.775202786637237e-13,233,8.907918847000929e-11,181
CyclicControl,tabular,208,GDA,95,-0.00016345398703814272,-0.30962979223746206,0.7117083585327985,0.27838500757141194,0.10982933197728775,8.766321002440236e-13,233,8.772477189111783e-11,181
CyclicControl,tabular,208,GDA,100,0.00028260285125827856,-0.31237617871211326,0.7127548850490483,0.27492952876855015,0.109625657416113,8.729683642627606e-13,233,8.618694646855829e-11,181
CyclicControl,tabular,208,Adam-GDA,0,-0.0029841415686908367,-0.3454448457427672,0.6958435472290506,0.28390842494303165,0.11357464584927972,8.488210134771634e-13,232,8.795750239265487e-11,180
CyclicControl,tabular,208,Adam-GDA,5,0.006031992356285957,-0.6611728681348096,1.3402915343698214,0.7884686484294265,0.2201233231199739,8.744116541947733e-13,238,8.958744857068268e-11,189
CyclicControl,tabular,208,Adam-GDA,10,0.0021850421551168177,-1.0830642239850912,2.174831046109875,1.590799919892183,0.33936830775930943,8.302247778146921e-13,243,8.694867048575361e-11,196
CyclicControl,tabular,208,Adam-GDA,15,0.00048128393749350795,-1.6238573677611725,3.0268532180203063,2.4355753680768153,0.4646203275762428,8.100187187665142e-13,247,8.394285266888346e-11,201
CyclicControl,tabular,208,Adam-GDA,20,-0.006815602825918531,-1.9430361619904621,3.530869929924765,2.9100251898023566,0.5854521581747288,8.72191208145523e-13,248,8.351963565189635e-11,203
CyclicControl,tabular,208,Adam-GDA,25,-0.03606164243042926,-1.9118209277428218,3.8309492286532487,3.2710102307556417,0.6943552786083665,8.608669332943464e-13,248,8.42101943732132e-11,203
CyclicControl,tabular,208,Adam-GDA,30,-0.05994843406688658,-2.288502346320221,5.005139299030452,4.405553794328178,0.7844729144498697,8.890665981198254e-13,251,8.137490681292547e-11,207
CyclicControl,tabular,208,Adam-GDA,35,-0.009808409481547244,-3.0679023726798125,6.594711041424482,5.999771417758791,0.9006189248838777,8.419931418757187e-13,254,8.83351169989055e-11,209
CyclicControl,tabular,208,Adam-GDA,40,0.1141656887246989,-3.6866097576744323,7.598407118530048,7.016300976992219,1.0289888308843218,8.402167850363185e-13,255,8.914780025293112e-11,210
CyclicControl,tabular,208,Adam-GDA,45,0.21427585977612718,-3.961788133664193,7.7569446128480255,7.20198847062432,1.175811701076684,8.5087492607272e-13,255,8.134515283586552e-11,211
CyclicControl,tabular,208,Adam-GDA,50,0.18290649952473498,-4.001947804694763,7.772523421763005,7.2187022636650635,1.3475103066693046,8.588685318500211e-13,255,8.253708827510309e-11,211
CyclicControl,tabular,208,Adam-GDA,55,-0.007334055218244246,-4.203722909985736,7.936484161465881,7.394284300425944,1.4657414085215403,8.126832540256146e-13,256,8.72173444577129e-11,211
CyclicControl,tabular,208,Adam-GDA,60,-0.2845510524328835,-4.575059078466924,8.487165012594314,7.964593212558223,1.464878926470151,8.86402062860725e-13,256,8.617551117140465e-11,212
CyclicControl,tabular,208,Adam-GDA,65,-0.5197119733999171,-4.910147513561839,9.492653210212158,8.987880021927394,1.419667736117934,8.544276397515205e-13,257,8.359890557585459e-11,213
CyclicControl,tabular,208,Adam-GDA,70,-0.6135018440487581,-5.16951839221139,10.504023144820753,10.024635747210954,1.4748671663331365,8.348877145181177e-13,258,8.213874025386758e-11,214
CyclicControl,tabular,208,Adam-GDA,75,-0.5250858286483526,-5.335166124187954,11.023251317678536,10.563806283287354,1.633654246840352,8.890665981198254e-13,258,8.79243344797942e-11,214
CyclicControl,tabular,208,Adam-GDA,80,-0.23346459150877003,-5.585960717111006,11.675339700169495,11.22843846229809,1.7727448015506588,8.562039965909207e-13,259,8.496314762851398e-11,215
CyclicControl,tabular,208,Adam-GDA,85,0.22491316842511003,-5.715838495615388,12.280911078651105,11.859645009746146,1.7935646303485708,8.322231792590173e-13,260,8.29789570389039e-11,216
CyclicControl,tabular,208,Adam-GDA,90,0.7043073231867913,-6.152453225752431,12.948636646023214,12.530266489594371,1.704878675123308,8.633094239485217e-13,260,8.619860381031685e-11,216
CyclicControl,tabular,208,Adam-GDA,95,1.0200699942327776,-6.557076603934738,13.285256262408666,12.874737450537461,1.6095947931259926,8.553158181712206e-13,260,8.533262985110923e-11,216
CyclicControl,tabular,208,Adam-GDA,100,1.0587596543371247,-6.8268467442553895,13.143465266756706,12.736253590303965,1.590483514054895,8.659739592076221e-13,260,8.657874417394851e-11,216
CyclicControl,tabular,208,EGM,0,-0.0029841415686908367,-0.3454448457427672,0.6958435472290506,0.28390842494303165,0.11357464584927972,8.488210134771634e-13,232,8.795750239265487e-11,180
CyclicControl,tabular,208,EGM,5,-0.0032859793538449976,-0.34411604931016815,0.7086910091280173,0.2854474334861885,0.11323960488435773,8.83182416089312e-13,232,8.608583290659055e-11,180
CyclicControl,tabular,208,EGM,10,-0.0035388916579934624,-0.3416342346627695,0.7191219982724354,0.28721685169245015,0.11291328838466784,8.230638393058598e-13,233,8.427464281979269e-11,180
CyclicControl,tabular,208,EGM,15,-0.00373882519860637,-0.33800778629855327,0.7270971462344005,0.28908206453749813,0.11259655961380774,8.483214131160821e-13,233,8.522679784128684e-11,180
CyclicControl,tabular,208,EGM,20,-0.0038826978154597887,-0.3377503954725926,0.7370872281912801,0.29090995716983453,0.1122900078426676,8.70692407062279e-13,233,8.798142769883555e-11,180
CyclicControl,tabular,208,EGM,25,-0.003968445220191882,-0.3405678892267946,0.7487602886225899,0.29257513077742436,0.11199392149637052,8.900102876907567e-13,233,8.152886699086537e-11,181
CyclicControl,tabular,208,EGM,30,-0.003995045085230946,-0.34224934336981744,0.7578730240533724,0.2939652746461742,0.11170827123032347,8.156253450408713e-13,234,8.368705728400982e-11,181
CyclicControl,tabular,208,EGM,35,-0.003962518674571341,-0.3427936868319414,0.7643976271821898,0.2949855310051746,0.11143270368259767,8.273381979506667e-13,234,8.561235054216354e-11,181
CyclicControl,tabular,208,EGM,40,-0.0038719107655329796,-0.34220322669108794,0.7683155188782336,0.2955617351989738,0.11116654626896387,8.361644709964366e-13,234,8.726860900587496e-11,181
CyclicControl,tabular,208,EGM,45,-0.003725249110746268,-0.3404836669853827,0.7696175386154149,0.2956424481240713,0.11090882297142438,8.4204865302695e-13,234,8.862924283370432e-11,181
CyclicControl,tabular,208,EGM,50,-0.003525485131515375,-0.3376441267972492,0.7683040966527621,0.29519972662192273,0.11065828064207997,8.451017663446692e-13,234,8.967709907992116e-11,181
CyclicControl,tabular,208,EGM,55,-0.003276417908086709,-0.33369715614893675,0.764385284686723,0.2942286100424281,0.11041342492479077,8.451017663446692e-13,234,8.136352702692307e-11,182
CyclicControl,tabular,208,EGM,60,-0.0029826038323054003,-0.32865874806861944,0.7578809419409087,0.2927453490224881,0.11017256451071517,8.42270697631875e-13,234,8.172884591317597e-11,182
CyclicControl,tabular,208,EGM,65,-0.0026492545093354147,-0.32254834504755714,0.748820673961357,0.29078447522761947,0.10993386211193071,8.364420267525929e-13,234,8.181155752851055e-11,182
CyclicControl,tabular,208,EGM,70,-0.002282125635755908,-0.3187512725679149,0.7406062563068307,0.288394910374306,0.10969539027791889,8.277822871605167e-13,234,8.16230416589292e-11,182
CyclicControl,tabular,208,EGM,75,-0.0018873996421315353,-0.31638765876758934,0.7323804821849194,0.2856354287693541,0.10945519000567154,8.162359677044151e-13,234,8.117856387102051e-11,182
CyclicControl,tabular,208,EGM,80,-0.0014715648721586139,-0.3129839911674588,0.7216986054211281,0.28256989530023846,0.1092113300127868,8.910649995641506e-13,233,8.943981666398315e-11,181
CyclicControl,tabular,208,EGM,85,-0.0010412939829744943,-0.3085563365570604,0.7086114057984555,0.27926276610842776,0.108961964555361,8.721356969942917e-13,233,8.84379236509858e-11,181
CyclicControl,tabular,208,EGM,90,-0.0006033240993754167,-0.3031240590982929,0.7008577153072532,0.27577532937229393,0.10870538777438626,8.671952045347098e-13,233,8.721476318918064e-11,181
CyclicControl,tabular,208,EGM,95,-0.00016434104735381445,-0.3058052674108335,0.7028923918697152,0.2721630620953117,0.10844008273647253,8.658074257539283e-13,233,8.579228993887966e-11,181
CyclicControl,tabular,208,EGM,100,0.00026913026035915055,-0.30833086255831077,0.7034734008201019,0.2684742963098622,0.10816476358413789,8.615330671091215e-13,233,8.419265284942412e-11,181
CyclicControl,tabular,208,PPM-3,0,-0.0029841415686908367,-0.3454448457427672,0.6958435472290506,0.28390842494303165,0.11357464584927972,8.488210134771634e-13,232,8.795750239265487e-11,180
CyclicControl,tabular,208,PPM-3,5,-0.003285937080679781,-0.34411618577974834,0.7086894666977818,0.28544736662765924,0.11323970861208797,8.83182416089312e-13,232,8.608611046234671e-11,180
CyclicControl,tabular,208,PPM-3,10,-0.003538823147331822,-0.34163482179388094,0.7191195774164021,0.28721667873181456,0.11291349211048216,8.230638393058598e-13,233,8.427522568688062e-11,180
CyclicControl,tabular,208,PPM-3,15,-0.003738747950194715,-0.3380091350834152,0.7270945283955936,0.28908180342889905,0.1125968594441162,8.483214131160821e-13,233,8.522582639614029e-11,180
CyclicControl,tabular,208,PPM-3,20,-0.003882630120789251,-0.33774920970637484,0.7370815053618756,0.29090967998282824,0.1122903998838642,8.706368959110478e-13,233,8.798017869793284e-11,180
CyclicControl,tabular,208,PPM-3,25,-0.00396840548203501,-0.34056714998038956,0.7487548446680772,0.29257495643334025,0.1119944020293936,8.899547765395255e-13,233,8.152761798996266e-11,181
CyclicControl,tabular,208,PPM-3,30,-0.003995051151882534,-0.34224934925160677,0.757868571597167,0.29396535829785353,0.111708836887541,8.1556983388964e-13,234,8.368575277195589e-11,181
CyclicControl,tabular,208,PPM-3,35,-0.003962587210035081,-0.3427947346789799,0.7643948847229778,0.29498605103776326,0.11143335161839388,8.273381979506667e-13,234,8.56110460301096e-11,181
CyclicControl,tabular,208,PPM-3,40,-0.0038720566746455127,-0.3422056100855298,0.7683152055712721,0.2955628789228708,0.11116727431547227,8.361644709964366e-13,234,8.726744327169911e-11,181
CyclicControl,tabular,208,PPM-3,45,-0.003725485035441268,-0.3404876747160171,0.769620368876144,0.2956443972824114,0.11090962977135156,8.4204865302695e-13,234,8.862829914413339e-11,181
CyclicControl,tabular,208,PPM-3,50,-0.0035258210312347255,-0.33765004125959686,0.7683107746172202,0.2952026438516767,0.11065916575146502,8.451017663446692e-13,234,8.9676460701682e-11,181
CyclicControl,tabular,208,PPM-3,55,-0.00327686073388201,-0.3337052516801444,0.7643964985680414,0.2942326274000169,0.11041438887983715,8.451017663446692e-13,234,8.136336049346937e-11,182
CyclicControl,tabular,208,PPM-3,60,-0.0029831573005830586,-0.3286692892164881,0.7578973583255806,0.2927505595817673,0.1101736088544342,8.42270697631875e-13,234,8.172912346893213e-11,182
CyclicControl,tabular,208,PPM-3,65,-0.002649918977620857,-0.32256158477635977,0.7488429320929558,0.2907909285394105,0.10993498937818764,8.364420267525929e-13,234,8.181230692905217e-11,182
CyclicControl,tabular,208,PPM-3,70,-0.002282898079417771,-0.31875595471663976,0.7406234667177936,0.28840261221011687,0.10969660393245576,8.27837798311748e-13,234,8.162431841540752e-11,182
CyclicControl,tabular,208,PPM-3,75,-0.0018882737278335554,-0.3163947929506144,0.7324039979106158,0.28564434506005354,0.10945649434571215,8.162914788556463e-13,234,8.118036798343553e-11,182
CyclicControl,tabular,208,PPM-3,80,-0.00147253112099727,-0.3129938361276715,0.7217290018489764,0.2825799595819143,0.10921273002877403,8.911205107153819e-13,233,8.944250895481787e-11,181
CyclicControl,tabular,208,PPM-3,85,-0.0010423400138953993,-0.30856913905232614,0.7086492162735976,0.2792738892206817,0.10896346576016572,8.722467192967542e-13,233,8.844125432005967e-11,181
CyclicControl,tabular,208,PPM-3,90,-0.0006044349416045551,-0.3031400519742522,0.700872814002111,0.2757874097693891,0.10870699600683743,8.671952045347098e-13,233,8.721870448091806e-11,181
CyclicControl,tabular,208,PPM-3,95,-0.0001654995092631832,-0.3058018557511703,0.7028912836145969,0.27217599505817885,0.10844180394725889,8.658074257539283e-13,233,8.579692512000747e-11,181
CyclicControl,tabular,208,PPM-3,100,0.0002679431792928004,-0.3083298093282581,0.7034781869801157,0.26848798063824497,0.10816660361293196,8.615330671091215e-13,233,8.419787089763986e-11,181
CyclicControl,tabular,209,QP+G,0,-0.006310488811091473,-0.38121764497094884,0.7403206298133764,0.3268603329993428,0.12000435785262925,8.31279489688086e-13,233,8.280839902674586e-11,182
CyclicControl,tabular,209,QP+G,5,-0.00626536834639636,-0.36711818100180565,0.7206903667244593,0.3131925567649873,0.11712884187170014,8.895106873296754e-13,232,8.582537458501349e-11,181
CyclicControl,tabular,209,QP+G,10,-0.006137202546989575,-0.3522617513843184,0.6992536813523353,0.30009354639468844,0.11432403401191717,8.535394613318203e-13,232,8.873676793363927e-11,180
CyclicControl,tabular,209,QP+G,15,-0.005935593909829728,-0.3367507675431536,0.6777705686306883,0.28753627792520775,0.11158623158598518,8.26561041833429e-13,232,8.449144162092637e-11,180
CyclicControl,tabular,209,QP+G,20,-0.005670426771479631,-0.32068628314497083,0.664184280595296,0.2754772788730978,0.10891182286856775,8.325007350151736e-13,232,8.350745095420109e-11,180
CyclicControl,tabular,209,QP+G,25,-0.005351664275697941,-0.30416734556671166,0.6486287279490672,0.26386494669485,0.10629738696266317,8.348322033668865e-13,232,8.243930538220923e-11,180
CyclicControl,tabular,209,QP+G,30,-0.00498916173044002,-0.28729040336065725,0.6312783238269604,0.2526460731114726,0.10373977389104838,8.3366646919103e-13,232,8.124256822839016e-11,180
CyclicControl,tabular,209,QP+G,35,-0.0045924997188350235,-0.27014877419601774,0.6123069755907216,0.24177052346840222,0.10123616373577296,8.291700659412982e-13,232,8.875873647173904e-11,179
CyclicControl,tabular,209,QP+G,40,-0.004170839364564416,-0.25909926971760106,0.5981540576097888,0.23119442013328345,0.0987841048632828,8.216760605250784e-13,232,8.704112430812927e-11,179
CyclicControl,tabular,209,QP+G,45,-0.003732801203487884,-0.24793825416439,0.5831534812447403,0.2208822449448548,0.09638153230278593,8.122391648157645e-13,232,8.510253612925567e-11,179
CyclicControl,tabular,209,QP+G,50,-0.003286368220330161,-0.23932511224794026,0.5721618834366322,0.2108081585231835,0.09402676815628895,8.960610031749638e-13,231,8.293968289940779e-11,179
CyclicControl,tabular,209,QP+G,55,-0.0028388128041731543,-0.2355237264176866,0.5648316829705805,0.20095668165327796,0.09171850649807808,8.865130851631875e-13,231,8.950960805886865e-11,178
CyclicControl,tabular,209,QP+G,60,-0.0023966466829197066,-0.2310026073497729,0.5556980856816034,0.1913227794231186,0.08945578557592564,8.740785872873857e-13,231,8.663689210486325e-11,178
CyclicControl,tabular,209,QP+G,65,-0.0019655923290843244,-0.22580615504034132,0.5448741435370098,0.18191135155383584,0.08723795027685659,8.588685318500211e-13,231,8.355952041405601e-11,178
CyclicControl,tabular,209,QP+G,70,-0.0015505738927437322,-0.21998012671256037,0.5324757793087667,0.17273614523203087,0.08506460779707434,8.411604746072499e-13,231,8.922827754442864e-11,177
CyclicControl,tabular,209,QP+G,75,-0.0011557254101477563,-0.2135714091196341,0.518621122202517,0.1638181436943688,0.0829355792935148,8.211209490127658e-13,231,8.545163188156124e-11,177
CyclicControl,tabular,209,QP+G,80,-0.0007844138501958493,-0.20662777783893807,0.5034298409663037,0.15518352518493417,0.08085085002926676,8.876788193390439e-13,230,8.155241759677523e-11,177
CyclicControl,tabular,209,QP+G,85,-0.00043927448322324,-0.199197647637636,0.4870224820356871,0.14686132286634984,0.07881052019068735,8.608114221431151e-13,230,8.618929181469781e-11,176
CyclicControl,tabular,209,QP+G,90,-0.0001222560721278544,-0.1913298179455127,0.46951981976230106,0.1388809435751741,0.07681475818064279,8.320011346540923e-13,230,8.171711918247837e-11,176
CyclicControl,tabular,209,QP+G,95,0.00016532652160607724,-0.18307321733587445,0.45141621397295406,0.13126972072475251,0.07486375780540576,8.918421556813882e-13,229,8.582247412736166e-11,175
CyclicControl,tabular,209,QP+G,100,0.00042273457142662024,-0.17447665064454065,0.4368729067721277,0.1240506819835201,0.07295770039282429,8.721356969942917e-13,229,8.987549593442168e-11,174
CyclicControl,tabular,209,noG,0,-0.006310488811091473,-0.38121764497094884,0.7403206298133764,0.3268603329993428,0.12000435785262925,8.31279489688086e-13,233,8.280839902674586e-11,182
CyclicControl,tabular,209,noG,5,-0.006546955412744683,-0.37548878735343205,0.7372346233927678,0.32587416903716593,0.11986553504762783,8.187894806610529e-13,233,8.917339089364873e-11,181
CyclicControl,tabular,209,noG,10,-0.0066972659421351746,-0.3684574831832058,0.7315851286002798,0.324873615859293,0.11974204113705679,8.927303341010884e-13,232,8.622316749473669e-11,181
CyclicControl,tabular,209,noG,15,-0.006759994203841769,-0.3601453321900055,0.7265890984894513,0.3238930002032855,0.1196315339989616,8.881784197001252e-13,232,8.599118639374126e-11,181
CyclicControl,tabular,209,noG,20,-0.006734865606120038,-0.3505796277659665,0.7285743488167707,0.3229462478850378,0.11953123375794493,8.245626403891038e-13,233,8.852610311471665e-11,181
CyclicControl,tabular,209,noG,25,-0.006622780488411296,-0.3397933813410111,0.7279306822387801,0.3220285421153184,0.11943800580594191,8.466560785791444e-13,233,8.193618006302472e-11,182
CyclicControl,tabular,209,noG,30,-0.0064258203555299705,-0.3278253001795646,0.7246625781809385,0.3211195084569267,0.11934845560992405,8.656964034514658e-13,233,8.412756602460547e-11,182
CyclicControl,tabular,209,noG,35,-0.006147235552626796,-0.3147197167618185,0.7187862440955308,0.3201867371074534,0.11925903176412546,8.814060592499118e-13,233,8.619382985131097e-11,182
CyclicControl,tabular,209,noG,40,-0.005791413321964577,-0.30902434972093457,0.7188275149721931,0.31918887447977257,0.11916613351563678,8.938960682769448e-13,233,8.808270779425698e-11,182
CyclicControl,tabular,209,noG,45,-0.005363825661142633,-0.3024899179363771,0.7165215690053739,0.3180781281331483,0.11906621892623528,8.127942763280771e-13,234,8.974651577453585e-11,182
CyclicControl,tabular,209,noG,50,-0.004870956937478508,-0.29913727693017367,0.7181427869401231,0.3168025037605836,0.11895590992107946,8.223977054910847e-13,234,8.202924450806393e-11,183
CyclicControl,tabular,209,noG,55,-0.004320211786275971,-0.3011566074383255,0.7252910207402757,0.31530824327871143,0.11883209069983681,8.323897127127111e-13,234,8.301559439871653e-11,183
CyclicControl,tabular,209,noG,60,-0.0037198044103519297,-0.3022029080513055,0.7300270113098022,0.31354277781112727,0.11869199632646922,8.396616735240059e-13,234,8.370670823154569e-11,183
CyclicControl,tabular,209,noG,65,-0.0030786309811385044,-0.30226639493945917,0.7323239109318136,0.31145820942771574,0.11853328874636086,8.439360321688127e-13,234,8.408493346045987e-11,183
CyclicControl,tabular,209,noG,70,-0.0024061273936715985,-0.3013400429459414,0.7321625820727995,0.30901507332922973,0.11835411797958256,8.45490344403288e-13,234,8.413905683291034e-11,183
CyclicControl,tabular,209,noG,75,-0.0017121151249331994,-0.2994197306236446,0.7295319508420237,0.3061860157879331,0.11815316678426603,8.440470544712753e-13,234,8.386383254510577e-11,183
CyclicControl,tabular,209,noG,80,-0.0010066383651923657,-0.29650438782933886,0.7244293418643493,0.30295905843334203,0.11792967765433993,8.397726958264684e-13,234,8.325956590837791e-11,183
CyclicControl,tabular,209,noG,85,-0.0002997959161906063,-0.292596141954973,0.7168607868816891,0.2993402412783146,0.11768346159457028,8.325562461664049e-13,234,8.233175252669866e-11,183
CyclicControl,tabular,209,noG,90,0.00039842843637707774,-0.28770045864788735,0.7068412995336513,0.2953555608181615,0.11741488868940136,8.225642389447785e-13,234,8.109141136358744e-11,183
CyclicControl,tabular,209,noG,95,0.0010783332749139279,-0.28182627279073424,0.6943951091098222,0.2910521809505827,0.11712486103971925,8.996137168537643e-13,233,8.83940698415131e-11,182
CyclicControl,tabular,209,noG,100,0.0017306608549007385,-0.27521672878234704,0.6848863131537326,0.28649886447202894,0.11681476917443674,8.934519790670947e-13,233,8.638117998671646e-11,182
CyclicControl,tabular,209,GDA,0,-0.006310488811091473,-0.38121764497094884,0.7403206298133764,0.3268603329993428,0.12000435785262925,8.31279489688086e-13,233,8.280839902674586e-11,182
CyclicControl,tabular,209,GDA,5,-0.006546955412744683,-0.37548878735343205,0.7372346233927678,0.32587416903716593,0.11986553504762783,8.187894806610529e-13,233,8.917339089364873e-11,181
CyclicControl,tabular,209,GDA,10,-0.0066972659421351746,-0.3684574831832058,0.7315851286002798,0.324873615859293,0.11974204113705679,8.927303341010884e-13,232,8.622316749473669e-11,181
CyclicControl,tabular,209,GDA,15,-0.006759994203841769,-0.3601453321900055,0.7265890984894513,0.3238930002032855,0.1196315339989616,8.881784197001252e-13,232,8.599118639374126e-11,181
CyclicControl,tabular,209,GDA,20,-0.006734865606120038,-0.3505796277659665,0.7285743488167707,0.3229462478850378,0.11953123375794493,8.245626403891038e-13,233,8.852610311471665e-11,181
CyclicControl,tabular,209,GDA,25,-0.006622780488411296,-0.3397933813410111,0.7279306822387801,0.3220285421153184,0.11943800580594191,8.466560785791444e-13,233,8.193618006302472e-11,182
CyclicControl,tabular,209,GDA,30,-0.0064258203555299705,-0.3278253001795646,0.7246625781809385,0.3211195084569267,0.11934845560992405,8.656964034514658e-13,233,8.412756602460547e-11,182
CyclicControl,tabular,209,GDA,35,-0.006147235552626796,-0.3147197167618185,0.7187862440955308,0.3201867371074534,0.11925903176412546,8.814060592499118e-13,233,8.619382985131097e-11,182
CyclicControl,tabular,209,GDA,40,-0.005791413321964577,-0.30902434972093457,0.7188275149721931,0.31918887447977257,0.11916613351563678,8.938960682769448e-13,233,8.808270779425698e-11,182
CyclicControl,tabular,209,GDA,45,-0.005363825661142633,-0.3024899179363771,0.7165215690053739,0.3180781281331483,0.11906621892623528,8.127942763280771e-13,234,8.974651577453585e-11,182
CyclicControl,tabular,209,GDA,50,-0.004870956937478508,-0.29913727693017367,0.7181427869401231,0.3168025037605836,0.11895590992107946,8.223977054910847e-13,234,8.202924450806393e-11,183
CyclicControl,tabular,209,GDA,55,-0.004320211786275971,-0.3011566074383255,0.7252910207402757,0.31530824327871143,0.11883209069983681,8.323897127127111e-13,234,8.301559439871653e-11,183
CyclicControl,tabular,209,GDA,60,-0.0037198044103519297,-0.3022029080513055,0.7300270113098022,0.31354277781112727,0.11869199632646922,8.396616735240059e-13,234,8.370670823154569e-11,183
CyclicControl,tabular,209,GDA,65,-0.0030786309811385044,-0.30226639493945917,0.7323239109318136,0.31145820942771574,0.11853328874636086,8.439360321688127e-13,234,8.408493346045987e-11,183
CyclicControl,tabular,209,GDA,70,-0.0024061273936715985,-0.3013400429459414,0.7321625820727995,0.30901507332922973,0.11835411797958256,8.45490344403288e-13,234,8.413905683291034e-11,183
CyclicControl,tabular,209,GDA,75,-0.0017121151249331994,-0.2994197306236446,0.7295319508420237,0.3061860157879331,0.11815316678426603,8.440470544712753e-13,234,8.386383254510577e-11,183
CyclicControl,tabular,209,GDA,80,-0.0010066383651923657,-0.29650438782933886,0.7244293418643493,0.30295905843334203,0.11792967765433993,8.397726958264684e-13,234,8.325956590837791e-11,183
CyclicControl,tabular,209,GDA,85,-0.0002997959161906063,-0.292596141954973,0.7168607868816891,0.2993402412783146,0.11768346159457028,8.325562461664049e-13,234,8.233175252669866e-11,183
CyclicControl,tabular,209,GDA,90,0.00039842843637707774,-0.28770045864788735,0.7068412995336513,0.2953555608181615,0.11741488868940136,8.225642389447785e-13,234,8.109141136358744e-11,183
CyclicControl,tabular,209,GDA,95,0.0010783332749139279,-0.28182627279073424,0.6943951091098222,0.2910521809505827,0.11712486103971925,8.996137168537643e-13,233,8.83940698415131e-11,182
CyclicControl,tabular,209,GDA,100,0.0017306608549007385,-0.27521672878234704,0.6848863131537326,0.28649886447202894,0.11681476917443674,8.934519790670947e-13,233,8.638117998671646e-11,182
CyclicControl,tabular,209,Adam-GDA,0,-0.006310488811091473,-0.38121764497094884,0.7403206298133764,0.3268603329993428,0.12000435785262925,8.31279489688086e-13,233,8.280839902674586e-11,182
CyclicControl,tabular,209,Adam-GDA,5,0.01587205888754421,-0.5883070484187858,1.3817118644060171,0.8224760765692563,0.22384556023880564,8.272271756482041e-13,240,8.22781842657605e-11,192
CyclicControl,tabular,209,Adam-GDA,10,0.04190036221223096,-1.139430946311612,2.2897720837567856,1.6759667822369906,0.343639825051538,8.744116541947733e-13,243,8.10730371725299e-11,197
CyclicControl,tabular,209,Adam-GDA,15,0.023234692081648745,-1.6559852254448664,2.9049368560673763,2.3090606464473105,0.46953392290898355,8.257838857161914e-13,247,8.598011191907062e-11,201
CyclicControl,tabular,209,Adam-GDA,20,-0.05273306061230311,-2.1089068813277416,3.393104863393811,2.8069754417877055,0.5882418210177454,8.522071937022702e-13,249,8.302936116422188e-11,204
CyclicControl,tabular,209,Adam-GDA,25,-0.15501639110693594,-2.2848516989269725,4.10801745037938,3.5532238163500964,0.6958840489626995,8.322231792590173e-13,250,8.350209412810727e-11,205
CyclicControl,tabular,209,Adam-GDA,30,-0.25870701508635263,-2.659163272977374,5.478165360511622,4.890181365166052,0.7881214218658286,8.326672684688674e-13,252,8.516565230820561e-11,207
CyclicControl,tabular,209,Adam-GDA,35,-0.29334398173257553,-2.9824289899804226,6.505886892313486,5.912913818418197,0.8938749350679599,8.419931418757187e-13,254,8.844969201504682e-11,209
CyclicControl,tabular,209,Adam-GDA,40,-0.15175944177947082,-2.7956707556037426,6.669042355888072,6.113449371148144,1.0097453823859595,8.313350008393172e-13,255,8.902834025548145e-11,210
CyclicControl,tabular,209,Adam-GDA,45,0.19283710229365308,-2.5458943804810517,6.600721633257499,6.022760312928763,1.1446359058482185,8.704148513061227e-13,255,8.360023784348414e-11,211
CyclicControl,tabular,209,Adam-GDA,50,0.587007116365893,-2.7420934808812683,6.551482899411706,5.987417173175212,1.2561503485890138,8.197886813832156e-13,255,8.712097709917543e-11,210
CyclicControl,tabular,209,Adam-GDA,55,0.81757829114978,-3.3826465881104215,6.686103766938174,6.19391432762839,1.2937850433714209,8.930634010084759e-13,253,8.584200017480725e-11,209
CyclicControl,tabular,209,Adam-GDA,60,0.7691041842731872,-4.365356416018503,7.726473005756805,7.233330412381627,1.274804774165405,8.419931418757187e-13,256,8.189804390212885e-11,212
CyclicControl,tabular,209,Adam-GDA,65,0.46267719736372415,-5.067075690685882,9.191248208949318,8.693117151769776,1.299327769323785,8.801848139228241e-13,257,8.659561956392281e-11,213
CyclicControl,tabular,209,Adam-GDA,70,0.05536821153717005,-5.554767011325378,10.119688395213489,9.655577100498256,1.446997782940137,8.704148513061227e-13,258,8.587264233028691e-11,214
CyclicControl,tabular,209,Adam-GDA,75,-0.23646071385203177,-5.802997724277536,11.117475455446032,10.645473142203247,1.6225304939577365,8.180123245438153e-13,259,8.997513845088179e-11,214
CyclicControl,tabular,209,Adam-GDA,80,-0.348910103365596,-5.766439673634034,11.60134205067461,11.155426157259127,1.6627215764477747,8.22453216642316e-13,259,8.127454265149936e-11,215
CyclicControl,tabular,209,Adam-GDA,85,-0.35386550562066654,-6.144279438783435,12.208173905377922,11.75705448324208,1.5983537282137998,8.633094239485217e-13,259,8.575007370836829e-11,215
CyclicControl,tabular,209,Adam-GDA,90,-0.2964051925162324,-6.37843993147659,12.338407813223846,11.891230785943367,1.5702807273315431,8.979483823168266e-13,259,8.930101103032939e-11,215
CyclicControl,tabular,209,Adam-GDA,95,-0.1729181116200526,-6.290869102601261,11.815002509266261,11.365941459586256,1.6344061723551147,8.86402062860725e-13,259,8.809752927163572e-11,215
CyclicControl,tabular,209,Adam-GDA,100,-0.012489175808518112,-5.851695389857406,10.961348717176984,10.518209728095284,1.761991722225806,8.242295734817162e-13,259,8.173373089448432e-11,215
CyclicControl,tabular,209,EGM,0,-0.006310488811091473,-0.38121764497094884,0.7403206298133764,0.3268603329993428,0.12000435785262925,8.31279489688086e-13,233,8.280839902674586e-11,182
CyclicControl,tabular,209,EGM,5,-0.006538345133972451,-0.37523520755770057,0.7367336081047615,0.32548814246909596,0.11978263041810024,8.182343691487404e-13,233,8.907150017556376e-11,181
CyclicControl,tabular,209,EGM,10,-0.0066797720866133056,-0.36796107126704586,0.7305948952975891,0.3241068345468956,0.11957593441743379,8.915090887740007e-13,232,8.602632495247065e-11,181
CyclicControl,tabular,209,EGM,15,-0.006733689797216448,-0.35941982676707307,0.7250749453335724,0.3227494765474753,0.11938188690264083,8.862910405582625e-13,232,8.567838105655312e-11,181
CyclicControl,tabular,209,EGM,20,-0.006700175172194433,-0.3496417145778934,0.7265536013967994,0.3214285978812652,0.11919768375041868,8.222311720373909e-13,233,8.809880602811404e-11,181
CyclicControl,tabular,209,EGM,25,-0.006580476728742311,-0.33866261664276165,0.7254126721575458,0.3201381108301083,0.1190201853372231,8.437139875638877e-13,233,8.144351859584731e-11,182
CyclicControl,tabular,209,EGM,30,-0.006377011817485224,-0.3265240007379891,0.7216628373483962,0.31885666574238625,0.11884601317850815,8.619216451677403e-13,233,8.352224467600422e-11,182
CyclicControl,tabular,209,EGM,35,-0.006093345028404107,-0.3132728164049467,0.7153264438214322,0.3175512687241819,0.11867165387299307,8.770206783026424e-13,233,8.547185181839723e-11,182
CyclicControl,tabular,209,EGM,40,-0.005734147015193102,-0.3073849697529482,0.7148610889851925,0.31618043360428105,0.11849356651119115,8.887890423636691e-13,233,8.724113098601549e-11,182
CyclicControl,tabular,209,EGM,45,-0.005305133475340073,-0.3006757915078202,0.7120701597677291,0.3146967427654375,0.1183082896922778,8.972822485020515e-13,233,8.878375812315653e-11,182
CyclicControl,tabular,209,EGM,50,-0.004812984568512869,-0.29714076497123726,0.713263259988816,0.3130491384594411,0.11811254443274691,8.167355680654964e-13,234,8.105355275844772e-11,183
CyclicControl,tabular,209,EGM,55,-0.004265245624435159,-0.2989416115192076,0.7198665556942093,0.31118539253681843,0.11790332952496413,8.26116952623579e-13,234,8.19317114153506e-11,183
CyclicControl,tabular,209,EGM,60,-0.003670210561383256,-0.2997732241077282,0.7240662428533848,0.3090550414221728,0.11767800628975772,8.326672684688674e-13,234,8.251718752738668e-11,183
CyclicControl,tabular,209,EGM,65,-0.0030367899845694848,-0.29962780791475363,0.7258407606645167,0.3066127854140259,0.11743437013869629,8.364420267525929e-13,234,8.279360530494273e-11,183
CyclicControl,tabular,209,EGM,70,-0.002374366436801846,-0.29850037474646374,0.7251763634597534,0.3038221084214973,0.11717070689298044,8.373302051722931e-13,234,8.275097274079712e-11,183
CyclicControl,tabular,209,EGM,75,-0.0016926397099758688,-0.29638888058889135,0.7220674416083372,0.30065877180219813,0.11688583237325482,8.353318037279678e-13,234,8.238518200975875e-11,183
CyclicControl,tabular,209,EGM,80,-0.001001465475795839,-0.29329436345071375,0.7165168194959102,0.2971138736316664,0.11657911435753479,8.305023335708484e-13,234,8.169778742406208e-11,183
CyclicControl,tabular,209,EGM,85,-0.00031069074206969754,-0.2892210775291944,0.7085360232096951,0.29319627861545683,0.11625047658579614,8.228417947009348e-13,234,8.966161146872764e-11,182
CyclicControl,tabular,209,EGM,90,0.0003700102237754021,-0.28417661959824375,0.6981455108254638,0.28893433537867963,0.11590038505608742,8.12350187118227e-13,234,8.821127162050857e-11,182
CyclicControl,tabular,209,EGM,95,0.0010312958449397306,-0.27817204352936153,0.6853748586483102,0.28437684919626177,0.11552981739766605,8.879008639439689e-13,233,8.644313043149054e-11,182
CyclicControl,tabular,209,EGM,100,0.0016643095003594083,-0.2712965241723628,0.6754855088019921,0.2795932461927847,0.11514021661310284,8.81461570401143e-13,233,8.438222343087887e-11,182
CyclicControl,tabular,209,PPM-3,0,-0.006310488811091473,-0.38121764497094884,0.7403206298133764,0.3268603329993428,0.12000435785262925,8.31279489688086e-13,233,8.280839902674586e-11,182
CyclicControl,tabular,209,PPM-3,5,-0.006538325702260999,-0.37523633728642264,0.7367348302326907,0.32548857084088184,0.11978270971882457,8.182898802999716e-13,233,8.90719442647736e-11,181
CyclicControl,tabular,209,PPM-3,10,-0.0066797562006067,-0.3679637002874535,0.73059804517472,0.32410766740474406,0.11957608904368819,8.915090887740007e-13,232,8.602726864204158e-11,181
CyclicControl,tabular,209,PPM-3,15,-0.006733700816948413,-0.35942431372915423,0.7250745292756176,0.3227506790355747,0.11938211408084368,8.862355294070312e-13,232,8.567754838928465e-11,181
CyclicControl,tabular,209,PPM-3,20,-0.00670023617534697,-0.3496484032575769,0.7265545635667241,0.32143013803926745,0.11919798216395042,8.221756608861597e-13,233,8.809777907181626e-11,181
CyclicControl,tabular,209,PPM-3,25,-0.006580609817246608,-0.33867183197893247,0.7254157726591366,0.320139971221772,0.11902055531806441,8.436584764126565e-13,233,8.144238061724707e-11,182
CyclicControl,tabular,209,PPM-3,30,-0.006377237415114726,-0.32653604492456845,0.7216688257191314,0.3188588520409019,0.11884645682308745,8.619216451677403e-13,233,8.352088465279905e-11,182
CyclicControl,tabular,209,PPM-3,35,-0.006093681190886087,-0.3132879650967418,0.7153360512168814,0.31755381549702966,0.11867217507402722,8.770206783026424e-13,233,8.547046403961645e-11,182
CyclicControl,tabular,209,PPM-3,40,-0.00573460877566766,-0.30739049869130486,0.7148620506625265,0.31618340786636856,0.11849417090160527,8.887890423636691e-13,233,8.723979871838594e-11,182
CyclicControl,tabular,209,PPM-3,45,-0.005305732248389438,-0.3006833157483863,0.7120745500935035,0.3147002455316442,0.1183089845017882,8.972822485020515e-13,233,8.878253687782944e-11,182
CyclicControl,tabular,209,PPM-3,50,-0.004813727635397137,-0.29713757292581083,0.713253457678293,0.31305330396878783,0.11811333826214435,8.167355680654964e-13,234,8.105269233560364e-11,183
CyclicControl,tabular,209,PPM-3,55,-0.004266135720579441,-0.29893951818263487,0.7198593801317514,0.31119038450802194,0.11790423204732897,8.26116952623579e-13,234,8.193129508171637e-11,183
CyclicControl,tabular,209,PPM-3,60,-0.0036712455845822754,-0.29977250746735523,0.7240624130652775,0.30906104583775784,0.1176790278915638,8.327227796200987e-13,234,8.251729854968914e-11,183
CyclicControl,tabular,209,PPM-3,65,-0.0030379628388869373,-0.29962874703464026,0.7258409978109884,0.3066199998032864,0.11743552151686845,8.364420267525929e-13,234,8.279429919433312e-11,183
CyclicControl,tabular,209,PPM-3,70,-0.002375665022864628,-0.2985032482267732,0.7251813856302258,0.3038307281416743,0.11717199862632646,8.372746940210618e-13,234,8.275241603072914e-11,183
CyclicControl,tabular,209,PPM-3,75,-0.0016940470674707692,-0.29639396487427916,0.7220779582927754,0.30066897416367055,0.1168872744882151,8.353318037279678e-13,234,8.238748572253485e-11,183
CyclicControl,tabular,209,PPM-3,80,-0.0010029600786781731,-0.2933019309839956,0.7165335257688548,0.29712580080019035,0.11658071590882113,8.306133558733109e-13,234,8.170097931525788e-11,183
CyclicControl,tabular,209,PPM-3,85,-0.00031224694152758985,-0.28923139475297316,0.7085595936736198,0.29321002013734143,0.11625224527220364,8.228417947009348e-13,234,8.966630216100668e-11,182
CyclicControl,tabular,209,PPM-3,90,0.0003684216189424286,-0.2841899448137416,0.6981765933693291,0.28894991108297313,0.11590232689057513,8.124056982694583e-13,234,8.821707253581224e-11,182
CyclicControl,tabular,209,PPM-3,95,0.0010297068659255795,-0.27818862462818034,0.6854140680852379,0.28439419330081606,0.11553193644872282,8.879563750952002e-13,233,8.64501525921213e-11,182
CyclicControl,tabular,209,PPM-3,100,0.0016627542138413897,-0.2713022800386912,0.6755027338917012,0.27961219378550695,0.11514251483153398,8.81461570401143e-13,233,8.439041132568548e-11,182
FrequencyHopping,tabular,200,QP+G,0,-0.012373623909843343,-0.37901406215937,2.3343499944676096,1.821257285178283,0.34680963021646066,8.806289031326742e-13,248,8.517520022621738e-11,203
FrequencyHopping,tabular,200,QP+G,5,0.0042767482430124655,-0.3726513844921531,2.3160137660914337,1.7899362979060078,0.34440587946852286,8.752998326144734e-13,248,8.450595778697334e-11,203
FrequencyHopping,tabular,200,QP+G,10,0.020442877389051414,-0.3667482004701122,2.2956726199442388,1.7653253897683725,0.34196313542027545,8.686384944667225e-13,248,8.371747739488455e-11,203
FrequencyHopping,tabular,200,QP+G,15,0.036047421164753124,-0.37195111467503017,2.283984530441264,1.74552302230795,0.3394752571768181,8.613110225041964e-13,248,8.28104251837658e-11,203
FrequencyHopping,tabular,200,QP+G,20,0.04222033522210168,-0.3729528987172307,2.2681801553994654,1.7283218652689811,0.33692279538576864,8.537615059367454e-13,248,8.193801193101535e-11,203
FrequencyHopping,tabular,200,QP+G,25,0.042984826904037494,-0.3716240393260982,2.2511720332405716,1.711384357144405,0.33436648519232426,8.471001677889944e-13,248,8.113842930868032e-11,203
FrequencyHopping,tabular,200,QP+G,30,0.043462152044142145,-0.3701549662207954,2.2341510816910444,1.6945506531158119,0.3318209430193,8.397726958264684e-13,248,8.927436567773839e-11,202
FrequencyHopping,tabular,200,QP+G,35,0.04394647704567252,-0.3686705299488794,2.217166562392916,1.6778209175908025,0.32928625537853307,8.326672684688674e-13,248,8.839773357749436e-11,202
FrequencyHopping,tabular,200,QP+G,40,0.04445597483823345,-0.36717863801038303,2.2002195360459287,1.6611941744873446,0.3267624205661664,8.257838857161914e-13,248,8.752443214632422e-11,202
FrequencyHopping,tabular,200,QP+G,45,0.04499141621344867,-0.36567980848004894,2.1833081971711086,1.6446693833183559,0.32424944118574517,8.189005029635155e-13,248,8.665312911659839e-11,202
FrequencyHopping,tabular,200,QP+G,50,0.045552345786383765,-0.3641740026221511,2.1664303842053343,1.6282455805215266,0.32174731538705953,8.117950756059145e-13,248,8.57847126667366e-11,202
FrequencyHopping,tabular,200,QP+G,55,0.046138165978643494,-0.3626610805747872,2.1495837261546873,1.6119218908155886,0.31925603559315047,8.941736240331011e-13,247,8.491851666292405e-11,202
FrequencyHopping,tabular,200,QP+G,60,0.046748213482871406,-0.3611408324991167,2.132765650038995,1.5956975269694407,0.316775588573222,8.86846152070575e-13,247,8.405454110516075e-11,202
FrequencyHopping,tabular,200,QP+G,65,0.04738176281423452,-0.3596129791979975,2.1159733803775276,1.5795717884119975,0.31430595571080466,8.788525462932739e-13,247,8.319300803805163e-11,202
FrequencyHopping,tabular,200,QP+G,70,0.04803802318503113,-0.3580771700909159,2.0992039391410025,1.5635440596080474,0.31184711334202864,8.713030297258229e-13,247,8.233325132778191e-11,202
FrequencyHopping,tabular,200,QP+G,75,0.048716133838070386,-0.35653298074288203,2.0824541470592197,1.5476138082953446,0.3093990331609091,8.639755577632968e-13,247,8.147527097435159e-11,202
FrequencyHopping,tabular,200,QP+G,80,0.04941515901655901,-0.35497991048071764,2.0657206266580608,1.5317805836029987,0.3069616826932055,8.562039965909207e-13,247,8.957679042964628e-11,201
FrequencyHopping,tabular,200,QP+G,85,0.0501340830386455,-0.3534173803299904,2.0489998072796567,1.5160440140519738,0.3045350258401952,8.488765246283947e-13,247,8.862732769898685e-11,201
FrequencyHopping,tabular,200,QP+G,90,0.05087180578079652,-0.3518447314335434,2.0322879322793486,1.5004038054169604,0.3021190234916838,8.411049634560186e-13,247,8.767941928056189e-11,201
FrequencyHopping,tabular,200,QP+G,95,0.05162713990364675,-0.35026122450327607,2.015581068276985,1.4848597384523707,0.29971363418787844,8.335554468885675e-13,247,8.673284312976648e-11,201
FrequencyHopping,tabular,200,QP+G,100,0.05239881060038411,-0.3486660405992231,1.9988751160767135,1.4694116664590435,0.29731881480441524,8.260059303211165e-13,247,8.578759924660062e-11,201
FrequencyHopping,tabular,200,noG,0,-0.012373623909843343,-0.37901406215937,2.3343499944676096,1.821257285178283,0.34680963021646066,8.806289031326742e-13,248,8.517520022621738e-11,203
FrequencyHopping,tabular,200,noG,5,0.004255224967747769,-0.3755274234234394,2.333903339324889,1.8066419615417053,0.3469504469419378,8.821832153671494e-13,248,8.526646055884157e-11,203
FrequencyHopping,tabular,200,noG,10,0.02092054060914082,-0.37141343634502594,2.3305834557365213,1.7987959477786726,0.347068275635887,8.828493491819245e-13,248,8.525002925807712e-11,203
FrequencyHopping,tabular,200,noG,15,0.0375395573590939,-0.37703875731674386,2.3347205888690694,1.79607617328427,0.3471601312719152,8.819611707622244e-13,248,8.512412996708463e-11,203
FrequencyHopping,tabular,200,noG,20,0.04143966070248996,-0.3786908618702271,2.335651536461305,1.7959730996739225,0.3471720052525061,8.815170815523743e-13,248,8.507661242163067e-11,203
FrequencyHopping,tabular,200,noG,25,0.04163204584727727,-0.3787720134298871,2.335692729913764,1.795971751683984,0.34717238441978676,8.815170815523743e-13,248,8.507394788637157e-11,203
FrequencyHopping,tabular,200,noG,30,0.041641663444596966,-0.3787760694577427,2.3356947775269776,1.7959716931650018,0.3471724028653301,8.815170815523743e-13,248,8.507372584176665e-11,203
FrequencyHopping,tabular,200,noG,35,0.04164214457843196,-0.3787762723641164,2.3356948799324355,1.7959716902596428,0.3471724037868203,8.815170815523743e-13,248,8.507372584176665e-11,203
FrequencyHopping,tabular,200,noG,40,0.041642168647971295,-0.37877628251484763,2.335694885055367,1.7959716901143792,0.34717240383291614,8.815170815523743e-13,248,8.507372584176665e-11,203
FrequencyHopping,tabular,200,noG,45,0.04164216985594991,-0.3787762830242825,2.335694885312471,1.7959716901070621,0.34717240383522957,8.817391261572993e-13,248,8.507372584176665e-11,203
FrequencyHopping,tabular,200,noG,50,0.041642169915803176,-0.3787762830495242,2.3356948853252106,1.795971690106716,0.34717240383534376,8.815170815523743e-13,248,8.507372584176665e-11,203
FrequencyHopping,tabular,200,noG,55,0.041642169917195104,-0.3787762830501115,2.3356948853255064,1.79597169010672,0.3471724038353468,8.812950369474493e-13,248,8.507350379716172e-11,203
FrequencyHopping,tabular,200,noG,60,0.041642169917195104,-0.3787762830501115,2.3356948853255064,1.79597169010672,0.3471724038353468,8.812950369474493e-13,248,8.507350379716172e-11,203
FrequencyHopping,tabular,200,noG,65,0.041642169917195104,-0.3787762830501115,2.3356948853255064,1.79597169010672,0.3471724038353468,8.812950369474493e-13,248,8.507350379716172e-11,203
FrequencyHopping,tabular,200,noG,70,0.041642169917195104,-0.3787762830501115,2.3356948853255064,1.79597169010672,0.3471724038353468,8.812950369474493e-13,248,8.507350379716172e-11,203
FrequencyHopping,tabular,200,noG,75,0.041642169917195104,-0.3787762830501115,2.3356948853255064,1.79597169010672,0.3471724038353468,8.812950369474493e-13,248,8.507350379716172e-11,203
FrequencyHopping,tabular,200,noG,80,0.041642169917195104,-0.3787762830501115,2.3356948853255064,1.79597169010672,0.3471724038353468,8.812950369474493e-13,248,8.507350379716172e-11,203
FrequencyHopping,tabular,200,noG,85,0.041642169917195104,-0.3787762830501115,2.3356948853255064,1.79597169010672,0.3471724038353468,8.812950369474493e-13,248,8.507350379716172e-11,203
FrequencyHopping,tabular,200,noG,90,0.041642169917195104,-0.3787762830501115,2.3356948853255064,1.79597169010672,0.3471724038353468,8.812950369474493e-13,248,8.507350379716172e-11,203
FrequencyHopping,tabular,200,noG,95,0.041642169917195104,-0.3787762830501115,2.3356948853255064,1.79597169010672,0.3471724038353468,8.812950369474493e-13,248,8.507350379716172e-11,203
FrequencyHopping,tabular,200,noG,100,0.041642169917195104,-0.3787762830501115,2.3356948853255064,1.79597169010672,0.3471724038353468,8.812950369474493e-13,248,8.507350379716172e-11,203
FrequencyHopping,tabular,200,GDA,0,-0.012373623909843343,-0.37901406215937,2.3343499944676096,1.821257285178283,0.34680963021646066,8.806289031326742e-13,248,8.517520022621738e-11,203
FrequencyHopping,tabular,200,GDA,5,0.004255224967747769,-0.3755274234234394,2.333903339324889,1.8066419615417053,0.3469504469419378,8.821832153671494e-13,248,8.526646055884157e-11,203
FrequencyHopping,tabular,200,GDA,10,0.02092054060914082,-0.37141343634502594,2.3305834557365213,1.7987959477786726,0.347068275635887,8.828493491819245e-13,248,8.525002925807712e-11,203
FrequencyHopping,tabular,200,GDA,15,0.0375395573590939,-0.37703875731674386,2.3347205888690694,1.79607617328427,0.3471601312719152,8.819611707622244e-13,248,8.512412996708463e-11,203
FrequencyHopping,tabular,200,GDA,20,0.054028647002993105,-0.3894987390085656,2.343374563605284,1.7969690163127552,0.3472233093974744,8.801848139228241e-13,248,8.4886098150605e-11,203
FrequencyHopping,tabular,200,GDA,25,0.0703036442462838,-0.40725307782104186,2.3549706415061316,1.8002802569178176,0.34725546013101855,8.775202786637237e-13,248,8.453415745179882e-11,203
FrequencyHopping,tabular,200,GDA,30,0.08628019926125902,-0.42438870364072795,2.36356265884298,1.8051394156477192,0.3472546574964864,8.737455203799982e-13,248,8.40665315138267e-11,203
FrequencyHopping,tabular,200,GDA,35,0.10187416176923655,-0.44085734778958996,2.369070884862009,1.8109561653364887,0.34721946059233993,8.686384944667225e-13,248,8.34809998906394e-11,203
FrequencyHopping,tabular,200,GDA,40,0.11700200051255455,-0.45661081250603863,2.371417626499915,1.8173644570626204,0.34714896279548974,8.628653347386717e-13,248,8.277556418079257e-11,203
FrequencyHopping,tabular,200,GDA,45,0.13158126109659846,-0.4716012654795316,2.3705279053824846,1.8241514311377054,0.3470428250528266,8.557599073810707e-13,248,8.194955825047145e-11,203
FrequencyHopping,tabular,200,GDA,50,0.1455310640480346,-0.4974761176053338,2.378024766799811,1.8311708980624506,0.3469012893639316,8.473222123939195e-13,248,8.100142778744157e-11,203
FrequencyHopping,tabular,200,GDA,55,0.15877264354952472,-0.5324314399052582,2.392083177111959,1.838257477163522,0.3467251688602479,8.377742943821431e-13,248,8.881118063186477e-11,202
FrequencyHopping,tabular,200,GDA,60,0.17122992569038842,-0.5698369630186295,2.4060555522188993,1.8451695537564876,0.34651581148918975,8.271161533457416e-13,248,8.748402002822786e-11,202
FrequencyHopping,tabular,200,GDA,65,0.18283014324481345,-0.60637072088528,2.4166069763936235,1.8515813327595143,0.3462750352583574,8.1556983388964e-13,248,8.601963585874728e-11,202
FrequencyHopping,tabular,200,GDA,70,0.19350448199471415,-0.6419577000276442,2.4236544687305512,1.8571175331606993,0.34600503430849683,8.919531779838508e-13,247,8.441825016802795e-11,202
FrequencyHopping,tabular,200,GDA,75,0.20318875150758403,-0.681685655986172,2.432283452515508,1.8614023978788508,0.34570825675773287,8.764100556390986e-13,247,8.268141726830436e-11,202
FrequencyHopping,tabular,200,GDA,80,0.2118240711296193,-0.7237302391159802,2.4406735611207604,1.8640964283341328,0.3453872572465323,8.593126210598712e-13,247,8.978928711655954e-11,201
FrequencyHopping,tabular,200,GDA,85,0.21935755984415384,-0.7647622424907333,2.445506582076605,1.8649116668183217,0.3450445293151663,8.411049634560186e-13,247,8.756440017521072e-11,201
FrequencyHopping,tabular,200,GDA,90,0.22574301667093055,-0.8046951488329543,2.4467147024895786,1.863610946135621,0.344682325011274,8.215650382226158e-13,247,8.519651650829019e-11,201
FrequencyHopping,tabular,200,GDA,95,0.2309415765488866,-0.8434445167168776,2.4448779390370188,1.8600007706543302,0.34430247125150926,8.899547765395255e-13,246,8.269052109710628e-11,201
FrequencyHopping,tabular,200,GDA,100,0.2349223252659059,-0.8809284117629019,2.4394729243748454,1.8539247919565027,0.3439061942070159,8.657519146026971e-13,246,8.894551761784442e-11,200
FrequencyHopping,tabular,200,Adam-GDA,0,-0.012373623909843343,-0.37901406215937,2.3343499944676096,1.821257285178283,0.34680963021646066,8.806289031326742e-13,248,8.517520022621738e-11,203
FrequencyHopping,tabular,200,Adam-GDA,5,0.15935960203856459,-0.5631937966216202,2.525647699193262,1.9577343937906102,0.3509665659785167,8.886225089099753e-13,248,8.515188554270026e-11,203
FrequencyHopping,tabular,200,Adam-GDA,10,0.20516262355397044,-1.083638145261946,2.5121894793555244,1.9758363582444256,0.3610813679624814,8.903988657493755e-13,245,8.974976317688288e-11,199
FrequencyHopping,tabular,200,Adam-GDA,15,0.08158814449252369,-1.687733972148231,2.5690678581204605,2.0358913582101623,0.4085007137781037,8.428813202954188e-13,247,8.903389137060458e-11,201
FrequencyHopping,tabular,200,Adam-GDA,20,-0.1560236058036945,-2.1949694128400807,3.206324026422658,2.6250038454014923,0.4846165984530078,8.86402062860725e-13,249,8.760792091777603e-11,204
FrequencyHopping,tabular,200,Adam-GDA,25,-0.42823289377942153,-2.431115994087078,3.7779804509218344,3.2279137021617785,0.5617303462529679,8.832934383917745e-13,250,8.885869817731873e-11,205
FrequencyHopping,tabular,200,Adam-GDA,30,-0.6300797628229529,-2.2793940634944327,3.990834835052948,3.4646689200325476,0.6361594490756242,8.304468224196171e-13,250,8.271117124536431e-11,205
FrequencyHopping,tabular,200,Adam-GDA,35,-0.6037057369102097,-1.9395954064309362,4.0634143497433275,3.598736133227806,0.695635087316767,8.482103908136196e-13,249,8.115730310009894e-11,205
FrequencyHopping,tabular,200,Adam-GDA,40,-0.2771251078979061,-1.5086089907693983,4.1774859041615855,3.7105688909607966,0.7522247966318921,8.72635297355373e-13,251,8.398925999131279e-11,207
FrequencyHopping,tabular,200,Adam-GDA,45,0.2661867662990253,-1.8963438074878753,4.926515309876959,4.472470019397496,0.784810846331453,8.943956686380261e-13,252,8.69024852079292e-11,208
FrequencyHopping,tabular,200,Adam-GDA,50,0.8369563569133045,-2.8883735114608324,6.032760943920691,5.567782384506351,0.754352511603959,8.388845174067683e-13,253,8.184342092931729e-11,209
FrequencyHopping,tabular,200,Adam-GDA,55,1.2098130822815103,-3.923102263139052,7.004612219942737,6.544846012519949,0.7238161555887423,8.402167850363185e-13,255,8.922018679413668e-11,210
FrequencyHopping,tabular,200,Adam-GDA,60,1.2482944590820226,-4.695854187730812,7.574950311973383,7.1385396279882105,0.7739248007023052,8.15347789284715e-13,257,8.801048778650511e-11,212
FrequencyHopping,tabular,200,Adam-GDA,65,0.9603634674080777,-5.157420436452899,7.8681390334094266,7.402187611017199,0.8645925104489158,8.952838470577262e-13,257,8.771117165906617e-11,213
FrequencyHopping,tabular,200,Adam-GDA,70,0.46292365377540123,-5.2681568916123345,7.779605654740589,7.3254182055506405,0.940846866372408,8.215650382226158e-13,258,8.128431261411606e-11,214
FrequencyHopping,tabular,200,Adam-GDA,75,-0.07724750736518275,-5.229336550382039,7.552957645703092,7.116299912763406,1.0030580990615487,8.189005029635155e-13,258,8.929657013823089e-11,213
FrequencyHopping,tabular,200,Adam-GDA,80,-0.48803334807475784,-5.294540748089804,7.931075673942419,7.454319896217064,1.056293672831934,8.29558643999917e-13,258,8.146816554699399e-11,214
FrequencyHopping,tabular,200,Adam-GDA,85,-0.6259206786420992,-5.800350940006369,8.809646124471893,8.372560991906962,1.099007462087752,8.144596108650148e-13,259,8.93241036692416e-11,214
FrequencyHopping,tabular,200,Adam-GDA,90,-0.484859303642385,-6.637055835234975,10.295927119572374,9.829164776472048,1.0959296563829837,8.411049634560186e-13,260,8.36477553889381e-11,216
FrequencyHopping,tabular,200,Adam-GDA,95,-0.2729308877021516,-7.253201660465832,11.409085234548748,10.957917609172956,1.0199055129361196,8.29558643999917e-13,261,8.291500819268549e-11,217
FrequencyHopping,tabular,200,Adam-GDA,100,-0.20948216723701507,-7.561445799292736,12.059835040933692,11.627011669912818,0.9704508028031898,8.677503160470224e-13,261,8.688072483664655e-11,217
FrequencyHopping,tabular,200,EGM,0,-0.012373623909843343,-0.37901406215937,2.3343499944676096,1.821257285178283,0.34680963021646066,8.806289031326742e-13,248,8.517520022621738e-11,203
FrequencyHopping,tabular,200,EGM,5,0.004255842825278608,-0.3754408331715226,2.3333650841455635,1.8061388174216881,0.3468739502225961,8.824052599720744e-13,248,8.52435899645343e-11,203
FrequencyHopping,tabular,200,EGM,10,0.020906095678259684,-0.3712382279378482,2.329496023663341,1.79778422859334,0.3469144418372352,8.819611707622244e-13,248,8.520384398025271e-11,203
FrequencyHopping,tabular,200,EGM,15,0.03749424206240633,-0.37688766128674034,2.3331889259707106,1.7945428378887587,0.34692799865949897,8.810729923425242e-13,248,8.505396387192832e-11,203
FrequencyHopping,tabular,200,EGM,20,0.05393665346873604,-0.38914902626626524,2.3411693832972005,1.794896501304641,0.3469118053402019,8.79296635503124e-13,248,8.479172919351186e-11,203
FrequencyHopping,tabular,200,EGM,25,0.070149299371119,-0.4067844663514837,2.352166463424931,1.7976486819947062,0.346863413517865,8.761880110341735e-13,248,8.441558563276885e-11,203
FrequencyHopping,tabular,200,EGM,30,0.08604810943828763,-0.42378865746402744,2.3601432552567734,1.8019283547196343,0.34678081249244114,8.72413252750448e-13,248,8.392309069904513e-11,203
FrequencyHopping,tabular,200,EGM,35,0.10154936825143385,-0.44011351137938115,2.3650218781969286,1.8071457281382681,0.3466624910614481,8.673062268371723e-13,248,8.331291212471115e-11,203
FrequencyHopping,tabular,200,EGM,40,0.11657014599898352,-0.45571112035440786,2.366726777633627,1.812935451827031,0.3465074866812137,8.608669332943464e-13,248,8.258305150832257e-11,203
FrequencyHopping,tabular,200,EGM,45,0.13102876763390636,-0.47053406426215655,2.365185429593333,1.81908491568279,0.3463154180127628,8.533174167268953e-13,248,8.173239862685477e-11,203
FrequencyHopping,tabular,200,EGM,50,0.14484532173833184,-0.49621205641547106,2.3720054316398023,1.8254478310221929,0.34608649701666316,8.451017663446692e-13,248,8.973266574230365e-11,202
FrequencyHopping,tabular,200,EGM,55,0.15794220885814353,-0.5309165080535142,2.385339559756284,1.8318591424728954,0.3458215171251869,8.357758929378178e-13,248,8.851563926270956e-11,202
FrequencyHopping,tabular,200,EGM,60,0.17024472736941973,-0.5680480598591203,2.398573837961605,1.838078885990472,0.3455218146913522,8.246736626915663e-13,248,8.716227739569149e-11,202
FrequencyHopping,tabular,200,EGM,65,0.1816816930534924,-0.6042872306841411,2.4083787675775215,1.8437845724023494,0.3451892019295436,8.126832540256146e-13,248,8.567258014124945e-11,202
FrequencyHopping,tabular,200,EGM,70,0.19218608653573604,-0.6395599938049507,2.4146755213099387,1.848605421881014,0.34482587093747097,8.884004643050503e-13,247,8.404721363319823e-11,202
FrequencyHopping,tabular,200,EGM,75,0.20169572064663133,-0.6792149391178712,2.422813753266184,1.8521705556691819,0.3444342701076823,8.72635297355373e-13,247,8.228684400535258e-11,202
FrequencyHopping,tabular,200,EGM,80,0.21015391766805894,-0.7208861614675823,2.430435155467608,1.8541451284207893,0.3440169562399337,8.555378627761456e-13,247,8.932699024910562e-11,201
FrequencyHopping,tabular,200,EGM,85,0.21751018442199177,-0.7615215454909979,2.4345024191834237,1.8542454570762428,0.3435764278439727,8.37108160567368e-13,247,8.70798988472643e-11,201
FrequencyHopping,tabular,200,EGM,90,0.2237208713424547,-0.8010358633558038,2.4349530028909485,1.8522384510593985,0.3431149473140467,8.173461907290402e-13,247,8.469203116590052e-11,201
FrequencyHopping,tabular,200,EGM,95,0.2287498001517256,-0.8393461493682528,2.4323605235505785,1.8479347751055002,0.34263436165340516,8.852918398360998e-13,246,8.216805014171769e-11,201
FrequencyHopping,tabular,200,EGM,100,0.2325688436476901,-0.87637212520224,2.426226593611997,1.8411825268638313,0.3421359329896826,8.610889778992714e-13,246,8.834821763059608e-11,200
FrequencyHopping,tabular,200,PPM-3,0,-0.012373623909843343,-0.37901406215937,2.3343499944676096,1.821257285178283,0.34680963021646066,8.806289031326742e-13,248,8.517520022621738e-11,203
FrequencyHopping,tabular,200,PPM-3,5,0.004255104033579739,-0.37544083537398726,2.3333646619553994,1.806138925855268,0.34687395062930715,8.819611707622244e-13,248,8.524314587532444e-11,203
FrequencyHopping,tabular,200,PPM-3,10,0.020904614958897248,-0.3712382724873202,2.329495421807008,1.7977838578295708,0.34691443539487427,8.819611707622244e-13,248,8.520362193564779e-11,203
FrequencyHopping,tabular,200,PPM-3,15,0.03749202612176984,-0.37688605570225314,2.3331866670097554,1.7945416371665117,0.34692797871689257,8.815170815523743e-13,248,8.505396387192832e-11,203
FrequencyHopping,tabular,200,PPM-3,20,0.05393371928935914,-0.3891450223034978,2.3411649473191294,1.7948943071547716,0.34691176595985573,8.79296635503124e-13,248,8.47921732827217e-11,203
FrequencyHopping,tabular,200,PPM-3,25,0.07014567467587013,-0.40677950283071856,2.35216153146853,1.797645454002305,0.34686334955881515,8.764100556390986e-13,248,8.441580767737378e-11,203
FrequencyHopping,tabular,200,PPM-3,30,0.08604383316982839,-0.4237827645371799,2.360138114117517,1.8019241247946918,0.3467807196651101,8.72413252750448e-13,248,8.392309069904513e-11,203
FrequencyHopping,tabular,200,PPM-3,35,0.10154449104605645,-0.44010672776743104,2.365016838108195,1.8071405633968438,0.3466623659542258,8.673062268371723e-13,248,8.331291212471115e-11,203
FrequencyHopping,tabular,200,PPM-3,40,0.11656473062830139,-0.45570349436553026,2.366722173593058,1.8129294328171182,0.3465073267602263,8.608669332943464e-13,248,8.258305150832257e-11,203
FrequencyHopping,tabular,200,PPM-3,45,0.13102288938258644,-0.47052565476486835,2.365181622462507,1.8190781346695282,0.34631522159822015,8.535394613318203e-13,248,8.17326206714597e-11,203
FrequencyHopping,tabular,200,PPM-3,50,0.1448390686813512,-0.4961955916604245,2.371995466860384,1.8254404109348856,0.34608626324121294,8.448797217397441e-13,248,8.973333187611843e-11,202
FrequencyHopping,tabular,200,PPM-3,55,0.15793568199724278,-0.5308957976166129,2.3853275789014416,1.8318512669116422,0.3458212458817992,8.355538483328928e-13,248,8.851630539652433e-11,202
FrequencyHopping,tabular,200,PPM-3,60,0.17023804058581174,-0.5680258363312384,2.398562919692247,1.8380708222072264,0.3455215065801328,8.246736626915663e-13,248,8.716316557411119e-11,202
FrequencyHopping,tabular,200,PPM-3,65,0.18167497283285242,-0.6042636143668323,2.4083693912072137,1.8437766727896596,0.3451888582144437,8.126832540256146e-13,248,8.567369036427408e-11,202
FrequencyHopping,tabular,200,PPM-3,70,0.1921794714223959,-0.6395351202561531,2.4146681927696165,1.8485981046439166,0.34482549352473507,8.884004643050503e-13,247,8.4047879767013e-11,202
FrequencyHopping,tabular,200,PPM-3,75,0.20168936038707877,-0.6791827007734229,2.422802744647197,1.852164277834054,0.344433861557816,8.728573419602981e-13,247,8.228817627298213e-11,202
FrequencyHopping,tabular,200,PPM-3,80,0.21014797200958196,-0.7208523203285999,2.4304266150950062,1.8541403641374765,0.34401651982365167,8.553158181712206e-13,247,8.93285445613401e-11,201
FrequencyHopping,tabular,200,PPM-3,85,0.21750482154081596,-0.761486264617805,2.4344968999347265,1.8542426858752696,0.3435759676497394,8.373302051722931e-13,247,8.70816752041037e-11,201
FrequencyHopping,tabular,200,PPM-3,90,0.22371626588703708,-0.8009993247446258,2.4349510763279296,1.8522381534910841,0.34311446841036997,8.173461907290402e-13,247,8.469402956734484e-11,201
FrequencyHopping,tabular,200,PPM-3,95,0.22874613090086662,-0.8393085537752873,2.4323618368743065,1.8479374307268523,0.34263387030298154,8.852918398360998e-13,246,8.217027058776694e-11,201
FrequencyHopping,tabular,200,PPM-3,100,0.23256629079949212,-0.8763336917232804,2.4262326539446475,1.8411886106649258,0.3421354369052199,8.608669332943464e-13,246,8.835066012125026e-11,200
FrequencyHopping,tabular,201,QP+G,0,0.0028685842353385763,-0.48355053757577854,2.787548251810535,2.2306591175025186,0.38377845387442405,8.402167850363185e-13,250,8.257261541189109e-11,205
FrequencyHopping,tabular,201,QP+G,5,0.022367130683487765,-0.4359489633427855,2.718798892472305,2.184892504690041,0.38098052936533744,8.331113576787175e-13,250,8.173572929592865e-11,205
FrequencyHopping,tabular,201,QP+G,10,0.04120205512007734,-0.4247279770665866,2.6835213963957694,2.1465933504677643,0.3781662713979423,8.242295734817162e-13,250,8.975131748911735e-11,204
FrequencyHopping,tabular,201,QP+G,15,0.05928735507913301,-0.4306428645079387,2.6624804221673286,2.1159092208674015,0.37532773415729237,8.149037000748649e-13,250,8.854961208726309e-11,204
FrequencyHopping,tabular,201,QP+G,20,0.07654127380774697,-0.44843862296146364,2.650437775022559,2.091838728065372,0.37245747633342613,8.930634010084759e-13,249,8.72137917440341e-11,204
FrequencyHopping,tabular,201,QP+G,25,0.0819438827421857,-0.455698923543114,2.6344407750725485,2.071459445367846,0.3696152832863726,8.846257060213247e-13,249,8.615219648788752e-11,204
FrequencyHopping,tabular,201,QP+G,30,0.08138506796023277,-0.45415609646730465,2.6142571847386074,2.051269266007335,0.366817392937015,8.766321002440236e-13,249,8.528844297472915e-11,204
FrequencyHopping,tabular,201,QP+G,35,0.08070260249620023,-0.45241466976711586,2.594069782868658,2.0312071802471063,0.36403285143011327,8.690825836765725e-13,249,8.44337932903727e-11,204
FrequencyHopping,tabular,201,QP+G,40,0.08005577475080664,-0.4507124634407331,2.57398480565697,2.0112766168476233,0.36126049441794783,8.615330671091215e-13,249,8.358203018588028e-11,204
FrequencyHopping,tabular,201,QP+G,45,0.07944878871737972,-0.4490571677130513,2.5540047214797164,1.9914759660391943,0.35850034689179594,8.544276397515205e-13,249,8.273359775046174e-11,204
FrequencyHopping,tabular,201,QP+G,50,0.07888139010360941,-0.44744982343381384,2.5341289458303935,1.9718035083843162,0.35575246349912126,8.468781231840694e-13,249,8.188827393951215e-11,204
FrequencyHopping,tabular,201,QP+G,55,0.07835323251464602,-0.44589134084395426,2.514356705862669,1.9522575723641047,0.3530168909975875,8.393286066166183e-13,249,8.10451705746118e-11,204
FrequencyHopping,tabular,201,QP+G,60,0.07786402317256524,-0.44438272101879056,2.494687123910247,1.9328365382161075,0.3502936664956692,8.322231792590173e-13,249,8.911671400824162e-11,203
FrequencyHopping,tabular,201,QP+G,65,0.07741354110379214,-0.4429250868194537,2.475119215848364,1.913538836314484,0.34758281675749964,8.251177519014163e-13,249,8.818656915821066e-11,203
FrequencyHopping,tabular,201,QP+G,70,0.07700165244282517,-0.44151971058653383,2.4556518846842126,1.8943629449398882,0.3448843573951618,8.175682353339653e-13,249,8.725864475422895e-11,203
FrequencyHopping,tabular,201,QP+G,75,0.07662832738090604,-0.4401680456025774,2.436283911623625,1.8753073876357358,0.34219829187640993,8.104628079763643e-13,249,8.63338289747162e-11,203
FrequencyHopping,tabular,201,QP+G,80,0.07629365924671402,-0.4388717622884955,2.4170139441118432,1.8563707301637227,0.3395246103103133,8.917311333789257e-13,248,8.541145568585762e-11,203
FrequencyHopping,tabular,201,QP+G,85,0.0759978866080314,-0.43763279080006423,2.3978404803398634,1.8375515770854314,0.33686328795749704,8.837375276016246e-13,248,8.449130284304829e-11,203
FrequencyHopping,tabular,201,QP+G,90,0.07574141916748703,-0.4364533715959295,2.378761849299046,1.8188485679739888,0.33421428340097964,8.757439218243235e-13,248,8.357359249089313e-11,203
FrequencyHopping,tabular,201,QP+G,95,0.07552486871890558,-0.4353361164521828,2.359776185343113,1.8002603732711249,0.33157753628897696,8.677503160470224e-13,248,8.265765849557738e-11,203
FrequencyHopping,tabular,201,QP+G,100,0.07534908663565996,-0.4342840828765038,2.3408813956920054,1.7817856897910491,0.32895296453511763,8.597567102697212e-13,248,8.17432788124961e-11,203
FrequencyHopping,tabular,201,noG,0,0.0028685842353385763,-0.48355053757577854,2.787548251810535,2.2306591175025186,0.38377845387442405,8.402167850363185e-13,250,8.257261541189109e-11,205
FrequencyHopping,tabular,201,noG,5,0.022660315856975668,-0.43903492420160106,2.739278342907263,2.2049110236975276,0.383758741282834,8.393286066166183e-13,250,8.245848448495963e-11,205
FrequencyHopping,tabular,201,noG,10,0.04239594028880522,-0.43254797505975384,2.726405478545655,2.1864214354881333,0.3837287746609948,8.37108160567368e-13,250,8.223621783542967e-11,205
FrequencyHopping,tabular,201,noG,15,0.0619772105122223,-0.44278784501213597,2.7275819907419345,2.1755407921326517,0.38368823594275075,8.339995360984176e-13,250,8.190226274962242e-11,205
FrequencyHopping,tabular,201,noG,20,0.08130571496503808,-0.4579230240368449,2.7309311085460783,2.171579271572859,0.38363670942210193,8.30002733209767e-13,250,8.145528695990834e-11,205
FrequencyHopping,tabular,201,noG,25,0.08673331437851817,-0.4657276561628164,2.7348485858149743,2.1715024980863924,0.38361432801829193,8.291145547900669e-13,250,8.130651707460856e-11,205
FrequencyHopping,tabular,201,noG,30,0.08686077259573555,-0.46591111405412894,2.734936778238725,2.1715048151047567,0.3836136397803145,8.29558643999917e-13,250,8.130296436092976e-11,205
FrequencyHopping,tabular,201,noG,35,0.08686377643754994,-0.4659154377598101,2.7349388545686453,2.171504871928031,0.3836136234695115,8.286704655802168e-13,250,8.130252027171991e-11,205
FrequencyHopping,tabular,201,noG,40,0.08686384723166135,-0.4659155396603408,2.7349389035021088,2.1715048732684927,0.38361362308505004,8.291145547900669e-13,250,8.130207618251006e-11,205
FrequencyHopping,tabular,201,noG,45,0.08686384889724146,-0.46591554205776503,2.734938904653371,2.171504873300021,0.383613623076005,8.29558643999917e-13,250,8.130229822711499e-11,205
FrequencyHopping,tabular,201,noG,50,0.08686384893961321,-0.4659155421187546,2.7349389046826595,2.171504873300795,0.383613623075775,8.286704655802168e-13,250,8.130252027171991e-11,205
FrequencyHopping,tabular,201,noG,55,0.08686384894165983,-0.46591554212170067,2.7349389046840744,2.171504873300851,0.3836136230757638,8.291145547900669e-13,250,8.130252027171991e-11,205
FrequencyHopping,tabular,201,noG,60,0.08686384894165983,-0.46591554212170067,2.7349389046840744,2.171504873300851,0.3836136230757638,8.291145547900669e-13,250,8.130252027171991e-11,205
FrequencyHopping,tabular,201,noG,65,0.08686384894165983,-0.46591554212170067,2.7349389046840744,2.171504873300851,0.3836136230757638,8.291145547900669e-13,250,8.130252027171991e-11,205
FrequencyHopping,tabular,201,noG,70,0.08686384894165983,-0.46591554212170067,2.7349389046840744,2.171504873300851,0.3836136230757638,8.291145547900669e-13,250,8.130252027171991e-11,205
FrequencyHopping,tabular,201,noG,75,0.08686384894165983,-0.46591554212170067,2.7349389046840744,2.171504873300851,0.3836136230757638,8.291145547900669e-13,250,8.130252027171991e-11,205
FrequencyHopping,tabular,201,noG,80,0.08686384894165983,-0.46591554212170067,2.7349389046840744,2.171504873300851,0.3836136230757638,8.291145547900669e-13,250,8.130252027171991e-11,205
FrequencyHopping,tabular,201,noG,85,0.08686384894165983,-0.46591554212170067,2.7349389046840744,2.171504873300851,0.3836136230757638,8.291145547900669e-13,250,8.130252027171991e-11,205
FrequencyHopping,tabular,201,noG,90,0.08686384894165983,-0.46591554212170067,2.7349389046840744,2.171504873300851,0.3836136230757638,8.291145547900669e-13,250,8.130252027171991e-11,205
FrequencyHopping,tabular,201,noG,95,0.08686384894165983,-0.46591554212170067,2.7349389046840744,2.171504873300851,0.3836136230757638,8.291145547900669e-13,250,8.130252027171991e-11,205
FrequencyHopping,tabular,201,noG,100,0.08686384894165983,-0.46591554212170067,2.7349389046840744,2.171504873300851,0.3836136230757638,8.291145547900669e-13,250,8.130252027171991e-11,205
FrequencyHopping,tabular,201,GDA,0,0.0028685842353385763,-0.48355053757577854,2.787548251810535,2.2306591175025186,0.38377845387442405,8.402167850363185e-13,250,8.257261541189109e-11,205
FrequencyHopping,tabular,201,GDA,5,0.022660315856975668,-0.43903492420160106,2.739278342907263,2.2049110236975276,0.383758741282834,8.393286066166183e-13,250,8.245848448495963e-11,205
FrequencyHopping,tabular,201,GDA,10,0.04239594028880522,-0.43254797505975384,2.726405478545655,2.1864214354881333,0.3837287746609948,8.37108160567368e-13,250,8.223621783542967e-11,205
FrequencyHopping,tabular,201,GDA,15,0.0619772105122223,-0.44278784501213597,2.7275819907419345,2.1755407921326517,0.38368823594275075,8.339995360984176e-13,250,8.190226274962242e-11,205
FrequencyHopping,tabular,201,GDA,20,0.08130571496503808,-0.4579230240368449,2.7309311085460783,2.171579271572859,0.38363670942210193,8.30002733209767e-13,250,8.145528695990834e-11,205
FrequencyHopping,tabular,201,GDA,25,0.10028316471548138,-0.485299848332142,2.7437547119509587,2.173255338687235,0.3835737117378424,8.251177519014163e-13,250,8.988187971681327e-11,204
FrequencyHopping,tabular,201,GDA,30,0.1188116902796764,-0.5123065580915604,2.753397683210543,2.1791734070563313,0.3834987274438148,8.193445921733655e-13,250,8.912803828309279e-11,204
FrequencyHopping,tabular,201,GDA,35,0.13679415608707612,-0.538873754826341,2.7597487132124896,2.1880975894957926,0.3834112494870472,8.117950756059145e-13,250,8.824274644325669e-11,204
FrequencyHopping,tabular,201,GDA,40,0.15413450113110694,-0.5692983522931266,2.767064661297243,2.1990169655379432,0.3833108233302455,8.93507490218326e-13,249,8.72235617066508e-11,204
FrequencyHopping,tabular,201,GDA,45,0.17073811458859675,-0.6156216952714318,2.787349146466196,2.211095047140275,0.383197092770737,8.828493491819245e-13,249,8.606870771643571e-11,204
FrequencyHopping,tabular,201,GDA,50,0.18651225506994737,-0.6643766201437264,2.8071001467353334,2.223590227299632,0.3830698447711299,8.717471189356729e-13,249,8.477685220498188e-11,204
FrequencyHopping,tabular,201,GDA,55,0.20136652159284618,-0.7169674813257607,2.827690632386318,2.2358039580835762,0.3829290498932276,8.588685318500211e-13,249,8.334688494926468e-11,204
FrequencyHopping,tabular,201,GDA,60,0.21521338328414996,-0.7738467664695725,2.8495458563039824,2.2470724434758282,0.3827748943008981,8.451017663446692e-13,249,8.177680754783978e-11,204
FrequencyHopping,tabular,201,GDA,65,0.22796877315181602,-0.8298894680054274,2.8675184675560144,2.2567837808316735,0.38260779887079804,8.30002733209767e-13,249,8.896239300781872e-11,203
FrequencyHopping,tabular,201,GDA,70,0.2395527489996428,-0.8849738659033327,2.8814700996857354,2.264395803196118,0.382428420833005,8.135714324453147e-13,249,8.690492769858338e-11,203
FrequencyHopping,tabular,201,GDA,75,0.2498902216824932,-0.9389775414069426,2.8912682477739047,2.269443216096199,0.3822376336665786,8.841816168114747e-13,248,8.469069889827097e-11,203
FrequencyHopping,tabular,201,GDA,80,0.2589117474585215,-0.9917777618873341,2.896787566161318,2.2715357223886756,0.38203648179144456,8.633094239485217e-13,248,8.231992865148641e-11,203
FrequencyHopping,tabular,201,GDA,85,0.2665543772726465,-1.043251893745142,2.8979112326760923,2.270353157536695,0.38182610798600297,8.406608742461685e-13,248,8.866019030051575e-11,202
FrequencyHopping,tabular,201,GDA,90,0.27276255153512147,-1.0932778426198406,2.894532364569148,2.26564250434446,0.38160765342222097,8.166800569142652e-13,248,8.568412646070556e-11,202
FrequencyHopping,tabular,201,GDA,95,0.27748902452039254,-1.141734519378105,2.8865554674262315,2.257219684984609,0.3813821326751424,8.79740724712974e-13,247,8.254286143483114e-11,202
FrequencyHopping,tabular,201,GDA,100,0.280695798126511,-1.1885023295537827,2.8738978944259577,2.2449780972223894,0.3811502888737711,8.499867476530198e-13,247,8.804690310171281e-11,201
FrequencyHopping,tabular,201,Adam-GDA,0,0.0028685842353385763,-0.48355053757577854,2.787548251810535,2.2306591175025186,0.38377845387442405,8.402167850363185e-13,250,8.257261541189109e-11,205
FrequencyHopping,tabular,201,Adam-GDA,5,0.18032015627913975,-0.7859544830202669,2.9087652890884312,2.297878823214603,0.40678617334164263,8.748557434046234e-13,249,8.54858406285075e-11,204
FrequencyHopping,tabular,201,Adam-GDA,10,0.2336743138550137,-1.4077359822499096,2.855066835525532,2.274533189480774,0.4161249169487789,8.215650382226158e-13,246,8.569234211108778e-11,200
FrequencyHopping,tabular,201,Adam-GDA,15,0.10411317797151362,-1.8462241688848202,3.0011090993834135,2.4283237721160646,0.46428796407071726,8.268941087408166e-13,248,8.756462221981565e-11,202
FrequencyHopping,tabular,201,Adam-GDA,20,-0.1461640082218095,-1.9918847233905348,3.3576273085267045,2.828082860328212,0.5458471802429041,8.786305016883489e-13,248,8.797607087274173e-11,203
FrequencyHopping,tabular,201,Adam-GDA,25,-0.36893921582799694,-2.0666401277539976,3.818453186948548,3.287721027868127,0.6191054061663837,8.348877145181177e-13,249,8.208167479040185e-11,204
FrequencyHopping,tabular,201,Adam-GDA,30,-0.39042915318028054,-2.245373532214497,4.372145076965896,3.830893656854104,0.6759911616896608,8.180123245438153e-13,250,8.114731109287732e-11,205
FrequencyHopping,tabular,201,Adam-GDA,35,-0.20435971387181978,-2.4542537815185694,4.7610162413433255,4.2362462727434735,0.7254878133695548,8.86846152070575e-13,250,8.909362136932941e-11,205
FrequencyHopping,tabular,201,Adam-GDA,40,0.016025538745384635,-2.943161909763636,5.261947091287525,4.76729755651021,0.7585874767196477,8.58424442640171e-13,252,8.820544294962929e-11,207
FrequencyHopping,tabular,201,Adam-GDA,45,0.10228334238402996,-3.5292166647060275,5.927096818774783,5.423688668659335,0.805630320303666,8.424372310855688e-13,254,8.850475907706823e-11,209
FrequencyHopping,tabular,201,Adam-GDA,50,0.03466914250808795,-3.7630160189558115,6.12905241366159,5.6837337131650845,0.8920257381167513,8.926193117986259e-13,254,8.573408649681369e-11,210
FrequencyHopping,tabular,201,Adam-GDA,55,-0.0953082302129987,-4.308744616583332,6.955531928413238,6.488801565445156,0.9650108236891866,8.348877145181177e-13,256,8.926281935828229e-11,211
FrequencyHopping,tabular,201,Adam-GDA,60,-0.16428962485855295,-4.634701913107456,7.719710317586425,7.253562497265046,0.9900209846555038,8.100187187665142e-13,257,8.71986927108992e-11,212
FrequencyHopping,tabular,201,Adam-GDA,65,-0.09454512629085873,-4.595321183356635,7.863170773131782,7.399247426664265,1.0296974738775508,8.93507490218326e-13,256,8.65281180040256e-11,212
FrequencyHopping,tabular,201,Adam-GDA,70,0.08140440126410692,-4.207104047354244,7.370867992638362,6.925856927061668,1.1148121694522495,8.162359677044151e-13,256,8.72759642334131e-11,211
FrequencyHopping,tabular,201,Adam-GDA,75,0.26979724623798784,-4.133881983376976,7.516176355422388,7.080010176823618,1.1778934603916098,8.855138844410249e-13,255,8.545342211618845e-11,211
FrequencyHopping,tabular,201,Adam-GDA,80,0.40155362451096016,-4.557956441766071,8.298311963383199,7.87424459419913,1.147923917140127,8.828493491819245e-13,256,8.587708322238541e-11,212
FrequencyHopping,tabular,201,Adam-GDA,85,0.4820602376073915,-5.139744708328803,9.181299161527175,8.755335134657322,1.0485974108861364,9.00612917575927e-13,257,8.806644302694622e-11,213
FrequencyHopping,tabular,201,Adam-GDA,90,0.6205075593285256,-5.463075256486988,9.703955442861062,9.29506223153127,0.9786530468822391,8.588685318500211e-13,258,8.446043864296371e-11,214
FrequencyHopping,tabular,201,Adam-GDA,95,0.8848974987768865,-5.523577100355186,9.994208912674111,9.582666377324319,0.9491971286859192,8.57980353430321e-13,258,8.487077707286517e-11,214
FrequencyHopping,tabular,201,Adam-GDA,100,1.1665612861241976,-6.2958332890299875,10.95835778812116,10.551119740146982,0.8767716709373694,8.881784197001252e-13,259,8.810996376951152e-11,215
FrequencyHopping,tabular,201,EGM,0,0.0028685842353385763,-0.48355053757577854,2.787548251810535,2.2306591175025186,0.38377845387442405,8.402167850363185e-13,250,8.257261541189109e-11,205
FrequencyHopping,tabular,201,EGM,5,0.022651380808358035,-0.438942368267542,2.738662463409713,2.2043081052327427,0.3836752369836378,8.388845174067683e-13,250,8.243672411367697e-11,205
FrequencyHopping,tabular,201,EGM,10,0.04235958746580856,-0.43231137333727776,2.725111370986802,2.1852174534833755,0.3835612283423815,8.36664071357518e-13,250,8.219203095904959e-11,205
FrequencyHopping,tabular,201,EGM,15,0.06189502432303236,-0.4424186604533547,2.7256114662303768,2.1737318770483256,0.38343587089472964,8.335554468885675e-13,250,8.183542732353999e-11,205
FrequencyHopping,tabular,201,EGM,20,0.08115947268557036,-0.4576397593248125,2.7284943783574986,2.169153030230217,0.3832985071980749,8.29558643999917e-13,250,8.136558093951862e-11,205
FrequencyHopping,tabular,201,EGM,25,0.10005496514732362,-0.48490153915860484,2.7406440550156543,2.1701891789880525,0.38314841350171763,8.242295734817162e-13,250,8.975598042582078e-11,204
FrequencyHopping,tabular,201,EGM,30,0.11848408784960263,-0.511774097004035,2.749588966164195,2.1754350286125232,0.38298483953389767,8.180123245438153e-13,250,8.897593772871915e-11,204
FrequencyHopping,tabular,201,EGM,35,0.13635030304878165,-0.5381875862582449,2.7552193045879156,2.1836473525177915,0.38280705319671576,8.109068971862143e-13,250,8.806355644708219e-11,204
FrequencyHopping,tabular,201,EGM,40,0.15355830053576647,-0.5681955269720007,2.76155072850362,2.1938112681150845,0.3826143887531297,8.912870441690757e-13,249,8.70177263578853e-11,204
FrequencyHopping,tabular,201,EGM,45,0.1700143865264338,-0.6145092959337743,2.7812593472919476,2.2050898604483846,0.38240629638536805,8.810729923425242e-13,249,8.583667110428905e-11,204
FrequencyHopping,tabular,201,EGM,50,0.18562691831917683,-0.6629925907071386,2.80017674655262,2.2167441778939647,0.38218239026042616,8.695266728864226e-13,249,8.451839228484914e-11,204
FrequencyHopping,tabular,201,EGM,55,0.20030679221920245,-0.7151862889414959,2.819815474588091,2.228080410738652,0.381942491526414,8.562039965909207e-13,249,8.306177967654094e-11,204
FrequencyHopping,tabular,201,EGM,60,0.21396799089663188,-0.7716923660586736,2.8407536526308057,2.2384403526450067,0.3816866620723484,8.424372310855688e-13,249,8.146638919015459e-11,204
FrequencyHopping,tabular,201,EGM,65,0.22652819443374544,-0.8273254062079276,2.8577872411182836,2.247217703606138,0.381415224517171,8.268941087408166e-13,249,8.858958011614959e-11,203
FrequencyHopping,tabular,201,EGM,70,0.2379094568105496,-0.8819639443685684,2.870782195203491,2.2538757706974293,0.38112876386178984,8.104628079763643e-13,249,8.650546945432325e-11,203
FrequencyHopping,tabular,201,EGM,75,0.24803894649744535,-0.9354860229722166,2.8796108858193517,2.2579549315756005,0.38082810664612826,8.806289031326742e-13,248,8.42652614352346e-11,203
FrequencyHopping,tabular,201,EGM,80,0.256849746231013,-0.9877695949750703,2.88415340858292,2.2590711821588525,0.3805142743853773,8.590905764549461e-13,248,8.187051037111814e-11,203
FrequencyHopping,tabular,201,EGM,85,0.26428170305172555,-1.038692954407855,2.884298949114591,2.256911593164443,0.38018840955938393,8.364420267525929e-13,248,8.813594298828775e-11,202
FrequencyHopping,tabular,201,EGM,90,0.2702823154351162,-1.0881351931219594,2.879947188156204,2.2512315292046567,0.3798516744797217,8.126832540256146e-13,248,8.513767468798505e-11,202
FrequencyHopping,tabular,201,EGM,95,0.2748076400484779,-1.1359766816305041,2.871009726072593,2.2418565813527387,0.3795051258675873,8.744116541947733e-13,247,8.197664769227231e-11,202
FrequencyHopping,tabular,201,EGM,100,0.2778231965471314,-1.1820995711356748,2.8574115026740508,2.2286912096985647,0.3791495707639091,8.448797217397441e-13,247,8.740030921217112e-11,201
FrequencyHopping,tabular,201,PPM-3,0,0.0028685842353385763,-0.48355053757577854,2.787548251810535,2.2306591175025186,0.38377845387442405,8.402167850363185e-13,250,8.257261541189109e-11,205
FrequencyHopping,tabular,201,PPM-3,5,0.0226505141260529,-0.43894435321745867,2.7386640336037313,2.204308356282091,0.3836752565907987,8.388845174067683e-13,250,8.243650206907205e-11,205
FrequencyHopping,tabular,201,PPM-3,10,0.04235786305361562,-0.4323102562200808,2.7251096664884606,2.1852172356768764,0.3835612535848907,8.36664071357518e-13,250,8.219203095904959e-11,205
FrequencyHopping,tabular,201,PPM-3,15,0.0618924618366591,-0.44241710118972016,2.7256094068248795,2.173730518371228,0.38343588756258573,8.335554468885675e-13,250,8.183498323433014e-11,205
FrequencyHopping,tabular,201,PPM-3,20,0.08115610259999521,-0.457634108642969,2.7284885934370986,2.169150043936946,0.38329850107136804,8.29558643999917e-13,250,8.136558093951862e-11,205
FrequencyHopping,tabular,201,PPM-3,25,0.1000508289622942,-0.48489437071381397,2.740637416760535,2.1701842954860266,0.3831483705847518,8.237854842718662e-13,250,8.975598042582078e-11,204
FrequencyHopping,tabular,201,PPM-3,30,0.11847923838915658,-0.5117653940896078,2.749581777273601,2.175428162530203,0.38298474629102974,8.180123245438153e-13,250,8.897615977332407e-11,204
FrequencyHopping,tabular,201,PPM-3,35,0.1363448048521602,-0.5381773472184463,2.7552119046268233,2.1836385574245916,0.38280689678490243,8.113509863960644e-13,250,8.806400053629204e-11,204
FrequencyHopping,tabular,201,PPM-3,40,0.15355223032855428,-0.5681796261475934,2.7615393556425087,2.1938007054155784,0.38261415724556935,8.917311333789257e-13,249,8.70177263578853e-11,204
FrequencyHopping,tabular,201,PPM-3,45,0.1700078337509357,-0.6144874538855238,2.781244109123766,2.205077787405872,0.38240597898033785,8.810729923425242e-13,249,8.583689314889398e-11,204
FrequencyHopping,tabular,201,PPM-3,50,0.18561998569216132,-0.6629681858315624,2.800161432032398,2.2167309460804723,0.38218197746964955,8.690825836765725e-13,249,8.451861432945407e-11,204
FrequencyHopping,tabular,201,PPM-3,55,0.20029959627363028,-0.7151548091535519,2.8197960056943994,2.228066462145774,0.38194197533811136,8.562039965909207e-13,249,8.306244581035571e-11,204
FrequencyHopping,tabular,201,PPM-3,60,0.2139606624523905,-0.7716581063922008,2.840734781519149,2.238426208331087,0.3816860360856636,8.424372310855688e-13,249,8.146705532396936e-11,204
FrequencyHopping,tabular,201,PPM-3,65,0.22652087893145026,-0.8272884532704982,2.857769533619256,2.247203948907236,0.3814144840468546,8.268941087408166e-13,249,8.859069033917422e-11,203
FrequencyHopping,tabular,201,PPM-3,70,0.23790231443307402,-0.8819244071940258,2.8707662601247117,2.253863042387756,0.38112790601482227,8.102407633714392e-13,249,8.65068017219528e-11,203
FrequencyHopping,tabular,201,PPM-3,75,0.2480321519969582,-0.9354440347308808,2.8795973744299586,2.2579439082299477,0.38082713037507254,8.801848139228241e-13,248,8.426681574746908e-11,203
FrequencyHopping,tabular,201,PPM-3,80,0.2568434883760545,-0.987725314635512,2.8841430133005233,2.259062575480411,0.3805131805263374,8.593126210598712e-13,248,8.187228672795754e-11,203
FrequencyHopping,tabular,201,PPM-3,85,0.26427618361021227,-1.0386465683036648,2.884292401285957,2.256906136987978,0.38018720086491586,8.36664071357518e-13,248,8.8138163434337e-11,202
FrequencyHopping,tabular,201,PPM-3,90,0.27027774761610157,-1.0880869163724605,2.8799452548356523,2.2512299628396124,0.3798503556583859,8.126832540256146e-13,248,8.514033922324415e-11,202
FrequencyHopping,tabular,201,PPM-3,95,0.27480424633860073,-1.1359267593611655,2.8710132057214075,2.241859623456552,0.3795037036413915,8.746336987996983e-13,247,8.197975631674126e-11,202
FrequencyHopping,tabular,201,PPM-3,100,0.277821205897304,-1.182048279442622,2.857421219730921,2.228699517482843,0.37914805395226064,8.446576771348191e-13,247,8.740430601505977e-11,201
FrequencyHopping,tabular,202,QP+G,0,0.05330557319376831,-0.46251736477109,2.46086839513319,1.9170372960380324,0.3695889100770008,8.93507490218326e-13,248,8.574052579035651e-11,203
FrequencyHopping,tabular,202,QP+G,5,0.06890239413568036,-0.4689531069616465,2.438127146824814,1.889004625625029,0.3654335859097284,8.801848139228241e-13,248,8.422995634305153e-11,203
FrequencyHopping,tabular,202,QP+G,10,0.08353568056766592,-0.48976477491527465,2.4273200812607185,1.8643957929638935,0.36130512663034686,8.664180484174722e-13,248,8.259681827382792e-11,203
FrequencyHopping,tabular,202,QP+G,15,0.09716461101446926,-0.5164636044207552,2.420021450184614,1.8422487587043468,0.3572002383028755,8.51096970677645e-13,248,8.982703469939679e-11,202
FrequencyHopping,tabular,202,QP+G,20,0.10975551046216166,-0.5417927062014571,2.409047000005056,1.821604713551156,0.35311641981252684,8.348877145181177e-13,248,8.775202786637237e-11,202
FrequencyHopping,tabular,202,QP+G,25,0.12128210421700274,-0.5657059116785779,2.3944328031307247,1.8015982402924755,0.3490519916226585,8.175682353339653e-13,248,8.555267605458994e-11,202
FrequencyHopping,tabular,202,QP+G,30,0.131725719636623,-0.5881604413837433,2.376227763199153,1.7815123862123805,0.34500609231667567,8.884004643050503e-13,247,8.323541855759231e-11,202
FrequencyHopping,tabular,202,QP+G,35,0.1410754172191269,-0.6091174036058613,2.354493796651808,1.7607873342535045,0.34097864621703616,8.670841822322473e-13,247,8.978506826906596e-11,201
FrequencyHopping,tabular,202,QP+G,40,0.14932803540431885,-0.6301851482502254,2.330948715308221,1.7390005916976055,0.3369703063077199,8.448797217397441e-13,247,8.696998676782641e-11,201
FrequencyHopping,tabular,202,QP+G,45,0.156488137127631,-0.6590288979069128,2.313375236756457,1.715842371188368,0.332982377335546,8.215650382226158e-13,247,8.404765772240808e-11,201
FrequencyHopping,tabular,202,QP+G,50,0.16256785046207103,-0.6861835849460439,2.2924330613117,1.6910991793738352,0.3290167243068163,8.86402062860725e-13,246,8.10274070062178e-11,201
FrequencyHopping,tabular,202,QP+G,55,0.16758660033846262,-0.71161184069208,2.2682159764571326,1.664646916470856,0.3250756716271844,8.588685318500211e-13,246,8.657785599552881e-11,200
FrequencyHopping,tabular,202,QP+G,60,0.17157073307861564,-0.7352826214565161,2.2408294927667587,1.6364495975203996,0.3211618978748444,8.308909116294672e-13,246,8.304246179591246e-11,200
FrequencyHopping,tabular,202,QP+G,65,0.17455304003619004,-0.7571714776164863,2.210390040362995,1.606560161427926,0.3172783306922985,8.908429549592256e-13,245,8.82658390821689e-11,199
FrequencyHopping,tabular,202,QP+G,70,0.17657219076040281,-0.7772607456447739,2.177024031292702,1.575121824327952,0.313428045589935,8.57980353430321e-13,245,8.420730779334917e-11,199
FrequencyHopping,tabular,202,QP+G,75,0.17767208956057165,-0.795539661087417,2.1408668128169843,1.5423695077598392,0.309614171646588,8.246736626915663e-13,245,8.901834824825983e-11,198
FrequencyHopping,tabular,202,QP+G,80,0.17790117199080113,-0.8120043927340811,2.102061539220802,1.5086304586579264,0.3058398062430227,8.786305016883489e-13,244,8.446687793650653e-11,198
FrequencyHopping,tabular,202,QP+G,85,0.17731165949391053,-0.8266580002711288,2.0607579909359033,1.4743216359263789,0.3021079401439275,8.406608742461685e-13,244,8.882661273190706e-11,197
FrequencyHopping,tabular,202,QP+G,90,0.1759587912100047,-0.8395103194999963,2.0171113696513383,1.4399394190257992,0.29842139351087316,8.910649995641506e-13,243,8.387690542122073e-11,197
FrequencyHopping,tabular,202,QP+G,95,0.17390005180120482,-0.8505777807002922,1.9712810967805798,1.4060358084618476,0.2947827628244228,8.482103908136196e-13,243,8.783562766012665e-11,196
FrequencyHopping,tabular,202,QP+G,100,0.17119441315992148,-0.8608536747930549,1.9244001481322563,1.3731764178449009,0.2911943782404656,8.943956686380261e-13,242,8.266953788194087e-11,196
FrequencyHopping,tabular,202,noG,0,0.05330557319376831,-0.46251736477109,2.46086839513319,1.9170372960380324,0.3695889100770008,8.93507490218326e-13,248,8.574052579035651e-11,203
FrequencyHopping,tabular,202,noG,5,0.07058228136141088,-0.4730108384124902,2.458703819201895,1.9081264927696515,0.36813158581883226,8.877343304902752e-13,248,8.50768344662356e-11,203
FrequencyHopping,tabular,202,noG,10,0.08738110862942763,-0.4984745412139005,2.4690202275224657,1.9034997272853649,0.366679286976958,8.810729923425242e-13,248,8.428879816335666e-11,203
FrequencyHopping,tabular,202,noG,15,0.1036181640168565,-0.5304856126917834,2.483371482893383,1.9021997991077364,0.365234667865634,8.730793865652231e-13,248,8.33746405248803e-11,203
FrequencyHopping,tabular,202,noG,20,0.11921313173911811,-0.5617487170174797,2.49444230989212,1.9031515655551852,0.363800175997125,8.641976023682219e-13,248,8.233302928317698e-11,203
FrequencyHopping,tabular,202,noG,25,0.13408957321505746,-0.5922019331624954,2.502154692248538,1.90531099727021,0.3623780857473981,8.539835505416704e-13,248,8.1163076259827e-11,203
FrequencyHopping,tabular,202,noG,30,0.1481752409230276,-0.6217834392420166,2.5064350947566902,1.9077736798271578,0.3609705284175112,8.428813202954188e-13,248,8.873790591223951e-11,202
FrequencyHopping,tabular,202,noG,35,0.16140240878287132,-0.6504315688283631,2.5072150823192416,1.9098038741461725,0.3595795158192155,8.302247778146921e-13,248,8.715095312084031e-11,202
FrequencyHopping,tabular,202,noG,40,0.17370822181414614,-0.6812317976710601,2.507578887847124,1.910810499451968,0.35820695501173555,8.171241461241152e-13,248,8.542033747005462e-11,202
FrequencyHopping,tabular,202,noG,45,0.1850350656102785,-0.7198581862739483,2.51320544615038,1.9103114198351079,0.3568546525241696,8.912870441690757e-13,247,8.354650304909228e-11,202
FrequencyHopping,tabular,202,noG,50,0.1953309537637227,-0.7574608346349296,2.515256440209554,1.9079094116146118,0.35552430727368484,8.735234757750732e-13,247,8.153078212558285e-11,202
FrequencyHopping,tabular,202,noG,55,0.20454992888106288,-0.7939601086456918,2.5136711078390963,1.9032829266987696,0.35421749237608297,8.548717289613705e-13,247,8.819434071938304e-11,201
FrequencyHopping,tabular,202,noG,60,0.21265247035122276,-0.82927676667081,2.5083969243915973,1.8961854615026987,0.35293562707105186,8.346656699131927e-13,247,8.564704501168308e-11,201
FrequencyHopping,tabular,202,noG,65,0.21960589969240027,-0.8633322536270588,2.499390414726802,1.8864476731057522,0.35167994096863214,8.131273432354647e-13,247,8.29505353294735e-11,201
FrequencyHopping,tabular,202,noG,70,0.2253847722240941,-0.8960490269825543,2.486617943905727,1.8739801187720142,0.35045143368082815,8.786305016883489e-13,246,8.901301917774163e-11,200
FrequencyHopping,tabular,202,noG,75,0.22997124210707587,-0.9273509120974857,2.470056468599962,1.8587773924629856,0.34925083354989644,8.519851490973451e-13,246,8.570877341185223e-11,200
FrequencyHopping,tabular,202,noG,80,0.23335538657579483,-0.957163483441243,2.4496942303272817,1.8409255738706758,0.34807855954931993,8.242295734817162e-13,246,8.226619385709455e-11,200
FrequencyHopping,tabular,202,noG,85,0.2355354745496816,-0.9854144674427131,2.425531371478034,1.8206148745130473,0.34693469045967273,8.837375276016246e-13,245,8.744560631157583e-11,199
FrequencyHopping,tabular,202,noG,90,0.2365181648264495,-1.0120341620315139,2.3975804556066826,1.798158595199061,0.3458189450800552,8.504308368628699e-13,245,8.337308621264583e-11,199
FrequencyHopping,tabular,202,noG,95,0.23631861977878785,-1.0369558673720767,2.3658668748040563,1.7740176099261846,0.3447306765297946,8.15791878494565e-13,245,8.802403250740554e-11,198
FrequencyHopping,tabular,202,noG,100,0.23496052190968666,-1.0601163219083563,2.3304291291601578,1.74882517867121,0.3436688826640304,8.664180484174722e-13,244,8.337486256948523e-11,198
FrequencyHopping,tabular,202,GDA,0,0.05330557319376831,-0.46251736477109,2.46086839513319,1.9170372960380324,0.3695889100770008,8.93507490218326e-13,248,8.574052579035651e-11,203
FrequencyHopping,tabular,202,GDA,5,0.07058228136141088,-0.4730108384124902,2.458703819201895,1.9081264927696515,0.36813158581883226,8.877343304902752e-13,248,8.50768344662356e-11,203
FrequencyHopping,tabular,202,GDA,10,0.08738110862942763,-0.4984745412139005,2.4690202275224657,1.9034997272853649,0.366679286976958,8.810729923425242e-13,248,8.428879816335666e-11,203
FrequencyHopping,tabular,202,GDA,15,0.1036181640168565,-0.5304856126917834,2.483371482893383,1.9021997991077364,0.365234667865634,8.730793865652231e-13,248,8.33746405248803e-11,203
FrequencyHopping,tabular,202,GDA,20,0.11921313173911811,-0.5617487170174797,2.49444230989212,1.9031515655551852,0.363800175997125,8.641976023682219e-13,248,8.233302928317698e-11,203
FrequencyHopping,tabular,202,GDA,25,0.13408957321505746,-0.5922019331624954,2.502154692248538,1.90531099727021,0.3623780857473981,8.539835505416704e-13,248,8.1163076259827e-11,203
FrequencyHopping,tabular,202,GDA,30,0.1481752409230276,-0.6217834392420166,2.5064350947566902,1.9077736798271578,0.3609705284175112,8.428813202954188e-13,248,8.873790591223951e-11,202
FrequencyHopping,tabular,202,GDA,35,0.16140240878287132,-0.6504315688283631,2.5072150823192416,1.9098038741461725,0.3595795158192155,8.302247778146921e-13,248,8.715095312084031e-11,202
FrequencyHopping,tabular,202,GDA,40,0.17370822181414614,-0.6812317976710601,2.507578887847124,1.910810499451968,0.35820695501173555,8.171241461241152e-13,248,8.542033747005462e-11,202
FrequencyHopping,tabular,202,GDA,45,0.1850350656102785,-0.7198581862739483,2.51320544615038,1.9103114198351079,0.3568546525241696,8.912870441690757e-13,247,8.354650304909228e-11,202
FrequencyHopping,tabular,202,GDA,50,0.1953309537637227,-0.7574608346349296,2.515256440209554,1.9079094116146118,0.35552430727368484,8.735234757750732e-13,247,8.153078212558285e-11,202
FrequencyHopping,tabular,202,GDA,55,0.20454992888106288,-0.7939601086456918,2.5136711078390963,1.9032829266987696,0.35421749237608297,8.548717289613705e-13,247,8.819434071938304e-11,201
FrequencyHopping,tabular,202,GDA,60,0.21265247035122276,-0.82927676667081,2.5083969243915973,1.8961854615026987,0.35293562707105186,8.346656699131927e-13,247,8.564704501168308e-11,201
FrequencyHopping,tabular,202,GDA,65,0.21960589969240027,-0.8633322536270588,2.499390414726802,1.8864476731057522,0.35167994096863214,8.131273432354647e-13,247,8.29505353294735e-11,201
FrequencyHopping,tabular,202,GDA,70,0.2253847722240941,-0.8960490269825543,2.486617943905727,1.8739801187720142,0.35045143368082815,8.786305016883489e-13,246,8.901301917774163e-11,200
FrequencyHopping,tabular,202,GDA,75,0.22997124210707587,-0.9273509120974857,2.470056468599962,1.8587773924629856,0.34925083354989644,8.519851490973451e-13,246,8.570877341185223e-11,200
FrequencyHopping,tabular,202,GDA,80,0.23335538657579483,-0.957163483441243,2.4496942303272817,1.8409255738706758,0.34807855954931993,8.242295734817162e-13,246,8.226619385709455e-11,200
FrequencyHopping,tabular,202,GDA,85,0.2355354745496816,-0.9854144674427131,2.425531371478034,1.8206148745130473,0.34693469045967273,8.837375276016246e-13,245,8.744560631157583e-11,199
FrequencyHopping,tabular,202,GDA,90,0.2365181648264495,-1.0120341620315139,2.3975804556066826,1.798158595199061,0.3458189450800552,8.504308368628699e-13,245,8.337308621264583e-11,199
FrequencyHopping,tabular,202,GDA,95,0.23631861977878785,-1.0369558673720767,2.3658668748040563,1.7740176099261846,0.3447306765297946,8.15791878494565e-13,245,8.802403250740554e-11,198
FrequencyHopping,tabular,202,GDA,100,0.23496052190968666,-1.0601163219083563,2.3304291291601578,1.74882517867121,0.3436688826640304,8.664180484174722e-13,244,8.337486256948523e-11,198
FrequencyHopping,tabular,202,Adam-GDA,0,0.05330557319376831,-0.46251736477109,2.46086839513319,1.9170372960380324,0.3695889100770008,8.93507490218326e-13,248,8.574052579035651e-11,203
FrequencyHopping,tabular,202,Adam-GDA,5,0.17054867016083242,-0.9864297676511985,2.5381062128602587,1.9439889807856439,0.36147642380171324,8.733014311701481e-13,246,8.985678867645674e-11,200
FrequencyHopping,tabular,202,Adam-GDA,10,0.1353701943581649,-1.4071177730501927,2.7134104104644208,2.1478876748943825,0.41512730651801844,8.664180484174722e-13,245,8.748890500953621e-11,199
FrequencyHopping,tabular,202,Adam-GDA,15,-0.014215190073594815,-1.7626319421585428,3.2850038099406302,2.695623851807027,0.4837922731176503,8.744116541947733e-13,247,8.391309869182351e-11,202
FrequencyHopping,tabular,202,Adam-GDA,20,-0.1585432370695585,-1.937451395274626,3.576369510176547,3.0143252773712406,0.5333580944146907,8.624212455288216e-13,248,8.376055404824001e-11,203
FrequencyHopping,tabular,202,Adam-GDA,25,-0.2161532297771774,-2.035243482016791,3.8403930523738126,3.318126073516095,0.6110759585975994,8.106848525812893e-13,249,8.779466043051798e-11,203
FrequencyHopping,tabular,202,Adam-GDA,30,-0.19323650453293217,-2.108053140741622,4.182801510098445,3.692779599995736,0.6979380302703981,8.562039965909207e-13,249,8.887468538887333e-11,204
FrequencyHopping,tabular,202,Adam-GDA,35,-0.123481131012499,-2.5355100611859416,4.811166406155236,4.324343152290936,0.7453657699102932,8.211209490127658e-13,251,8.305534038299811e-11,206
FrequencyHopping,tabular,202,Adam-GDA,40,-0.02635533899121592,-3.132389162387284,5.482896938331756,4.999321229079575,0.7549503630934845,8.273381979506667e-13,253,8.574696508389934e-11,208
FrequencyHopping,tabular,202,Adam-GDA,45,0.04184167813370645,-3.4762261107553134,6.043024090662559,5.541633478958702,0.775376616838459,8.286704655802168e-13,254,8.6834983648032e-11,209
FrequencyHopping,tabular,202,Adam-GDA,50,-0.003926242217693596,-3.514426451229704,6.321179140087487,5.815156092300887,0.8626188848176525,8.397726958264684e-13,254,8.815081997681773e-11,209
FrequencyHopping,tabular,202,Adam-GDA,55,-0.14772632631979474,-3.1610523288982466,6.124552097204295,5.635872523907924,0.9677141109198321,8.322231792590173e-13,253,8.704859055796987e-11,208
FrequencyHopping,tabular,202,Adam-GDA,60,-0.2439655165879051,-2.7305944450611492,5.756766825290434,5.305022780547805,1.0076148638845517,8.806289031326742e-13,252,8.595213429885007e-11,208
FrequencyHopping,tabular,202,Adam-GDA,65,-0.15407170130659578,-3.0662120596795557,6.31319779242042,5.858381508608,0.991719526012036,8.775202786637237e-13,253,8.501688242290584e-11,209
FrequencyHopping,tabular,202,Adam-GDA,70,0.1581409316373842,-3.6080356747340643,7.077360229803775,6.621873249693208,0.952731435689434,8.606448886894214e-13,254,8.205969237451427e-11,210
FrequencyHopping,tabular,202,Adam-GDA,75,0.594181889121721,-4.054142017289473,7.747680750962547,7.305508714802741,0.8931727383370699,8.695266728864226e-13,255,8.428724385112218e-11,211
FrequencyHopping,tabular,202,Adam-GDA,80,0.969079969305415,-5.0913020564394005,8.899785736647832,8.428773047587459,0.8421883151027106,8.846257060213247e-13,257,8.64934790456573e-11,213
FrequencyHopping,tabular,202,Adam-GDA,85,1.1407827320094517,-5.952010459473224,9.728519248169551,9.269901029085432,0.8476082982273397,8.375522497772181e-13,259,8.276490603975617e-11,215
FrequencyHopping,tabular,202,Adam-GDA,90,1.0659616332522768,-6.564230999287983,10.290840326264115,9.835578635122028,0.8992587190585847,8.313350008393172e-13,260,8.265299555887395e-11,216
FrequencyHopping,tabular,202,Adam-GDA,95,0.7536305294185497,-6.907399067903242,10.609207024174523,10.152491980212865,0.9669750558771623,8.748557434046234e-13,260,8.7237772561366e-11,216
FrequencyHopping,tabular,202,Adam-GDA,100,0.2448411949567232,-6.967790693085044,10.645333188256636,10.181385013196987,1.0197260871844405,8.810729923425242e-13,260,8.802913953331881e-11,216
FrequencyHopping,tabular,202,EGM,0,0.05330557319376831,-0.46251736477109,2.46086839513319,1.9170372960380324,0.3695889100770008,8.93507490218326e-13,248,8.574052579035651e-11,203
FrequencyHopping,tabular,202,EGM,5,0.07053135097708074,-0.47288864913328116,2.4580840592136632,1.907549937537388,0.3680504648707524,8.872902412804251e-13,248,8.505152138127414e-11,203
FrequencyHopping,tabular,202,EGM,10,0.0872635378949436,-0.4982114487595974,2.467759646699901,1.9023151807896768,0.36651724664544405,8.806289031326742e-13,248,8.42377279042239e-11,203
FrequencyHopping,tabular,202,EGM,15,0.10341927193119857,-0.53006082296407,2.4814490636480695,1.900375126668992,0.36499168270951504,8.728573419602981e-13,248,8.329781309157624e-11,203
FrequencyHopping,tabular,202,EGM,20,0.11891938799689272,-0.5611422919301544,2.4918402341725896,1.9006577984120283,0.36347600796872503,8.633094239485217e-13,248,8.223044467570162e-11,203
FrequencyHopping,tabular,202,EGM,25,0.13368872070932714,-0.5913941015880361,2.498857878825123,1.902124175752056,0.3619723015258425,8.528733275170453e-13,248,8.103517856739018e-11,203
FrequencyHopping,tabular,202,EGM,30,0.1476564202010917,-0.6207546484008202,2.5024314797030756,1.9038748795428417,0.3604825188610475,8.415490526658687e-13,248,8.856804178947186e-11,202
FrequencyHopping,tabular,202,EGM,35,0.1607562848361936,-0.6491625505858042,2.502495912902823,1.9051786674161346,0.359008516785301,8.288925101851419e-13,248,8.695399955627181e-11,202
FrequencyHopping,tabular,202,EGM,40,0.17292711266984476,-0.6796545319588982,2.502089907066022,1.9054487113193477,0.35755206890795627,8.151257446797899e-13,248,8.519718264210496e-11,202
FrequencyHopping,tabular,202,EGM,45,0.18411307121001386,-0.7179697325648272,2.5069609331834344,1.9042073528958539,0.3561148701057695,8.890665981198254e-13,247,8.329803513618117e-11,202
FrequencyHopping,tabular,202,EGM,50,0.19426408261839398,-0.7552367925166237,2.508252861560269,1.9010623621308747,0.35469852937827756,8.713030297258229e-13,247,8.125833339533983e-11,202
FrequencyHopping,tabular,202,EGM,55,0.20333621903253357,-0.7913767335974091,2.5059093985306866,1.8956977864411453,0.3533045514641173,8.522071937022702e-13,247,8.786704697172354e-11,201
FrequencyHopping,tabular,202,EGM,60,0.21129210031336565,-0.8263111481399794,2.4998827992560466,1.8878733100969507,0.35193430860174074,8.320011346540923e-13,247,8.529621453590153e-11,201
FrequencyHopping,tabular,202,EGM,65,0.21810128434080175,-0.8599625089525167,2.4901346561830966,1.8774263677078686,0.3505890047658421,8.102407633714392e-13,247,8.257905470543392e-11,201
FrequencyHopping,tabular,202,EGM,70,0.22374063811136125,-0.8922545092551264,2.4766366573300247,1.8642749285124658,0.3492696355148647,8.752998326144734e-13,246,8.858069833195259e-11,200
FrequencyHopping,tabular,202,EGM,75,0.22819467644723665,-0.9231124295066744,2.4593712963049255,1.8484217130590506,0.3479769471665674,8.484324354185446e-13,246,8.525979922069382e-11,200
FrequencyHopping,tabular,202,EGM,80,0.2314558542055688,-0.9524635271585647,2.438332515446695,1.8299617083502258,0.34671139931091427,8.206768598029157e-13,246,8.180478516806033e-11,200
FrequencyHopping,tabular,202,EGM,85,0.23352479756218203,-0.9802374446558357,2.4135262637248136,1.8090947690285848,0.34547313462512924,8.79740724712974e-13,245,8.6923801490002e-11,199
FrequencyHopping,tabular,202,EGM,90,0.23441046029374485,-1.0063666303857928,2.3849709519482496,1.786144231586447,0.3442619595542243,8.459899447643693e-13,245,8.284795072199813e-11,199
FrequencyHopping,tabular,202,EGM,95,0.2341301920244993,-1.030786766811966,2.352697789565024,1.7615804154649237,0.3430773386736972,8.113509863960644e-13,245,8.744382995473643e-11,198
FrequencyHopping,tabular,202,EGM,100,0.23270970713191785,-1.053437199751835,2.3167509898793863,1.7360433018562835,0.3419184045066212,8.615330671091215e-13,244,8.28050961132476e-11,198
FrequencyHopping,tabular,202,PPM-3,0,0.05330557319376831,-0.46251736477109,2.46086839513319,1.9170372960380324,0.3695889100770008,8.93507490218326e-13,248,8.574052579035651e-11,203
FrequencyHopping,tabular,202,PPM-3,5,0.07053060527248005,-0.4728875494718663,2.4580833401229185,1.9075497259826162,0.3680505864978294,8.877343304902752e-13,248,8.505129933666922e-11,203
FrequencyHopping,tabular,202,PPM-3,10,0.08726211133397296,-0.4982078386642925,2.4677570956544868,1.9023144399893037,0.36651747462808515,8.806289031326742e-13,248,8.423817199343375e-11,203
FrequencyHopping,tabular,202,PPM-3,15,0.1034172390700563,-0.530055455305152,2.4814457496463196,1.900373711629635,0.36499200240663704,8.72635297355373e-13,248,8.329803513618117e-11,203
FrequencyHopping,tabular,202,PPM-3,20,0.11891683286465972,-0.5611352070426611,2.491836531617769,1.9006557320850987,0.36347640560099653,8.633094239485217e-13,248,8.223066672030654e-11,203
FrequencyHopping,tabular,202,PPM-3,25,0.13368573661157057,-0.591385347730359,2.4988541873721903,1.9021216182804639,0.36197276436080483,8.530953721219703e-13,248,8.10354006119951e-11,203
FrequencyHopping,tabular,202,PPM-3,30,0.14765310952213212,-0.6207442830485314,2.5024282245621055,1.903872092525806,0.3604830353530815,8.413270080609436e-13,248,8.856848587868171e-11,202
FrequencyHopping,tabular,202,PPM-3,35,0.16075275879364181,-0.6491506418209838,2.502493544816203,1.905175988776628,0.3590090766738275,8.288925101851419e-13,248,8.695444364548166e-11,202
FrequencyHopping,tabular,202,PPM-3,40,0.17292349097108742,-0.679636830717524,2.502084572684095,1.9054465417429345,0.3575526632791964,8.151257446797899e-13,248,8.519762673131481e-11,202
FrequencyHopping,tabular,202,PPM-3,45,0.18410948155912993,-0.7179500856074272,2.5069568856733535,1.9042061469721494,0.3561154914246903,8.890665981198254e-13,247,8.32991453592058e-11,202
FrequencyHopping,tabular,202,PPM-3,50,0.1942606600237551,-0.7552153102458287,2.508250625551439,1.9010626181340933,0.3546991714979589,8.713030297258229e-13,247,8.125944361836446e-11,202
FrequencyHopping,tabular,202,PPM-3,55,0.20333310487018524,-0.791353545893486,2.5059095225600756,1.8957000327664928,0.3533052096196181,8.522071937022702e-13,247,8.786837923935309e-11,201
FrequencyHopping,tabular,202,PPM-3,60,0.21128944110920944,-0.8262864057201766,2.499885853226501,1.8878780889553726,0.35193497939466717,8.322231792590173e-13,247,8.5297768848136e-11,201
FrequencyHopping,tabular,202,PPM-3,65,0.2180992302454301,-0.8599363845631496,2.490141228167964,1.8774342166111122,0.3505896861442471,8.104628079763643e-13,247,8.25814971960881e-11,201
FrequencyHopping,tabular,202,PPM-3,70,0.22373934105489238,-0.892227198647286,2.4766473497183235,1.864286358537556,0.3492703267510512,8.750777880095484e-13,246,8.858314082260677e-11,200
FrequencyHopping,tabular,202,PPM-3,75,0.22819428797714858,-0.9230841521483921,2.459386721303124,1.8484371811125873,0.34797764883297205,8.484324354185446e-13,246,8.526290784516277e-11,200
FrequencyHopping,tabular,202,PPM-3,80,0.23145652302774775,-0.9524345266396939,2.438353289976888,1.8299815790820904,0.3467121132518054,8.208989044078407e-13,246,8.180811583713421e-11,200
FrequencyHopping,tabular,202,PPM-3,85,0.23352666682338838,-0.980207988746817,2.4135530037834587,1.809119260793907,0.3454738639196498,8.79518680108049e-13,245,8.692824238210051e-11,199
FrequencyHopping,tabular,202,PPM-3,90,0.23441366466153324,-1.0063370107178746,2.385004266513672,1.7861733406297848,0.34426270846464174,8.462119893692943e-13,245,8.285261365870156e-11,199
FrequencyHopping,tabular,202,PPM-3,95,0.23413485463729447,-1.030757298154193,2.352738274164267,1.7616138156738548,0.343078112571851,8.113509863960644e-13,245,8.744960311446448e-11,198
FrequencyHopping,tabular,202,PPM-3,100,0.23271593650643713,-1.053408218869087,2.3167992199444116,1.7360802290811406,0.341919209771751,8.615330671091215e-13,244,8.281109131758058e-11,198
FrequencyHopping,tabular,203,QP+G,0,0.041799067859901534,-0.3940315334167948,2.7091893281589488,2.1730336365287126,0.3956158403469575,8.553158181712206e-13,250,8.448841626318426e-11,205
FrequencyHopping,tabular,203,QP+G,5,0.043886002731329664,-0.3920366602762914,2.6883871205935126,2.1510554657616137,0.39281900041489454,8.486544800234697e-13,250,8.368172821349162e-11,205
FrequencyHopping,tabular,203,QP+G,10,0.0433747265089479,-0.38844921967683677,2.6665087801330736,2.1293112737673923,0.3900286696919341,8.419931418757187e-13,250,8.290212960559984e-11,205
FrequencyHopping,tabular,203,QP+G,15,0.042885307107139545,-0.3849025962718659,2.644746713249953,2.1077687730839965,0.3872476281005976,8.348877145181177e-13,250,8.212541757757208e-11,205
FrequencyHopping,tabular,203,QP+G,20,0.04246617991749313,-0.3814272813650439,2.623121503089922,2.0864239654088386,0.3844759357391827,8.286704655802168e-13,250,8.135181417401327e-11,205
FrequencyHopping,tabular,203,QP+G,25,0.04211579431027028,-0.3780225376168841,2.6016317952084984,2.065272670464128,0.38171364703062244,8.215650382226158e-13,250,8.953415786550067e-11,204
FrequencyHopping,tabular,203,QP+G,30,0.041831438634457,-0.37468688023239244,2.580275654329154,2.044310752724566,0.378960817716532,8.149037000748649e-13,250,8.868084044877378e-11,204
FrequencyHopping,tabular,203,QP+G,35,0.04161021198858654,-0.37141868361013286,2.5590509970755884,2.0235341418906705,0.3762175051037256,8.979483823168266e-13,249,8.783063165651583e-11,204
FrequencyHopping,tabular,203,QP+G,40,0.041449067693187513,-0.36827512227258347,2.5380145403997187,2.002938847338957,0.3734837686732251,8.903988657493755e-13,249,8.698375353333176e-11,204
FrequencyHopping,tabular,203,QP+G,45,0.0413448376509151,-0.3654843134317234,2.5173939555862566,1.9825209721661134,0.370759670681672,8.832934383917745e-13,249,8.61395399454068e-11,204
FrequencyHopping,tabular,203,QP+G,50,0.04129425529295801,-0.36275451725951663,2.4968970801788997,1.9622767267770715,0.36804527673553705,8.757439218243235e-13,249,8.529887907116063e-11,204
FrequencyHopping,tabular,203,QP+G,55,0.041293977784083016,-0.3600835735920507,2.4765213662280234,1.9422024418260977,0.36534065633270363,8.686384944667225e-13,249,8.446088273217356e-11,204
FrequencyHopping,tabular,203,QP+G,60,0.04134060694600322,-0.3574692385363606,2.456264228323933,1.9222945803093856,0.36264588337046233,8.610889778992714e-13,249,8.362599501765544e-11,204
FrequencyHopping,tabular,203,QP+G,65,0.04143070972703165,-0.35490919916141184,2.4361230691990365,1.9025497486446552,0.3599610366108877,8.535394613318203e-13,249,8.27944379722112e-11,204
FrequencyHopping,tabular,203,QP+G,70,0.04156083746140281,-0.35240108776870194,2.416095304442583,1.8829647065646014,0.35728620010303164,8.468781231840694e-13,249,8.196532341742113e-11,204
FrequencyHopping,tabular,203,QP+G,75,0.04172754448476736,-0.3499424961444138,2.3961783863972883,1.8635363757063592,0.35462146355313034,8.393286066166183e-13,249,8.113998362091479e-11,204
FrequencyHopping,tabular,203,QP+G,80,0.04192740587044991,-0.3475309895756212,2.3763698269209623,1.844261846789994,0.35196692263849644,8.317790900491673e-13,249,8.924128103160456e-11,203
FrequencyHopping,tabular,203,QP+G,85,0.04215703420399614,-0.34516412052755674,2.356667218786315,1.8251383853149206,0.3493226792605277,8.251177519014163e-13,249,8.8330676106807e-11,203
FrequencyHopping,tabular,203,QP+G,90,0.04241309543078539,-0.34283944197043936,2.337068255556413,1.8061634357390721,0.3466888417314816,8.177902799388903e-13,249,8.742362389568825e-11,203
FrequencyHopping,tabular,203,QP+G,95,0.04269232360860847,-0.3405545201831037,2.3175707497044757,1.7873346241300712,0.34406552489230097,8.104628079763643e-13,249,8.65201243982483e-11,203
FrequencyHopping,tabular,203,QP+G,100,0.04299153467398406,-0.33830694707987513,2.2981726488811702,1.768649759316531,0.34145285015653115,8.926193117986259e-13,248,8.56197335252773e-11,203
FrequencyHopping,tabular,203,noG,0,0.041799067859901534,-0.3940315334167948,2.7091893281589488,2.1730336365287126,0.3956158403469575,8.553158181712206e-13,250,8.448841626318426e-11,205
FrequencyHopping,tabular,203,noG,5,0.044635935100285566,-0.3957972606592972,2.710461248033993,2.172991464148706,0.3956180752596496,8.553158181712206e-13,250,8.446221499980311e-11,205
FrequencyHopping,tabular,203,noG,10,0.04469228442081456,-0.39583221610528424,2.7104857138342426,2.172991379699174,0.3956180966819895,8.553158181712206e-13,250,8.446154886598833e-11,205
FrequencyHopping,tabular,203,noG,15,0.044693407082252765,-0.3958329124848319,2.710486200955736,2.172991378316207,0.39561809709967777,8.553158181712206e-13,250,8.446132682138341e-11,205
FrequencyHopping,tabular,203,noG,20,0.04469342944350588,-0.3958329263553531,2.7104862106581313,2.1729913782888213,0.395618097107994,8.553158181712206e-13,250,8.446154886598833e-11,205
FrequencyHopping,tabular,203,noG,25,0.044693429890958536,-0.39583292663290437,2.7104862108522783,2.1729913782882515,0.3956180971081607,8.553158181712206e-13,250,8.446110477677848e-11,205
FrequencyHopping,tabular,203,noG,30,0.044693429898895375,-0.39583292663782743,2.7104862108557217,2.1729913782882604,0.39561809710816326,8.557599073810707e-13,250,8.446154886598833e-11,205
FrequencyHopping,tabular,203,noG,35,0.044693429898895375,-0.39583292663782743,2.7104862108557217,2.1729913782882604,0.39561809710816326,8.557599073810707e-13,250,8.446154886598833e-11,205
FrequencyHopping,tabular,203,noG,40,0.044693429898895375,-0.39583292663782743,2.7104862108557217,2.1729913782882604,0.39561809710816326,8.557599073810707e-13,250,8.446154886598833e-11,205
FrequencyHopping,tabular,203,noG,45,0.044693429898895375,-0.39583292663782743,2.7104862108557217,2.1729913782882604,0.39561809710816326,8.557599073810707e-13,250,8.446154886598833e-11,205
FrequencyHopping,tabular,203,noG,50,0.044693429898895375,-0.39583292663782743,2.7104862108557217,2.1729913782882604,0.39561809710816326,8.557599073810707e-13,250,8.446154886598833e-11,205
FrequencyHopping,tabular,203,noG,55,0.044693429898895375,-0.39583292663782743,2.7104862108557217,2.1729913782882604,0.39561809710816326,8.557599073810707e-13,250,8.446154886598833e-11,205
FrequencyHopping,tabular,203,noG,60,0.044693429898895375,-0.39583292663782743,2.7104862108557217,2.1729913782882604,0.39561809710816326,8.557599073810707e-13,250,8.446154886598833e-11,205
FrequencyHopping,tabular,203,noG,65,0.044693429898895375,-0.39583292663782743,2.7104862108557217,2.1729913782882604,0.39561809710816326,8.557599073810707e-13,250,8.446154886598833e-11,205
FrequencyHopping,tabular,203,noG,70,0.044693429898895375,-0.39583292663782743,2.7104862108557217,2.1729913782882604,0.39561809710816326,8.557599073810707e-13,250,8.446154886598833e-11,205
FrequencyHopping,tabular,203,noG,75,0.044693429898895375,-0.39583292663782743,2.7104862108557217,2.1729913782882604,0.39561809710816326,8.557599073810707e-13,250,8.446154886598833e-11,205
FrequencyHopping,tabular,203,noG,80,0.044693429898895375,-0.39583292663782743,2.7104862108557217,2.1729913782882604,0.39561809710816326,8.557599073810707e-13,250,8.446154886598833e-11,205
FrequencyHopping,tabular,203,noG,85,0.044693429898895375,-0.39583292663782743,2.7104862108557217,2.1729913782882604,0.39561809710816326,8.557599073810707e-13,250,8.446154886598833e-11,205
FrequencyHopping,tabular,203,noG,90,0.044693429898895375,-0.39583292663782743,2.7104862108557217,2.1729913782882604,0.39561809710816326,8.557599073810707e-13,250,8.446154886598833e-11,205
FrequencyHopping,tabular,203,noG,95,0.044693429898895375,-0.39583292663782743,2.7104862108557217,2.1729913782882604,0.39561809710816326,8.557599073810707e-13,250,8.446154886598833e-11,205
FrequencyHopping,tabular,203,noG,100,0.044693429898895375,-0.39583292663782743,2.7104862108557217,2.1729913782882604,0.39561809710816326,8.557599073810707e-13,250,8.446154886598833e-11,205
FrequencyHopping,tabular,203,GDA,0,0.041799067859901534,-0.3940315334167948,2.7091893281589488,2.1730336365287126,0.3956158403469575,8.553158181712206e-13,250,8.448841626318426e-11,205
FrequencyHopping,tabular,203,GDA,5,0.0631279144501199,-0.407141924319375,2.717574335084736,2.175368054682852,0.3956755371283482,8.539835505416704e-13,250,8.424683173302583e-11,205
FrequencyHopping,tabular,203,GDA,10,0.08417414945863243,-0.4373181119602818,2.7402233347704965,2.183278879527725,0.3957590153316391,8.504308368628699e-13,250,8.388689742844235e-11,205
FrequencyHopping,tabular,203,GDA,15,0.10483999767671164,-0.48188208560208634,2.7744074073111515,2.196332855877433,0.3958606390462023,8.464340339742193e-13,250,8.340572676956981e-11,205
FrequencyHopping,tabular,203,GDA,20,0.1250282901240659,-0.5312324849637252,2.810474675266127,2.213356929398142,0.39597369398367244,8.415490526658687e-13,250,8.280198748877865e-11,205
FrequencyHopping,tabular,203,GDA,25,0.14464254915736033,-0.5799018125442241,2.842907837437755,2.2326644796265063,0.39609058570312916,8.353318037279678e-13,250,8.207368118462455e-11,205
FrequencyHopping,tabular,203,GDA,30,0.1635871051029722,-0.6278004521337629,2.871568615969297,2.252525379709385,0.3962030903650923,8.277822871605167e-13,250,8.12190315002681e-11,205
FrequencyHopping,tabular,203,GDA,35,0.1817672671907444,-0.6748386097063467,2.8963202451480865,2.271527657912119,0.3963026497861092,8.189005029635155e-13,250,8.915268523423947e-11,204
FrequencyHopping,tabular,203,GDA,40,0.19908957193771887,-0.7209264438358862,2.9170282795897258,2.288678944587375,0.39638069792116,8.988365607365267e-13,249,8.792189198914002e-11,204
FrequencyHopping,tabular,203,GDA,45,0.21546213111030338,-0.7659742325197305,2.9335615767575374,2.303349800395048,0.39642900135613035,8.86846152070575e-13,249,8.655098859833288e-11,204
FrequencyHopping,tabular,203,GDA,50,0.23079509875866128,-0.8098925834875901,2.945793465548136,2.3151866382958364,0.39643999246471545,8.735234757750732e-13,249,8.504663639996579e-11,204
FrequencyHopping,tabular,203,GDA,55,0.24500127243253442,-0.8525926934851635,2.9536031066928126,2.324046553604359,0.3964070711703761,8.588685318500211e-13,249,8.341549673218651e-11,204
FrequencyHopping,tabular,203,GDA,60,0.25799683753550484,-0.8939866598396038,2.9568770429948703,2.3299534031050966,0.3963248503702349,8.428813202954188e-13,249,8.166822773603144e-11,204
FrequencyHopping,tabular,203,GDA,65,0.26970225598117764,-0.9339878449811312,2.955510928184367,2.333055428177688,0.39618932157261416,8.251177519014163e-13,249,8.86863915638969e-11,203
FrequencyHopping,tabular,203,GDA,70,0.28004329116573523,-0.9725112916556358,2.949411412546719,2.3335671117404577,0.39599792154846064,8.957279362675763e-13,248,8.653011640546993e-11,203
FrequencyHopping,tabular,203,GDA,75,0.2889521512119657,-1.0094741835466425,2.9384981518930915,2.331697050782232,0.39574948788853814,8.728573419602981e-13,248,8.428435727125816e-11,203
FrequencyHopping,tabular,203,GDA,80,0.29636872205796194,-1.044796343155259,2.9340165491687813,2.327585513076498,0.39544410099738586,8.553158181712206e-13,248,8.195466527638473e-11,203
FrequencyHopping,tabular,203,GDA,85,0.3022418519559551,-1.0791321117716692,2.9266581612250286,2.3212750454901117,0.39508282150156415,8.357758929378178e-13,248,8.837819365226096e-11,202
FrequencyHopping,tabular,203,GDA,90,0.3065306400713526,-1.1226106691188444,2.9256981484585047,2.3127141749915507,0.39466734412398385,8.149037000748649e-13,248,8.559819519859957e-11,202
FrequencyHopping,tabular,203,GDA,95,0.30920567489271394,-1.1644475444185405,2.92040889853798,2.3017779066996598,0.3941996002500656,8.812950369474493e-13,247,8.271650031588251e-11,202
FrequencyHopping,tabular,203,GDA,100,0.3102501637889581,-1.2045375134750875,2.9107557205682255,2.288294093932606,0.39368134999114635,8.555378627761456e-13,247,8.859069033917422e-11,201
FrequencyHopping,tabular,203,Adam-GDA,0,0.041799067859901534,-0.3940315334167948,2.7091893281589488,2.1730336365287126,0.3956158403469575,8.553158181712206e-13,250,8.448841626318426e-11,205
FrequencyHopping,tabular,203,Adam-GDA,5,0.1903753572871275,-0.8943202990599572,2.8365629142956017,2.213180938729262,0.3576643325212689,8.781864124784988e-13,248,8.389555716803443e-11,203
FrequencyHopping,tabular,203,Adam-GDA,10,0.18384107163146912,-1.3996528362718814,2.7869338709151297,2.1918689153092887,0.3839764341557291,8.637535131583718e-13,245,8.643374904693246e-11,199
FrequencyHopping,tabular,203,Adam-GDA,15,0.03798936875832602,-1.8412813937434767,2.994599252365971,2.414059124968481,0.4578963336631276,8.251177519014163e-13,248,8.782174987231883e-11,202
FrequencyHopping,tabular,203,Adam-GDA,20,-0.16787005619397066,-2.218816724528482,3.626651323341274,3.0756288804829106,0.5401652577180792,8.93507490218326e-13,249,8.822542696407254e-11,204
FrequencyHopping,tabular,203,Adam-GDA,25,-0.3545602655777592,-2.306548775523755,4.112401927371264,3.560574827368936,0.6234507800828573,8.30002733209767e-13,250,8.249179117569838e-11,205
FrequencyHopping,tabular,203,Adam-GDA,30,-0.41822864436950113,-2.314621517281927,4.471341053146764,3.9450017724371587,0.705824305953965,8.384404281969182e-13,250,8.351097591230427e-11,205
FrequencyHopping,tabular,203,Adam-GDA,35,-0.2875226882632045,-2.6385607876321373,4.982552223034651,4.483214410750308,0.7659218130601635,8.659739592076221e-13,251,8.79660788655201e-11,206
FrequencyHopping,tabular,203,Adam-GDA,40,-0.03589810176055556,-2.9221735624050176,5.33841285807425,4.8604505265583935,0.7896540462926842,8.593126210598712e-13,252,8.816902763442158e-11,207
FrequencyHopping,tabular,203,Adam-GDA,45,0.1754722021768389,-2.8997688862831916,5.425656445614057,4.986954904459644,0.8176642907759424,8.459899447643693e-13,252,8.673284312976648e-11,207
FrequencyHopping,tabular,203,Adam-GDA,50,0.2512735029688659,-2.743870606201113,5.522489773834149,5.099862378187241,0.8753185044633971,8.375522497772181e-13,252,8.958256358937433e-11,207
FrequencyHopping,tabular,203,Adam-GDA,55,0.22143477464802264,-3.0123627438384575,5.951886105440696,5.491327490383122,0.931548158343256,8.983924715266767e-13,252,8.592637712467877e-11,208
FrequencyHopping,tabular,203,Adam-GDA,60,0.17362359576017766,-3.2579952691558685,6.228939872073598,5.745987750531684,0.9542292668733083,8.530953721219703e-13,253,8.907985460382406e-11,208
FrequencyHopping,tabular,203,Adam-GDA,65,0.17146066425403056,-3.5003490312626,6.371415735486082,5.902803547369432,0.9481685618043243,8.313350008393172e-13,254,8.784573068965074e-11,209
FrequencyHopping,tabular,203,Adam-GDA,70,0.20271098958110795,-3.900709635008937,6.992691791112174,6.512192641012652,0.9724323940052833,8.428813202954188e-13,255,8.989919919599743e-11,210
FrequencyHopping,tabular,203,Adam-GDA,75,0.19477098094339926,-4.303746450616971,7.795862550707722,7.356451829823079,1.0328181017773723,8.331113576787175e-13,256,8.143263841020598e-11,212
FrequencyHopping,tabular,203,Adam-GDA,80,0.11531402492048769,-5.3824249108668685,9.17976885745134,8.710453075153355,1.0401896446928116,8.455458555545192e-13,258,8.292833086898099e-11,214
FrequencyHopping,tabular,203,Adam-GDA,85,0.0073946552245905215,-6.2470519922545655,10.254623479477202,9.807931121470247,0.9916796028556286,8.828493491819245e-13,259,8.739942103375142e-11,215
FrequencyHopping,tabular,203,Adam-GDA,90,-0.07759098005908587,-6.784654986076517,10.923859675394326,10.475816755456744,0.9590165644472977,8.633094239485217e-13,260,8.57811599530578e-11,216
FrequencyHopping,tabular,203,Adam-GDA,95,-0.15169424077332735,-6.943844432254601,11.084161772213946,10.625885258607582,0.9812957999065028,8.810729923425242e-13,260,8.777512050528458e-11,216
FrequencyHopping,tabular,203,Adam-GDA,100,-0.2711288759221368,-7.035669301011464,11.041376921603735,10.581905953617262,1.051023785707324,8.943956686380261e-13,260,8.917044880263347e-11,216
FrequencyHopping,tabular,203,EGM,0,0.041799067859901534,-0.3940315334167948,2.7091893281589488,2.1730336365287126,0.3956158403469575,8.553158181712206e-13,250,8.448841626318426e-11,205
FrequencyHopping,tabular,203,EGM,5,0.06309628098838536,-0.4070247669388746,2.7169026855020335,2.1747041749342517,0.3955909596836217,8.535394613318203e-13,250,8.422329500490378e-11,205
FrequencyHopping,tabular,203,EGM,10,0.08409244493959653,-0.437051371641673,2.738836824416524,2.1819354005607905,0.39558845153033817,8.504308368628699e-13,250,8.383871374917362e-11,205
FrequencyHopping,tabular,203,EGM,15,0.10469010608207534,-0.48149478742135493,2.772325558298889,2.194281324821243,0.3956022960798756,8.459899447643693e-13,250,8.333334022836425e-11,205
FrequencyHopping,tabular,203,EGM,20,0.12479248833884789,-0.5306639469327431,2.807628765823394,2.2105605563474864,0.3956254155725544,8.402167850363185e-13,250,8.270473195182149e-11,205
FrequencyHopping,tabular,203,EGM,25,0.14430358664733203,-0.5791261463597653,2.839265624241445,2.229086348247297,0.3956498859972637,8.339995360984176e-13,250,8.1950890518101e-11,205
FrequencyHopping,tabular,203,EGM,30,0.1631282991557855,-0.6267919587933523,2.8670999960187387,2.2481336789185224,0.39566720074236983,8.264500195309665e-13,250,8.10709277487831e-11,205
FrequencyHopping,tabular,203,EGM,35,0.181172620993566,-0.6735718476832294,2.8909976372418753,2.266296928294011,0.39566857700066405,8.175682353339653e-13,250,8.895972847255962e-11,204
FrequencyHopping,tabular,203,EGM,40,0.19834392227109493,-0.7193763120441229,2.9108270683722766,2.2825899442126105,0.39564529104817187,8.970602038971265e-13,249,8.770051351802977e-11,204
FrequencyHopping,tabular,203,EGM,45,0.21455133130291498,-0.7641160709026811,2.926460620831861,2.296389728877454,0.39558902405077667,8.850697952311748e-13,249,8.63027427300267e-11,204
FrequencyHopping,tabular,203,EGM,50,0.2297062407193871,-0.8077022934685203,2.9377756680426623,2.3073499079331725,0.3954921963468349,8.708589405159728e-13,249,8.47717451790686e-11,204
FrequencyHopping,tabular,203,EGM,55,0.24372294905570396,-0.8500468796765597,2.9446560428926913,2.3153355603461714,0.39534826581274957,8.562039965909207e-13,249,8.311440424790817e-11,204
FrequencyHopping,tabular,203,EGM,60,0.25651944362777257,-0.8910627933513113,2.9469936352895747,2.3203784405711123,0.39515196554094345,8.393286066166183e-13,249,8.134248830060642e-11,204
FrequencyHopping,tabular,203,EGM,65,0.2680183222218088,-0.9306644474557908,2.9446901538013295,2.3226329030139174,0.39489945814784955,8.220091274324659e-13,249,8.829936781751258e-11,203
FrequencyHopping,tabular,203,EGM,70,0.27814784169690543,-0.9687681378747045,2.9376590245660124,2.32231597463282,0.3945883888811496,8.921752225887758e-13,248,8.611955593096354e-11,203
FrequencyHopping,tabular,203,EGM,75,0.2868430715379431,-1.0052925191877184,2.925827389174676,2.319634761809187,0.3942178272969651,8.690825836765725e-13,248,8.385248051467897e-11,203
FrequencyHopping,tabular,203,EGM,80,0.2940471203365069,-1.040159113141341,2.920930820996614,2.3147255328154204,0.3937880972186211,8.5131901528257e-13,248,8.150258246075737e-11,203
FrequencyHopping,tabular,203,EGM,85,0.29971239384116755,-1.074580265146396,2.9132467029332707,2.3076267922943328,0.3933005061229115,8.317790900491673e-13,248,8.785594474147729e-11,202
FrequencyHopping,tabular,203,EGM,90,0.30380183535811056,-1.117510945853733,2.91136706906688,2.2982849339934175,0.3927569967767141,8.109068971862143e-13,248,8.505818271942189e-11,202
FrequencyHopping,tabular,203,EGM,95,0.3062900936232872,-1.1587728833264013,2.9051760001420686,2.2865758902092645,0.39215975432710853,8.761880110341735e-13,247,8.216183289277978e-11,202
FrequencyHopping,tabular,203,EGM,100,0.30716456044448326,-1.1982630450498952,2.8946464423652962,2.2723322057715363,0.391510809505857,8.506528814677949e-13,247,8.796052775039698e-11,201
FrequencyHopping,tabular,203,PPM-3,0,0.041799067859901534,-0.3940315334167948,2.7091893281589488,2.1730336365287126,0.3956158403469575,8.553158181712206e-13,250,8.448841626318426e-11,205
FrequencyHopping,tabular,203,PPM-3,5,0.06309540993822303,-0.4070240294584986,2.716901637715809,2.1747032486251188,0.39559095287997226,8.535394613318203e-13,250,8.422329500490378e-11,205
FrequencyHopping,tabular,203,PPM-3,10,0.08409073087947994,-0.4370479739973758,2.738833071739913,2.1819331498421257,0.395588417536277,8.504308368628699e-13,250,8.383893579377855e-11,205
FrequencyHopping,tabular,203,PPM-3,15,0.10468758517295954,-0.48148816160171254,2.77231881826891,2.1942774618413594,0.39560221537748486,8.464340339742193e-13,250,8.333334022836425e-11,205
FrequencyHopping,tabular,203,PPM-3,20,0.12478920514783032,-0.5306551863904506,2.807620439590428,2.21055501179032,0.39562527012112814,8.402167850363185e-13,250,8.270473195182149e-11,205
FrequencyHopping,tabular,203,PPM-3,25,0.14429959473514575,-0.579115301545689,2.83925609435019,2.229079293764919,0.39564965982789646,8.339995360984176e-13,250,8.195111256270593e-11,205
FrequencyHopping,tabular,203,PPM-3,30,0.1631236619682731,-0.6267790893614436,2.867089680821521,2.2481254613222466,0.39566688050724796,8.264500195309665e-13,250,8.107114979338803e-11,205
FrequencyHopping,tabular,203,PPM-3,35,0.18116741303394526,-0.673557023491625,2.890986993939765,2.2662879850095816,0.395668152443446,8.180123245438153e-13,250,8.896017256176947e-11,204
FrequencyHopping,tabular,203,PPM-3,40,0.19833823050065164,-0.7193596143364058,2.9108165959144694,2.282580745589395,0.39564475536304694,8.970602038971265e-13,249,8.770051351802977e-11,204
FrequencyHopping,tabular,203,PPM-3,45,0.21454525668593843,-0.7640975936435576,2.926450862472431,2.2963807446217697,0.3955883741030467,8.846257060213247e-13,249,8.630318681923654e-11,204
FrequencyHopping,tabular,203,PPM-3,50,0.2296998997958763,-0.8076821447939472,2.937767213322546,2.307341580705541,0.3954914327376253,8.713030297258229e-13,249,8.47717451790686e-11,204
FrequencyHopping,tabular,203,PPM-3,55,0.2437164753953649,-0.8500251834043042,2.9446495287900705,2.315328277367482,0.39534739278447234,8.562039965909207e-13,249,8.31146262925131e-11,204
FrequencyHopping,tabular,203,PPM-3,60,0.25651298899431896,-0.8910396904851741,2.9469897462673265,2.320372506774146,0.3951509907373503,8.393286066166183e-13,249,8.13431544344212e-11,204
FrequencyHopping,tabular,203,PPM-3,65,0.2680120572610307,-0.9306400976064958,2.944689620479776,2.32262853076923,0.39489839226096995,8.220091274324659e-13,249,8.830025599593228e-11,203
FrequencyHopping,tabular,203,PPM-3,70,0.27814195595864305,-0.968742720513996,2.9376626207661944,2.3223133067603374,0.3945872452343289,8.917311333789257e-13,248,8.612088819859309e-11,203
FrequencyHopping,tabular,203,PPM-3,75,0.28683777265371274,-1.0052662346501928,2.9258359271144423,2.3196339274217856,0.3942166214252257,8.686384944667225e-13,248,8.385403482691345e-11,203
FrequencyHopping,tabular,203,PPM-3,80,0.2940426322028679,-1.0401321832916768,2.920931943014165,2.314726711596443,0.39378684651143114,8.5131901528257e-13,248,8.150458086220169e-11,203
FrequencyHopping,tabular,203,PPM-3,85,0.29970895370431205,-1.0745394712351235,2.9132392586169464,2.307630260560986,0.3932992295874887,8.317790900491673e-13,248,8.785816518752654e-11,202
FrequencyHopping,tabular,203,PPM-3,90,0.30379968975646,-1.1174686006816457,2.9113638628792757,2.2982910857952983,0.39275571496122574,8.109068971862143e-13,248,8.506040316547114e-11,202
FrequencyHopping,tabular,203,PPM-3,95,0.3062894932190411,-1.1587292532979456,2.9051777754802286,2.2865852390661727,0.39215848941354386,8.764100556390986e-13,247,8.216427538343396e-11,202
FrequencyHopping,tabular,203,PPM-3,100,0.3071657538574789,-1.1982184303723953,2.894653951827969,2.2723453670139566,0.3915095855455556,8.506528814677949e-13,247,8.79643025086807e-11,201
FrequencyHopping,tabular,204,QP+G,0,0.02048841451806392,-0.21712544257859162,2.468344528167913,1.9940333374024084,0.3918862518037401,8.202327705930657e-13,250,8.929013084468806e-11,204
FrequencyHopping,tabular,204,QP+G,5,0.04188346905896271,-0.2277857379763128,2.454880053773413,1.9688838066724383,0.3885655082015891,8.109068971862143e-13,250,8.817679919559396e-11,204
FrequencyHopping,tabular,204,QP+G,10,0.049620799951640045,-0.24159668737254558,2.447319563280203,1.951058818944597,0.38556383638886416,8.930634010084759e-13,249,8.718670230223324e-11,204
FrequencyHopping,tabular,204,QP+G,15,0.04973809107225939,-0.24384222789962665,2.4310929256172518,1.933253706770515,0.38277017772408106,8.855138844410249e-13,249,8.63293880826177e-11,204
FrequencyHopping,tabular,204,QP+G,20,0.04984536434779516,-0.24604096189193653,2.4148876218408595,1.9155443806284507,0.3799842728689377,8.779643678735738e-13,249,8.547540453207603e-11,204
FrequencyHopping,tabular,204,QP+G,25,0.04996259484939115,-0.2482321808846673,2.39873491339064,1.8979308702003639,0.3772057867647305,8.704148513061227e-13,249,8.462452960600331e-11,204
FrequencyHopping,tabular,204,QP+G,30,0.050088668194608624,-0.2504150162763616,2.3826348014933965,1.88041145439451,0.37443498998929425,8.633094239485217e-13,249,8.377676330439954e-11,204
FrequencyHopping,tabular,204,QP+G,35,0.05022251000849538,-0.25258860754393586,2.3665873006088747,1.8629845716967652,0.37167215065678083,8.557599073810707e-13,249,8.293188358265979e-11,204
FrequencyHopping,tabular,204,QP+G,40,0.05036311949969319,-0.2547521702954847,2.3505924872241493,1.8456488153831034,0.3689175329621982,8.482103908136196e-13,249,8.209055657459885e-11,204
FrequencyHopping,tabular,204,QP+G,45,0.050509566005502195,-0.2569049932022818,2.3346504938588764,1.8284029253066534,0.3661713968499059,8.411049634560186e-13,249,8.125278228021671e-11,204
FrequencyHopping,tabular,204,QP+G,50,0.050660985681851387,-0.2590464351145834,2.3187615033255775,1.8112457797812493,0.36343399770378865,8.339995360984176e-13,249,8.935274742327692e-11,203
FrequencyHopping,tabular,204,QP+G,55,0.05081657810521516,-0.2611759218849151,2.3029257429002383,1.7941763875882712,0.3607055860666405,8.264500195309665e-13,249,8.842904186678879e-11,203
FrequencyHopping,tabular,204,QP+G,60,0.05097560314684548,-0.26329294362193617,2.287143478934498,1.7771938801840137,0.3579864073754642,8.193445921733655e-13,249,8.750888902397946e-11,203
FrequencyHopping,tabular,204,QP+G,65,0.05113737787773345,-0.26539705188894225,2.2714150115501743,1.760297504113185,0.3552767017201529,8.117950756059145e-13,249,8.659251093945386e-11,203
FrequencyHopping,tabular,204,QP+G,70,0.051301273657712164,-0.26748785716181206,2.2557406696390245,1.7434866136679525,0.35257670361902643,8.93951579428176e-13,248,8.567990761321198e-11,203
FrequencyHopping,tabular,204,QP+G,75,0.05146671339261787,-0.2695650265238031,2.240120806146599,1.7267606638083532,0.3498866418104804,8.859579736508749e-13,248,8.477130108985875e-11,203
FrequencyHopping,tabular,204,QP+G,80,0.05163316887444462,-0.2716586990205623,2.224586211093284,1.7101192033427937,0.3472067390629093,8.779643678735738e-13,248,8.38669134139991e-11,203
FrequencyHopping,tabular,204,QP+G,85,0.051800158341396625,-0.2740895819732206,2.209458205549192,1.6935618683948845,0.3445372119962663,8.701928067011977e-13,248,8.296607845181825e-11,203
FrequencyHopping,tabular,204,QP+G,90,0.05196724414637093,-0.27649309792066207,2.1943727862747107,1.6770883761419848,0.3418782709182835,8.624212455288216e-13,248,8.20696843817359e-11,203
FrequencyHopping,tabular,204,QP+G,95,0.052134030628223346,-0.27886927824575364,2.1793305170060098,1.6606985188400256,0.3392301196700306,8.542055951465954e-13,248,8.117684302533235e-11,203
FrequencyHopping,tabular,204,QP+G,100,0.052300162095516696,-0.28121819690575595,2.1643319598472637,1.6443921581199379,0.3365929554831846,8.462119893692943e-13,248,8.920952865310028e-11,202
FrequencyHopping,tabular,204,noG,0,0.02048841451806392,-0.21712544257859162,2.468344528167913,1.9940333374024084,0.3918862518037401,8.202327705930657e-13,250,8.929013084468806e-11,204
FrequencyHopping,tabular,204,noG,5,0.042689935659797784,-0.22754350838741563,2.472496180319838,1.9865241750417952,0.3913291378188394,8.180123245438153e-13,250,8.90056917057791e-11,204
FrequencyHopping,tabular,204,noG,10,0.04961637125018946,-0.2374218730263774,2.4798331831655203,1.9866245077587685,0.3911487536575517,8.171241461241152e-13,250,8.888978442200823e-11,204
FrequencyHopping,tabular,204,noG,15,0.049630230351152035,-0.237447757362024,2.4798535732800175,1.9866256722937137,0.3911483709698339,8.171241461241152e-13,250,8.888934033279838e-11,204
FrequencyHopping,tabular,204,noG,20,0.04963025068453357,-0.23744779533845006,2.479853603194307,1.98662567400491,0.39114837040829764,8.175682353339653e-13,250,8.888934033279838e-11,204
FrequencyHopping,tabular,204,noG,25,0.049630250712837304,-0.23744779539131294,2.479853603235947,1.9866256740072825,0.391148370407516,8.175682353339653e-13,250,8.888934033279838e-11,204
FrequencyHopping,tabular,204,noG,30,0.049630250712837304,-0.23744779539131294,2.479853603235947,1.9866256740072825,0.391148370407516,8.175682353339653e-13,250,8.888934033279838e-11,204
FrequencyHopping,tabular,204,noG,35,0.049630250712837304,-0.23744779539131294,2.479853603235947,1.9866256740072825,0.391148370407516,8.175682353339653e-13,250,8.888934033279838e-11,204
FrequencyHopping,tabular,204,noG,40,0.049630250712837304,-0.23744779539131294,2.479853603235947,1.9866256740072825,0.391148370407516,8.175682353339653e-13,250,8.888934033279838e-11,204
FrequencyHopping,tabular,204,noG,45,0.049630250712837304,-0.23744779539131294,2.479853603235947,1.9866256740072825,0.391148370407516,8.175682353339653e-13,250,8.888934033279838e-11,204
FrequencyHopping,tabular,204,noG,50,0.049630250712837304,-0.23744779539131294,2.479853603235947,1.9866256740072825,0.391148370407516,8.175682353339653e-13,250,8.888934033279838e-11,204
FrequencyHopping,tabular,204,noG,55,0.049630250712837304,-0.23744779539131294,2.479853603235947,1.9866256740072825,0.391148370407516,8.175682353339653e-13,250,8.888934033279838e-11,204
FrequencyHopping,tabular,204,noG,60,0.049630250712837304,-0.23744779539131294,2.479853603235947,1.9866256740072825,0.391148370407516,8.175682353339653e-13,250,8.888934033279838e-11,204
FrequencyHopping,tabular,204,noG,65,0.049630250712837304,-0.23744779539131294,2.479853603235947,1.9866256740072825,0.391148370407516,8.175682353339653e-13,250,8.888934033279838e-11,204
FrequencyHopping,tabular,204,noG,70,0.049630250712837304,-0.23744779539131294,2.479853603235947,1.9866256740072825,0.391148370407516,8.175682353339653e-13,250,8.888934033279838e-11,204
FrequencyHopping,tabular,204,noG,75,0.049630250712837304,-0.23744779539131294,2.479853603235947,1.9866256740072825,0.391148370407516,8.175682353339653e-13,250,8.888934033279838e-11,204
FrequencyHopping,tabular,204,noG,80,0.049630250712837304,-0.23744779539131294,2.479853603235947,1.9866256740072825,0.391148370407516,8.175682353339653e-13,250,8.888934033279838e-11,204
FrequencyHopping,tabular,204,noG,85,0.049630250712837304,-0.23744779539131294,2.479853603235947,1.9866256740072825,0.391148370407516,8.175682353339653e-13,250,8.888934033279838e-11,204
FrequencyHopping,tabular,204,noG,90,0.049630250712837304,-0.23744779539131294,2.479853603235947,1.9866256740072825,0.391148370407516,8.175682353339653e-13,250,8.888934033279838e-11,204
FrequencyHopping,tabular,204,noG,95,0.049630250712837304,-0.23744779539131294,2.479853603235947,1.9866256740072825,0.391148370407516,8.175682353339653e-13,250,8.888934033279838e-11,204
FrequencyHopping,tabular,204,noG,100,0.049630250712837304,-0.23744779539131294,2.479853603235947,1.9866256740072825,0.391148370407516,8.175682353339653e-13,250,8.888934033279838e-11,204
FrequencyHopping,tabular,204,GDA,0,0.02048841451806392,-0.21712544257859162,2.468344528167913,1.9940333374024084,0.3918862518037401,8.202327705930657e-13,250,8.929013084468806e-11,204
FrequencyHopping,tabular,204,GDA,5,0.042689935659797784,-0.22754350838741563,2.472496180319838,1.9865241750417952,0.3913291378188394,8.180123245438153e-13,250,8.90056917057791e-11,204
FrequencyHopping,tabular,204,GDA,10,0.06468177131752059,-0.26820541736190684,2.504187046227737,1.9904936607974713,0.3907602258170076,8.149037000748649e-13,250,8.859557532048257e-11,204
FrequencyHopping,tabular,204,GDA,15,0.0863525228434455,-0.32201986173968544,2.5462652626822355,2.0033470133632103,0.39017886237568794,8.104628079763643e-13,250,8.805711715353937e-11,204
FrequencyHopping,tabular,204,GDA,20,0.10759088074342427,-0.379492116991292,2.5891768041495116,2.0223490450818127,0.3895842142399812,8.948397578478762e-13,249,8.73876526696904e-11,204
FrequencyHopping,tabular,204,GDA,25,0.1282859142460844,-0.4380655857508141,2.630307567966862,2.045094623289244,0.38897540873581676,8.877343304902752e-13,249,8.658362915525686e-11,204
FrequencyHopping,tabular,204,GDA,30,0.1483274226205218,-0.4963338897157008,2.6681960854509157,2.0696340978627243,0.38835168175728135,8.79296635503124e-13,249,8.564327025339935e-11,204
FrequencyHopping,tabular,204,GDA,35,0.16760636173543436,-0.5541991783009484,2.7026925321814534,2.094448133804995,0.3877125248297372,8.699707620962727e-13,249,8.45641334734637e-11,204
FrequencyHopping,tabular,204,GDA,40,0.1860153572895294,-0.6115618941838832,2.733649280650103,2.1183781626035842,0.3870578215165543,8.588685318500211e-13,249,8.334333223558588e-11,204
FrequencyHopping,tabular,204,GDA,45,0.20344931342023248,-0.66832089843376,2.7609218991104876,2.1405506793520708,0.38638796261204034,8.468781231840694e-13,249,8.197953427213633e-11,204
FrequencyHopping,tabular,204,GDA,50,0.219806121992092,-0.7243736342099836,2.7843702742251857,2.160309138572938,0.38570392934169373,8.339995360984176e-13,249,8.941292151121161e-11,203
FrequencyHopping,tabular,204,GDA,55,0.23498747378419893,-0.7796163321383126,2.8038598560711305,2.17715845196278,0.38500733437305784,8.193445921733655e-13,249,8.75757244500619e-11,203
FrequencyHopping,tabular,204,GDA,60,0.24889976808528638,-0.8339442591756618,2.819263018957672,2.190722754057433,0.3843004120017597,8.923972671937008e-13,248,8.557599073810707e-11,203
FrequencyHopping,tabular,204,GDA,65,0.2614551119643165,-0.8872520113743859,2.8304605256908943,2.20071493872226,0.3835859515304868,8.733014311701481e-13,248,8.341416446455696e-11,203
FrequencyHopping,tabular,204,GDA,70,0.27257239486943213,-0.9394338495024293,2.8373430764781578,2.206915722971698,0.3828671716130002,8.530953721219703e-13,248,8.109157789704113e-11,203
FrequencyHopping,tabular,204,GDA,75,0.2821784184345648,-0.9903840750604849,2.8398129169236155,2.2091600378747804,0.3821475380580979,8.308909116294672e-13,248,8.734346579331032e-11,202
FrequencyHopping,tabular,204,GDA,80,0.29020905571306266,-1.0399974428775411,2.8377854726427394,2.207328930490044,0.38143053297958157,8.970602038971265e-13,247,8.441181087448513e-11,202
FrequencyHopping,tabular,204,GDA,85,0.29661040883134004,-1.0881696052686785,2.83119097145563,2.20134563352007,0.38071938876530775,8.693046282814976e-13,247,8.131118001131199e-11,202
FrequencyHopping,tabular,204,GDA,90,0.3013399296160897,-1.1347975817021174,2.819976008184854,2.1911749065661166,0.3800168055030371,8.402167850363185e-13,247,8.671996454268083e-11,201
FrequencyHopping,tabular,204,GDA,95,0.3043674644620618,-1.179780247134389,2.8041050024414194,2.176825135270265,0.37932467453891855,8.992806499463768e-13,246,8.292277975385787e-11,201
FrequencyHopping,tabular,204,GDA,100,0.30567618292713716,-1.2230188315909067,2.7835614967869713,2.158352981047828,0.37864383305993726,8.633094239485217e-13,246,8.774048154691627e-11,200
FrequencyHopping,tabular,204,Adam-GDA,0,0.02048841451806392,-0.21712544257859162,2.468344528167913,1.9940333374024084,0.3918862518037401,8.202327705930657e-13,250,8.929013084468806e-11,204
FrequencyHopping,tabular,204,Adam-GDA,5,0.18730227831835938,-0.7702717262268152,2.2702531148821574,1.7053650389167456,0.3376353343220174,8.30002733209767e-13,246,8.560085973385867e-11,200
FrequencyHopping,tabular,204,Adam-GDA,10,0.16255678171511845,-1.3068356979518114,2.1859894421143986,1.6255632839584468,0.3430396648989798,8.917311333789257e-13,244,8.870526535531553e-11,198
FrequencyHopping,tabular,204,Adam-GDA,15,-0.03383795504163653,-1.6553329322716241,2.5355190774721175,2.0076988056107057,0.41917502717256644,8.217870828275409e-13,247,8.708456178396773e-11,201
FrequencyHopping,tabular,204,Adam-GDA,20,-0.2708475539225602,-1.7502159028750512,3.0279989498704905,2.4829696343938856,0.48623035789200625,8.704148513061227e-13,247,8.319345212726148e-11,202
FrequencyHopping,tabular,204,Adam-GDA,25,-0.3595364660753192,-1.7826693733030572,3.4542761648315414,2.9207708329337425,0.5423230415425826,8.899547765395255e-13,247,8.451284116972602e-11,202
FrequencyHopping,tabular,204,Adam-GDA,30,-0.2571002782925307,-1.8383433910618199,3.919807463635913,3.4093366322354757,0.6095254705180777,8.473222123939195e-13,249,8.629652548108879e-11,204
FrequencyHopping,tabular,204,Adam-GDA,35,-0.05832832538865655,-2.1871454358868156,4.5118377591686745,4.021632497150666,0.6626553185735093,8.624212455288216e-13,250,8.107603477469638e-11,206
FrequencyHopping,tabular,204,Adam-GDA,40,0.15867626099385068,-2.5695853814822307,5.066162918740411,4.625045421014923,0.7148047432322663,8.411049634560186e-13,251,8.924594396830798e-11,206
FrequencyHopping,tabular,204,Adam-GDA,45,0.32468216619431634,-3.072602735657698,5.75170860233499,5.257518034171527,0.7752679438499621,8.171241461241152e-13,253,8.463141298875598e-11,208
FrequencyHopping,tabular,204,Adam-GDA,50,0.38302547311334084,-3.6372079245247497,6.228850650623439,5.739973861489759,0.8162830779974997,8.695266728864226e-13,254,8.245315541444143e-11,210
FrequencyHopping,tabular,204,Adam-GDA,55,0.3202162121401647,-4.006179822064759,6.3676348185852385,5.932902756134994,0.8551483940322132,8.668621376273222e-13,255,8.341283219692741e-11,211
FrequencyHopping,tabular,204,Adam-GDA,60,0.1472827755961243,-4.340624211940566,6.803085824513053,6.345847920396349,0.9276416663304851,8.455458555545192e-13,256,8.201084256143076e-11,212
FrequencyHopping,tabular,204,Adam-GDA,65,-0.096291118501668,-4.509889995842039,7.126339893912202,6.6393515792824935,1.0024895518262869,8.79296635503124e-13,256,8.51283488145782e-11,212
FrequencyHopping,tabular,204,Adam-GDA,70,-0.3120436500561509,-4.438483208516295,7.317588802201154,6.833138098033599,1.0416197260299638,8.606448886894214e-13,256,8.36948288451822e-11,212
FrequencyHopping,tabular,204,Adam-GDA,75,-0.43477537835881697,-4.692721783260165,8.073920230797125,7.578824495769053,1.0463474976336,8.180123245438153e-13,257,8.839329268539586e-11,212
FrequencyHopping,tabular,204,Adam-GDA,80,-0.4884935356849236,-4.862344598734931,8.754382811295883,8.273993830074424,1.024218618272611,8.455458555545192e-13,257,8.246203719863843e-11,213
FrequencyHopping,tabular,204,Adam-GDA,85,-0.4442912884160299,-5.037979749367526,9.315494706601951,8.876005996347835,1.0350975396323647,8.739675649849232e-13,257,8.568257214847108e-11,213
FrequencyHopping,tabular,204,Adam-GDA,90,-0.20611636954186777,-5.596219506705173,10.15259540933797,9.72074183341667,1.1041585529353395,8.686384944667225e-13,258,8.595169020964022e-11,214
FrequencyHopping,tabular,204,Adam-GDA,95,0.12979340266344713,-6.608316923057267,11.30390689546212,10.858800721578396,1.0968405796380822,8.331113576787175e-13,260,8.274536611452277e-11,216
FrequencyHopping,tabular,204,Adam-GDA,100,0.26964405695961635,-7.451189596316383,12.324084625504053,11.892449033392465,1.0784250828398023,8.455458555545192e-13,261,8.467182510685234e-11,217
FrequencyHopping,tabular,204,EGM,0,0.02048841451806392,-0.21712544257859162,2.468344528167913,1.9940333374024084,0.3918862518037401,8.202327705930657e-13,250,8.929013084468806e-11,204
FrequencyHopping,tabular,204,EGM,5,0.04266551039945632,-0.22755112625895563,2.4719662351713914,1.9859924620244238,0.3912461012986768,8.180123245438153e-13,250,8.898060066542257e-11,204
FrequencyHopping,tabular,204,EGM,10,0.06461207922593104,-0.26811677115371874,2.50301016440534,1.989391022625017,0.3905933151624116,8.149037000748649e-13,250,8.854494915055966e-11,204
FrequencyHopping,tabular,204,EGM,15,0.08621689794398557,-0.3218487472426894,2.5444437063101626,2.0016231400238595,0.38992691370015764,8.100187187665142e-13,250,8.79802897202353e-11,204
FrequencyHopping,tabular,204,EGM,20,0.10736896450743832,-0.37917918155995245,2.58664153712717,2.019952803770419,0.38924576528862287,8.93951579428176e-13,249,8.728395783919041e-11,204
FrequencyHopping,tabular,204,EGM,25,0.12795780621471367,-0.43760423504172546,2.627044465040402,2.0419794237040874,0.38854873318527267,8.86402062860725e-13,249,8.645306692756094e-11,204
FrequencyHopping,tabular,204,EGM,30,0.14787385399632985,-0.4956948492436426,2.664170824011067,2.0657594434508244,0.3878348284363807,8.784084570834239e-13,249,8.548561858390258e-11,204
FrequencyHopping,tabular,204,EGM,35,0.16700889525184973,-0.553352627754801,2.6978730836569205,2.089779285105579,0.38710336012454477,8.681944052568724e-13,249,8.437894827295622e-11,204
FrequencyHopping,tabular,204,EGM,40,0.18525661548985073,-0.6104775268266911,2.728006351554247,2.1128853886838015,0.38635407303456826,8.575362642204709e-13,249,8.31306135040677e-11,204
FrequencyHopping,tabular,204,EGM,45,0.20251323601527615,-0.6669680014834709,2.7544294139303664,2.1342087906559386,0.38558726210464955,8.451017663446692e-13,249,8.174017018802715e-11,204
FrequencyHopping,tabular,204,EGM,50,0.21867825122748197,-0.7227211918855168,2.777005896448635,2.153097433935666,0.3848038529640791,8.317790900491673e-13,249,8.911715809745147e-11,203
FrequencyHopping,tabular,204,EGM,55,0.2336552647664189,-0.7776331524474681,2.7956055411442695,2.1690609915409906,0.3840054386327972,8.169021015191902e-13,249,8.725087319305658e-11,203
FrequencyHopping,tabular,204,EGM,60,0.24735291884646182,-0.8315991248375123,2.8101055902230883,2.1817288419026966,0.3831942642314736,8.895106873296754e-13,248,8.522360595009104e-11,203
FrequencyHopping,tabular,204,EGM,65,0.25968590577418754,-0.884513854531366,2.8203922614768717,2.190819728591455,0.3823731544099417,8.699707620962727e-13,248,8.303580045776471e-11,203
FrequencyHopping,tabular,204,EGM,70,0.27057604504249666,-0.9362719491124436,2.8263622936281037,2.1961208918802564,0.38154538212093464,8.490985692333197e-13,248,8.965361786295034e-11,202
FrequencyHopping,tabular,204,EGM,75,0.2799534037706226,-0.9867682750955791,2.8279245333442065,2.1974744917704636,0.38071448217291376,8.273381979506667e-13,248,8.687051078482e-11,202
FrequencyHopping,tabular,204,EGM,80,0.28775743291014066,-1.0358983887223046,2.8250015291127974,2.1947695171029187,0.37988401835212365,8.926193117986259e-13,247,8.391665140550231e-11,202
FrequencyHopping,tabular,204,EGM,85,0.29393808689175904,-1.0835589950367632,2.817531091203251,2.1879378421629303,0.3790573183099738,8.646416915780719e-13,247,8.977418808342463e-11,201
FrequencyHopping,tabular,204,EGM,90,0.2984568905976497,-1.1296484285982793,2.8054677718456826,2.176953534766298,0.37823719524079286,8.353318037279678e-13,247,8.61315463396295e-11,201
FrequencyHopping,tabular,204,EGM,95,0.3012879150578732,-1.1740671485037575,2.788784216186718,2.161834896418033,0.37742567894156775,8.93729534823251e-13,246,8.232214909753566e-11,201
FrequencyHopping,tabular,204,EGM,100,0.30241862240561335,-1.2167182399336498,2.767472332853009,2.142649011749336,0.37662378050253015,8.577583088253959e-13,246,8.706502185873433e-11,200
FrequencyHopping,tabular,204,PPM-3,0,0.02048841451806392,-0.21712544257859162,2.468344528167913,1.9940333374024084,0.3918862518037401,8.202327705930657e-13,250,8.929013084468806e-11,204
FrequencyHopping,tabular,204,PPM-3,5,0.04266453747791713,-0.2275497257730012,2.4719644389622353,1.9859917978525279,0.39124613027634575,8.180123245438153e-13,250,8.898104475463242e-11,204
FrequencyHopping,tabular,204,PPM-3,10,0.06461015151413274,-0.2681124266002824,2.503005309532541,1.9893888114568936,0.3905933544697022,8.149037000748649e-13,250,8.854494915055966e-11,204
FrequencyHopping,tabular,204,PPM-3,15,0.08621404487999657,-0.32184217289850836,2.5444368148111884,2.001618923643816,0.38992694599399963,8.100187187665142e-13,250,8.798051176484023e-11,204
FrequencyHopping,tabular,204,PPM-3,20,0.10736522767992679,-0.3791695820435209,2.5866321493110562,2.019946493950055,0.389245774892606,8.93507490218326e-13,249,8.728395783919041e-11,204
FrequencyHopping,tabular,204,PPM-3,25,0.12795324038663136,-0.4375921678568534,2.62703350313425,2.041971189136908,0.38854870638967565,8.86402062860725e-13,249,8.645328897216586e-11,204
FrequencyHopping,tabular,204,PPM-3,30,0.14786852826116445,-0.4956802986323825,2.664158666843954,2.065749614606324,0.3878347537275285,8.779643678735738e-13,249,8.548561858390258e-11,204
FrequencyHopping,tabular,204,PPM-3,35,0.16700289426060466,-0.5533355861922447,2.697860148623204,2.089768292204121,0.38710322833686805,8.686384944667225e-13,249,8.437850418374637e-11,204
FrequencyHopping,tabular,204,PPM-3,40,0.1852500406724174,-0.610457996792139,2.727993096389927,2.1128737261802493,0.38635387742228267,8.570921750106208e-13,249,8.313083554867262e-11,204
FrequencyHopping,tabular,204,PPM-3,45,0.20250620670606392,-0.6669459973846872,2.7544163380697464,2.13419699871983,0.38558699833474636,8.451017663446692e-13,249,8.1740614277237e-11,204
FrequencyHopping,tabular,204,PPM-3,50,0.21867090559306632,-0.7226967420976567,2.7769935418081144,2.1530860894361328,0.38480351903817545,8.313350008393172e-13,249,8.911760218666132e-11,203
FrequencyHopping,tabular,204,PPM-3,55,0.23364776042367105,-0.7776063014210965,2.795594492172083,2.169050703596163,0.38400503475190595,8.166800569142652e-13,249,8.725176137147628e-11,203
FrequencyHopping,tabular,204,PPM-3,60,0.24734543305453927,-0.8315699352236796,2.8100964730523765,2.1817202489799135,0.3831937926242375,8.895106873296754e-13,248,8.522471617311567e-11,203
FrequencyHopping,tabular,204,PPM-3,65,0.25967863508423583,-0.8844824092662098,2.820385742026099,2.19081349534746,0.38237261915027776,8.701928067011977e-13,248,8.303691068078933e-11,203
FrequencyHopping,tabular,204,PPM-3,70,0.27056920429628173,-0.9362383533996844,2.826359074509393,2.196117704607057,0.38154478896424604,8.493206138382448e-13,248,8.965539421978974e-11,202
FrequencyHopping,tabular,204,PPM-3,75,0.27994722435463193,-0.9867326582228534,2.827925349467563,2.197475051655155,0.38071383843986706,8.268941087408166e-13,248,8.687273123086925e-11,202
FrequencyHopping,tabular,204,PPM-3,80,0.28775216019554145,-1.0358609056468548,2.8250071419133884,2.1947745306372353,0.37988333288449555,8.928413564035509e-13,247,8.391909389615648e-11,202
FrequencyHopping,tabular,204,PPM-3,85,0.2939339768230518,-1.0835198276777842,2.817542281469702,2.1879480080230977,0.3790566015138946,8.65085780787922e-13,247,8.977751875249851e-11,201
FrequencyHopping,tabular,204,PPM-3,90,0.2984542054331064,-1.1296077867772936,2.805485331188849,2.176969526351388,0.37823645921910193,8.357758929378178e-13,247,8.61350990533083e-11,201
FrequencyHopping,tabular,204,PPM-3,95,0.3012869183113574,-1.1740252704808727,2.7888089372582794,2.1618573390133777,0.3774249377002329,8.93951579428176e-13,246,8.232592385581938e-11,201
FrequencyHopping,tabular,204,PPM-3,100,0.3024195730896876,-1.2166753924963114,2.7675049984983184,2.142678453007694,0.3766230501982453,8.57980353430321e-13,246,8.707035092925253e-11,200
FrequencyHopping,tabular,205,QP+G,0,0.014031835044045753,-0.2531345650998512,2.2986285080124644,1.7985476919710186,0.3668723004589283,8.171241461241152e-13,249,8.768941128778351e-11,203
FrequencyHopping,tabular,205,QP+G,5,0.03260289716875901,-0.23365559774014913,2.268238231021448,1.7738433298303056,0.363361348437184,8.131273432354647e-13,249,8.714495791650734e-11,203
FrequencyHopping,tabular,205,QP+G,10,0.05049048073614702,-0.2221704301435922,2.2433738879544425,1.7539285372808524,0.3598972534350226,8.977263377119016e-13,248,8.647682570028792e-11,203
FrequencyHopping,tabular,205,QP+G,15,0.0643590135913075,-0.21595218702416039,2.221588854330233,1.7380407742288353,0.3566583770535095,8.912870441690757e-13,248,8.569633891397643e-11,203
FrequencyHopping,tabular,205,QP+G,20,0.06418247248483991,-0.21289989639332335,2.2032327424659686,1.7214127901703402,0.3542332880322295,8.844036614163997e-13,248,8.492206937660285e-11,203
FrequencyHopping,tabular,205,QP+G,25,0.06324751952571679,-0.21008279692364773,2.185255864376178,1.7047908521474016,0.35186192567129876,8.779643678735738e-13,248,8.415423913277209e-11,203
FrequencyHopping,tabular,205,QP+G,30,0.0623244334345219,-0.20730784773261388,2.167397866489176,1.688304258664708,0.3494984650374505,8.710809851208978e-13,248,8.339151591485461e-11,203
FrequencyHopping,tabular,205,QP+G,35,0.06142267703642329,-0.2045719262361772,2.149654986313415,1.6719534196998003,0.3471424320428883,8.644196469731469e-13,248,8.2632123366011e-11,203
FrequencyHopping,tabular,205,QP+G,40,0.06054241767534363,-0.20187427031252722,2.1320267009227973,1.6557371207942642,0.34479391574353907,8.577583088253959e-13,248,8.187761579847574e-11,203
FrequencyHopping,tabular,205,QP+G,45,0.05968367511252266,-0.19956994981683568,2.11486830506329,1.639654132318724,0.3424530132625272,8.51096970677645e-13,248,8.112688298922421e-11,203
FrequencyHopping,tabular,205,QP+G,50,0.05884643323969788,-0.1976389938658204,2.0981600279403194,1.623703230622858,0.34011982290364595,8.446576771348191e-13,248,8.931189121597072e-11,202
FrequencyHopping,tabular,205,QP+G,55,0.05803064217685532,-0.1957343408313786,2.081554984120249,1.6078831995835898,0.3377944440156129,8.379963389870682e-13,248,8.84867734640693e-11,202
FrequencyHopping,tabular,205,QP+G,60,0.05723621929788734,-0.19385570281276543,2.0650530390299844,1.5921928317915792,0.3354769769232751,8.315570454442422e-13,248,8.766676273808116e-11,202
FrequencyHopping,tabular,205,QP+G,65,0.05646305026896732,-0.19200278896288214,2.0486540333111583,1.5766309295774896,0.33316752285793816,8.248957072964913e-13,248,8.685163699340137e-11,202
FrequencyHopping,tabular,205,QP+G,70,0.05571099018881513,-0.19017530570280225,2.032357784048804,1.5611963059070633,0.33086618388065914,8.186784583585904e-13,248,8.604117418542501e-11,202
FrequencyHopping,tabular,205,QP+G,75,0.054979864785274085,-0.18837295693944645,2.0161640859923624,1.5458877851466228,0.32857306280117854,8.126832540256146e-13,248,8.523493022494222e-11,202
FrequencyHopping,tabular,205,QP+G,80,0.054269471724799234,-0.18659544430474567,2.000072712774503,1.5307042037237555,0.326288263088215,8.952838470577262e-13,247,8.44337932903727e-11,202
FrequencyHopping,tabular,205,QP+G,85,0.05357958195186377,-0.18484246739421747,1.9840834181204385,1.515644410680519,0.3240118887765361,8.886225089099753e-13,247,8.363731929250662e-11,202
FrequencyHopping,tabular,205,QP+G,90,0.052909941069621956,-0.18311372400854653,1.9681959370342224,1.500707268134271,0.32174404436989756,8.817391261572993e-13,247,8.284550823134396e-11,202
FrequencyHopping,tabular,205,QP+G,95,0.052260270860120195,-0.1814089104304608,1.9524099869886484,1.4858916516786802,0.3194848347323343,8.744116541947733e-13,247,8.20581380622798e-11,202
FrequencyHopping,tabular,205,QP+G,100,0.051630270719151404,-0.17972772167097747,1.9367252690793135,1.4711964506946917,0.3172343649839748,8.677503160470224e-13,247,8.127587491912891e-11,202
FrequencyHopping,tabular,205,noG,0,0.014031835044045753,-0.2531345650998512,2.2986285080124644,1.7985476919710186,0.3668723004589283,8.171241461241152e-13,249,8.768941128778351e-11,203
FrequencyHopping,tabular,205,noG,5,0.03345503222065954,-0.23706862297503953,2.2865696570641214,1.790557618682049,0.36573976787741924,8.193445921733655e-13,249,8.790013161785737e-11,203
FrequencyHopping,tabular,205,noG,10,0.05265360905046708,-0.22787771210815963,2.2791444488212735,1.7874608648986614,0.36464708371198484,8.202327705930657e-13,249,8.799916351165393e-11,203
FrequencyHopping,tabular,205,noG,15,0.06762371909280376,-0.22457465460452256,2.2756099939503396,1.7884375070654652,0.36380710681428463,8.202327705930657e-13,249,8.799627693178991e-11,203
FrequencyHopping,tabular,205,noG,20,0.06836934026454004,-0.224393033059987,2.2753715300141564,1.788559251299589,0.3637643768514266,8.202327705930657e-13,249,8.799339035192588e-11,203
FrequencyHopping,tabular,205,noG,25,0.06837885111509376,-0.22439070457269084,2.2753684429506893,1.7885608445106866,0.36376383041504123,8.206768598029157e-13,249,8.799339035192588e-11,203
FrequencyHopping,tabular,205,noG,30,0.06837897257135517,-0.22439067483532354,2.2753684035206234,1.788560864863002,0.363763823436667,8.206768598029157e-13,249,8.799339035192588e-11,203
FrequencyHopping,tabular,205,noG,35,0.06837897412326108,-0.2243906744553545,2.275368403016804,1.7885608651230478,0.36376382334750046,8.206768598029157e-13,249,8.799339035192588e-11,203
FrequencyHopping,tabular,205,noG,40,0.06837897414214103,-0.22439067445073213,2.2753684030106758,1.7885608651262404,0.36376382334641605,8.206768598029157e-13,249,8.799361239653081e-11,203
FrequencyHopping,tabular,205,noG,45,0.06837897414214103,-0.22439067445073213,2.2753684030106758,1.7885608651262404,0.36376382334641605,8.206768598029157e-13,249,8.799361239653081e-11,203
FrequencyHopping,tabular,205,noG,50,0.06837897414214103,-0.22439067445073213,2.2753684030106758,1.7885608651262404,0.36376382334641605,8.206768598029157e-13,249,8.799361239653081e-11,203
FrequencyHopping,tabular,205,noG,55,0.06837897414214103,-0.22439067445073213,2.2753684030106758,1.7885608651262404,0.36376382334641605,8.206768598029157e-13,249,8.799361239653081e-11,203
FrequencyHopping,tabular,205,noG,60,0.06837897414214103,-0.22439067445073213,2.2753684030106758,1.7885608651262404,0.36376382334641605,8.206768598029157e-13,249,8.799361239653081e-11,203
FrequencyHopping,tabular,205,noG,65,0.06837897414214103,-0.22439067445073213,2.2753684030106758,1.7885608651262404,0.36376382334641605,8.206768598029157e-13,249,8.799361239653081e-11,203
FrequencyHopping,tabular,205,noG,70,0.06837897414214103,-0.22439067445073213,2.2753684030106758,1.7885608651262404,0.36376382334641605,8.206768598029157e-13,249,8.799361239653081e-11,203
FrequencyHopping,tabular,205,noG,75,0.06837897414214103,-0.22439067445073213,2.2753684030106758,1.7885608651262404,0.36376382334641605,8.206768598029157e-13,249,8.799361239653081e-11,203
FrequencyHopping,tabular,205,noG,80,0.06837897414214103,-0.22439067445073213,2.2753684030106758,1.7885608651262404,0.36376382334641605,8.206768598029157e-13,249,8.799361239653081e-11,203
FrequencyHopping,tabular,205,noG,85,0.06837897414214103,-0.22439067445073213,2.2753684030106758,1.7885608651262404,0.36376382334641605,8.206768598029157e-13,249,8.799361239653081e-11,203
FrequencyHopping,tabular,205,noG,90,0.06837897414214103,-0.22439067445073213,2.2753684030106758,1.7885608651262404,0.36376382334641605,8.206768598029157e-13,249,8.799361239653081e-11,203
FrequencyHopping,tabular,205,noG,95,0.06837897414214103,-0.22439067445073213,2.2753684030106758,1.7885608651262404,0.36376382334641605,8.206768598029157e-13,249,8.799361239653081e-11,203
FrequencyHopping,tabular,205,noG,100,0.06837897414214103,-0.22439067445073213,2.2753684030106758,1.7885608651262404,0.36376382334641605,8.206768598029157e-13,249,8.799361239653081e-11,203
FrequencyHopping,tabular,205,GDA,0,0.014031835044045753,-0.2531345650998512,2.2986285080124644,1.7985476919710186,0.3668723004589283,8.171241461241152e-13,249,8.768941128778351e-11,203
FrequencyHopping,tabular,205,GDA,5,0.03345503222065954,-0.23706862297503953,2.2865696570641214,1.790557618682049,0.36573976787741924,8.193445921733655e-13,249,8.790013161785737e-11,203
FrequencyHopping,tabular,205,GDA,10,0.05265360905046708,-0.22787771210815963,2.2791444488212735,1.7874608648986614,0.36464708371198484,8.202327705930657e-13,249,8.799916351165393e-11,203
FrequencyHopping,tabular,205,GDA,15,0.07155439173738248,-0.22536643046179602,2.2761251389593866,1.7892390512272984,0.36359232159740035,8.202327705930657e-13,249,8.798428652312396e-11,203
FrequencyHopping,tabular,205,GDA,20,0.09008559783132629,-0.24571567191391497,2.293660430893934,1.7959866897265349,0.3625731873717121,8.193445921733655e-13,249,8.785416838463789e-11,203
FrequencyHopping,tabular,205,GDA,25,0.1081768032131322,-0.28410523445633395,2.3268981755717872,1.8077070871060184,0.36158717293889453,8.175682353339653e-13,249,8.760703273935633e-11,203
FrequencyHopping,tabular,205,GDA,30,0.12575893249853434,-0.32858554642664145,2.363857220968751,1.8240097989451602,0.360631706388048,8.15347789284715e-13,249,8.723999300741525e-11,203
FrequencyHopping,tabular,205,GDA,35,0.1427642779751705,-0.3725229076248785,2.3978728122016184,1.8440185774762303,0.35970429298373496,8.113509863960644e-13,249,8.675282714420973e-11,203
FrequencyHopping,tabular,205,GDA,40,0.159126551516308,-0.42158155501768846,2.4345788558835295,1.8665643878260527,0.3588026420532474,8.966161146872764e-13,248,8.614287061448067e-11,203
FrequencyHopping,tabular,205,GDA,45,0.17478097326458014,-0.47309671420378335,2.471281213575862,1.8904561833199234,0.35792477531308203,8.901768211444505e-13,248,8.540879115059852e-11,203
FrequencyHopping,tabular,205,GDA,50,0.1896644002255432,-0.5242365521028495,2.5051199430683373,1.914648989251433,0.3570691128001772,8.824052599720744e-13,248,8.45490344403288e-11,203
FrequencyHopping,tabular,205,GDA,55,0.20371549723134308,-0.5749188280621919,2.5359862874379835,1.9382920701496082,0.35623453330470267,8.744116541947733e-13,248,8.356182412683211e-11,203
FrequencyHopping,tabular,205,GDA,60,0.21687495200699825,-0.6250598502006964,2.5637720207176575,1.9607125371974727,0.3554204070390832,8.646416915780719e-13,248,8.24458279424789e-11,203
FrequencyHopping,tabular,205,GDA,65,0.2290857352750236,-0.6745746452816092,2.588370059598031,1.9813799887661767,0.35462659921677414,8.539835505416704e-13,248,8.12003797534544e-11,203
FrequencyHopping,tabular,205,GDA,70,0.24029340594962675,-0.7233771480717831,2.6096751471543738,1.9998728444121305,0.3538534442426297,8.417710972707937e-13,248,8.869305290204466e-11,202
FrequencyHopping,tabular,205,GDA,75,0.2504464604837513,-0.7713804095592215,2.6275846067093025,2.015851996709252,0.35310169131616387,8.288925101851419e-13,248,8.701728226867544e-11,202
FrequencyHopping,tabular,205,GDA,80,0.25949672432908966,-0.8184968233671575,2.6419991624107815,2.0290415822958217,0.3523724233937453,8.144596108650148e-13,248,8.519407401763601e-11,202
FrequencyHopping,tabular,205,GDA,85,0.2673997822449141,-0.8646383696834403,2.652823821390665,2.039215273396847,0.35166695261197894,8.877343304902752e-13,247,8.322387223813621e-11,202
FrequencyHopping,tabular,205,GDA,90,0.2741154428477923,-0.9097168760081226,2.6599688104897155,2.0461865899672516,0.3509866964003046,8.690825836765725e-13,247,8.110623284096619e-11,202
FrequencyHopping,tabular,205,GDA,95,0.2796082313427307,-0.9536442939794839,2.6633505584607002,2.049802139591584,0.35033303955675443,8.493206138382448e-13,247,8.76014816242332e-11,201
FrequencyHopping,tabular,205,GDA,100,0.2838479028408295,-0.9963329914906233,2.662892712436802,2.049937053030952,0.349707188470678,8.282263763703668e-13,247,8.492273551041762e-11,201
FrequencyHopping,tabular,205,Adam-GDA,0,0.014031835044045753,-0.2531345650998512,2.2986285080124644,1.7985476919710186,0.3668723004589283,8.171241461241152e-13,249,8.768941128778351e-11,203
FrequencyHopping,tabular,205,Adam-GDA,5,0.18241859799670976,-0.6652308320758561,2.6773466812900137,2.0716889750900975,0.3507318080110772,8.282263763703668e-13,249,8.868239476100825e-11,203
FrequencyHopping,tabular,205,Adam-GDA,10,0.20369616997988726,-1.3221943625913477,2.6995855985562205,2.09265330981041,0.3662438752489787,8.772982340587987e-13,245,8.736233958472894e-11,199
FrequencyHopping,tabular,205,Adam-GDA,15,0.04849456423617607,-1.841677601721005,2.719088737880738,2.1729790723336153,0.44518820788331576,8.246736626915663e-13,248,8.880807200739582e-11,202
FrequencyHopping,tabular,205,Adam-GDA,20,-0.23422275219193056,-2.1420565722523173,3.263081628387676,2.7145192558097024,0.53959699006019,8.628653347386717e-13,249,8.60180815465128e-11,204
FrequencyHopping,tabular,205,Adam-GDA,25,-0.4876307882760582,-2.1505789901906436,3.775031852484429,3.250571641146247,0.6073093254620231,8.610889778992714e-13,249,8.495515402273668e-11,204
FrequencyHopping,tabular,205,Adam-GDA,30,-0.5414354711320127,-1.9526031639410948,4.128126364369873,3.6014782427694723,0.6636878986409562,8.899547765395255e-13,249,8.217782010433439e-11,205
FrequencyHopping,tabular,205,Adam-GDA,35,-0.3646749464050722,-1.6625818287216696,4.268175108098702,3.77615168937871,0.7211160540699952,8.641976023682219e-13,251,8.172840182396612e-11,207
FrequencyHopping,tabular,205,Adam-GDA,40,-0.025417269076453933,-2.054582343090051,4.900610475378363,4.407492738477481,0.745201203511976,8.486544800234697e-13,252,8.141798346628093e-11,208
FrequencyHopping,tabular,205,Adam-GDA,45,0.3638512243802723,-2.6668431301347217,5.567859658689357,5.073151224106415,0.7406268271298097,8.593126210598712e-13,252,8.272271756482041e-11,208
FrequencyHopping,tabular,205,Adam-GDA,50,0.6454477517209605,-3.1611684665721733,6.063869632593379,5.573802286124593,0.753124704481,8.348877145181177e-13,253,8.641576343393353e-11,208
FrequencyHopping,tabular,205,Adam-GDA,55,0.7425052710060396,-3.3303664119837366,6.230459904816723,5.732790862646004,0.8063098070585384,8.761880110341735e-13,253,8.220313318929584e-11,209
FrequencyHopping,tabular,205,Adam-GDA,60,0.6700697852489772,-3.576742647682109,6.284279443989839,5.84794619000855,0.8896600768369614,8.384404281969182e-13,254,8.949596619345357e-11,209
FrequencyHopping,tabular,205,Adam-GDA,65,0.5118252823380938,-4.11776957175481,6.642400846572123,6.222892843925795,0.9388610828381958,8.761880110341735e-13,255,8.465805834134699e-11,211
FrequencyHopping,tabular,205,Adam-GDA,70,0.3668298142549403,-4.472534715033935,7.158390810204349,6.693231160658275,0.9217883064804195,8.606448886894214e-13,256,8.345413249344347e-11,212
FrequencyHopping,tabular,205,Adam-GDA,75,0.2475256435776821,-4.770331203281344,7.674716535917941,7.193975103070249,0.8886040600942903,8.277822871605167e-13,257,8.960832076354563e-11,212
FrequencyHopping,tabular,205,Adam-GDA,80,0.09576300677991498,-4.880665383695506,8.212154743811377,7.764478465439687,0.9144844216077537,8.402167850363185e-13,257,8.30056023914949e-11,213
FrequencyHopping,tabular,205,Adam-GDA,85,-0.09904730039289841,-5.157945454015378,8.846111476322772,8.377345332602498,0.9839212282840968,8.890665981198254e-13,257,8.779288407367858e-11,213
FrequencyHopping,tabular,205,Adam-GDA,90,-0.24282938793844633,-5.95420033478458,9.768731604609286,9.28772779581681,1.0428765581117116,8.384404281969182e-13,259,8.29594171136705e-11,215
FrequencyHopping,tabular,205,Adam-GDA,95,-0.22942246371010933,-6.844495670001446,10.66709378540921,10.215822375849875,1.07747955604495,8.686384944667225e-13,260,8.645706373044959e-11,216
FrequencyHopping,tabular,205,Adam-GDA,100,-0.10307249623180806,-7.576755051361424,11.62545046933705,11.17420516005481,1.0569724505719509,8.65085780787922e-13,261,8.658584960130611e-11,217
FrequencyHopping,tabular,205,EGM,0,0.014031835044045753,-0.2531345650998512,2.2986285080124644,1.7985476919710186,0.3668723004589283,8.171241461241152e-13,249,8.768941128778351e-11,203
FrequencyHopping,tabular,205,EGM,5,0.03342924748429283,-0.23696552795157644,2.2860177986822046,1.790054037435029,0.36566834953979677,8.193445921733655e-13,249,8.787726102355009e-11,203
FrequencyHopping,tabular,205,EGM,10,0.0525877915429645,-0.22770410409954242,2.2780643243515586,1.7864465266091365,0.3645042357613788,8.197886813832156e-13,249,8.795320027843445e-11,203
FrequencyHopping,tabular,205,EGM,15,0.07143471173915135,-0.22507554722824924,2.274461855556953,1.787704550690776,0.3633777879454888,8.197886813832156e-13,249,8.79145645171775e-11,203
FrequencyHopping,tabular,205,EGM,20,0.089898665925381,-0.2453659260596318,2.291465213776193,1.7939186580774396,0.3622864947257831,8.191225475684405e-13,249,8.776068760596445e-11,203
FrequencyHopping,tabular,205,EGM,25,0.10790969874587467,-0.28373102620262847,2.3241992789690187,1.8050868768712685,0.36122765921163785,8.171241461241152e-13,249,8.748934909874606e-11,203
FrequencyHopping,tabular,205,EGM,30,0.1253992405060758,-0.32807419328733345,2.360536971400541,1.8208139670362253,0.3601985488469458,8.140155216551648e-13,249,8.709744037105338e-11,203
FrequencyHopping,tabular,205,EGM,35,0.14230013627847077,-0.37185424843303994,2.3939073426620596,1.840220902212554,0.3591965351763465,8.100187187665142e-13,249,8.658518346749133e-11,203
FrequencyHopping,tabular,205,EGM,40,0.1585467093870229,-0.42092865323349565,2.4301389567336016,1.8621377973210502,0.358219218664297,8.943956686380261e-13,248,8.595013589740574e-11,203
FrequencyHopping,tabular,205,EGM,45,0.17407486274083117,-0.47224992200901683,2.466156562173464,1.8853738225645695,0.357264534251794,8.881784197001252e-13,248,8.519118743777199e-11,203
FrequencyHopping,tabular,205,EGM,50,0.18882222080430922,-0.5231690592747725,2.499284836227,1.9088847351561977,0.3563308339821789,8.804068585277491e-13,248,8.430611764254081e-11,203
FrequencyHopping,tabular,205,EGM,55,0.20272831427417826,-0.573603425184347,2.5294166058572367,1.931820941169339,0.3554169437810931,8.717471189356729e-13,248,8.329403833329252e-11,203
FrequencyHopping,tabular,205,EGM,60,0.21573480876210932,-0.6234690180643523,2.556445536224109,1.9535111844986934,0.3545221923330209,8.619771563189715e-13,248,8.215406133160741e-11,203
FrequencyHopping,tabular,205,EGM,65,0.2277857779371127,-0.672680657934972,2.5802667709540597,1.9734272666285626,0.35364641095013344,8.5087492607272e-13,248,8.987122157577687e-11,202
FrequencyHopping,tabular,205,EGM,70,0.23882802064749623,-0.7211521894871665,2.6007776419385893,1.9911504001651958,0.35278990436464175,8.386624728018433e-13,248,8.831535502906718e-11,202
FrequencyHopping,tabular,205,EGM,75,0.2488114205057954,-0.7687967037715578,2.617878445820488,2.006344833129629,0.351953393473275,8.255618411112664e-13,248,8.661360517692174e-11,202
FrequencyHopping,tabular,205,EGM,80,0.2576893452736403,-0.8155267778134283,2.6314732827335785,2.0187385746780935,0.3511379321941516,8.109068971862143e-13,248,8.476597201934055e-11,202
FrequencyHopping,tabular,205,EGM,85,0.265419082125841,-0.8612547313363268,2.6414709511038605,2.0281096452281986,0.35034480172714133,8.837375276016246e-13,247,8.27722335117187e-11,202
FrequencyHopping,tabular,205,EGM,90,0.27196230351126394,-0.905892899743262,2.6477858904215834,2.034276360764955,0.34957538659607484,8.65085780787922e-13,247,8.959144537357133e-11,201
FrequencyHopping,tabular,205,EGM,95,0.27728555688026946,-0.9493539224396468,2.650339161833828,2.037090559567391,0.3488310378451898,8.448797217397441e-13,247,8.70523653162536e-11,201
FrequencyHopping,tabular,205,EGM,100,0.28136077004508797,-0.9915510455090022,2.64905945433957,2.0364330366138743,0.3481129296073486,8.235634396669411e-13,247,8.435363518799477e-11,201
FrequencyHopping,tabular,205,PPM-3,0,0.014031835044045753,-0.2531345650998512,2.2986285080124644,1.7985476919710186,0.3668723004589283,8.171241461241152e-13,249,8.768941128778351e-11,203
FrequencyHopping,tabular,205,PPM-3,5,0.03342854897279243,-0.23696589241567134,2.286017647545638,1.7900538806776423,0.36566843822346373,8.189005029635155e-13,249,8.787770511275994e-11,203
FrequencyHopping,tabular,205,PPM-3,10,0.05258642264253038,-0.22770430002726896,2.278063672328455,1.7864458362165194,0.3645043960473869,8.197886813832156e-13,249,8.795320027843445e-11,203
FrequencyHopping,tabular,205,PPM-3,15,0.07143270467486534,-0.22507477453714098,2.2744600971243174,1.7877029553854238,0.3633780040584447,8.197886813832156e-13,249,8.79145645171775e-11,203
FrequencyHopping,tabular,205,PPM-3,20,0.08989605723493617,-0.24536246473085427,2.2914608356141453,1.7939157824538132,0.36228675229655904,8.189005029635155e-13,249,8.776046556135952e-11,203
FrequencyHopping,tabular,205,PPM-3,25,0.10790652959655528,-0.28372178824571365,2.324189412783507,1.805082382495132,0.3612279453251031,8.171241461241152e-13,249,8.748912705414114e-11,203
FrequencyHopping,tabular,205,PPM-3,30,0.12539555710150224,-0.3280632185256743,2.3605258905738578,1.8208076354584606,0.3601988520410287,8.140155216551648e-13,249,8.70976624156583e-11,203
FrequencyHopping,tabular,205,PPM-3,35,0.14229599033649132,-0.37184159383994575,2.3938953524359983,1.8402126894453203,0.359196845397577,8.100187187665142e-13,249,8.658518346749133e-11,203
FrequencyHopping,tabular,205,PPM-3,40,0.1585421586683678,-0.42091093118698425,2.4301229332636765,1.8621278227728355,0.35821952718620337,8.948397578478762e-13,248,8.595013589740574e-11,203
FrequencyHopping,tabular,205,PPM-3,45,0.17406997160612547,-0.47222988773482644,2.4661395406892392,1.8853623224490852,0.35726483356369176,8.881784197001252e-13,248,8.519118743777199e-11,203
FrequencyHopping,tabular,205,PPM-3,50,0.18881706077481347,-0.5231467148226926,2.499267115604487,1.9088720196899243,0.35633111765696485,8.804068585277491e-13,248,8.430633968714574e-11,203
FrequencyHopping,tabular,205,PPM-3,55,0.20272296456928557,-0.5735787830432724,2.529398512665316,1.931807368948054,0.35541720633154095,8.719691635405979e-13,248,8.329426037789744e-11,203
FrequencyHopping,tabular,205,PPM-3,60,0.21572935678426602,-0.6234421024960314,2.556427426277546,1.9534971504599896,0.3545224290666756,8.619771563189715e-13,248,8.215428337621233e-11,203
FrequencyHopping,tabular,205,PPM-3,65,0.2277803196725822,-0.6726515063274845,2.580249030623567,1.9734131970974291,0.3536466178331388,8.51096970677645e-13,248,8.987166566498672e-11,202
FrequencyHopping,tabular,205,PPM-3,70,0.23882266094943938,-0.7211208537135696,2.6007606891506034,1.9911367507094382,0.3527900779046434,8.388845174067683e-13,248,8.831602116288195e-11,202
FrequencyHopping,tabular,205,PPM-3,75,0.24880627322463228,-0.7687632515377723,2.6178627306770315,2.00633208722026,0.35195353063080265,8.253397965063414e-13,248,8.661471539994636e-11,202
FrequencyHopping,tabular,205,PPM-3,80,0.25768453319886664,-0.8154912939778018,2.631459287681686,2.018727242379082,0.35113803033063706,8.109068971862143e-13,248,8.47673042869701e-11,202
FrequencyHopping,tabular,205,PPM-3,85,0.2654147367035876,-0.8612173191814849,2.6414591905849,2.0281002616147106,0.3503448585958809,8.837375276016246e-13,247,8.277356577934825e-11,202
FrequencyHopping,tabular,205,PPM-3,90,0.27195856430322995,-0.9058536821788514,2.6477769099339667,2.034269483883325,0.3495754003801103,8.65529869997772e-13,247,8.959344377501566e-11,201
FrequencyHopping,tabular,205,PPM-3,95,0.2772825707324236,-0.9493130431125019,2.6503335363481053,2.037086767733646,0.3488310072431959,8.448797217397441e-13,247,8.705458576230285e-11,201
FrequencyHopping,tabular,205,PPM-3,100,0.28135868993906815,-0.9915086697952423,2.6490577860136186,2.0364329247972064,0.3481128539654191,8.237854842718662e-13,247,8.435585563404402e-11,201
FrequencyHopping,tabular,206,QP+G,0,-0.01781229263602077,-0.4457343065344135,2.5458249887909474,1.995878807085785,0.3709149123594231,8.486544800234697e-13,249,8.218403735327229e-11,204
FrequencyHopping,tabular,206,QP+G,5,0.0008497285983295588,-0.41816785795699873,2.5002511458222436,1.9566443235428324,0.3675315853059224,8.411049634560186e-13,249,8.132716722286659e-11,204
FrequencyHopping,tabular,206,QP+G,10,0.018843199119516707,-0.4020359499198296,2.4634758116088036,1.9213021734744338,0.3641440109206101,8.331113576787175e-13,249,8.927747430220734e-11,203
FrequencyHopping,tabular,206,QP+G,15,0.0360982337303712,-0.3936786249557323,2.431896890107537,1.8893026190244346,0.3607492444339139,8.22897305852166e-13,249,8.806133600103294e-11,203
FrequencyHopping,tabular,206,QP+G,20,0.052552160003010384,-0.3910877530020514,2.4035691998678788,1.8601279636062418,0.35734446605702286,8.122391648157645e-13,249,8.671841023044635e-11,203
FrequencyHopping,tabular,206,QP+G,25,0.06814954160486958,-0.392390140397488,2.3766877246523075,1.8333934444073037,0.35392713407827225,8.892886427247504e-13,248,8.5253359927151e-11,203
FrequencyHopping,tabular,206,QP+G,30,0.08284218897098568,-0.39312697013168585,2.3468671556168483,1.8088605798452568,0.3504951177175681,8.752998326144734e-13,248,8.367151416166507e-11,203
FrequencyHopping,tabular,206,QP+G,35,0.09658915368764219,-0.40435807748205443,2.325246213990856,1.7863768934698996,0.3470468046987713,8.602007994795713e-13,248,8.197797995990186e-11,203
FrequencyHopping,tabular,206,QP+G,40,0.10935670106291497,-0.42616931056655283,2.311994991934038,1.765785846081081,0.34358118035585794,8.43991543320044e-13,248,8.908629389736689e-11,202
FrequencyHopping,tabular,206,QP+G,45,0.11993574835616139,-0.4577792888729766,2.308277025991893,1.7466560960578186,0.34015707731357653,8.277822871605167e-13,248,8.708100907028893e-11,202
FrequencyHopping,tabular,206,QP+G,50,0.12245578885188013,-0.46719429163510484,2.293289120498291,1.7271655316117014,0.33712179796202424,8.169021015191902e-13,248,8.570011367226016e-11,202
FrequencyHopping,tabular,206,QP+G,55,0.12188549204174387,-0.46774617372477206,2.274526250051366,1.707425128528353,0.3342752721676014,8.977263377119016e-13,247,8.460898648365855e-11,202
FrequencyHopping,tabular,206,QP+G,60,0.12044102087888996,-0.4657008870220171,2.2548408832484874,1.6877433849449663,0.33150376130233505,8.888445535149003e-13,247,8.361333847517471e-11,202
FrequencyHopping,tabular,206,QP+G,65,0.11875432209203785,-0.46288013731092703,2.2350058184050594,1.6682250697954715,0.32877207770407035,8.804068585277491e-13,247,8.26543278265035e-11,202
FrequencyHopping,tabular,206,QP+G,70,0.11702068817910503,-0.4598547451284853,2.215255996835768,1.648903279761416,0.3260687708704172,8.72191208145523e-13,247,8.171330279083122e-11,202
FrequencyHopping,tabular,206,QP+G,75,0.11530143896391684,-0.45680704870212707,2.1956646476425328,1.6297874296524477,0.3233899875700414,8.639755577632968e-13,247,8.975908905028973e-11,201
FrequencyHopping,tabular,206,QP+G,80,0.11361553377130373,-0.4537954208357709,2.1762540780066666,1.6108792226601667,0.3207343414182679,8.553158181712206e-13,247,8.873568546619026e-11,201
FrequencyHopping,tabular,206,QP+G,85,0.1119684939959302,-0.45083857682514056,2.157030406406462,1.5921778761587182,0.3181012456778298,8.473222123939195e-13,247,8.772182980010257e-11,201
FrequencyHopping,tabular,206,QP+G,90,0.11036160252381233,-0.44794261218421827,2.1379946104222967,1.5736818142636269,0.31549037111149647,8.391065620116933e-13,247,8.671752205202665e-11,201
FrequencyHopping,tabular,206,QP+G,95,0.10879481949608719,-0.4451096398415749,2.1191460363960384,1.555389211716629,0.31290147075012187,8.313350008393172e-13,247,8.572209608814774e-11,201
FrequencyHopping,tabular,206,QP+G,100,0.10726770087276846,-0.4423405325901851,2.100483508476244,1.5372981680036,0.31033432367854685,8.231193504570911e-13,247,8.473555190846582e-11,201
FrequencyHopping,tabular,206,noG,0,-0.01781229263602077,-0.4457343065344135,2.5458249887909474,1.995878807085785,0.3709149123594231,8.486544800234697e-13,249,8.218403735327229e-11,204
FrequencyHopping,tabular,206,noG,5,0.0011142389164429728,-0.42163608480474857,2.5212321228578003,1.9770803926110945,0.3704855426050451,8.486544800234697e-13,249,8.214184887833653e-11,204
FrequencyHopping,tabular,206,noG,10,0.01999004455176117,-0.4100347335811444,2.506504906987874,1.962239977184479,0.3700251839841328,8.468781231840694e-13,249,8.197842404911171e-11,204
FrequencyHopping,tabular,206,noG,15,0.03871384695364016,-0.40565241825415815,2.496348156522382,1.950802543709179,0.369533248757468,8.446576771348191e-13,249,8.169287468717812e-11,204
FrequencyHopping,tabular,206,noG,20,0.05718630671915352,-0.4032796009106576,2.4855386123222027,1.9422043379592542,0.36900894110350274,8.411049634560186e-13,249,8.128497874793084e-11,204
FrequencyHopping,tabular,206,noG,25,0.0753106164292812,-0.4088917378096752,2.4800416963117318,1.93602135108104,0.36845129784263414,8.357758929378178e-13,249,8.972711462718053e-11,203
FrequencyHopping,tabular,206,noG,30,0.09299304800657496,-0.41756625369629335,2.4749285617778654,1.9320129129362094,0.3678592403321222,8.304468224196171e-13,249,8.90021389921003e-11,203
FrequencyHopping,tabular,206,noG,35,0.11014345471399326,-0.43798116546454574,2.4788748145804753,1.9300562594299304,0.3672316358571977,8.233413950620161e-13,249,8.81417161480158e-11,203
FrequencyHopping,tabular,206,noG,40,0.12667573051237657,-0.4636063538519391,2.4853519065507155,1.9300261457137058,0.36656736593335165,8.15347789284715e-13,249,8.714629018413689e-11,203
FrequencyHopping,tabular,206,noG,45,0.14026780568032168,-0.49259346992384173,2.495802239634507,1.9313246892090712,0.36596464760821046,8.975042931069765e-13,248,8.618772362467553e-11,203
FrequencyHopping,tabular,206,noG,50,0.1451329120846062,-0.5056987242007842,2.5015340903502707,1.9320143740059985,0.3657276303958477,8.93951579428176e-13,248,8.580736121643895e-11,203
FrequencyHopping,tabular,206,noG,55,0.1468276987263128,-0.5102986800135614,2.503465720491736,1.9322789237857265,0.3656420583547273,8.926193117986259e-13,248,8.566991560599035e-11,203
FrequencyHopping,tabular,206,noG,60,0.1474533641078699,-0.5120015491031802,2.5041701638610014,1.9323796617947877,0.3656100710184376,8.919531779838508e-13,248,8.561840125764775e-11,203
FrequencyHopping,tabular,206,noG,65,0.14768943125937453,-0.5126447190200168,2.5044347331876082,1.9324180961955038,0.3655979462376441,8.917311333789257e-13,248,8.559908337701927e-11,203
FrequencyHopping,tabular,206,noG,70,0.14777924087776387,-0.5128895037462775,2.504535210066253,1.9324327791189735,0.3655933254396292,8.919531779838508e-13,248,8.559153386045182e-11,203
FrequencyHopping,tabular,206,noG,75,0.14781351612477447,-0.512982938273393,2.504573530782464,1.9324383915935042,0.36559156077448807,8.917311333789257e-13,248,8.558909136979764e-11,203
FrequencyHopping,tabular,206,noG,80,0.14782661281821724,-0.5130186419893444,2.5045881695253245,1.9324405374276998,0.36559088631924647,8.917311333789257e-13,248,8.558753705756317e-11,203
FrequencyHopping,tabular,206,noG,85,0.14783161942251993,-0.5130322911066123,2.504593765078054,1.9324413579253075,0.3655906284635791,8.917311333789257e-13,248,8.558709296835332e-11,203
FrequencyHopping,tabular,206,noG,90,0.14783353368506041,-0.5130375098560398,2.5045959044436934,1.932441671667988,0.36559052986947443,8.917311333789257e-13,248,8.558709296835332e-11,203
FrequencyHopping,tabular,206,noG,95,0.1478342656421009,-0.5130395053569554,2.504596722461784,1.9324417916378782,0.36559049216949013,8.917311333789257e-13,248,8.558709296835332e-11,203
FrequencyHopping,tabular,206,noG,100,0.14783454553104358,-0.5130402684062826,2.5045970352574227,1.932441837513076,0.3655904777535271,8.917311333789257e-13,248,8.558731501295824e-11,203
FrequencyHopping,tabular,206,GDA,0,-0.01781229263602077,-0.4457343065344135,2.5458249887909474,1.995878807085785,0.3709149123594231,8.486544800234697e-13,249,8.218403735327229e-11,204
FrequencyHopping,tabular,206,GDA,5,0.0011142389164429728,-0.42163608480474857,2.5212321228578003,1.9770803926110945,0.3704855426050451,8.486544800234697e-13,249,8.214184887833653e-11,204
FrequencyHopping,tabular,206,GDA,10,0.01999004455176117,-0.4100347335811444,2.506504906987874,1.962239977184479,0.3700251839841328,8.468781231840694e-13,249,8.197842404911171e-11,204
FrequencyHopping,tabular,206,GDA,15,0.03871384695364016,-0.40565241825415815,2.496348156522382,1.950802543709179,0.369533248757468,8.446576771348191e-13,249,8.169287468717812e-11,204
FrequencyHopping,tabular,206,GDA,20,0.05718630671915352,-0.4032796009106576,2.4855386123222027,1.9422043379592542,0.36900894110350274,8.411049634560186e-13,249,8.128497874793084e-11,204
FrequencyHopping,tabular,206,GDA,25,0.0753106164292812,-0.4088917378096752,2.4800416963117318,1.93602135108104,0.36845129784263414,8.357758929378178e-13,249,8.972711462718053e-11,203
FrequencyHopping,tabular,206,GDA,30,0.09299304800657496,-0.41756625369629335,2.4749285617778654,1.9320129129362094,0.3678592403321222,8.304468224196171e-13,249,8.90021389921003e-11,203
FrequencyHopping,tabular,206,GDA,35,0.11014345471399326,-0.43798116546454574,2.4788748145804753,1.9300562594299304,0.3672316358571977,8.233413950620161e-13,249,8.81417161480158e-11,203
FrequencyHopping,tabular,206,GDA,40,0.12667573051237657,-0.4636063538519391,2.4853519065507155,1.9300261457137058,0.36656736593335165,8.15347789284715e-13,249,8.714629018413689e-11,203
FrequencyHopping,tabular,206,GDA,45,0.1425082304127276,-0.49860393587418006,2.4985276551036377,1.9316872702258763,0.36586539819314223,8.957279362675763e-13,248,8.60180815465128e-11,203
FrequencyHopping,tabular,206,GDA,50,0.15756415588789857,-0.5398365458257763,2.5152746967584374,1.934646546438982,0.3651248580454868,8.841816168114747e-13,248,8.47584225027731e-11,203
FrequencyHopping,tabular,206,GDA,55,0.17177190933980535,-0.5803003166315032,2.528603664617573,1.93837067882203,0.3643450961283384,8.717471189356729e-13,248,8.336953349896703e-11,203
FrequencyHopping,tabular,206,GDA,60,0.18506542108562318,-0.6199168725717785,2.5384553974841277,1.9422462444054749,0.3635257477547652,8.57980353430321e-13,248,8.185363498114384e-11,203
FrequencyHopping,tabular,206,GDA,65,0.1973844513993391,-0.6586091301396166,2.5447769723779663,1.9456570529433739,0.36266678106756456,8.433254095052689e-13,248,8.912692806006817e-11,202
FrequencyHopping,tabular,206,GDA,70,0.20867486892489454,-0.6963016897157971,2.5475223366430364,1.9480560502297108,0.36176853141995047,8.271161533457416e-13,248,8.717315758133282e-11,202
FrequencyHopping,tabular,206,GDA,75,0.21888890538880484,-0.7329212318375184,2.5466529456003064,1.9490120948804042,0.36083172050699297,8.997247391562269e-13,247,8.509237758858035e-11,202
FrequencyHopping,tabular,206,GDA,80,0.2279853851221466,-0.7683969116225783,2.542138390462797,1.948224247857036,0.3598574598764701,8.79296635503124e-13,247,8.289058328614374e-11,202
FrequencyHopping,tabular,206,GDA,85,0.23592992659476386,-0.802660744380015,2.5339570000190252,1.945510382727477,0.35884723952747366,8.57980353430321e-13,247,8.952660834893322e-11,201
FrequencyHopping,tabular,206,GDA,90,0.24269511209963424,-0.8364942933030326,2.525938553012214,1.940782718879618,0.35780290324083525,8.364420267525929e-13,247,8.683564978184677e-11,201
FrequencyHopping,tabular,206,GDA,95,0.24826062101252383,-0.8713934181899773,2.517894283390618,1.9340213448594192,0.3567266129741353,8.146816554699399e-13,247,8.403766571518645e-11,201
FrequencyHopping,tabular,206,GDA,100,0.2526133217703258,-0.9071049130893947,2.5084953631477704,1.925253265659348,0.35562080502372195,8.788525462932739e-13,246,8.114486860222314e-11,201
FrequencyHopping,tabular,206,Adam-GDA,0,-0.01781229263602077,-0.4457343065344135,2.5458249887909474,1.995878807085785,0.3709149123594231,8.486544800234697e-13,249,8.218403735327229e-11,204
FrequencyHopping,tabular,206,Adam-GDA,5,0.1618733254248611,-0.6434983199003841,2.6954577650798277,2.1253078572953714,0.38779727292325433,8.15791878494565e-13,249,8.857559130603931e-11,203
FrequencyHopping,tabular,206,Adam-GDA,10,0.22453759651223154,-1.1472784201035682,2.9064723793025324,2.313142994186089,0.3954091107135703,8.770761894538737e-13,247,8.238720816677869e-11,202
FrequencyHopping,tabular,206,Adam-GDA,15,0.15244629011490568,-1.6678951036725997,3.0930525192986393,2.5177320336463036,0.4404020111118341,8.286704655802168e-13,247,8.841194443220957e-11,201
FrequencyHopping,tabular,206,Adam-GDA,20,-0.03837098868839106,-2.2590642657138393,3.4776614400465435,2.915437540246888,0.5270506540419726,8.233413950620161e-13,250,8.167022613747577e-11,205
FrequencyHopping,tabular,206,Adam-GDA,25,-0.29401331372876904,-2.55154908171466,4.107767253442392,3.5582597781472396,0.620099609341354,8.388845174067683e-13,251,8.483969082817566e-11,206
FrequencyHopping,tabular,206,Adam-GDA,30,-0.507605874224726,-2.471341236797528,4.518149966773461,3.985218751572975,0.7022734646045623,8.961720254774264e-13,250,8.176170851470488e-11,206
FrequencyHopping,tabular,206,Adam-GDA,35,-0.5564609120563045,-2.546704437900945,4.960738446292678,4.459219892868264,0.7857437711048308,8.30002733209767e-13,251,8.451639388340482e-11,206
FrequencyHopping,tabular,206,Adam-GDA,40,-0.38493798235658316,-2.5591854003410797,5.252618761594942,4.745408938789793,0.8330168137365773,8.890665981198254e-13,251,8.460432354695513e-11,207
FrequencyHopping,tabular,206,Adam-GDA,45,-0.05600020779474241,-2.449862555973439,5.313304981657196,4.840112724800646,0.8234553092174998,8.468781231840694e-13,252,8.211298307969628e-11,208
FrequencyHopping,tabular,206,Adam-GDA,50,0.3004208996001997,-2.556195086893502,5.75970744667371,5.279373665909462,0.8186068856786036,8.690825836765725e-13,253,8.438894028017785e-11,209
FrequencyHopping,tabular,206,Adam-GDA,55,0.5835838552012966,-2.8800151547083166,6.241586407933401,5.764043654219427,0.8585066529389428,8.220091274324659e-13,254,8.909761817221806e-11,209
FrequencyHopping,tabular,206,Adam-GDA,60,0.7555115918953306,-3.244815823971357,6.4840478390029945,6.050680010201276,0.8905667815338023,8.775202786637237e-13,253,8.610356871940894e-11,209
FrequencyHopping,tabular,206,Adam-GDA,65,0.8163257230061096,-3.800485002484508,6.861603502106406,6.403237611283018,0.8811409396730469,8.126832540256146e-13,255,8.646239280096779e-11,210
FrequencyHopping,tabular,206,Adam-GDA,70,0.7572999579321731,-4.207076629715841,6.871030815299621,6.472586976211472,0.8747262021125105,8.144596108650148e-13,256,8.793676897767e-11,211
FrequencyHopping,tabular,206,Adam-GDA,75,0.547826122200791,-4.777827393511606,7.453506507555021,7.007076124978376,0.9318305441365033,8.29558643999917e-13,257,8.982148358427366e-11,212
FrequencyHopping,tabular,206,Adam-GDA,80,0.19041603285874367,-5.154504279370711,7.910793602645965,7.522738453777533,1.0007374405767342,8.86402062860725e-13,257,8.783640481624388e-11,213
FrequencyHopping,tabular,206,Adam-GDA,85,-0.23492989979790244,-5.71504156540125,8.688757717552978,8.246614145385902,1.0274825679262911,8.926193117986259e-13,258,8.838085818752006e-11,214
FrequencyHopping,tabular,206,Adam-GDA,90,-0.6185204624042914,-5.955980059572544,9.236851669279046,8.773446012261257,1.072008264006269,8.36664071357518e-13,259,8.291145547900669e-11,215
FrequencyHopping,tabular,206,Adam-GDA,95,-0.8616602947465042,-6.459743989799216,9.995282064503861,9.539217664033067,1.143479603800371,8.180123245438153e-13,260,8.127543082991906e-11,216
FrequencyHopping,tabular,206,Adam-GDA,100,-0.8641952244601381,-7.090781742815664,11.079695572293682,10.621795702855483,1.160338008663641,8.988365607365267e-13,260,8.968115139396104e-11,216
FrequencyHopping,tabular,206,EGM,0,-0.01781229263602077,-0.4457343065344135,2.5458249887909474,1.995878807085785,0.3709149123594231,8.486544800234697e-13,249,8.218403735327229e-11,204
FrequencyHopping,tabular,206,EGM,5,0.0011060381097211147,-0.42153183656471327,2.5206005727185494,1.9764644737490358,0.3703966333738767,8.482103908136196e-13,249,8.211742397179478e-11,204
FrequencyHopping,tabular,206,EGM,10,0.01995447582660737,-0.40979278497275773,2.5052042799412226,1.960999979936607,0.3698474653542034,8.464340339742193e-13,249,8.192913014681835e-11,204
FrequencyHopping,tabular,206,EGM,15,0.0386322776231027,-0.40528842209387944,2.4943921615885953,1.9489302655246024,0.369266764642788,8.43769498715119e-13,249,8.161871178913316e-11,204
FrequencyHopping,tabular,206,EGM,20,0.05704084677693906,-0.4029106047907054,2.4830445342937932,1.939693055468557,0.36865367911449276,8.402167850363185e-13,249,8.118639094334412e-11,204
FrequencyHopping,tabular,206,EGM,25,0.07508431044071853,-0.4082097271318394,2.4767039921626433,1.9328657658990358,0.36800719256168224,8.351097591230427e-13,249,8.959033515054671e-11,203
FrequencyHopping,tabular,206,EGM,30,0.09267005048555804,-0.4167198002591743,2.470900567270145,1.9282079424257987,0.36732617999071354,8.286704655802168e-13,249,8.883827007366563e-11,203
FrequencyHopping,tabular,206,EGM,35,0.1097091893902398,-0.4369011217011435,2.474094502032627,1.925595874694261,0.3666094719273917,8.217870828275409e-13,249,8.795120187699013e-11,203
FrequencyHopping,tabular,206,EGM,40,0.12611703427145976,-0.462307550439,2.4798436516843054,1.9249032579313878,0.36585592495440095,8.135714324453147e-13,249,8.692979669433498e-11,203
FrequencyHopping,tabular,206,EGM,45,0.1418134828731387,-0.4974408066868993,2.4926579363767503,1.9258947280881857,0.36506449502041677,8.93285445613401e-13,248,8.577649701635437e-11,203
FrequencyHopping,tabular,206,EGM,50,0.15672339556191528,-0.5384331036859802,2.508682149259169,1.9281784378128464,0.36423430964943015,8.819611707622244e-13,248,8.449219102146799e-11,203
FrequencyHopping,tabular,206,EGM,55,0.17077693712350714,-0.5786360006325895,2.5212850071102215,1.9312232640053144,0.3633647350925456,8.693046282814976e-13,248,8.307976528953986e-11,203
FrequencyHopping,tabular,206,EGM,60,0.18390989147056264,-0.617971974246272,2.5304109369110876,1.9344186301194823,0.3624554347207715,8.553158181712206e-13,248,8.154210640043402e-11,203
FrequencyHopping,tabular,206,EGM,65,0.19606395134110616,-0.6563649385681534,2.536010822276008,1.9371519036410327,0.3615064155357683,8.402167850363185e-13,248,8.875811197128769e-11,202
FrequencyHopping,tabular,206,EGM,70,0.20718698379924264,-0.6937406364235489,2.5380426261483993,1.9388801811633423,0.36051806051874385,8.242295734817162e-13,248,8.678346929968939e-11,202
FrequencyHopping,tabular,206,EGM,75,0.21723327097649914,-0.7300270327471685,2.536472011801364,1.93917658095256,0.3594911455574709,8.961720254774264e-13,247,8.468314938170352e-11,202
FrequencyHopping,tabular,206,EGM,80,0.22616372415077535,-0.7651547031125131,2.531272946532267,1.9377439211595227,0.35842684077787995,8.757439218243235e-13,247,8.246403560008275e-11,202
FrequencyHopping,tabular,206,EGM,85,0.2339460680844181,-0.7990572103880849,2.5224282716028346,1.934402902013316,0.35732669714139453,8.537615059367454e-13,247,8.90367779504686e-11,201
FrequencyHopping,tabular,206,EGM,90,0.24055499165227717,-0.8324334138119414,2.513822115035593,1.9290675587969537,0.35619262003940133,8.324452238639424e-13,247,8.633227466248172e-11,201
FrequencyHopping,tabular,206,EGM,95,0.2459722602779258,-0.8669134809605072,2.505130475928704,1.9217190718528911,0.3550268322297341,8.102407633714392e-13,247,8.352341041018008e-11,201
FrequencyHopping,tabular,206,EGM,100,0.2501867856204076,-0.902514005454585,2.4954328142465965,1.9123853587466388,0.35383182875779523,8.739675649849232e-13,246,8.958123132174478e-11,200
FrequencyHopping,tabular,206,PPM-3,0,-0.01781229263602077,-0.4457343065344135,2.5458249887909474,1.995878807085785,0.3709149123594231,8.486544800234697e-13,249,8.218403735327229e-11,204
FrequencyHopping,tabular,206,PPM-3,5,0.0011051278007789325,-0.4215328259223313,2.5206014288326766,1.9764649024254781,0.37039670843781314,8.482103908136196e-13,249,8.211697988258493e-11,204
FrequencyHopping,tabular,206,PPM-3,10,0.019952684762762775,-0.40979282789205707,2.505204346871705,1.9610004935271232,0.36984761431858265,8.464340339742193e-13,249,8.192890810221343e-11,204
FrequencyHopping,tabular,206,PPM-3,15,0.038629650195926145,-0.40528853298890455,2.494392752005487,1.9489306349038504,0.36926698612254755,8.43769498715119e-13,249,8.161871178913316e-11,204
FrequencyHopping,tabular,206,PPM-3,20,0.0570374413202877,-0.4029087133799464,2.4830438834421633,1.93969314892293,0.3686539716811187,8.397726958264684e-13,249,8.118639094334412e-11,204
FrequencyHopping,tabular,206,PPM-3,25,0.07508019826344911,-0.4082061968508682,2.4767027758409133,1.9328655080533592,0.3680075549096447,8.348877145181177e-13,249,8.959033515054671e-11,203
FrequencyHopping,tabular,206,PPM-3,30,0.09266531486269092,-0.4167157423125174,2.4709002154674584,1.9282072835600532,0.36732661108348486,8.291145547900669e-13,249,8.883849211827055e-11,203
FrequencyHopping,tabular,206,PPM-3,35,0.10970392453584807,-0.4368915021677336,2.474090305598725,1.9255947905338302,0.36660997111540555,8.215650382226158e-13,249,8.795120187699013e-11,203
FrequencyHopping,tabular,206,PPM-3,40,0.12611134430800772,-0.4622970422221144,2.4798406137762683,1.9249017760163931,0.3658564920591287,8.137934770502397e-13,249,8.693046282814976e-11,203
FrequencyHopping,tabular,206,PPM-3,45,0.14180748080295358,-0.49742383339920904,2.492650815723679,1.9258929599417245,0.36506513038118915,8.93507490218326e-13,248,8.577694110556422e-11,203
FrequencyHopping,tabular,206,PPM-3,50,0.15671720223772528,-0.5384145450208504,2.5086761647461873,1.9281765965486048,0.364235014132392,8.821832153671494e-13,248,8.449285715528276e-11,203
FrequencyHopping,tabular,206,PPM-3,55,0.17077068020739533,-0.5786159620175712,2.521280606431072,1.9312216607101664,0.363365510063932,8.690825836765725e-13,248,8.308065346795956e-11,203
FrequencyHopping,tabular,206,PPM-3,60,0.18390370436497883,-0.6179505745817976,2.530408583051968,1.9344176521671748,0.3624562819892232,8.553158181712206e-13,248,8.154299457885372e-11,203
FrequencyHopping,tabular,206,PPM-3,65,0.1960579720723043,-0.6563423103248713,2.5360109920731597,1.9371519802431894,0.361507337270311,8.406608742461685e-13,248,8.875944423891724e-11,202
FrequencyHopping,tabular,206,PPM-3,70,0.2071813538330654,-0.693716925574152,2.538045808376666,1.938881744274308,0.36051905915019644,8.240075288767912e-13,248,8.678480156731894e-11,202
FrequencyHopping,tabular,206,PPM-3,75,0.21722813394888235,-0.7300023985111621,2.536478704768231,1.9391800314273404,0.3594922236712259,8.961720254774264e-13,247,8.468492573854292e-11,202
FrequencyHopping,tabular,206,PPM-3,80,0.22615922450054465,-0.7651293174973814,2.531283655172972,1.937749606445207,0.35842800100527183,8.755218772193984e-13,247,8.246603400152708e-11,202
FrequencyHopping,tabular,206,PPM-3,85,0.23394234958345644,-0.7990312575166734,2.522443504095373,1.9344111059949085,0.3573279420553482,8.535394613318203e-13,247,8.90394424857277e-11,201
FrequencyHopping,tabular,206,PPM-3,90,0.24055219583730086,-0.8324022009065464,2.5138337403754756,1.929078500577543,0.35619395205804144,8.326672684688674e-13,247,8.633516124234575e-11,201
FrequencyHopping,tabular,206,PPM-3,95,0.2459705247980417,-0.8668818856686568,2.50514701338705,1.9217329081187717,0.3550282535294452,8.102407633714392e-13,247,8.352674107925395e-11,201
FrequencyHopping,tabular,206,PPM-3,100,0.2501862425244029,-0.9024721721035563,2.4954446633643745,1.9124021828510456,0.3538333411953038,8.741896095898483e-13,246,8.95850060800285e-11,200
FrequencyHopping,tabular,207,QP+G,0,0.06970135970789312,-0.26263515369644685,2.1590040651637348,1.6757935180020844,0.3362185269847193,8.5087492607272e-13,248,8.237610593653244e-11,203
FrequencyHopping,tabular,207,QP+G,5,0.06862171475835224,-0.2606463559112564,2.1420038511825523,1.6593669691483266,0.33373587907090824,8.435474541101939e-13,248,8.15916223473323e-11,203
FrequencyHopping,tabular,207,QP+G,10,0.0675522684319139,-0.2586598728061356,2.125101489708649,1.6430756259058024,0.33126738795185373,8.37108160567368e-13,248,8.979239574102849e-11,202
FrequencyHopping,tabular,207,QP+G,15,0.06649317301427321,-0.2566761633103316,2.108297768129265,1.6269186607954178,0.328813144354289,8.304468224196171e-13,248,8.893374925378339e-11,202
FrequencyHopping,tabular,207,QP+G,20,0.06544456911237234,-0.2546956712082425,2.091593423428043,1.6108952558290497,0.3263732332181849,8.237854842718662e-13,248,8.808154206008112e-11,202
FrequencyHopping,tabular,207,QP+G,25,0.06440658597724337,-0.25271882535781515,2.0749891433525627,1.5950046019687592,0.32394773382746866,8.173461907290402e-13,248,8.723533007071183e-11,202
FrequencyHopping,tabular,207,QP+G,30,0.0633975624475731,-0.25077066455242264,2.058497701814653,1.579247366799114,0.32153620435086716,8.109068971862143e-13,248,8.639511328567551e-11,202
FrequencyHopping,tabular,207,QP+G,35,0.06276297681558718,-0.24932264718039332,2.0423487909296387,1.5636481049295523,0.31912843208119773,8.93285445613401e-13,247,8.554712493946681e-11,202
FrequencyHopping,tabular,207,QP+G,40,0.06219023039703163,-0.24795763332977871,2.026332518924033,1.5481773085403856,0.316732651371604,8.86402062860725e-13,247,8.470224521772707e-11,202
FrequencyHopping,tabular,207,QP+G,45,0.06163130951959839,-0.24661121794969781,2.010417131177392,1.532829855758466,0.314350254222171,8.788525462932739e-13,247,8.386313865571537e-11,202
FrequencyHopping,tabular,207,QP+G,50,0.06108513258536566,-0.2452823783381045,1.9946022885515022,1.5176045924246948,0.3119813205612631,8.715250743307479e-13,247,8.302936116422188e-11,202
FrequencyHopping,tabular,207,QP+G,55,0.06055127963421246,-0.24397097403573811,1.978888061336778,1.5025004452772404,0.30962590836710346,8.641976023682219e-13,247,8.220113478785152e-11,202
FrequencyHopping,tabular,207,QP+G,60,0.060029358772817634,-0.2426768851319089,1.9632745062605017,1.4875163674302236,0.3072840719851528,8.573142196155459e-13,247,8.137845952660427e-11,202
FrequencyHopping,tabular,207,QP+G,65,0.0595189965690074,-0.2413999999352617,1.9477616607288746,1.472651337411375,0.30495586239739064,8.502087922579449e-13,247,8.95121754496131e-11,201
FrequencyHopping,tabular,207,QP+G,70,0.05901983712886115,-0.24014021452805853,1.932349542845093,1.457904358875077,0.3026413272359422,8.433254095052689e-13,247,8.86100082198027e-11,201
FrequencyHopping,tabular,207,QP+G,75,0.0585315413319816,-0.23889743251060375,1.9170381515193933,1.4432744602467453,0.3003405107964457,8.362199821476679e-13,247,8.771405823893019e-11,201
FrequencyHopping,tabular,207,QP+G,80,0.05805378610745887,-0.23767156477509055,1.9018274665926973,1.4287606942986033,0.29805345405441014,8.291145547900669e-13,247,8.682388141778574e-11,201
FrequencyHopping,tabular,207,QP+G,85,0.05758626379511486,-0.23646252937655934,1.8867174490011118,1.414362137671052,0.29578019468227273,8.22453216642316e-13,247,8.593992184557919e-11,201
FrequencyHopping,tabular,207,QP+G,90,0.057128681447009375,-0.23527025129109108,1.8717080408879925,1.400077890333896,0.2935207670724695,8.15347789284715e-13,247,8.506151338849577e-11,201
FrequencyHopping,tabular,207,QP+G,95,0.05668076028435197,-0.23409466237744714,1.8567991657990652,1.385907075017644,0.2912752023576289,8.981704269217516e-13,246,8.418954422495517e-11,201
FrequencyHopping,tabular,207,QP+G,100,0.056242235083039174,-0.23293570121209983,1.8419907288212065,1.3718488365990371,0.2890435284365752,8.910649995641506e-13,246,8.332357026574755e-11,201
FrequencyHopping,tabular,207,noG,0,0.06970135970789312,-0.26263515369644685,2.1590040651637348,1.6757935180020844,0.3362185269847193,8.5087492607272e-13,248,8.237610593653244e-11,203
FrequencyHopping,tabular,207,noG,5,0.06970135970789312,-0.26263515369644685,2.1590040651637348,1.6757935180020844,0.3362185269847193,8.5087492607272e-13,248,8.237610593653244e-11,203
FrequencyHopping,tabular,207,noG,10,0.06970135970789312,-0.26263515369644685,2.1590040651637348,1.6757935180020844,0.3362185269847193,8.5087492607272e-13,248,8.237610593653244e-11,203
FrequencyHopping,tabular,207,noG,15,0.06970135970789312,-0.26263515369644685,2.1590040651637348,1.6757935180020844,0.3362185269847193,8.5087492607272e-13,248,8.237610593653244e-11,203
FrequencyHopping,tabular,207,noG,20,0.06970135970789312,-0.26263515369644685,2.1590040651637348,1.6757935180020844,0.3362185269847193,8.5087492607272e-13,248,8.237610593653244e-11,203
FrequencyHopping,tabular,207,noG,25,0.06970135970789312,-0.26263515369644685,2.1590040651637348,1.6757935180020844,0.3362185269847193,8.5087492607272e-13,248,8.237610593653244e-11,203
FrequencyHopping,tabular,207,noG,30,0.06970135970789312,-0.26263515369644685,2.1590040651637348,1.6757935180020844,0.3362185269847193,8.5087492607272e-13,248,8.237610593653244e-11,203
FrequencyHopping,tabular,207,noG,35,0.06970135970789312,-0.26263515369644685,2.1590040651637348,1.6757935180020844,0.3362185269847193,8.5087492607272e-13,248,8.237610593653244e-11,203
FrequencyHopping,tabular,207,noG,40,0.06970135970789312,-0.26263515369644685,2.1590040651637348,1.6757935180020844,0.3362185269847193,8.5087492607272e-13,248,8.237610593653244e-11,203
FrequencyHopping,tabular,207,noG,45,0.06970135970789312,-0.26263515369644685,2.1590040651637348,1.6757935180020844,0.3362185269847193,8.5087492607272e-13,248,8.237610593653244e-11,203
FrequencyHopping,tabular,207,noG,50,0.06970135970789312,-0.26263515369644685,2.1590040651637348,1.6757935180020844,0.3362185269847193,8.5087492607272e-13,248,8.237610593653244e-11,203
FrequencyHopping,tabular,207,noG,55,0.06970135970789312,-0.26263515369644685,2.1590040651637348,1.6757935180020844,0.3362185269847193,8.5087492607272e-13,248,8.237610593653244e-11,203
FrequencyHopping,tabular,207,noG,60,0.06970135970789312,-0.26263515369644685,2.1590040651637348,1.6757935180020844,0.3362185269847193,8.5087492607272e-13,248,8.237610593653244e-11,203
FrequencyHopping,tabular,207,noG,65,0.06970135970789312,-0.26263515369644685,2.1590040651637348,1.6757935180020844,0.3362185269847193,8.5087492607272e-13,248,8.237610593653244e-11,203
FrequencyHopping,tabular,207,noG,70,0.06970135970789312,-0.26263515369644685,2.1590040651637348,1.6757935180020844,0.3362185269847193,8.5087492607272e-13,248,8.237610593653244e-11,203
FrequencyHopping,tabular,207,noG,75,0.06970135970789312,-0.26263515369644685,2.1590040651637348,1.6757935180020844,0.3362185269847193,8.5087492607272e-13,248,8.237610593653244e-11,203
FrequencyHopping,tabular,207,noG,80,0.06970135970789312,-0.26263515369644685,2.1590040651637348,1.6757935180020844,0.3362185269847193,8.5087492607272e-13,248,8.237610593653244e-11,203
FrequencyHopping,tabular,207,noG,85,0.06970135970789312,-0.26263515369644685,2.1590040651637348,1.6757935180020844,0.3362185269847193,8.5087492607272e-13,248,8.237610593653244e-11,203
FrequencyHopping,tabular,207,noG,90,0.06970135970789312,-0.26263515369644685,2.1590040651637348,1.6757935180020844,0.3362185269847193,8.5087492607272e-13,248,8.237610593653244e-11,203
FrequencyHopping,tabular,207,noG,95,0.06970135970789312,-0.26263515369644685,2.1590040651637348,1.6757935180020844,0.3362185269847193,8.5087492607272e-13,248,8.237610593653244e-11,203
FrequencyHopping,tabular,207,noG,100,0.06970135970789312,-0.26263515369644685,2.1590040651637348,1.6757935180020844,0.3362185269847193,8.5087492607272e-13,248,8.237610593653244e-11,203
FrequencyHopping,tabular,207,GDA,0,0.06970135970789312,-0.26263515369644685,2.1590040651637348,1.6757935180020844,0.3362185269847193,8.5087492607272e-13,248,8.237610593653244e-11,203
FrequencyHopping,tabular,207,GDA,5,0.08532432612129248,-0.28274595651200674,2.168116560581032,1.6801420769108892,0.3359028629967164,8.455458555545192e-13,248,8.182254873645434e-11,203
FrequencyHopping,tabular,207,GDA,10,0.10058753542651383,-0.31572492456977697,2.187820207644369,1.6885854317022417,0.33557388334440597,8.393286066166183e-13,248,8.115041971734627e-11,203
FrequencyHopping,tabular,207,GDA,15,0.11541685957074169,-0.36216535780783865,2.218690663365146,1.70029357323907,0.33522846550511026,8.322231792590173e-13,248,8.928791039863881e-11,202
FrequencyHopping,tabular,207,GDA,20,0.12973894236833408,-0.4105924744739782,2.2492375827196907,1.7143631642362194,0.33486386675311697,8.237854842718662e-13,248,8.82747208663659e-11,202
FrequencyHopping,tabular,207,GDA,25,0.14348155661238213,-0.45873043821447146,2.2771719736781257,1.7298647015764836,0.33447782100389656,8.149037000748649e-13,248,8.712741639271826e-11,202
FrequencyHopping,tabular,207,GDA,30,0.15657400104879599,-0.5064942728859918,2.302398474849919,1.7459051589813128,0.3340686215479209,8.93729534823251e-13,247,8.584577493309098e-11,202
FrequencyHopping,tabular,207,GDA,35,0.168947537699697,-0.5540762738108898,2.3251021621503547,1.7616809869593277,0.3336351850381154,8.812950369474493e-13,247,8.44293523982742e-11,202
FrequencyHopping,tabular,207,GDA,40,0.18053586834131038,-0.6011796276882914,2.344982593234463,1.7765077789584995,0.3331770924930441,8.675282714420973e-13,247,8.287948105589749e-11,202
FrequencyHopping,tabular,207,GDA,45,0.1912756471013054,-0.6476670946036848,2.3619029384932806,1.7898267674518855,0.3326946037846511,8.526512829121202e-13,247,8.11950506829362e-11,202
FrequencyHopping,tabular,207,GDA,50,0.20110702420472304,-0.6934480717993179,2.3757775123296927,1.8011957427494203,0.33218864309582025,8.36664071357518e-13,247,8.819900365608646e-11,201
FrequencyHopping,tabular,207,GDA,55,0.20997421394225912,-0.7384315238682384,2.3865251821727167,1.8102728114009339,0.3316607541353371,8.193445921733655e-13,247,8.603651124872158e-11,201
FrequencyHopping,tabular,207,GDA,60,0.2178260780459918,-0.782526385768473,2.3940702531762637,1.8167990255111641,0.3311130254337147,8.899547765395255e-13,246,8.37321323388096e-11,201
FrequencyHopping,tabular,207,GDA,65,0.22461671392875737,-0.8256419774158108,2.3983433577769664,1.8205831234776195,0.3305479877311143,8.681944052568724e-13,246,8.128853146160964e-11,201
FrequencyHopping,tabular,207,GDA,70,0.23030603576925665,-0.8676884238537919,2.3992823335328,1.8214895959766952,0.3299684871995635,8.453238109495942e-13,246,8.745737467563686e-11,200
FrequencyHopping,tabular,207,GDA,75,0.23486033529672345,-0.9085770748820554,2.3968330718419244,1.819430133510053,0.3293775398863702,8.213429936176908e-13,246,8.445133481416178e-11,200
FrequencyHopping,tabular,207,GDA,80,0.23825280842765978,-0.9482209180861509,2.3909503197440802,1.8143579572582569,0.32877817418450733,8.839595722065496e-13,245,8.131073592210214e-11,200
FrequencyHopping,tabular,207,GDA,85,0.24046403369706154,-0.9865349795094127,2.3815984172774636,1.8062643088415595,0.32817326919277184,8.544276397515205e-13,245,8.671596773979218e-11,199
FrequencyHopping,tabular,207,GDA,90,0.24148238874970218,-1.0234367066713967,2.3687519536788573,1.7951763073629148,0.3275653974076259,8.233413950620161e-13,245,8.295919506906557e-11,199
FrequencyHopping,tabular,207,GDA,95,0.24130439202783785,-1.0588463293059496,2.3523963272523636,1.7811554195457435,0.32695668020933466,8.79296635503124e-13,244,8.787637284513039e-11,198
FrequencyHopping,tabular,207,GDA,100,0.23993495819404945,-1.0926871939626452,2.3325281957857698,1.7642959708695392,0.3263486640359153,8.424372310855688e-13,244,8.34676772143439e-11,198
FrequencyHopping,tabular,207,Adam-GDA,0,0.06970135970789312,-0.26263515369644685,2.1590040651637348,1.6757935180020844,0.3362185269847193,8.5087492607272e-13,248,8.237610593653244e-11,203
FrequencyHopping,tabular,207,Adam-GDA,5,0.17708857810365977,-0.8801237628977826,2.061074504874561,1.49750795046574,0.2853435572226031,8.826273045769994e-13,243,8.595435474489932e-11,197
FrequencyHopping,tabular,207,Adam-GDA,10,0.08696924319664653,-1.3951979436727138,1.8899534245801892,1.4050549172664306,0.33280566905320313,8.586464872450961e-13,245,8.79243344797942e-11,199
FrequencyHopping,tabular,207,Adam-GDA,15,-0.16215079296866944,-1.7076756371849524,2.432567250228514,1.9442993719798882,0.42128701367172317,8.524292383071952e-13,247,8.150813357588049e-11,202
FrequencyHopping,tabular,207,Adam-GDA,20,-0.39359747579244536,-1.8039211544793246,3.1173361236818344,2.564275707046648,0.47546378532923483,8.15791878494565e-13,248,8.663136874531574e-11,202
FrequencyHopping,tabular,207,Adam-GDA,25,-0.4432928069079311,-1.6855011360076884,3.4128759978442185,2.907952183640232,0.5256798358819371,8.517631044924201e-13,247,8.696510178651806e-11,202
FrequencyHopping,tabular,207,Adam-GDA,30,-0.2796121270936712,-1.272276143614904,3.4173891314025306,2.913269289612728,0.5830524469432088,8.695266728864226e-13,249,8.982126153966874e-11,204
FrequencyHopping,tabular,207,Adam-GDA,35,0.028431276159597736,-1.1811960089249154,3.6010193083102986,3.1515868922806147,0.6318371260110965,8.881784197001252e-13,250,8.480416369138766e-11,206
FrequencyHopping,tabular,207,Adam-GDA,40,0.3588647466963316,-1.7730844899419127,4.353714846989435,3.8906850162716298,0.6682071351431154,8.544276397515205e-13,251,8.175105037366848e-11,207
FrequencyHopping,tabular,207,Adam-GDA,45,0.5896221061254389,-2.3877172908732494,4.953141624379188,4.479158845053673,0.6819412493389309,8.473222123939195e-13,251,8.950085117476192e-11,206
FrequencyHopping,tabular,207,Adam-GDA,50,0.6438982524763477,-3.077311716594699,5.4401015397144565,4.954584460866958,0.6984127784205034,8.15347789284715e-13,253,8.434630771603224e-11,208
FrequencyHopping,tabular,207,Adam-GDA,55,0.540263943676188,-3.59138640519146,5.91781698376323,5.429191060781703,0.7484643127888897,8.570921750106208e-13,254,8.140377261156573e-11,210
FrequencyHopping,tabular,207,Adam-GDA,60,0.35504386863046145,-4.016647323587148,6.351559938986229,5.833840317199334,0.8128654058006389,8.615330671091215e-13,255,8.256728634137289e-11,211
FrequencyHopping,tabular,207,Adam-GDA,65,0.16435323651508182,-4.7242798817383305,6.920579266248703,6.435368118607378,0.8557337422285338,8.206768598029157e-13,257,8.850964405837658e-11,212
FrequencyHopping,tabular,207,Adam-GDA,70,0.05389028348976511,-5.469101166724718,7.568811516669704,7.09575257339865,0.852114522497839,8.570921750106208e-13,258,8.395417694373464e-11,214
FrequencyHopping,tabular,207,Adam-GDA,75,0.05567074237174767,-5.858317368948714,8.272320041358517,7.7883526462888835,0.8158276255160392,8.242295734817162e-13,259,8.134026785455717e-11,215
FrequencyHopping,tabular,207,Adam-GDA,80,0.10231085344193641,-6.132949319924653,8.97654182369995,8.506499178841864,0.7813155000535447,8.65085780787922e-13,259,8.559641884176017e-11,215
FrequencyHopping,tabular,207,Adam-GDA,85,0.07720979237346831,-6.630488763684816,9.902311441514595,9.414700770365021,0.8060515574706227,8.36664071357518e-13,260,8.354383851383318e-11,216
FrequencyHopping,tabular,207,Adam-GDA,90,-0.1368190803912742,-7.383445961001171,10.8737437298164,10.370006435565932,0.9255072311905042,8.402167850363185e-13,261,8.394263062427854e-11,217
FrequencyHopping,tabular,207,Adam-GDA,95,-0.6277698616518823,-7.865799182301029,11.524228261328556,11.0850990560273,1.1044012988932832,8.943956686380261e-13,261,8.966694053924584e-11,217
FrequencyHopping,tabular,207,Adam-GDA,100,-1.4096440575572158,-8.0273460812833,12.38116129021601,11.920574243838008,1.2660613043068796,8.206768598029157e-13,262,8.242118099133222e-11,218
FrequencyHopping,tabular,207,EGM,0,0.06970135970789312,-0.26263515369644685,2.1590040651637348,1.6757935180020844,0.3362185269847193,8.5087492607272e-13,248,8.237610593653244e-11,203
FrequencyHopping,tabular,207,EGM,5,0.0852853293646092,-0.2826826149903261,2.167600583681681,1.6796422841762166,0.335827702021333,8.451017663446692e-13,248,8.179901200833228e-11,203
FrequencyHopping,tabular,207,EGM,10,0.10049539187475832,-0.31559545444159515,2.1867845797970156,1.6875713586175087,0.33542249363087834,8.388845174067683e-13,248,8.110312421649724e-11,203
FrequencyHopping,tabular,207,EGM,15,0.11525776032381134,-0.361965936707937,2.2171323297949748,1.6987457015538259,0.3349997004750929,8.317790900491673e-13,248,8.920864047468058e-11,202
FrequencyHopping,tabular,207,EGM,20,0.12949955526768406,-0.41027368475657194,2.2471096907460764,1.7122580127230724,0.33455652525247653,8.233413950620161e-13,248,8.816947172363143e-11,202
FrequencyHopping,tabular,207,EGM,25,0.14314917365726249,-0.45826480901225886,2.274451566408904,1.7271768595965937,0.3340906711755277,8.137934770502397e-13,248,8.699618803120757e-11,202
FrequencyHopping,tabular,207,EGM,30,0.1561366972455822,-0.5058538776611485,2.299064247162702,1.7426095162933,0.33360042331376616,8.923972671937008e-13,247,8.568901144201391e-11,202
FrequencyHopping,tabular,207,EGM,35,0.16839434025671446,-0.5532434517194926,2.321145344709299,1.7577545460870534,0.3330847102298974,8.799627693178991e-13,247,8.424794195605045e-11,202
FrequencyHopping,tabular,207,EGM,40,0.17985693435623581,-0.6001168037101509,2.3403769363620697,1.7719308463178103,0.332543141806294,8.659739592076221e-13,247,8.267364570713198e-11,202
FrequencyHopping,tabular,207,EGM,45,0.19046244709673793,-0.6463457854643162,2.3566338792476405,1.7845836200513903,0.33197601993605863,8.506528814677949e-13,247,8.996270395300598e-11,201
FrequencyHopping,tabular,207,EGM,50,0.20015252808727335,-0.6918399484517844,2.369833391375701,1.7952749691462468,0.33138431983159794,8.344436253082677e-13,247,8.79207817661154e-11,201
FrequencyHopping,tabular,207,EGM,55,0.2088730752334773,-0.7365085953918085,2.3798975706925445,1.8036675001314006,0.33076964105249984,8.169021015191902e-13,247,8.573497467523339e-11,201
FrequencyHopping,tabular,207,EGM,60,0.21657481160423211,-0.7802611905458109,2.386754270739103,1.80950690772544,0.3301341289141146,8.870681966755001e-13,246,8.340927948324861e-11,201
FrequencyHopping,tabular,207,EGM,65,0.22321386189413026,-0.8230077789711452,2.390337973413989,1.812606715508092,0.32948036862096153,8.65307825392847e-13,246,8.994094358172333e-11,200
FrequencyHopping,tabular,207,EGM,70,0.22875231616042085,-0.8646594086009629,2.390590642101886,1.8128363447479086,0.32881125616271173,8.419931418757187e-13,246,8.705836052058658e-11,200
FrequencyHopping,tabular,207,EGM,75,0.23315876760316406,-0.9051285489906642,2.3874625378923797,1.8101125405571472,0.32812985158545505,8.180123245438153e-13,246,8.403588935834705e-11,200
FrequencyHopping,tabular,207,EGM,80,0.2364088106990821,-0.9443295007286496,2.3809129815273495,1.8043936404258163,0.32743922157169164,8.801848139228241e-13,245,8.98687790851227e-11,199
FrequencyHopping,tabular,207,EGM,85,0.23848548604463204,-0.9821787898985814,2.370911044302379,1.7956759520299457,0.32674227920119775,8.506528814677949e-13,245,8.622857983198173e-11,199
FrequencyHopping,tabular,207,EGM,90,0.239379658838988,-1.0185955425277833,2.3574361522679013,1.7839914500160172,0.3260416292174536,8.195666367782906e-13,245,8.246425764468768e-11,199
FrequencyHopping,tabular,207,EGM,95,0.23909031904120134,-1.0535018346950846,2.3404785898874367,1.7694060546682955,0.3253394270244691,8.750777880095484e-13,244,8.732281564505229e-11,198
FrequencyHopping,tabular,207,EGM,100,0.23762479283563903,-1.0868230147955065,2.320039891587049,1.7520179584373183,0.324637258969918,8.377742943821431e-13,244,8.291500819268549e-11,198
FrequencyHopping,tabular,207,PPM-3,0,0.06970135970789312,-0.26263515369644685,2.1590040651637348,1.6757935180020844,0.3362185269847193,8.5087492607272e-13,248,8.237610593653244e-11,203
FrequencyHopping,tabular,207,PPM-3,5,0.08528465106807097,-0.2826817911017842,2.167600118860142,1.6796418254970047,0.3358277085946459,8.451017663446692e-13,248,8.179878996372736e-11,203
FrequencyHopping,tabular,207,PPM-3,10,0.10049406239383929,-0.31559197157493807,2.1867820697133924,1.6875700869685148,0.33542250087150194,8.388845174067683e-13,248,8.110290217189231e-11,203
FrequencyHopping,tabular,207,PPM-3,15,0.11525581674737591,-0.36195887578435704,2.2171271218916657,1.6987433816205024,0.3349997039017473,8.313350008393172e-13,248,8.920864047468058e-11,202
FrequencyHopping,tabular,207,PPM-3,20,0.12949704520587266,-0.4102642112445788,2.2471032287768193,1.7122545488025702,0.3345565218150875,8.231193504570911e-13,248,8.816969376823636e-11,202
FrequencyHopping,tabular,207,PPM-3,25,0.14314615573479034,-0.45825291225875003,2.2744441294509596,1.727172298525547,0.3340906592112357,8.135714324453147e-13,248,8.699641007581249e-11,202
FrequencyHopping,tabular,207,PPM-3,30,0.15613324150576,-0.5058395603582042,2.299056138519873,1.742604032076005,0.3336004024549508,8.926193117986259e-13,247,8.568945553122376e-11,202
FrequencyHopping,tabular,207,PPM-3,35,0.168390528435367,-0.5532268391905782,2.3211370003573,1.7577484139029629,0.33308468126952684,8.79740724712974e-13,247,8.42483860452603e-11,202
FrequencyHopping,tabular,207,PPM-3,40,0.17985285998346268,-0.6000978311208145,2.340368611012618,1.7719244148477182,0.3325431065287061,8.659739592076221e-13,247,8.267408979634183e-11,202
FrequencyHopping,tabular,207,PPM-3,45,0.19045821538511196,-0.6463245023555609,2.356625949405779,1.7845772877672843,0.3319759809238274,8.5087492607272e-13,247,8.996381417603061e-11,201
FrequencyHopping,tabular,207,PPM-3,50,0.2001482555678583,-0.6918164227015181,2.3698262574789286,1.7952691663070683,0.3313842802611761,8.344436253082677e-13,247,8.79216699445351e-11,201
FrequencyHopping,tabular,207,PPM-3,55,0.20886888910611406,-0.7364829141233015,2.3798916558424597,1.8036626757487042,0.3307696044926004,8.171241461241152e-13,247,8.573630694286294e-11,201
FrequencyHopping,tabular,207,PPM-3,60,0.21657084877592195,-0.780233460865192,2.3867500189095523,1.8095035198217486,0.330134099141075,8.872902412804251e-13,246,8.341061175087816e-11,201
FrequencyHopping,tabular,207,PPM-3,65,0.22321026768891467,-0.8229781285123089,2.3903358471277554,1.8126052229782963,0.3294803494644615,8.65085780787922e-13,246,8.994271993856273e-11,200
FrequencyHopping,tabular,207,PPM-3,70,0.2287492426956656,-0.8646279858604622,2.390591119584871,1.8128371994997097,0.3288112513931473,8.422151864806438e-13,246,8.706080301124075e-11,200
FrequencyHopping,tabular,207,PPM-3,75,0.23315637184012447,-0.9050955234401142,2.3874661097326033,1.8101161790590883,0.32812986485107287,8.177902799388903e-13,246,8.403877593821107e-11,200
FrequencyHopping,tabular,207,PPM-3,80,0.23640725218949432,-0.9442950626975242,2.380920146884683,1.8044004742401487,0.3274392563894723,8.801848139228241e-13,245,8.98723317988015e-11,199
FrequencyHopping,tabular,207,PPM-3,85,0.2384849244090836,-0.9821431502258965,2.3709223067330973,1.7956863573502089,0.32674233900079097,8.506528814677949e-13,245,8.623213254566053e-11,199
FrequencyHopping,tabular,207,PPM-3,90,0.2393802510262136,-1.018558931986687,2.357452015244739,1.7840057566486731,0.3260417174326885,8.197886813832156e-13,245,8.246825444757633e-11,199
FrequencyHopping,tabular,207,PPM-3,95,0.23909221642934111,-1.053464503199624,2.3404995521095486,1.769424535202603,0.32533954722253283,8.748557434046234e-13,244,8.732770062636064e-11,198
FrequencyHopping,tabular,207,PPM-3,100,0.2376281382461543,-1.0867852304034966,2.320066442184605,1.7520408183114364,0.3246374150047529,8.379963389870682e-13,244,8.292033726320369e-11,198
FrequencyHopping,tabular,208,QP+G,0,0.0029192437353405126,-0.39730694566397734,2.559136831904835,2.01666340801888,0.3634922014420314,8.779643678735738e-13,249,8.54272208528073e-11,204
FrequencyHopping,tabular,208,QP+G,5,0.020756776554070162,-0.3694158922167879,2.5176259428292407,1.9806188001494411,0.3604782201505546,8.72191208145523e-13,249,8.4791285104302e-11,204
FrequencyHopping,tabular,208,QP+G,10,0.03803509937469554,-0.3476478253660101,2.4794645532263186,1.9503934807776853,0.3575011320435703,8.659739592076221e-13,249,8.402678552954512e-11,204
FrequencyHopping,tabular,208,QP+G,15,0.05468830932017926,-0.3405775878946036,2.4532316086984345,1.9255694462587638,0.35455309980129285,8.57980353430321e-13,249,8.313261190551202e-11,204
FrequencyHopping,tabular,208,QP+G,20,0.06867317406061685,-0.3395087047355181,2.430937534435132,1.9050680995624196,0.3516630188506817,8.486544800234697e-13,249,8.214273705675623e-11,204
FrequencyHopping,tabular,208,QP+G,25,0.06962454540935026,-0.33636577611735013,2.4099501696566636,1.8853374934555034,0.3490380425087381,8.419931418757187e-13,249,8.131162410052184e-11,204
FrequencyHopping,tabular,208,QP+G,30,0.06884443534212839,-0.33267422221731313,2.389150929547373,1.86567304256524,0.3464641389652797,8.348877145181177e-13,249,8.946177132429511e-11,203
FrequencyHopping,tabular,208,QP+G,35,0.06801082914993153,-0.3291595797942462,2.3686536396646725,1.8461831789663854,0.34390526521078985,8.277822871605167e-13,249,8.858402900102647e-11,203
FrequencyHopping,tabular,208,QP+G,40,0.0672020610521091,-0.3257169751947207,2.3483227942406018,1.826872117373782,0.3413596724437499,8.211209490127658e-13,249,8.771117165906617e-11,203
FrequencyHopping,tabular,208,QP+G,45,0.0664206047460546,-0.3223499261541516,2.3281606427812673,1.8077382062532945,0.3388273272449824,8.140155216551648e-13,249,8.684408747683392e-11,203
FrequencyHopping,tabular,208,QP+G,50,0.06566539207310718,-0.3190568071320914,2.308165712501749,1.78877953399394,0.3363082807769721,8.968381592922015e-13,248,8.598233236511987e-11,203
FrequencyHopping,tabular,208,QP+G,55,0.064935255141946,-0.3158358201515353,2.2883364093887044,1.769994205434544,0.33380258810195224,8.895106873296754e-13,248,8.512546223471418e-11,203
FrequencyHopping,tabular,208,QP+G,60,0.06422908676970786,-0.3126852309062756,2.268671186556784,1.7513803562079453,0.33131030394915895,8.819611707622244e-13,248,8.427414321943161e-11,203
FrequencyHopping,tabular,208,QP+G,65,0.06354584485889264,-0.3096033778274882,2.249168549194205,1.7329361541327404,0.3288314822599616,8.744116541947733e-13,248,8.342793123006231e-11,203
FrequencyHopping,tabular,208,QP+G,70,0.06288454920935657,-0.3065886698918254,2.2298270514942233,1.7146597997942599,0.32636617594442846,8.670841822322473e-13,248,8.258704831121122e-11,203
FrequencyHopping,tabular,208,QP+G,75,0.06224427817640479,-0.30363958403841756,2.21064529334812,1.6965495269506894,0.32391443666397973,8.595346656647962e-13,248,8.175171650748325e-11,203
FrequencyHopping,tabular,208,QP+G,80,0.06162416530648568,-0.3007546623847757,2.1916219169504654,1.6786036027901041,0.3214763146366783,8.526512829121202e-13,248,8.991274391689785e-11,202
FrequencyHopping,tabular,208,QP+G,85,0.06102339612482044,-0.2979325095106151,2.1727556035091182,1.6608203280674103,0.3190518584594017,8.451017663446692e-13,248,8.899614378776732e-11,202
FrequencyHopping,tabular,208,QP+G,90,0.06044120505973653,-0.2951717897945796,2.1540450700537743,1.6431980371325268,0.31664111494635844,8.377742943821431e-13,248,8.808553886296977e-11,202
FrequencyHopping,tabular,208,QP+G,95,0.05987687246590821,-0.2924712247513533,2.135489066312496,1.6257350978579228,0.3142441289843079,8.308909116294672e-13,248,8.718115118711012e-11,202
FrequencyHopping,tabular,208,QP+G,100,0.0593297218212963,-0.28982959049400175,2.1170863717404416,1.6084299114829315,0.3118609434011195,8.233413950620161e-13,248,8.628231462637359e-11,202
FrequencyHopping,tabular,208,noG,0,0.0029192437353405126,-0.39730694566397734,2.559136831904835,2.01666340801888,0.3634922014420314,8.779643678735738e-13,249,8.54272208528073e-11,204
FrequencyHopping,tabular,208,noG,5,0.021109186586114718,-0.37461438877128034,2.539384464400345,2.000659739424332,0.3630814167640606,8.79296635503124e-13,249,8.556200192799679e-11,204
FrequencyHopping,tabular,208,noG,10,0.039225957442390325,-0.35473920249568514,2.519970013940188,1.9903447691178433,0.362700932140265,8.79296635503124e-13,249,8.558176389783512e-11,204
FrequencyHopping,tabular,208,noG,15,0.05719418011041881,-0.3551768697407983,2.518345014856071,1.9853506851670184,0.36235038733358665,8.788525462932739e-13,249,8.548384222706318e-11,204
FrequencyHopping,tabular,208,noG,20,0.07275603057957426,-0.3581416997178495,2.5173759026613807,1.984718882322412,0.36206418064628026,8.766321002440236e-13,249,8.529998929418525e-11,204
FrequencyHopping,tabular,208,noG,25,0.07472937987844894,-0.3594578755637529,2.518023693584718,1.9848295726931027,0.3620258270716524,8.766321002440236e-13,249,8.526868100489082e-11,204
FrequencyHopping,tabular,208,noG,30,0.0748276286877114,-0.35952308373275144,2.5180544758545977,1.9848359677086105,0.36202388610986364,8.761880110341735e-13,249,8.526690464805142e-11,204
FrequencyHopping,tabular,208,noG,35,0.07483254406735568,-0.35952634529155414,2.518056012218519,1.9848362898263974,0.3620237889252612,8.766321002440236e-13,249,8.52666826034465e-11,204
FrequencyHopping,tabular,208,noG,40,0.07483279004555352,-0.35952650850631346,2.518056089092916,1.984836305951386,0.36202378406169816,8.761880110341735e-13,249,8.52666826034465e-11,204
FrequencyHopping,tabular,208,noG,45,0.07483280235660048,-0.35952651667510016,2.518056092940409,1.984836306758455,0.3620237838182796,8.761880110341735e-13,249,8.526690464805142e-11,204
FrequencyHopping,tabular,208,noG,50,0.0748328029730285,-0.35952651708412026,2.5180560931330556,1.984836306798866,0.3620237838060912,8.766321002440236e-13,249,8.526646055884157e-11,204
FrequencyHopping,tabular,208,noG,55,0.07483280300147738,-0.35952651710299727,2.518056093141947,1.984836306800722,0.3620237838055289,8.766321002440236e-13,249,8.526712669265635e-11,204
FrequencyHopping,tabular,208,noG,60,0.07483280300376596,-0.35952651710451544,2.5180560931426625,1.9848363068008765,0.3620237838054833,8.761880110341735e-13,249,8.52666826034465e-11,204
FrequencyHopping,tabular,208,noG,65,0.07483280300376596,-0.35952651710451544,2.5180560931426625,1.9848363068008765,0.3620237838054833,8.761880110341735e-13,249,8.52666826034465e-11,204
FrequencyHopping,tabular,208,noG,70,0.07483280300376596,-0.35952651710451544,2.5180560931426625,1.9848363068008765,0.3620237838054833,8.761880110341735e-13,249,8.52666826034465e-11,204
FrequencyHopping,tabular,208,noG,75,0.07483280300376596,-0.35952651710451544,2.5180560931426625,1.9848363068008765,0.3620237838054833,8.761880110341735e-13,249,8.52666826034465e-11,204
FrequencyHopping,tabular,208,noG,80,0.07483280300376596,-0.35952651710451544,2.5180560931426625,1.9848363068008765,0.3620237838054833,8.761880110341735e-13,249,8.52666826034465e-11,204
FrequencyHopping,tabular,208,noG,85,0.07483280300376596,-0.35952651710451544,2.5180560931426625,1.9848363068008765,0.3620237838054833,8.761880110341735e-13,249,8.52666826034465e-11,204
FrequencyHopping,tabular,208,noG,90,0.07483280300376596,-0.35952651710451544,2.5180560931426625,1.9848363068008765,0.3620237838054833,8.761880110341735e-13,249,8.52666826034465e-11,204
FrequencyHopping,tabular,208,noG,95,0.07483280300376596,-0.35952651710451544,2.5180560931426625,1.9848363068008765,0.3620237838054833,8.761880110341735e-13,249,8.52666826034465e-11,204
FrequencyHopping,tabular,208,noG,100,0.07483280300376596,-0.35952651710451544,2.5180560931426625,1.9848363068008765,0.3620237838054833,8.761880110341735e-13,249,8.52666826034465e-11,204
FrequencyHopping,tabular,208,GDA,0,0.0029192437353405126,-0.39730694566397734,2.559136831904835,2.01666340801888,0.3634922014420314,8.779643678735738e-13,249,8.54272208528073e-11,204
FrequencyHopping,tabular,208,GDA,5,0.021109186586114718,-0.37461438877128034,2.539384464400345,2.000659739424332,0.3630814167640606,8.79296635503124e-13,249,8.556200192799679e-11,204
FrequencyHopping,tabular,208,GDA,10,0.039225957442390325,-0.35473920249568514,2.519970013940188,1.9903447691178433,0.362700932140265,8.79296635503124e-13,249,8.558176389783512e-11,204
FrequencyHopping,tabular,208,GDA,15,0.05719418011041881,-0.3551768697407983,2.518345014856071,1.9853506851670184,0.36235038733358665,8.788525462932739e-13,249,8.548384222706318e-11,204
FrequencyHopping,tabular,208,GDA,20,0.07493865829228845,-0.3596073316510225,2.5181459517500446,1.9848964911622056,0.3620285737338122,8.766321002440236e-13,249,8.52675707818662e-11,204
FrequencyHopping,tabular,208,GDA,25,0.09238442179141534,-0.37990967468920117,2.5312091397431082,1.9879807549908834,0.361733484347366,8.735234757750732e-13,249,8.492895275935552e-11,204
FrequencyHopping,tabular,208,GDA,30,0.10945677855913366,-0.40290504372247576,2.544313875997833,1.9936806776699387,0.36146238701585554,8.695266728864226e-13,249,8.446687793650653e-11,204
FrequencyHopping,tabular,208,GDA,35,0.12608138196297872,-0.4249606317324617,2.5537867174841304,2.001312013932508,0.36121191920805024,8.646416915780719e-13,249,8.388001404568968e-11,204
FrequencyHopping,tabular,208,GDA,40,0.14218432284735888,-0.451573814059829,2.5650859571321556,2.0104191884479112,0.36097820176869805,8.58424442640171e-13,249,8.316547450704093e-11,204
FrequencyHopping,tabular,208,GDA,45,0.1576922559468342,-0.4843866482873586,2.5798165233907477,2.02066215097571,0.36075696803578683,8.5087492607272e-13,249,8.232237114214058e-11,204
FrequencyHopping,tabular,208,GDA,50,0.17253256995908334,-0.5284506520708582,2.6029952188495455,2.031676295658811,0.3605437037977029,8.419931418757187e-13,249,8.134870554954432e-11,204
FrequencyHopping,tabular,208,GDA,55,0.18663361003862539,-0.5736915538821789,2.624515995384253,2.042979165616961,0.36033379270428667,8.322231792590173e-13,249,8.915979066159707e-11,203
FrequencyHopping,tabular,208,GDA,60,0.1999249605794992,-0.6184701623059956,2.6427114127830986,2.0539667458276463,0.36012266103137686,8.217870828275409e-13,249,8.77842243340865e-11,203
FrequencyHopping,tabular,208,GDA,65,0.2123377948629856,-0.6627065998040624,2.657477526550874,2.063980723726996,0.3599059151949896,8.997247391562269e-13,248,8.626099834430079e-11,203
FrequencyHopping,tabular,208,GDA,70,0.22380529641123065,-0.7067000152109938,2.6690943170399386,2.0723910313252936,0.35967946519185184,8.846257060213247e-13,248,8.45890024692153e-11,203
FrequencyHopping,tabular,208,GDA,75,0.23426315468181563,-0.7521617984539413,2.6792596789923206,2.0786521755995198,0.3594396272808794,8.686384944667225e-13,248,8.276845875343497e-11,203
FrequencyHopping,tabular,208,GDA,80,0.24365013505865707,-0.7969304758764829,2.685805142870986,2.082324741625686,0.35918319978143476,8.5087492607272e-13,248,8.977796284170836e-11,202
FrequencyHopping,tabular,208,GDA,85,0.25190871996996644,-0.8409224036665788,2.6886474355157413,2.083072701998577,0.35890750689796336,8.326672684688674e-13,248,8.742784274318183e-11,202
FrequencyHopping,tabular,208,GDA,90,0.2589858144613634,-0.8840516281125389,2.687709235742329,2.080649916690979,0.3586104070070785,8.120171202108395e-13,248,8.491740643989942e-11,202
FrequencyHopping,tabular,208,GDA,95,0.26483350578100073,-0.9262301995995534,2.6829203954043286,2.0748849391127844,0.3582902638411734,8.786305016883489e-13,247,8.224931846712025e-11,202
FrequencyHopping,tabular,208,GDA,100,0.26940986264595,-0.9673685431082107,2.6742192090361954,2.065668621328118,0.3579458813979586,8.535394613318203e-13,247,8.82542927627128e-11,201
FrequencyHopping,tabular,208,Adam-GDA,0,0.0029192437353405126,-0.39730694566397734,2.559136831904835,2.01666340801888,0.3634922014420314,8.779643678735738e-13,249,8.54272208528073e-11,204
FrequencyHopping,tabular,208,Adam-GDA,5,0.1825516351525313,-0.5898118313279649,2.796024986931505,2.236499753871965,0.37931494924133896,8.943956686380261e-13,249,8.736833478906192e-11,204
FrequencyHopping,tabular,208,Adam-GDA,10,0.24960214022725818,-1.2678251825662614,2.804799831408631,2.209253049059106,0.3871060431574901,8.446576771348191e-13,246,8.696399156349344e-11,200
FrequencyHopping,tabular,208,Adam-GDA,15,0.14803179933390476,-2.001463176219258,2.8566442061696145,2.3039875763225557,0.44287925231385983,8.122391648157645e-13,249,8.761813496960258e-11,203
FrequencyHopping,tabular,208,Adam-GDA,20,-0.14696846725592363,-2.538569118774021,3.488755702292769,2.9182486717335285,0.5420198377787443,8.339995360984176e-13,251,8.444800414508791e-11,206
FrequencyHopping,tabular,208,Adam-GDA,25,-0.5417266902286957,-2.6640261515977195,4.164376884869135,3.61850658662821,0.6257731669459133,8.72191208145523e-13,251,8.89817108884472e-11,206
FrequencyHopping,tabular,208,Adam-GDA,30,-0.7839000613047774,-2.3143882421645703,4.361610474038134,3.8632397129154783,0.687306694420276,8.393286066166183e-13,250,8.464917655714999e-11,205
FrequencyHopping,tabular,208,Adam-GDA,35,-0.6831741472140538,-1.956956789438164,4.463971720188306,4.002639510078872,0.765225924240787,8.166800569142652e-13,251,8.786793515014324e-11,206
FrequencyHopping,tabular,208,Adam-GDA,40,-0.25885517849407125,-1.6504111609315073,4.617487527019873,4.131964443037703,0.8261250825566598,8.748557434046234e-13,252,8.524780881202787e-11,208
FrequencyHopping,tabular,208,Adam-GDA,45,0.305560540772321,-1.6157249529908948,4.836386713648616,4.387962051688268,0.8230039328995978,8.65085780787922e-13,253,8.490985692333197e-11,209
FrequencyHopping,tabular,208,Adam-GDA,50,0.7909106450814298,-2.4067066322584094,5.617222435396956,5.170786217012064,0.7865983485755358,8.677503160470224e-13,253,8.519451810684586e-11,209
FrequencyHopping,tabular,208,Adam-GDA,55,1.055634100121348,-3.249336357605372,6.255361154808805,5.820901886655018,0.7735298878488561,8.633094239485217e-13,253,8.12403477823409e-11,209
FrequencyHopping,tabular,208,Adam-GDA,60,1.0651683879590794,-3.8720835278583863,6.693391598212668,6.241540225131167,0.7898687241325274,8.322231792590173e-13,255,8.86917206344151e-11,210
FrequencyHopping,tabular,208,Adam-GDA,65,0.8560502564185588,-4.261656104602135,6.774823541405012,6.350407195701585,0.8148847470029487,8.233413950620161e-13,256,8.881340107791402e-11,211
FrequencyHopping,tabular,208,Adam-GDA,70,0.5055273799046702,-4.41709133318032,6.834790679416601,6.378861768465326,0.8484529956914642,8.526512829121202e-13,256,8.304468224196171e-11,212
FrequencyHopping,tabular,208,Adam-GDA,75,0.10892799144110749,-4.53485666308958,7.078733386038383,6.605070235925497,0.8995338437274167,8.757439218243235e-13,256,8.539835505416704e-11,212
FrequencyHopping,tabular,208,Adam-GDA,80,-0.2702817535595043,-5.008036340773115,7.742151271490823,7.301993177272631,0.9598952019724849,8.668621376273222e-13,257,8.589751132603851e-11,213
FrequencyHopping,tabular,208,Adam-GDA,85,-0.6033046011386095,-5.821371539471313,8.79769081102492,8.335083322157981,1.0070913070751208,8.22453216642316e-13,259,8.115108585116104e-11,215
FrequencyHopping,tabular,208,Adam-GDA,90,-0.8248539368100494,-6.275262423751035,9.427127464416483,8.960693230434195,1.0238112862804032,8.846257060213247e-13,259,8.768363812805546e-11,215
FrequencyHopping,tabular,208,Adam-GDA,95,-0.8513521779705522,-6.393027719495029,9.775833366486015,9.322278982371714,1.0498846305010396,8.109068971862143e-13,260,8.946976493007242e-11,215
FrequencyHopping,tabular,208,Adam-GDA,100,-0.6974312721262913,-6.766295647423177,10.462315486188507,10.047164699104467,1.0914964094309716,8.615330671091215e-13,260,8.57927062725139e-11,216
FrequencyHopping,tabular,208,EGM,0,0.0029192437353405126,-0.39730694566397734,2.559136831904835,2.01666340801888,0.3634922014420314,8.779643678735738e-13,249,8.54272208528073e-11,204
FrequencyHopping,tabular,208,EGM,5,0.021098539983422305,-0.37445752115211756,2.53872934474023,2.0000555531704625,0.3630031611514999,8.788525462932739e-13,249,8.553868724447966e-11,204
FrequencyHopping,tabular,208,EGM,10,0.03918985908144188,-0.35452427181531276,2.518747130177543,1.9891347268108943,0.36254422944519044,8.788525462932739e-13,249,8.553491248619594e-11,204
FrequencyHopping,tabular,208,EGM,15,0.057117934982539725,-0.3547298134240477,2.516369909774387,1.9835322459210674,0.3621148151732643,8.779643678735738e-13,249,8.541300999809209e-11,204
FrequencyHopping,tabular,208,EGM,20,0.07480773121033103,-0.35903108300692077,2.515512348026894,1.982463836398888,0.3617134810702713,8.757439218243235e-13,249,8.517164751253858e-11,204
FrequencyHopping,tabular,208,EGM,25,0.09218448958682451,-0.37927404361009526,2.5279789695546815,1.9849259770671206,0.36133799947408035,8.72635297355373e-13,249,8.480793844967138e-11,204
FrequencyHopping,tabular,208,EGM,30,0.10917378799732075,-0.40211757788581626,2.5403883115155175,1.9899957185318509,0.3609854310617907,8.681944052568724e-13,249,8.432077258646586e-11,204
FrequencyHopping,tabular,208,EGM,35,0.12570161658492604,-0.4240160054965712,2.5491557503492763,1.9969887281453391,0.3606522247560687,8.633094239485217e-13,249,8.37081515214777e-11,204
FrequencyHopping,tabular,208,EGM,40,0.1416944818566691,-0.45079810022436023,2.56007288262663,2.0054472624511006,0.36033433598710307,8.566480858007708e-13,249,8.296763276405272e-11,204
FrequencyHopping,tabular,208,EGM,45,0.15707954805501323,-0.4834459436724422,2.574086800329295,2.015026204272503,0.36002735952548093,8.490985692333197e-13,249,8.2098994269586e-11,204
FrequencyHopping,tabular,208,EGM,50,0.17178482475815074,-0.5274572857427007,2.5966629334763813,2.0253542487819747,0.35972667217477844,8.402167850363185e-13,249,8.109957150281843e-11,204
FrequencyHopping,tabular,208,EGM,55,0.18573940896922753,-0.5724652889795026,2.617405338912331,2.0359433826091586,0.3594275797834398,8.30002733209767e-13,249,8.885470137443008e-11,203
FrequencyHopping,tabular,208,EGM,60,0.19887378888681775,-0.6169835952747468,2.6348023741397992,2.0461875336771413,0.3591254623660471,8.191225475684405e-13,249,8.745204560511866e-11,203
FrequencyHopping,tabular,208,EGM,65,0.21112021506983558,-0.660931726317993,2.648752766284321,2.0554303343275455,0.358815910683564,8.961720254774264e-13,248,8.590150812892716e-11,203
FrequencyHopping,tabular,208,EGM,70,0.22241314278510532,-0.704753468555722,2.659684723624501,2.0630466397169975,0.3584948474931594,8.810729923425242e-13,248,8.420331099046052e-11,203
FrequencyHopping,tabular,208,EGM,75,0.2326897469404876,-0.7498839400075388,2.6690237813049715,2.068497474916397,0.35815862691126504,8.648637361829969e-13,248,8.235789827892859e-11,203
FrequencyHopping,tabular,208,EGM,80,0.24189050817389238,-0.7942921159354446,2.6747361498408333,2.0713505504118115,0.357804105998972,8.471001677889944e-13,248,8.929523787060134e-11,202
FrequencyHopping,tabular,208,EGM,85,0.24995986543614312,-0.8378941436304532,2.6767428853250816,2.071277112812956,0.3574286838167811,8.282263763703668e-13,248,8.692069286553306e-11,202
FrequencyHopping,tabular,208,EGM,90,0.25684692686039606,-0.8806040637381661,2.674971484338875,2.0680383560333757,0.35703030481426945,8.972822485020515e-13,247,8.438783005715322e-11,202
FrequencyHopping,tabular,208,EGM,95,0.262506226980733,-0.9223341485644243,2.6693570964663706,2.061470320250473,0.35660742548344304,8.735234757750732e-13,247,8.169998011453572e-11,202
FrequencyHopping,tabular,208,EGM,100,0.2668985146160062,-0.962995294188209,2.659843770692456,2.051471643727148,0.3561589456232134,8.482103908136196e-13,247,8.762501835235526e-11,201
FrequencyHopping,tabular,208,PPM-3,0,0.0029192437353405126,-0.39730694566397734,2.559136831904835,2.01666340801888,0.3634922014420314,8.779643678735738e-13,249,8.54272208528073e-11,204
FrequencyHopping,tabular,208,PPM-3,5,0.02109781166275541,-0.37445859546461957,2.5387298019819493,2.0000557158898573,0.36300321090020393,8.788525462932739e-13,249,8.553846519987474e-11,204
FrequencyHopping,tabular,208,PPM-3,10,0.03918841237955594,-0.35452529331038757,2.5187471254502496,1.989134591451363,0.36254431485513955,8.788525462932739e-13,249,8.553469044159101e-11,204
FrequencyHopping,tabular,208,PPM-3,15,0.05711578556996422,-0.3547302964996987,2.5163691808878137,1.9835314202967196,0.36211492217431057,8.779643678735738e-13,249,8.541300999809209e-11,204
FrequencyHopping,tabular,208,PPM-3,20,0.07480490060307052,-0.35902967852734124,2.515509785861818,1.9824620566188367,0.36171359592921004,8.761880110341735e-13,249,8.517120342332873e-11,204
FrequencyHopping,tabular,208,PPM-3,25,0.09218100540681864,-0.3792694146206263,2.5279734948795967,1.9849231044451876,0.3613381091017008,8.72635297355373e-13,249,8.480771640506646e-11,204
FrequencyHopping,tabular,208,PPM-3,30,0.1091696843773037,-0.40211235337243345,2.5403828298096376,1.9899916809281866,0.36098552329929073,8.681944052568724e-13,249,8.432055054186094e-11,204
FrequencyHopping,tabular,208,PPM-3,35,0.12569693471042012,-0.42401029310855776,2.549150665516616,1.9969834620335263,0.3606522886327645,8.624212455288216e-13,249,8.370792947687278e-11,204
FrequencyHopping,tabular,208,PPM-3,40,0.14168927063158548,-0.45078649226842527,2.5600631038685613,2.005440694978319,0.360334361941626,8.562039965909207e-13,249,8.296807685326257e-11,204
FrequencyHopping,tabular,208,PPM-3,45,0.15707386487035224,-0.48343297764623483,2.5740772033951,2.0150182868222517,0.3600273395833383,8.486544800234697e-13,249,8.209877222498108e-11,204
FrequencyHopping,tabular,208,PPM-3,50,0.17177873633555912,-0.5274356622234146,2.5966465790514137,2.0253450244719313,0.3597266000762971,8.397726958264684e-13,249,8.109979354742336e-11,204
FrequencyHopping,tabular,208,PPM-3,55,0.18573299224280596,-0.5724413655162391,2.617388966729003,2.0359330455982136,0.3594274510578013,8.29780688604842e-13,249,8.885514546363993e-11,203
FrequencyHopping,tabular,208,PPM-3,60,0.19886713187780541,-0.6169573762639122,2.6347863927206703,2.0461764445744284,0.3591252743493588,8.189005029635155e-13,249,8.745226764972358e-11,203
FrequencyHopping,tabular,208,PPM-3,65,0.21111341770005615,-0.6609032296255459,2.648737619006126,2.055418991432652,0.35881566248171654,8.961720254774264e-13,248,8.590217426274194e-11,203
FrequencyHopping,tabular,208,PPM-3,70,0.2224063175668799,-0.7047225040870956,2.6596706662262757,2.0630356315896803,0.35849453989346813,8.810729923425242e-13,248,8.42039771242753e-11,203
FrequencyHopping,tabular,208,PPM-3,75,0.2326830194738214,-0.7498506865141883,2.669011457051824,2.0684874377181037,0.3581582622504119,8.648637361829969e-13,248,8.235878645734829e-11,203
FrequencyHopping,tabular,208,PPM-3,80,0.24188401737694148,-0.7942566257410415,2.6747260919531732,2.0713421391122884,0.35780368799829027,8.471001677889944e-13,248,8.929634809362597e-11,202
FrequencyHopping,tabular,208,PPM-3,85,0.24995376343316295,-0.8378564895346539,2.6767356608667336,2.0712709848457793,0.35742821739911507,8.282263763703668e-13,248,8.692246922237246e-11,202
FrequencyHopping,tabular,208,PPM-3,90,0.25684137845339505,-0.8805643410370444,2.6749676924525607,2.068035162328738,0.35702979591901784,8.977263377119016e-13,247,8.439005050320247e-11,202
FrequencyHopping,tabular,208,PPM-3,95,0.26250140863770155,-0.9222924769073542,2.6693573656452054,2.0614706987641274,0.3566068808975301,8.735234757750732e-13,247,8.17024226051899e-11,202
FrequencyHopping,tabular,208,PPM-3,100,0.2668946129203792,-0.9629518192160479,2.659848755026207,2.0514762118600105,0.35615837284520485,8.482103908136196e-13,247,8.762790493221928e-11,201
FrequencyHopping,tabular,209,QP+G,0,-0.022822316132735176,-0.40218138441891216,2.606224093349656,2.0640681334940933,0.37844511675596987,8.93507490218326e-13,249,8.736456003077819e-11,204
FrequencyHopping,tabular,209,QP+G,5,-0.0024164311698648003,-0.3768910990125228,2.5661787883246943,2.0227388353536293,0.37554948263217625,8.872902412804251e-13,249,8.667422335406627e-11,204
FrequencyHopping,tabular,209,QP+G,10,0.017399843560608655,-0.35398224560497543,2.5256431272388236,1.9870700792711762,0.3726154813466327,8.801848139228241e-13,249,8.58495496913747e-11,204
FrequencyHopping,tabular,209,QP+G,15,0.036531012573582856,-0.3493256893233428,2.5005108721415232,1.9563882375363395,0.3696364839309894,8.717471189356729e-13,249,8.489164926572812e-11,204
FrequencyHopping,tabular,209,QP+G,20,0.05488716947996474,-0.35615182188523575,2.4840418040068837,1.9300843908500205,0.36660689584190403,8.624212455288216e-13,249,8.380274252317577e-11,204
FrequencyHopping,tabular,209,QP+G,25,0.0723846123711808,-0.3639339150873531,2.4657456683103085,1.9076019406696583,0.3635223159028915,8.517631044924201e-13,249,8.25841617313472e-11,204
FrequencyHopping,tabular,209,QP+G,30,0.08531824548408104,-0.3691714359453414,2.4445962510013914,1.8880168182936181,0.36043879928279204,8.411049634560186e-13,249,8.13520362186182e-11,204
FrequencyHopping,tabular,209,QP+G,35,0.08683896084521764,-0.3684396606102236,2.423895419510818,1.8686944823252405,0.3575299952004586,8.331113576787175e-13,249,8.935652218156065e-11,203
FrequencyHopping,tabular,209,QP+G,40,0.0870682253348264,-0.36703480651632947,2.403451962815567,1.8494176568230063,0.354660089404735,8.248957072964913e-13,249,8.837131026950829e-11,203
FrequencyHopping,tabular,209,QP+G,45,0.08720091251490347,-0.3655754051139952,2.3830908794238566,1.8302574087008636,0.35180742388333025,8.175682353339653e-13,249,8.739364787402337e-11,203
FrequencyHopping,tabular,209,QP+G,50,0.08732176711559579,-0.3641058358847188,2.362797213188056,1.8112201709773486,0.3489703794268248,8.997247391562269e-13,248,8.641998228142711e-11,203
FrequencyHopping,tabular,209,QP+G,55,0.0874377347675221,-0.36263012665828176,2.3425697490550976,1.7923070056870092,0.34614885862362615,8.908429549592256e-13,248,8.545097962553427e-11,203
FrequencyHopping,tabular,209,QP+G,60,0.08755015493551345,-0.3611493721152666,2.3224082240366326,1.7735185178479993,0.3433428724119443,8.828493491819245e-13,248,8.448641786173994e-11,203
FrequencyHopping,tabular,209,QP+G,65,0.08766011633456833,-0.3596645222407237,2.302312212067198,1.7548552375616957,0.3405524272086369,8.739675649849232e-13,248,8.35254088116244e-11,203
FrequencyHopping,tabular,209,QP+G,70,0.0877688867631398,-0.35817660833254106,2.282280981989672,1.7363176498308348,0.3377775134708314,8.65529869997772e-13,248,8.256839656439752e-11,203
FrequencyHopping,tabular,209,QP+G,75,0.08787796549800964,-0.35668677176174324,2.262313431521488,1.7179061963847557,0.33501810220251116,8.575362642204709e-13,248,8.161515907545436e-11,203
FrequencyHopping,tabular,209,QP+G,80,0.08798911096329749,-0.35519627965900186,2.242408016887188,1.6996212757865763,0.3322741416618939,8.490985692333197e-13,248,8.962919295640859e-11,202
FrequencyHopping,tabular,209,QP+G,85,0.08810437423958115,-0.3537065435527933,2.2225626672250005,1.6814632441776685,0.32954555344674663,8.406608742461685e-13,248,8.857847788590334e-11,202
FrequencyHopping,tabular,209,QP+G,90,0.08822614369647103,-0.353847746872461,2.204403280788763,1.6634324170636952,0.32683222766125497,8.322231792590173e-13,248,8.753153757368182e-11,202
FrequencyHopping,tabular,209,QP+G,95,0.08835720504357673,-0.35403333227175726,2.186338043805581,1.6455290724797753,0.32413401682076504,8.242295734817162e-13,248,8.648792793053417e-11,202
FrequencyHopping,tabular,209,QP+G,100,0.08850082258941099,-0.35426970352105835,2.1683669125032976,1.627753456020942,0.321450728010583,8.15791878494565e-13,248,8.544742691185547e-11,202
FrequencyHopping,tabular,209,noG,0,-0.022822316132735176,-0.40218138441891216,2.606224093349656,2.0640681334940933,0.37844511675596987,8.93507490218326e-13,249,8.736456003077819e-11,204
FrequencyHopping,tabular,209,noG,5,-0.002539979771065225,-0.3784207807956061,2.5850611622094464,2.0415359489429115,0.37840470957264516,8.943956686380261e-13,249,8.748113344836383e-11,204
FrequencyHopping,tabular,209,noG,10,0.01781204672021991,-0.3559193181624037,2.562549458384242,2.024501749037804,0.3783304139996157,8.943956686380261e-13,249,8.747691460087026e-11,204
FrequencyHopping,tabular,209,noG,15,0.038128444289528995,-0.3532938903273246,2.5572652677668666,2.0126224627185745,0.3782189751156039,8.93507490218326e-13,249,8.734968304224822e-11,204
FrequencyHopping,tabular,209,noG,20,0.05830313217034959,-0.3639238333109107,2.5625490615265294,2.0055690948585676,0.37806738378387533,8.912870441690757e-13,249,8.709699628184353e-11,204
FrequencyHopping,tabular,209,noG,25,0.07822976980808047,-0.37412134296494093,2.56467605581417,2.0029992567813206,0.37787297962797656,8.877343304902752e-13,249,8.671863227505128e-11,204
FrequencyHopping,tabular,209,noG,30,0.08639842575497007,-0.3782151108544574,2.5645732213475783,2.003098436734411,0.37777297036368723,8.86402062860725e-13,249,8.652145666587785e-11,204
FrequencyHopping,tabular,209,noG,35,0.08683257316145948,-0.3784310430985222,2.564547698345544,2.003118001344167,0.37776679037449806,8.859579736508749e-13,249,8.651013239102667e-11,204
FrequencyHopping,tabular,209,noG,40,0.08685622314953662,-0.3784428011713062,2.564546249197266,2.0031191074791868,0.3777664511992457,8.86402062860725e-13,249,8.65094662572119e-11,204
FrequencyHopping,tabular,209,noG,45,0.08685751315500756,-0.37844344250968986,2.5645461699776195,2.0031191679338622,0.37776643269118937,8.859579736508749e-13,249,8.650968830181682e-11,204
FrequencyHopping,tabular,209,noG,50,0.0868575835238412,-0.3784434774941774,2.564546165655728,2.0031191712319805,0.3777664316815662,8.86402062860725e-13,249,8.650991034642175e-11,204
FrequencyHopping,tabular,209,noG,55,0.08685758736328489,-0.3784434794029906,2.564546165419916,2.003119171411954,0.37776643162647966,8.86402062860725e-13,249,8.65094662572119e-11,204
FrequencyHopping,tabular,209,noG,60,0.08685758757379723,-0.37844347950764856,2.5645461654069863,2.003119171421787,0.3777664316234591,8.86402062860725e-13,249,8.65094662572119e-11,204
FrequencyHopping,tabular,209,noG,65,0.08685758758694624,-0.37844347951418583,2.5645461654061785,2.0031191714224286,0.37776643162327,8.859579736508749e-13,249,8.650991034642175e-11,204
FrequencyHopping,tabular,209,noG,70,0.08685758758694624,-0.37844347951418583,2.5645461654061785,2.0031191714224286,0.37776643162327,8.859579736508749e-13,249,8.650991034642175e-11,204
FrequencyHopping,tabular,209,noG,75,0.08685758758694624,-0.37844347951418583,2.5645461654061785,2.0031191714224286,0.37776643162327,8.859579736508749e-13,249,8.650991034642175e-11,204
FrequencyHopping,tabular,209,noG,80,0.08685758758694624,-0.37844347951418583,2.5645461654061785,2.0031191714224286,0.37776643162327,8.859579736508749e-13,249,8.650991034642175e-11,204
FrequencyHopping,tabular,209,noG,85,0.08685758758694624,-0.37844347951418583,2.5645461654061785,2.0031191714224286,0.37776643162327,8.859579736508749e-13,249,8.650991034642175e-11,204
FrequencyHopping,tabular,209,noG,90,0.08685758758694624,-0.37844347951418583,2.5645461654061785,2.0031191714224286,0.37776643162327,8.859579736508749e-13,249,8.650991034642175e-11,204
FrequencyHopping,tabular,209,noG,95,0.08685758758694624,-0.37844347951418583,2.5645461654061785,2.0031191714224286,0.37776643162327,8.859579736508749e-13,249,8.650991034642175e-11,204
FrequencyHopping,tabular,209,noG,100,0.08685758758694624,-0.37844347951418583,2.5645461654061785,2.0031191714224286,0.37776643162327,8.859579736508749e-13,249,8.650991034642175e-11,204
FrequencyHopping,tabular,209,GDA,0,-0.022822316132735176,-0.40218138441891216,2.606224093349656,2.0640681334940933,0.37844511675596987,8.93507490218326e-13,249,8.736456003077819e-11,204
FrequencyHopping,tabular,209,GDA,5,-0.002539979771065225,-0.3784207807956061,2.5850611622094464,2.0415359489429115,0.37840470957264516,8.943956686380261e-13,249,8.748113344836383e-11,204
FrequencyHopping,tabular,209,GDA,10,0.01781204672021991,-0.3559193181624037,2.562549458384242,2.024501749037804,0.3783304139996157,8.943956686380261e-13,249,8.747691460087026e-11,204
FrequencyHopping,tabular,209,GDA,15,0.038128444289528995,-0.3532938903273246,2.5572652677668666,2.0126224627185745,0.3782189751156039,8.93507490218326e-13,249,8.734968304224822e-11,204
FrequencyHopping,tabular,209,GDA,20,0.05830313217034959,-0.3639238333109107,2.5625490615265294,2.0055690948585676,0.37806738378387533,8.912870441690757e-13,249,8.709699628184353e-11,204
FrequencyHopping,tabular,209,GDA,25,0.07822976980808047,-0.37412134296494093,2.56467605581417,2.0029992567813206,0.37787297962797656,8.877343304902752e-13,249,8.671863227505128e-11,204
FrequencyHopping,tabular,209,GDA,30,0.09780227334013733,-0.3838580267486201,2.563582944635781,2.0044134499414805,0.37763355104416463,8.837375276016246e-13,249,8.62105942189828e-11,204
FrequencyHopping,tabular,209,GDA,35,0.11691534897442221,-0.40341757588785576,2.569520798755706,2.0090060652010218,0.37734742790147324,8.779643678735738e-13,249,8.557310415824304e-11,204
FrequencyHopping,tabular,209,GDA,40,0.1354650459391108,-0.43344816871786584,2.5831077474687363,2.015704635392716,0.3770135620559835,8.713030297258229e-13,249,8.480416369138766e-11,204
FrequencyHopping,tabular,209,GDA,45,0.1533493317518767,-0.46303709115787584,2.5934039343127298,2.0234001355387963,0.3766315904735632,8.633094239485217e-13,249,8.39024405507871e-11,204
FrequencyHopping,tabular,209,GDA,50,0.17046869231015988,-0.4921146480744895,2.600315824350662,2.0311589105860617,0.3762018757004709,8.544276397515205e-13,249,8.286660246881183e-11,204
FrequencyHopping,tabular,209,GDA,55,0.18672675868323163,-0.5251539509522161,2.608296450716013,2.0382922073074026,0.375725518724621,8.446576771348191e-13,249,8.169642740085692e-11,204
FrequencyHopping,tabular,209,GDA,60,0.2020309614610551,-0.5647025195969224,2.6198775384789816,2.044318930765207,0.37520433999850433,8.331113576787175e-13,249,8.93232154908219e-11,203
FrequencyHopping,tabular,209,GDA,65,0.21629321207976804,-0.6034103232359532,2.627698129250188,2.048895225603339,0.3746408255883976,8.206768598029157e-13,249,8.772182980010257e-11,203
FrequencyHopping,tabular,209,GDA,70,0.22943060872375887,-0.64118796513611,2.6316634061099107,2.051753766396766,0.3740380370774712,8.961720254774264e-13,248,8.596989786724407e-11,203
FrequencyHopping,tabular,209,GDA,75,0.24136616225488255,-0.6779483596066537,2.6316870603612545,2.052665120956185,0.373399485939866,8.79296635503124e-13,248,8.406786378145625e-11,203
FrequencyHopping,tabular,209,GDA,80,0.2520295352256884,-0.7136074201916216,2.627692708498983,2.0514182736653295,0.37272897552192946,8.610889778992714e-13,248,8.201572754273911e-11,203
FrequencyHopping,tabular,209,GDA,85,0.2613577845086057,-0.7523419995022411,2.623872586357045,2.0478130836411976,0.37203041636237855,8.419931418757187e-13,248,8.86837270286378e-11,202
FrequencyHopping,tabular,209,GDA,90,0.2692960955536502,-0.7957466895355648,2.6218451127028537,2.041658786516137,0.3713076231500578,8.213429936176908e-13,248,8.607670132221301e-11,202
FrequencyHopping,tabular,209,GDA,95,0.27579849392738365,-0.8382021297640598,2.6160239501496934,2.032775526022578,0.37056410391139344,8.884004643050503e-13,247,8.33089153218225e-11,202
FrequencyHopping,tabular,209,GDA,100,0.28082851774896667,-0.8796044983283187,2.606348216838456,2.0209978619360465,0.36980285377706285,8.628653347386717e-13,247,8.931722028648892e-11,201
FrequencyHopping,tabular,209,Adam-GDA,0,-0.022822316132735176,-0.40218138441891216,2.606224093349656,2.0640681334940933,0.37844511675596987,8.93507490218326e-13,249,8.736456003077819e-11,204
FrequencyHopping,tabular,209,Adam-GDA,5,0.16818755333781898,-0.5695262223802972,2.6611014711180356,2.074719531511224,0.38177773353067956,8.5087492607272e-13,249,8.237410753508811e-11,204
FrequencyHopping,tabular,209,Adam-GDA,10,0.22487230484944798,-1.1647679368979675,2.738295638222377,2.154784148813371,0.3853992753087857,8.850697952311748e-13,246,8.208278501342647e-11,201
FrequencyHopping,tabular,209,Adam-GDA,15,0.10611824201467904,-1.69650717276101,2.905827275092117,2.325625531759689,0.44346923631235025,8.43991543320044e-13,247,8.946865470704779e-11,201
FrequencyHopping,tabular,209,Adam-GDA,20,-0.116266659046496,-2.0747369374797655,3.2067903000565035,2.651728338266775,0.5185907557553706,8.357758929378178e-13,249,8.171086030017705e-11,204
FrequencyHopping,tabular,209,Adam-GDA,25,-0.3398260448258701,-2.295992747327297,3.713869839092067,3.184287426925574,0.6068159107572251,8.37108160567368e-13,250,8.333334022836425e-11,205
FrequencyHopping,tabular,209,Adam-GDA,30,-0.46581837377874336,-2.295976251331796,3.9125182230075435,3.435907317937641,0.680740273839879,8.331113576787175e-13,250,8.285683250619513e-11,205
FrequencyHopping,tabular,209,Adam-GDA,35,-0.4482411269742338,-2.1050623626412213,4.2102169169998405,3.707054087689951,0.7298148576063967,8.602007994795713e-13,249,8.854583732897936e-11,204
FrequencyHopping,tabular,209,Adam-GDA,40,-0.2716812937408982,-2.113754270872114,4.668691813838573,4.217260555820687,0.7624139526003924,8.495426584431698e-13,251,8.128164807885696e-11,207
FrequencyHopping,tabular,209,Adam-GDA,45,0.04123098873831561,-2.6191515861287393,5.520168829102552,5.049178662109729,0.7781939074495787,8.615330671091215e-13,252,8.418332697601727e-11,208
FrequencyHopping,tabular,209,Adam-GDA,50,0.4139689548369987,-3.0019319986274993,6.055982862684527,5.617772456819214,0.7662881388849433,8.22897305852166e-13,253,8.939204931834865e-11,208
FrequencyHopping,tabular,209,Adam-GDA,55,0.6952754230045832,-3.4342270334751577,6.522422923472313,6.069878610834519,0.7678463300395313,8.22453216642316e-13,254,8.643663562679649e-11,209
FrequencyHopping,tabular,209,Adam-GDA,60,0.7436699461236564,-3.9811603574973993,6.964099095537472,6.520036897150957,0.8378934327677099,8.526512829121202e-13,255,8.218581371011169e-11,211
FrequencyHopping,tabular,209,Adam-GDA,65,0.5364238434358621,-4.686768141258669,7.466403292952202,7.012909768174493,0.9285606975007259,8.171241461241152e-13,257,8.810374652057362e-11,212
FrequencyHopping,tabular,209,Adam-GDA,70,0.16979431909259696,-5.0811945377968515,7.796406913624205,7.323089198661613,1.008146771569213,8.846257060213247e-13,257,8.632028425381577e-11,213
FrequencyHopping,tabular,209,Adam-GDA,75,-0.2037031494810509,-5.159935793828551,8.146490861148862,7.665689755358296,1.073970315578734,8.952838470577262e-13,257,8.780975946365288e-11,213
FrequencyHopping,tabular,209,Adam-GDA,80,-0.3940582768451137,-5.577147788530122,8.86303522593922,8.400802815210328,1.1241773239781094,8.766321002440236e-13,258,8.626699354863376e-11,214
FrequencyHopping,tabular,209,Adam-GDA,85,-0.2810500075299156,-5.971860835108698,9.68742375750342,9.215127539882689,1.1393389832615233,8.455458555545192e-13,259,8.354206215699378e-11,215
FrequencyHopping,tabular,209,Adam-GDA,90,-0.006676676963371438,-6.238655428697332,10.305506196006712,9.851034510764604,1.0732494514528557,8.801848139228241e-13,259,8.714007293519899e-11,215
FrequencyHopping,tabular,209,Adam-GDA,95,0.16080407926992535,-6.572779158184399,10.861447306613147,10.426606539541307,1.0209464092330993,8.313350008393172e-13,260,8.257128314426154e-11,216
FrequencyHopping,tabular,209,Adam-GDA,100,0.11717202545686496,-6.562407910530489,11.06107702613226,10.63441848341504,1.0732148199957925,8.251177519014163e-13,260,8.234035675513951e-11,216
FrequencyHopping,tabular,209,EGM,0,-0.022822316132735176,-0.40218138441891216,2.606224093349656,2.0640681334940933,0.37844511675596987,8.93507490218326e-13,249,8.736456003077819e-11,204
FrequencyHopping,tabular,209,EGM,5,-0.0025363144213348537,-0.3783751043055945,2.5844932630861326,2.0409699691821737,0.3783188362529451,8.943956686380261e-13,249,8.745737467563686e-11,204
FrequencyHopping,tabular,209,EGM,10,0.017799503141572713,-0.35583865058314124,2.5614133657705604,2.0233708642481263,0.3781580238914008,8.93951579428176e-13,249,8.742784274318183e-11,204
FrequencyHopping,tabular,209,EGM,15,0.03807970945545067,-0.3531279682270071,2.5555013051154325,2.0109177440490345,0.37795930950001644,8.926193117986259e-13,249,8.72750760549934e-11,204
FrequencyHopping,tabular,209,EGM,20,0.05819830125437088,-0.36369211952079766,2.560168954611141,2.0032726528046823,0.3777195788855766,8.903988657493755e-13,249,8.699729825423219e-11,204
FrequencyHopping,tabular,209,EGM,25,0.07804920561303601,-0.3738177836164083,2.5616678128985475,2.000085814081264,0.37743607909546595,8.86846152070575e-13,249,8.659206685024401e-11,204
FrequencyHopping,tabular,209,EGM,30,0.09752680137999917,-0.38347616454733113,2.5599361087836217,2.000853047753128,0.37710652008951023,8.824052599720744e-13,249,8.605827162000423e-11,204
FrequencyHopping,tabular,209,EGM,35,0.11652645797605235,-0.40280193906253514,2.565077993455318,2.004768656518322,0.3767291683321059,8.761880110341735e-13,249,8.539435825127839e-11,204
FrequencyHopping,tabular,209,EGM,40,0.1349450942106898,-0.4326729648677871,2.577943545919823,2.0107645809842594,0.3763029273319457,8.695266728864226e-13,249,8.459921652104185e-11,204
FrequencyHopping,tabular,209,EGM,45,0.1526817597022151,-0.4620834073850241,2.5875022541033568,2.017737911330468,0.37582739988606445,8.615330671091215e-13,249,8.367107007245522e-11,204
FrequencyHopping,tabular,209,EGM,50,0.16963824107700198,-0.49096360674065265,2.593663296262878,2.024760225108104,0.3753029268104229,8.522071937022702e-13,249,8.260969686091357e-11,204
FrequencyHopping,tabular,209,EGM,55,0.18571969432951987,-0.5238375561868839,2.6009334950929253,2.0311463748523244,0.37473059733676506,8.419931418757187e-13,249,8.14142087079972e-11,204
FrequencyHopping,tabular,209,EGM,60,0.2008353035298801,-0.5631244038294808,2.61171935551821,2.036417675286508,0.37411222718312004,8.30002733209767e-13,249,8.898215497765705e-11,203
FrequencyHopping,tabular,209,EGM,65,0.21489896448036105,-0.6015484301164933,2.6187376353733915,2.0402321324993338,0.37345030159306186,8.177902799388903e-13,249,8.735390188974179e-11,203
FrequencyHopping,tabular,209,EGM,70,0.22782998998666176,-0.6390213806321893,2.6218983226298755,2.042324175649594,0.37274788237779233,8.926193117986259e-13,248,8.557621278271199e-11,203
FrequencyHopping,tabular,209,EGM,75,0.23955383119332468,-0.6754575447125195,2.6211204009769777,2.0424662166842955,0.3720084801286672,8.755218772193984e-13,248,8.364975379038242e-11,203
FrequencyHopping,tabular,209,EGM,80,0.2500028070341231,-0.7107744352169602,2.616333247419359,2.0404492621011197,0.37123589518649824,8.575362642204709e-13,248,8.157452491275308e-11,203
FrequencyHopping,tabular,209,EGM,85,0.2591168313901605,-0.7496384265100928,2.612223004353876,2.036075513385587,0.37043403349459425,8.379963389870682e-13,248,8.817013785744621e-11,202
FrequencyHopping,tabular,209,EGM,90,0.26684412517362033,-0.792615735086718,2.6093842931233153,2.0291571305897778,0.3696067059151945,8.173461907290402e-13,248,8.554135177973876e-11,202
FrequencyHopping,tabular,209,EGM,95,0.27314189841825975,-0.8346135404066521,2.602762046674627,2.019518079973403,0.3687574217113212,8.835154829966996e-13,247,8.275513607713947e-11,202
FrequencyHopping,tabular,209,EGM,100,0.27797698571703733,-0.8755291370162207,2.592301330411617,2.006997887702939,0.36788918843680035,8.575362642204709e-13,247,8.868394907324273e-11,201
FrequencyHopping,tabular,209,PPM-3,0,-0.022822316132735176,-0.40218138441891216,2.606224093349656,2.0640681334940933,0.37844511675596987,8.93507490218326e-13,249,8.736456003077819e-11,204
FrequencyHopping,tabular,209,PPM-3,5,-0.0025372469579222883,-0.3783762744449075,2.5844938171625804,2.040970476499341,0.37831885967215595,8.943956686380261e-13,249,8.7456930586427e-11,204
FrequencyHopping,tabular,209,PPM-3,10,0.01779763433877557,-0.3558409554502951,2.5614146971055396,2.0233713529341335,0.3781580646674139,8.93951579428176e-13,249,8.74276206985769e-11,204
FrequencyHopping,tabular,209,PPM-3,15,0.038076914404850185,-0.35312694873291295,2.555499227932504,2.010917727238164,0.3779593620071815,8.926193117986259e-13,249,8.72750760549934e-11,204
FrequencyHopping,tabular,209,PPM-3,20,0.05819460400073777,-0.3636907128714973,2.5601666945523456,2.003271685956518,0.37771963806885955,8.903988657493755e-13,249,8.699729825423219e-11,204
FrequencyHopping,tabular,209,PPM-3,25,0.0780446444767871,-0.3738159707587569,2.561665654918578,2.000083522520413,0.37743614057983277,8.86846152070575e-13,249,8.659206685024401e-11,204
FrequencyHopping,tabular,209,PPM-3,30,0.09752142917931879,-0.3834739320379633,2.5599343594766113,2.0008492061301375,0.37710658025972843,8.824052599720744e-13,249,8.605849366460916e-11,204
FrequencyHopping,tabular,209,PPM-3,35,0.11652034221853128,-0.40279175540161627,2.5650694578108135,2.0047632741883405,0.3767292243793443,8.761880110341735e-13,249,8.539458029588332e-11,204
FrequencyHopping,tabular,209,PPM-3,40,0.1349383172445683,-0.43266130365916855,2.57793505081511,2.010757901245074,0.37630297726572853,8.695266728864226e-13,249,8.459921652104185e-11,204
FrequencyHopping,tabular,209,PPM-3,45,0.15267441880973187,-0.46207029732212185,2.58749419846851,2.0177303231424366,0.3758274425128609,8.619771563189715e-13,249,8.367129211706015e-11,204
FrequencyHopping,tabular,209,PPM-3,50,0.16963044848431708,-0.4909490915237345,2.593656110954443,2.0247521684748655,0.37530296168334437,8.522071937022702e-13,249,8.261014095012342e-11,204
FrequencyHopping,tabular,209,PPM-3,55,0.18571157709982544,-0.5238166483133351,2.6009225963432936,2.0311382891819907,0.37473062468413754,8.415490526658687e-13,249,8.141465279720705e-11,204
FrequencyHopping,tabular,209,PPM-3,60,0.20082700329936337,-0.5631018495561946,2.6117099091832143,2.0364099869406607,0.3741122478268126,8.30002733209767e-13,249,8.89825990668669e-11,203
FrequencyHopping,tabular,209,PPM-3,65,0.21489063699139155,-0.6015243461027439,2.6187301924111943,2.040225261665541,0.37345031686997066,8.177902799388903e-13,249,8.735456802355657e-11,203
FrequencyHopping,tabular,209,PPM-3,70,0.22782180436963548,-0.6389959030882032,2.621893466565967,2.0423185480033617,0.3727478940793155,8.926193117986259e-13,248,8.557754505034154e-11,203
FrequencyHopping,tabular,209,PPM-3,75,0.2395459689487221,-0.6754308293322755,2.621118745572629,2.0424622735108513,0.3720084904730631,8.757439218243235e-13,248,8.365064196880212e-11,203
FrequencyHopping,tabular,209,PPM-3,80,0.24999546066996411,-0.7107466567742673,2.616335433374973,2.0404474678096918,0.37123590683725527,8.575362642204709e-13,248,8.157607922498755e-11,203
FrequencyHopping,tabular,209,PPM-3,85,0.2591102026775494,-0.7495990262151171,2.612218943114944,2.0360763610753736,0.37043404963431165,8.379963389870682e-13,248,8.817213625889053e-11,202
FrequencyHopping,tabular,209,PPM-3,90,0.26683842299450833,-0.7925741623416029,2.6093839044205693,2.029161145676878,0.3696067303789556,8.173461907290402e-13,248,8.554379427039294e-11,202
FrequencyHopping,tabular,209,PPM-3,95,0.27313733619470093,-0.8345699484935547,2.602765949350938,2.019525820759431,0.36875745917650615,8.832934383917745e-13,247,8.27580226570035e-11,202
FrequencyHopping,tabular,209,PPM-3,100,0.2779737784295534,-0.8754837074123039,2.5923101612785393,2.00700994148914,0.36788924465830297,8.575362642204709e-13,247,8.86872797423166e-11,201
