environment,mode,seed,step,rotation,cos_fg,d,beta,gamma,gamma_active,g_contribution,predicted_decrease,realized_decrease,inflation,backtracks,max_soft_residual
RPS,tabular,200,1,35.180743008783146,0.006500673553684052,8.217686942235495,0.03,0.03,1.0,0.6514444026992178,0.24435267990744766,0.2437901447843167,0.0,0,8.978107146617731e-11
RPS,tabular,200,2,31.850631273538117,0.01534052297336391,6.888456508311251,0.03,0.03,1.0,0.6521363195934149,0.204519364331944,0.2040202617691056,0.0,0,8.978251475610932e-11
RPS,tabular,200,3,28.718870548715024,0.022865251449200465,5.716669664168139,0.03,0.03,1.0,0.6529191432211441,0.16942452303575387,0.16901255149691796,0.0,0,8.807321538739643e-11
RPS,tabular,200,4,26.225387983813217,0.029154227682523903,4.694870357164373,0.03,0.03,1.0,0.6537406342302285,0.13883889863412235,0.1385249692174093,0.0,0,8.799524997549213e-11
RPS,tabular,200,5,24.33885031448865,0.034317397251422195,3.8174519415918025,0.03,0.03,1.0,0.6545595348255844,0.11260189010181772,0.11238106907841483,0.0,0,8.972841913923446e-11
RPS,tabular,200,6,22.9338188621816,0.03848034797675646,3.076925230083813,0.03,0.03,1.0,0.6553448369176001,0.09049562634416732,0.0903517455002803,0.0,0,8.988527977482619e-11
RPS,tabular,200,7,21.894314820513745,0.04177361430786604,2.46238815351456,0.03,0.03,1.0,0.6560745598015285,0.07219342726187337,0.072106197826036,0.0,0,8.901432368979556e-11
RPS,tabular,200,8,21.13098429167937,0.04432535364177313,1.9599180023654204,0.03,0.03,1.0,0.6567343427741623,0.05727238337001626,0.057223001173327265,0.0,0,8.990495153904376e-11
RPS,tabular,200,9,20.57778305766156,0.046256585689408325,1.5539795597208257,0.03,0.03,1.0,0.65731603955304,0.045258548042515306,0.04523241738108813,0.0,0,8.914725208031271e-11
RPS,tabular,200,10,20.18581038260226,0.04767831580618199,1.2289706984808315,0.03,0.03,1.0,0.6578164172030776,0.03567575184249037,0.035662872648547006,0.0,0,8.929403050306206e-11
RPS,tabular,200,11,19.918174554016364,0.04869000741114708,0.9703943734992041,0.03,0.03,1.0,0.6582360071884766,0.028082089693830498,0.028076236344638322,0.0,0,8.892126618365026e-11
RPS,tabular,200,12,19.746326699971814,0.049378999254222546,0.7655162398667402,0.03,0.03,1.0,0.658578122735592,0.022090122376189823,0.022087737650618222,0.0,0,8.919808815177621e-11
RPS,tabular,200,13,19.647580927893557,0.04982057014557159,0.6035862176999727,0.028721564775718553,0.03,1.0,0.668567690403316,0.017374168418144063,0.017373264905850463,0.0,0,8.919808815177621e-11
RPS,tabular,200,14,19.60496908335073,0.05007891436512107,0.47574249836625726,0.027255427555232598,0.03,1.0,0.6802580113230746,0.013667817027946779,0.013667466023936758,0.0,0,8.948140492459622e-11
RPS,tabular,200,15,19.597209827227807,0.05022184492668241,0.3748669171308214,0.026182915587271368,0.03,1.0,0.6890431224317077,0.010754417298730556,0.010754273822709354,0.0,0,8.948140492459622e-11
RPS,tabular,200,16,19.608577462712418,0.05029680836466771,0.29530494455284156,0.02545061253709408,0.03,1.0,0.6951558092790018,0.008463306038247638,0.00846323523609245,0.0,0,8.813183516309664e-11
RPS,tabular,200,17,19.629279401625357,0.05033331531706698,0.23257460616196365,0.025003145516757728,0.03,1.0,0.6989329545569809,0.006660888854183362,0.0066608463496795264,0.0,0,8.809061466386048e-11
RPS,tabular,200,18,19.65328780877723,0.050349612114823174,0.18313025208178801,0.02478940639408916,0.03,1.0,0.7007412442548808,0.005242554867264746,0.005242528234392054,0.0,0,8.973817348933988e-11
RPS,tabular,200,19,19.676916559902,0.05035703895425654,0.14416919066301304,0.024764706004823552,0.03,1.0,0.7009357864620278,0.004126278270733288,0.004126262346338786,0.0,0,8.985562597804697e-11
RPS,tabular,200,20,19.69791582344089,0.05036274602386237,0.1134769097697095,0.024890838683476274,0.03,1.0,0.6998411624468902,0.003247652082012803,0.0032476438970248517,0.0,0,8.936994807390297e-11
RPS,tabular,200,21,19.714911469051394,0.05037133598998567,0.08930440383515198,0.02513535425247915,0.03,1.0,0.6977448161801904,0.002556052897710263,0.002556050282932954,0.0,0,8.992738541671597e-11
RPS,tabular,200,22,19.72706811370837,0.05038583331230389,0.07027093007006364,0.025470591737779203,0.03,1.0,0.6948970859222883,0.002011664140957849,0.00201166538823802,0.0,0,8.902774828109528e-11
RPS,tabular,200,23,19.73389418589609,0.05040824162112481,0.05528694435186464,0.025872751645975495,0.03,1.0,0.691514223430943,0.0015831557781012715,0.0015831595510005835,0.0,0,8.911430577837609e-11
RPS,tabular,200,24,19.735135234114512,0.05043985330687404,0.04349304175445125,0.026321123138463604,0.03,1.0,0.6877823264255623,0.0012458692817407266,0.0012458745636129281,0.0,0,8.971845944123757e-11
RPS,tabular,200,25,19.73072029026657,0.050481413161486716,0.03421159885523936,0.026797502481661045,0.03,1.0,0.6838611090509115,0.000980394211953275,0.0009804002527484213,0.0,0,8.903385364036898e-11
RPS,tabular,200,26,19.720738135983726,0.05053319956687193,0.026908499808256315,0.027285800404261693,0.03,1.0,0.6798870328207395,0.0007714500742535478,0.0007714563375218293,0.0,0,8.973485951697946e-11
RPS,tabular,200,27,19.705428059556397,0.050595063537367285,0.02116286555798768,0.027771816488412312,0.03,1.0,0.67597566887713,0.0006070071003837215,0.0006070132159310421,0.0,0,8.947799500034354e-11
RPS,tabular,200,28,19.685174788823186,0.05066645176699578,0.016643130273222652,0.028243148548468325,0.03,1.0,0.6722233548747553,0.00047759450204097327,0.00047760022680459497,0.0,0,8.99530749366717e-11
RPS,tabular,200,29,19.66050087188399,0.05074643073988177,0.013088146891763346,0.028689198651039298,0.03,1.0,0.6687083138243454,0.0003757560559343421,0.00037576124292014153,0.0,0,8.835934647800567e-11
RPS,tabular,200,30,19.632052553077997,0.050833722508196885,0.010292273333993216,0.02910123403872519,0.03,1.0,0.6654914484725079,0.00029562157536824484,0.00029562614946429555,0.0,0,8.994589735565953e-11
RPS,tabular,200,31,19.600577520445892,0.05092675757105119,0.008093606450924124,0.029472462064440468,0.03,1.0,0.6626170228795728,0.00023256957693939206,0.00023257351588281978,0.0,0,8.982923736453041e-11
RPS,tabular,200,32,19.566894893971472,0.05102374580260923,0.006364702905462699,0.029798080286625464,0.03,1.0,0.660113431142859,0.00018296172568177068,0.00018296504508361815,0.0,0,8.968572550740149e-11
RPS,tabular,200,33,19.531859425521723,0.051122762507701563,0.005005263481132815,0.03,0.03,1.0,0.6585578996962508,0.00014393376587323298,0.00014393650979062464,0.0,0,8.976981159293518e-11
RPS,tabular,200,34,19.496340091164505,0.05122178572413495,0.003936367723093203,0.03,0.03,1.0,0.658523656036406,0.00011323076667568902,0.0001132329918355538,0.0,0,8.948547236325641e-11
RPS,tabular,200,35,19.461236162404052,0.05131865804916906,0.00309593084056606,0.03,0.03,1.0,0.6584938982924764,8.907810971868173e-05,8.907987539995212e-05,0.0,0,8.946711371694751e-11
RPS,tabular,200,36,19.427326851645763,0.051411526190206544,0.0024351148449558865,0.03,0.03,1.0,0.6584684423431835,7.007913024171026e-05,7.008050386798296e-05,0.0,0,8.962216303017977e-11
RPS,tabular,200,37,19.395234846576155,0.05149890009669576,0.001915510282409943,0.03,0.03,1.0,0.6584470125208867,5.5134451173450824e-05,5.5135500452555474e-05,0.0,0,8.913538574503287e-11
RPS,tabular,200,38,19.365431126097935,0.05157964991169435,0.00150691647277127,0.03,0.03,1.0,0.6584292705255336,4.337890070353777e-05,4.3379688618450015e-05,0.0,0,8.915554960828775e-11
RPS,tabular,200,39,19.338245567970688,0.051652988412446116,0.0011855914067175522,0.03,0.03,1.0,0.6584148400817585,3.413175710853719e-05,3.4132339185215726e-05,0.0,0,8.89808227100275e-11
RPS,tabular,200,40,19.31388123974265,0.051718442948349146,0.0009328728346705541,0.03,0.03,1.0,0.6584033274552319,2.685751764820412e-05,2.685794092403086e-05,0.0,0,8.98550567278607e-11
RPS,tabular,200,41,19.292430710476992,0.0517758203560011,0.0007340924943039044,0.03,0.03,1.0,0.6583943380536947,2.1134977428170832e-05,2.1135280472039697e-05,0.0,0,8.952577346243843e-11
RPS,tabular,200,42,19.273893124299562,0.051825167799339524,0.0005777216424160394,0.03,0.03,1.0,0.6583874894172637,1.6632867875651427e-05,1.663308146063907e-05,0.0,0,8.811055218635932e-11
RPS,tabular,200,43,19.258191119786954,0.05186673196682107,0.00045469894794676266,0.03,0.03,1.0,0.6583824209551725,1.3090671132297855e-05,1.3090819264530936e-05,0.0,0,8.816469554539922e-11
RPS,tabular,200,44,19.245186957395443,0.051900918571207266,0.0003579020457274889,0.03,0.03,1.0,0.658378800815895,1.030351666318787e-05,1.0303617665106663e-05,0.0,0,8.772196968844084e-11
RPS,tabular,200,45,19.23469743457428,0.051928253651003876,0.00028173218145161435,0.03,0.03,1.0,0.6583763302883762,8.110295524107424e-06,8.110363143892925e-06,0.0,0,8.944580409678884e-11
RPS,tabular,200,46,19.226507333216205,0.05194934777245138,0.00022178782659589444,0.03,0.03,1.0,0.6583747461275309,6.384309870518041e-06,6.3843542185197995e-06,0.0,0,8.918708438402788e-11
RPS,tabular,200,47,19.22038126635172,0.05196486388078684,0.0001746082492269446,0.03,0.03,1.0,0.6583738211806625,5.025918597022466e-06,5.025947008544141e-06,0.0,0,8.999364586921051e-11
RPS,tabular,200,48,19.21607387987688,0.05197548925030438,0.00013747206633502157,0.03,0.03,1.0,0.6583733636661004,3.956754376575366e-06,3.95677205692846e-06,0.0,0,8.968079612250846e-11
RPS,tabular,200,49,19.213338428770427,0.05198191173366096,0.00010823899356611376,0.03,0.03,1.0,0.6583732154238692,3.11517676885544e-06,3.115187372818016e-06,0.0,0,8.965062692227447e-11
RPS,tabular,200,50,19.211933792299643,0.05198480030945284,8.522552667434556e-05,0.03,0.03,1.0,0.6583732494229573,2.4526977620578006e-06,2.452703803555816e-06,0.0,0,8.965062692227447e-11
RPS,tabular,200,51,19.211630024169175,0.05198478976983779,6.710727172754698e-05,0.03,0.03,1.0,0.6583733667726819,1.9311717353863723e-06,1.931174932579221e-06,0.0,0,8.964434528019785e-11
RPS,tabular,200,52,19.212212555066884,0.05198246927265757,5.284220325009041e-05,0.03,0.03,1.0,0.6583734934483817,1.5205865683961104e-06,1.5205880343775504e-06,0.0,0,8.862252931515065e-11
RPS,tabular,200,53,19.213485179138758,0.051978374400467056,4.1610357741463477e-05,0.03,0.03,1.0,0.6583735769054875,1.1973269740212016e-06,1.197327441249022e-06,0.0,0,8.988878974489313e-11
RPS,tabular,200,54,19.215271964254278,0.051972982317270065,3.276643468587727e-05,0.03,0.03,1.0,0.6583735827218209,9.428093083249919e-07,9.428092408664035e-07,0.0,0,8.959910813272636e-11
RPS,tabular,200,55,19.217418229623785,0.051966709587779616,2.580253638388327e-05,0.0299757794780783,0.03,1.0,0.6585551290547146,7.424081373189092e-07,7.424078067430474e-07,0.0,0,8.918579874619735e-11
RPS,tabular,200,56,19.21979130272769,0.051959910991907846,2.0318872077662648e-05,0.029953173150547966,0.03,1.0,0.6587245549767536,5.84612119310635e-07,5.846116904796508e-07,0.0,0,8.992119049366073e-11
RPS,tabular,200,57,19.22227781417566,0.05195288666959924,1.6000719859694754e-05,0.029935353891395813,0.03,1.0,0.6588580200963413,4.603601734214613e-07,4.603597422630801e-07,0.0,0,8.978150223272357e-11
RPS,tabular,200,58,19.224784967282393,0.05194587969593471,1.2600307472099769e-05,0.029921803616946897,0.03,1.0,0.6589593805631825,3.625194577406906e-07,3.625190675688249e-07,0.0,0,8.852949040513725e-11
RPS,tabular,200,59,19.2272391236589,0.05193908051903313,9.922557684323164e-06,0.029911935655566407,0.03,1.0,0.6590330271515056,2.8547462232819404e-07,2.8547429963462366e-07,0.0,0,8.683458618819765e-11
RPS,tabular,200,60,19.229583927090555,0.05193263251512975,7.813872884899174e-06,0.02990525493017049,0.03,1.0,0.6590826768222806,2.2480474763422655e-07,2.2480448365801205e-07,0.0,0,8.892506730972553e-11
RPS,tabular,200,61,19.231778310687567,0.05192663777402817,6.153309808594601e-06,0.029901234019651394,0.03,1.0,0.6591122988740663,1.7702904661121003e-07,1.7702883360942236e-07,0.0,0,8.918917604462026e-11
RPS,tabular,200,62,19.233794469244813,0.051921162893865676,4.845633882787555e-06,0.029899287596584754,0.03,1.0,0.6591263034686493,1.3940683000567471e-07,1.3940667435731858e-07,0.0,0,8.913904947505844e-11
RPS,tabular,200,63,19.23561586211592,0.05191624461088,3.8158522336415335e-06,0.029899083904481132,0.03,1.0,0.659127198010467,1.0978011294097002e-07,1.097799959618751e-07,0.0,0,8.947864449379901e-11
RPS,tabular,200,64,19.237235308197658,0.051911895104781454,3.0049101544795024e-06,0.029900172860176717,0.03,1.0,0.6591183795080077,8.64496087311866e-08,8.644952319010082e-08,0.0,0,8.998188860686621e-11
RPS,tabular,200,65,19.238653194059573,0.05190810693536787,2.3663029988561608e-06,0.029902249911407254,0.03,1.0,0.6591021504138104,6.807724012761977e-08,6.807717269485328e-08,0.0,0,8.99121976871745e-11
RPS,tabular,200,66,19.23987583720297,0.051904857505333336,1.8634087149214228e-06,0.029904688311337718,0.03,1.0,0.6590832321674243,5.3609291899913344e-08,5.3609253615216075e-08,0.0,0,8.979962107246428e-11
RPS,tabular,200,67,19.240914005853664,0.05190211305754889,1.4673875816461039e-06,0.029907822373234565,0.03,1.0,0.6590591226246236,4.221604997371238e-08,4.2216018450030376e-08,0.0,0,8.897099723625956e-11
RPS,tabular,200,68,19.24178164133476,0.051899832092283577,1.1555281563187032e-06,0.02991089164204145,0.03,1.0,0.6590355428052297,3.324407347648633e-08,3.3244054716134236e-08,0.0,0,8.91884166520644e-11
RPS,tabular,200,69,19.24249471569222,0.051897968395455255,9.099454685970453e-07,0.029913998628759122,0.03,1.0,0.6590117274724901,2.617882657989562e-08,2.6178810446644402e-08,0.0,0,8.91884166520644e-11
RPS,tabular,200,70,19.24307030426618,0.051896473470411084,7.165547495284831e-07,0.029917090913938956,0.03,1.0,0.6589880734601601,2.061509562146667e-08,2.0615082066011828e-08,0.0,0,8.964562425717304e-11
RPS,tabular,200,71,19.243525804039773,0.051895298566379866,5.642644537750809e-07,0.029919884402302935,0.03,1.0,0.6589667159090771,1.623378461294581e-08,1.6233774689545632e-08,0.0,0,8.935281181621215e-11
RPS,tabular,200,72,19.243878310951214,0.0518943962726193,4.443400066307017e-07,0.029921813661798028,0.03,1.0,0.658951901009626,1.2783602559431084e-08,1.2783603087372507e-08,0.0,0,8.894790903823853e-11
RPS,tabular,200,73,19.244144143518234,0.05189372171666132,3.499029783085993e-07,0.029924657167641644,0.03,1.0,0.658930269487116,1.0066691115806145e-08,1.0066685435968171e-08,0.0,0,8.921779315329532e-11
RPS,tabular,200,74,19.244338506192232,0.051893233390376894,2.755367288070431e-07,0.02992649414684547,0.03,1.0,0.6589162448040652,7.92718863752346e-09,7.927188344954068e-09,0.0,0,8.89186657637709e-11
RPS,tabular,200,75,19.244475230268975,0.05189289376329912,2.1697568692779536e-07,0.029927359839729897,0.03,1.0,0.658909558220898,6.2423956901910956e-09,6.242397853113623e-09,0.0,0,8.931405615086874e-11
RPS,tabular,200,76,19.244566649188553,0.051892669544790146,1.7086076491115686e-07,0.029929624957754964,0.03,1.0,0.6588924025356766,4.915677848549962e-09,4.91567722622801e-09,0.0,0,8.978290111372194e-11
RPS,tabular,200,77,19.244623535398595,0.05189253178449887,1.3454687016144863e-07,0.029930181676892,0.03,1.0,0.6588881120485599,3.870930163923121e-09,3.87092707733096e-09,0.0,0,8.984350596819006e-11
RPS,tabular,200,78,19.24465509890797,0.05189245580428441,1.0595090915412824e-07,0.02993108853569646,0.03,1.0,0.658881223840625,3.048221912569242e-09,3.0482208317272745e-09,0.0,0,8.991093869425963e-11
RPS,tabular,200,79,19.244669046565612,0.051892420979816514,8.343257441840797e-08,0.029929941182020463,0.03,1.0,0.6588897884138588,2.4003648821181573e-09,2.4003668900192746e-09,0.0,0,8.955429064982921e-11
RPS,tabular,200,80,19.244671676022797,0.05189241042374904,6.570021930774606e-08,0.029930791860753942,0.03,1.0,0.6588833723369191,1.8902055278185944e-09,1.890204061608157e-09,0.0,0,8.988807698173676e-11
RPS,tabular,200,81,19.244667985770477,0.05189241063288899,5.173658759124652e-08,0.029933573602836935,0.03,1.0,0.6588624753577821,1.4884737494492742e-09,1.488469268243043e-09,0.0,0,8.974156751051506e-11
RPS,tabular,200,82,19.244661815571778,0.05189241104598417,4.074071806074452e-08,0.009446417193271087,0.03,1.0,0.8595520395103273,1.1195876049205276e-09,1.1635225061311286e-09,8.882751776375029e-08,0,8.885407076775212e-11
RPS,tabular,200,83,19.24469443690986,0.051892296997293315,3.2145374813033185e-08,0.00925599384414987,0.03,1.0,0.8619925291090696,8.823388280797824e-10,9.179198036258767e-10,7.219525298630498e-08,0,8.986535515731477e-11
RPS,tabular,200,84,19.244724311921296,0.0518921847185448,2.536437616125044e-08,0.009023114156870066,0.03,1.0,0.8649960375226535,6.951672191749268e-10,7.241630252028299e-10,5.908323040832899e-08,0,7.926825862369923e-11
RPS,tabular,200,85,19.244751700418497,0.05189207190927156,2.0014747156491888e-08,0.008746977701079057,0.03,1.0,0.8685846671086226,5.475156688439697e-10,5.713111969961161e-10,4.873220065689651e-08,0,6.289778697876612e-11
RPS,tabular,200,86,19.244776826054718,0.05189195594543818,1.5794257277557793e-08,0.008418820665786189,0.03,1.0,0.872888251740722,4.310345574747738e-10,4.507282311662435e-10,4.056791419633897e-08,0,4.988136570460711e-11
RPS,tabular,200,87,19.244799891683982,0.05189183372603092,1.246455178572375e-08,0.00803917515344741,0.03,1.0,0.8779205851244907,3.3914749916413677e-10,3.556035539321149e-10,3.4119043357198426e-08,0,3.9535195117679217e-11
RPS,tabular,200,88,19.24482107006385,0.05189170155845468,9.837566164239287e-09,0.007543491765908096,0.03,1.0,0.8845790315466823,2.6650374023771446e-10,2.8054985615269945e-10,2.9359522374664804e-08,0,3.131475079243273e-11
RPS,tabular,200,89,19.24484057040843,0.051891554802827276,7.76507832155237e-09,0.006196724005076412,0.03,1.0,0.9031906744964404,2.0717510687967583e-10,2.2120232933471648e-10,2.989545402713622e-08,0,2.478384164561476e-11
RPS,tabular,200,90,19.244859164925387,0.051891386281123796,6.130931798257275e-09,0.005070726127444056,0.03,1.0,0.9193632804165777,1.6049483386995937e-10,1.744837254648496e-10,3.022585356965072e-08,0,1.9574868392879803e-11
RPS,tabular,200,91,19.244876529387295,0.051891190441320054,4.841983322661825e-09,0.004133127882013302,0.03,1.0,0.9332785290402068,1.2374730261197866e-10,1.3768372205939074e-10,3.038738982808073e-08,0,1.5434606925879278e-11
RPS,tabular,200,92,19.244892485404627,0.05189095962046875,3.824851895271724e-09,0.003353398146170381,0.03,1.0,0.945175697217734,9.479898654281627e-11,1.0868303477008014e-10,3.047624925422518e-08,0,1.2152705508583496e-11
RPS,tabular,200,93,19.244906962482403,0.051890683703656786,3.0219737542761975e-09,0.0027116838038486355,0.03,1.0,0.9551969691184979,7.198420621121892e-11,8.581683283241222e-11,3.049416845059621e-08,0,9.556868629800874e-12
RPS,tabular,200,94,19.24491996189299,0.051890349654071063,2.388008261076807e-09,0.0021861741935988444,0.03,1.0,0.9635631906109914,5.399587617864305e-11,6.777909335456664e-11,3.046654709618349e-08,0,7.507434673925672e-12
RPS,tabular,200,95,19.244931535905867,0.051889940850745844,1.887285046541073e-09,0.0017567192842355417,0.03,1.0,0.9705098052281651,3.9805797929892404e-11,5.354444909649512e-11,3.041849459758958e-08,0,5.891880316966079e-12
RPS,tabular,200,96,19.244941769409426,0.05188943622868799,1.491744794505357e-09,0.00140693032222852,0.03,1.0,0.9762422394568431,2.8607006962464527e-11,4.230709288394615e-11,3.0367823294663576e-08,0,4.620017701739698e-12
RPS,tabular,200,97,19.24495076540796,0.051888809166691925,1.1791994406667818e-09,0.0011238867219151838,0.03,1.0,0.9809306393779662,1.9771673829510147e-11,3.343325266304714e-11,3.0316156939613213e-08,0,3.6198777308982243e-12
RPS,tabular,200,98,19.24495863487251,0.051888026058097635,9.32223662768194e-10,0.0,0.027622569047018698,1.0,1.0,1.2875206246039553e-11,2.442215495962525e-11,3.0275286565674235e-08,0,2.8342062030617397e-12
RPS,tabular,200,99,19.244965149602,0.051887135869811814,7.517972853230135e-10,0.0,0.022752680703413776,1.0,1.0,8.552701793323896e-12,1.637903091745641e-11,3.023490938975012e-08,0,2.260391873676326e-12
RPS,tabular,200,100,19.244969817842268,0.051886258653626,6.308173612862058e-10,0.0,0.019374479815900045,1.0,1.0,6.1108791168794595e-12,1.177906967148932e-11,3.0195994635950106e-08,0,1.879176814156835e-12
RPS,tabular,201,1,16.968351163168183,0.04442013230174524,8.376582174181646,0.0,0.03,1.0,1.0,0.24169915065929626,0.24139473100776754,0.0,0,8.988124133857411e-11
RPS,tabular,201,2,17.294760942779206,0.04616222104651359,6.954314550892196,0.0,0.03,1.0,1.0,0.2001209734000052,0.19989651456667368,0.0,0,8.985537314210035e-11
RPS,tabular,201,3,17.55083703786619,0.04760799015527844,5.735206200967702,0.0,0.03,1.0,1.0,0.16464436086558912,0.16448365351282257,0.0,0,8.955156061141167e-11
RPS,tabular,201,4,17.74956762810901,0.0488017765472044,4.702085185569944,0.0,0.03,1.0,1.0,0.13470607700627604,0.13459367466510985,0.0,0,8.926615002735616e-11
RPS,tabular,201,5,17.90326970042044,0.0497817290383202,3.8355035742705588,0.0,0.03,1.0,1.0,0.10968678071385414,0.10960951418618625,0.0,0,8.95176779924789e-11
RPS,tabular,201,6,18.022721788076133,0.05058062341434963,3.1150784955076833,0.0,0.03,1.0,1.0,0.08895308821595514,0.08890059149299434,0.0,0,8.954288005513789e-11
RPS,tabular,201,7,18.116833830050386,0.051226584349836374,2.5207010778201613,0.0,0.03,1.0,1.0,0.07189236246282224,0.07185693743598592,0.0,0,8.885352870136032e-11
RPS,tabular,201,8,18.192660601643844,0.05174371774295554,2.033441020604033,0.0,0.03,1.0,1.0,0.0579368278048952,0.057912992851364586,0.0,0,8.997406292232668e-11
RPS,tabular,201,9,18.255598013070234,0.052152661017133256,1.6361111861893087,0.0,0.03,1.0,1.0,0.04657726092588382,0.0465612257381893,0.0,0,8.811677776332516e-11
RPS,tabular,201,10,18.309651954549174,0.05247106026714964,1.3135370563476063,0.002165468371533692,0.03,1.0,0.9635633185303826,0.03737135025058111,0.03735968371258841,0.0,0,8.935805914656036e-11
RPS,tabular,201,11,18.3950345566387,0.052603637706657956,1.0529060899868803,0.005367042910982404,0.03,1.0,0.9143913412713215,0.029950248898253918,0.029941265795066743,0.0,0,8.869813217238232e-11
RPS,tabular,201,12,18.518108179885903,0.052553786414029045,0.8428101384446194,0.008192488950812052,0.03,1.0,0.8750625718432774,0.02397625842190694,0.023969422418672726,0.0,0,8.995700018221697e-11
RPS,tabular,201,13,18.66107274435601,0.05239203376890953,0.6736415117677523,0.01067311977823155,0.03,1.0,0.8432787487039369,0.019169263775942996,0.01916416691189725,0.0,0,8.999327845427008e-11
RPS,tabular,201,14,18.811208894081716,0.052168685979588326,0.5376235758671556,0.012853507256919259,0.03,1.0,0.8172325126289415,0.015305034277389794,0.015301313415506973,0.0,0,8.995162080471797e-11
RPS,tabular,201,15,18.95966498817343,0.05191857284681667,0.42844328443241986,0.014779366745423421,0.03,1.0,0.7955610326422866,0.01220292751609408,0.01220022416542392,0.0,0,8.979157781890956e-11
RPS,tabular,201,16,19.100444132855948,0.051665234809937136,0.3409592007151664,0.016491759517671265,0.03,1.0,0.777257529513473,0.009716522322051223,0.009714591748790864,0.0,0,8.841508861850977e-11
RPS,tabular,201,17,19.229623279270335,0.05142419188663405,0.27098522493947014,0.018025362094646228,0.03,1.0,0.7615815686546096,0.0077269330097442575,0.007725574797374204,0.0,0,8.946823273556226e-11
RPS,tabular,201,18,19.34478133350508,0.051205327617592084,0.21511367189350378,0.019408176036679013,0.03,1.0,0.7479902833189297,0.006137519256965602,0.006136576431093128,0.0,0,8.932440464376468e-11
RPS,tabular,201,19,19.44458763986617,0.05101457643532418,0.1705753272415707,0.020662126257808753,0.03,1.0,0.7360854992319347,0.004869797184222912,0.004869150860771495,0.0,0,8.968785696755743e-11
RPS,tabular,201,20,19.52851037967172,0.050855093824796,0.1351251245241691,0.021803947149712923,0.03,1.0,0.7255747576048945,0.0038601484200208713,0.0038597108188730724,0.0,0,8.945607926288957e-11
RPS,tabular,201,21,19.596610615479786,0.050728060927947516,0.10694774157362719,0.022846119590319628,0.03,1.0,0.7162427587363629,0.003057126373042975,0.0030568339277335706,0.0,0,8.964964100938166e-11
RPS,tabular,201,22,19.649395559249054,0.05063323807176782,0.0845792945460764,0.023797758468203235,0.03,1.0,0.7079303593981039,0.002419232658369555,0.002419040033511878,0.0,0,8.913570554401617e-11
RPS,tabular,201,23,19.687711354914402,0.050569349926719,0.06684237946526687,0.024665415250235474,0.03,1.0,0.7005189854421714,0.0019130771709390875,0.0019129524321061624,0.0,0,8.968092587990917e-11
RPS,tabular,201,24,19.712661074352557,0.05053436062749784,0.0527923241722661,0.02545378709490974,0.03,1.0,0.6939189434950681,0.0015118575102996937,0.0015117784006552712,0.0,0,8.990028057924426e-11
RPS,tabular,201,25,19.725537935269784,0.05052567922056368,0.041672889582192306,0.026166333177880755,0.03,1.0,0.6880605826576335,0.0011941063374711753,0.0011940574954906209,0.0,0,8.811258396090177e-11
RPS,tabular,201,26,19.727767204959545,0.050540322625021304,0.03287992012227475,0.026805799291340266,0.03,1.0,0.6828875971957975,0.0009426636205611919,0.000942634545917176,0.0,0,8.950684854749924e-11
RPS,tabular,201,27,19.72085301912485,0.05057505352673932,0.025931649285456215,0.027374650742734596,0.03,1.0,0.6783519873927703,0.0007438369766519141,0.0007438205658593712,0.0,0,8.956982491857904e-11
RPS,tabular,201,28,19.70632850629593,0.050626503297976716,0.020444543816971528,0.02787541175706614,0.03,1.0,0.6744103530607196,0.0005867185037864334,0.0005867100080325098,0.0,0,8.990622249504046e-11
RPS,tabular,201,29,19.685709185965706,0.05069128458767049,0.016113729120186493,0.028310910851234255,0.03,1.0,0.671021282383929,0.00046263105050589625,0.00046262734013028913,0.0,0,8.990622249504046e-11
RPS,tabular,201,30,19.660450614543024,0.050766094354971286,0.012697181903518085,0.028684433802832816,0.03,1.0,0.6681436548953829,0.00036468093565491985,0.0003646799844874873,0.0,0,8.959864187391142e-11
RPS,tabular,201,31,19.63191171147295,0.05084780567554721,0.01000300429757308,0.02899978958494331,0.03,1.0,0.665735705263253,0.00028739775106070636,0.00028739827719786114,0.0,0,8.896879901635485e-11
RPS,tabular,201,32,19.601325179633488,0.0509335455024399,0.007879206651971482,0.029261300437035707,0.03,1.0,0.6637546955593997,0.0002264450671828837,0.00022644628406923476,0.0,0,8.859694976357663e-11
RPS,tabular,201,33,19.56977605479336,0.05102075552508817,0.006205524284233059,0.029473729253105038,0.03,1.0,0.6621570641093688,0.00017838862771005836,0.00017839007308036376,0.0,0,8.965999944983254e-11
RPS,tabular,201,34,19.538188820534117,0.05110723408212167,0.004886877383721775,0.02964216253105968,0.03,1.0,0.6608989058029975,0.00014051099043021426,0.0001405124097259762,0.0,0,8.932681927042302e-11
RPS,tabular,201,35,19.507322862181343,0.0511911584041328,0.003848154219773472,0.029771866455591055,0.03,1.0,0.6599366600240819,0.00011066357649434534,0.00011066484442197539,0.0,0,8.761770642514138e-11
RPS,tabular,201,36,19.47777543149051,0.051271087954721996,0.0030300571550865747,0.029868134870864614,0.03,1.0,0.6592278805864735,8.714876962323457e-05,8.714983812616473e-05,0.0,0,8.822184316089644e-11
RPS,tabular,201,37,19.44999084468055,0.051345950993548405,0.0023858001797638618,0.029936141336449826,0.03,1.0,0.6587320120842486,6.862609865911274e-05,6.862696327115893e-05,0.0,0,8.969631703776692e-11
RPS,tabular,201,38,19.42427438116108,0.05141501749187366,0.0018784872017664216,0.029980809782320983,0.03,1.0,0.6584110754969144,5.4037683786986246e-05,5.403836236545696e-05,0.0,0,8.98446317343371e-11
RPS,tabular,201,39,19.400809288556587,0.05147786208423113,0.0014790335008296018,0.03,0.03,1.0,0.658280531725605,4.2549063396738545e-05,4.2549583192478375e-05,0.0,0,8.935183260058883e-11
RPS,tabular,201,40,19.379676451048116,0.05153431790542448,0.0011645197705836417,0.03,0.03,1.0,0.6582929297089594,3.350228143874815e-05,3.350267168679674e-05,0.0,0,8.911693383023209e-11
RPS,tabular,201,41,19.360871912340635,0.05158443480725775,0.0009168901275536709,0.03,0.03,1.0,0.6583043134819118,2.6378736068174166e-05,2.6379024130508192e-05,0.0,0,8.978459975481404e-11
RPS,tabular,201,42,19.344322753006498,0.05162844000736542,0.0007219231528168809,0.03,0.03,1.0,0.6583146690232556,2.0769782222991686e-05,2.0769991800114872e-05,0.0,0,8.938523921072218e-11
RPS,tabular,201,43,19.32990740129362,0.05166668535335009,0.0005684194015373667,0.02999809538799622,0.03,1.0,0.6583382772097719,1.6353493809317944e-05,1.635364434860607e-05,0.0,0,8.924725625273624e-11
RPS,tabular,201,44,19.317471031131966,0.05169960744599796,0.00044756030265975425,0.02998245052247767,0.03,1.0,0.65846391710162,1.2876309122797165e-05,1.2876416021724818e-05,0.0,0,8.924725625273624e-11
RPS,tabular,201,45,19.306839019451093,0.05172769239027978,0.00035240257779529217,0.029965555665905995,0.03,1.0,0.6585979874321959,1.0138541783478857e-05,1.0138616929170703e-05,0.0,0,8.881955171279282e-11
RPS,tabular,201,46,19.297824213813232,0.05175145658155622,0.0002774797432553256,0.02994874081041171,0.03,1.0,0.6587305558951492,7.982950363036535e-06,7.983002725859877e-06,0.0,0,8.904060155798943e-11
RPS,tabular,201,47,19.290237098693787,0.05177141959774004,0.0002184881243712075,0.029932980905553738,0.03,1.0,0.6588543521840211,6.285725743246579e-06,6.285761934526785e-06,0.0,0,8.959052166804873e-11
RPS,tabular,201,48,19.28389244619933,0.051788086534278195,0.0001720395429564732,0.029918945478252804,0.03,1.0,0.6589643985940242,4.949387663901526e-06,4.949412502960276e-06,0.0,0,8.991642763692744e-11
RPS,tabular,201,49,19.27861424838595,0.051801934981392295,0.00013546656206864127,0.02990704427357305,0.03,1.0,0.6590576702130488,3.897188021567188e-06,3.8972049827841715e-06,0.0,0,8.802251594277084e-11
RPS,tabular,201,50,19.2742391653204,0.05181340603893686,0.00010666914373520477,0.029897483283200816,0.03,1.0,0.6591326759598799,3.0687024431133203e-06,3.0687139731999706e-06,0.0,0,8.729460487795421e-11
RPS,tabular,201,51,19.270618724842667,0.051822898734233125,8.39939270379562e-05,0.02989031038535628,0.03,1.0,0.6591891163012303,2.4163584327172487e-06,2.416366231779451e-06,0.0,0,8.956016595010095e-11
RPS,tabular,201,52,19.267620500192333,0.0518307672207689,6.613919308660492e-05,0.02988542538564732,0.03,1.0,0.6592278074388147,1.902701573104169e-06,1.9027068550932147e-06,0.0,0,8.956016595010095e-11
RPS,tabular,201,53,19.26512847191082,0.05183732018303789,5.2080054630901734e-05,0.0298826739295735,0.03,1.0,0.6592499743083683,1.498243310848786e-06,1.4982468736864207e-06,0.0,0,8.893318081950161e-11
RPS,tabular,201,54,19.26304275770183,0.05184282193275019,4.1009565835845274e-05,0.02988179747430898,0.03,1.0,0.6592576250622157,1.1797662700668535e-06,1.1797686837193378e-06,0.0,0,8.886416935635444e-11
RPS,tabular,201,55,19.26127887053235,0.0518474947490558,3.2292364281033515e-05,0.029882547508191075,0.03,1.0,0.6592526908210716,9.28990390410836e-07,9.28992021530302e-07,0.0,0,8.987050437175167e-11
RPS,tabular,201,56,19.259766641866584,0.05185152208086799,2.5428177676754207e-05,0.029884593872449104,0.03,1.0,0.6592377133336201,7.315226228123827e-07,7.315237510650623e-07,0.0,0,8.987050437175167e-11
RPS,tabular,201,57,19.258448922861238,0.05185505230088109,2.0023094713814677e-05,0.029887697258434504,0.03,1.0,0.6592145470303054,5.760303467255639e-07,5.760311187566965e-07,0.0,0,8.859976752264896e-11
RPS,tabular,201,58,19.25728016102342,0.051858202744659083,1.5766947907207098e-05,0.029891574009877655,0.03,1.0,0.6591853745044106,4.535903515546372e-07,4.5359087860183674e-07,0.0,0,8.968113585085352e-11
RPS,tabular,201,59,19.256224924196957,0.05186106384266762,1.2415507278243948e-05,0.029895924557852394,0.03,1.0,0.6591524921383699,3.5717652542183937e-07,3.57176897661846e-07,0.0,0,8.990479694049606e-11
RPS,tabular,201,60,19.255256434533766,0.05186370317895649,9.776461232156388e-06,0.02990057487110247,0.03,1.0,0.659117246857927,2.8125649721363697e-07,2.812567566114318e-07,0.0,0,8.998751077627456e-11
RPS,tabular,201,61,19.2543551603112,0.05186616935285093,7.698378753573194e-06,0.029905295591244087,0.03,1.0,0.6590813955373295,2.2147396098298814e-07,2.2147414299633492e-07,0.0,0,8.944321949753775e-11
RPS,tabular,201,62,19.25350749512732,0.05186849557008322,6.062018614589424e-06,0.029909966951335826,0.03,1.0,0.6590458659784504,1.7439867756190455e-07,1.7439880225074343e-07,0.0,0,8.944321949753775e-11
RPS,tabular,201,63,19.25270455273513,0.05187070289353146,4.773486372863477e-06,0.02991438055422891,0.03,1.0,0.6590122466889882,1.3732956351289587e-07,1.3732965652926912e-07,0.0,0,8.955086006067625e-11
RPS,tabular,201,64,19.2519410886818,0.05187280312943908,3.7588463872433815e-06,0.029918533717802998,0.03,1.0,0.658980576074111,1.081397272681423e-07,1.0813979032908717e-07,0.0,0,8.846588794852952e-11
RPS,tabular,201,65,19.251214559886492,0.0518748013254436,2.9598791632776287e-06,0.029922296008820817,0.03,1.0,0.6589518481450433,8.51543553185286e-08,8.51543947572105e-08,0.0,0,8.950902019578188e-11
RPS,tabular,201,66,19.250524319514824,0.051876697891754,2.33074061169901e-06,0.029925661075986813,0.03,1.0,0.6589261213087426,6.705463597977021e-08,6.705466258004465e-08,0.0,0,8.755955960282071e-11
RPS,tabular,201,67,19.249870946994275,0.0518784903510714,1.8353313901618637e-06,0.02992836225339969,0.03,1.0,0.6589054058451549,5.280208514446237e-08,5.2802109029426e-08,0.0,0,8.916520854995857e-11
RPS,tabular,201,68,19.24925570501459,0.051880174741825165,1.44522573856463e-06,0.02993074145958274,0.03,1.0,0.6588871391235218,4.1578978677889425e-08,4.157899345064009e-08,0.0,0,8.944177398718165e-11
RPS,tabular,201,69,19.248680111117146,0.051881746712975976,1.1380399322532416e-06,0.029932570932553193,0.03,1.0,0.6588730345996833,3.2741377971254425e-08,3.274138940095678e-08,0.0,0,8.90812223985896e-11
RPS,tabular,201,70,19.248145616793288,0.05188320232823596,8.96148509301398e-07,0.02993412023337905,0.03,1.0,0.6588610695410685,2.5782235105479446e-08,2.5782241991625124e-08,0.0,0,8.899928127803386e-11
RPS,tabular,201,71,19.2476533754428,0.05188453863506836,7.056724494909367e-07,0.029934723379613424,0.03,1.0,0.6588562445688418,2.0302260649961433e-08,2.03022746936578e-08,0.0,0,8.985041377584915e-11
RPS,tabular,201,72,19.24720409693779,0.05188575400203356,5.556828038359488e-07,0.02993619580728888,0.03,1.0,0.6588449275998753,1.598708376951723e-08,1.598708317376307e-08,0.0,0,8.956673402948942e-11
RPS,tabular,201,73,19.246797945636384,0.05188684834685698,4.3757394307846535e-07,0.029936482976568562,0.03,1.0,0.6588425431842614,1.2589082434967336e-08,1.2589086013724093e-08,0.0,0,8.98007734839724e-11
RPS,tabular,201,74,19.246434534636926,0.051887823102668595,3.445692443386101e-07,0.02993632641886721,0.03,1.0,0.6588435212928416,9.913329401520265e-09,9.913333219123355e-09,0.0,0,8.98007734839724e-11
RPS,tabular,201,75,19.24611291629619,0.051888681205342714,2.7133279503514526e-07,0.02993528597379777,0.03,1.0,0.6588511642262362,7.80629943172521e-09,7.806306174595585e-09,0.0,0,8.955203911753555e-11
RPS,tabular,201,76,19.24583163030333,0.05188942692491508,2.1366264176976744e-07,0.0299360011815211,0.03,1.0,0.6588456506000402,6.1471236063537075e-09,6.147125348025912e-09,0.0,0,8.883152879945982e-11
RPS,tabular,201,77,19.245588744958674,0.05189006571995382,1.6825015569321673e-07,0.02993498555307458,0.03,1.0,0.6588531552573775,4.840589746148322e-09,4.840596455055498e-09,0.0,0,8.974004206407941e-11
RPS,tabular,201,78,19.245381975415427,0.05189060388187324,1.324898707361126e-07,0.02993163636887465,0.03,1.0,0.6588782020380994,3.811752099827193e-09,3.811765072831641e-09,0.0,0,8.933150885681576e-11
RPS,tabular,201,79,19.24520874351508,0.0518910483412041,1.043303315194314e-07,0.02993528122608725,0.03,1.0,0.6588507493077764,3.0016077871406916e-09,3.001607363571826e-09,0.0,0,8.956734687259886e-11
RPS,tabular,201,80,19.245066209812798,0.05189140654502056,8.215593695188048e-08,0.029928186713901066,0.03,1.0,0.6589039519536155,2.363630796803654e-09,2.3636428645891367e-09,0.0,0,8.904309956037081e-11
RPS,tabular,201,81,19.24495150307265,0.05189168579476117,6.469453178011707e-08,0.029936092112488367,0.03,1.0,0.6588445324743795,1.861272369759849e-09,1.8612744975372301e-09,0.0,0,8.744750923384004e-11
RPS,tabular,201,82,19.244861575665574,0.05189189359038527,5.094438110797677e-08,0.00959363130418325,0.03,1.0,0.857675292505397,1.4012237261660999e-09,1.4550854575060284e-09,1.0858149135899286e-07,0,6.384007988913255e-11
RPS,tabular,201,83,19.244865255920427,0.05189184531833472,4.019498577959272e-08,0.009437239002810464,0.03,1.0,0.8596698168711739,1.1045224710165542e-09,1.1479310534469577e-09,8.777321786372808e-08,0,5.1115784938104973e-11
RPS,tabular,201,84,19.24487046538743,0.051891786381639514,3.171476029642803e-08,0.009240981980428028,0.03,1.0,0.8621859222189582,8.704430353816073e-10,9.056128469465445e-10,7.13767979613949e-08,0,4.089394822770486e-11
RPS,tabular,201,85,19.244876869714666,0.05189171552339454,2.502461069988033e-08,0.009011023358182583,0.03,1.0,0.8651529080969071,6.857964438785603e-10,7.144554512285301e-10,5.841792785351186e-08,0,3.268544768175729e-11
RPS,tabular,201,86,19.244884155174145,0.05189163089949057,1.974662977761731e-08,0.008734136996109098,0.03,1.0,0.8687525833227716,5.401250285918811e-10,5.636527355812533e-10,4.8200027585560865e-08,0,2.6097723981877148e-11
RPS,tabular,201,87,19.244892079817816,0.05189152979760544,1.558267631291125e-08,0.008399728933675597,0.03,1.0,0.8731402154090092,4.2520089716290545e-10,4.4468353361891825e-10,4.015145899398359e-08,0,2.0813517576101507e-11
RPS,tabular,201,88,19.244900449049428,0.0518914085204472,1.2297570229276184e-08,0.00801940434074649,0.03,1.0,0.8781844804875698,3.345426881338974e-10,3.5083547393157134e-10,3.3785555643818106e-08,0,1.657717962899596e-11
RPS,tabular,201,89,19.244909066453967,0.05189126228530945,9.705810051163063e-09,0.007458633715590261,0.03,1.0,0.8857292541177686,2.6272150621106674e-10,2.7677425569137193e-10,2.9408337694196836e-08,0,1.3183953928574965e-11
RPS,tabular,201,90,19.244917969728615,0.051891084325088016,7.661205527369334e-09,0.0061251733216598535,0.03,1.0,0.9042015546672595,2.0420013846485975e-10,2.1823051759711148e-10,2.993009615611918e-08,0,1.0463823141293459e-11
RPS,tabular,201,91,19.244927932162664,0.051890864307178125,6.0490102997156385e-09,0.005012494708403306,0.03,1.0,0.9202155328870332,1.5815529713170144e-10,1.7214312531212415e-10,3.023842051191492e-08,0,8.265781392680082e-12
RPS,tabular,201,92,19.244938138959082,0.0518905938490747,4.77731746114223e-09,0.004082282628964695,0.03,1.0,0.9340452787461839,1.219080916492007e-10,1.358397724471721e-10,3.039114198436087e-08,0,6.503904081966994e-12
RPS,tabular,201,93,19.24494807116546,0.05189026100767866,3.773846584808062e-09,0.0033152221701744184,0.03,1.0,0.9457660454944973,9.333918406896501e-11,1.0722902032794509e-10,3.0485170422210586e-08,0,5.1006665557906665e-12
RPS,tabular,201,94,19.244957401866387,0.051889849818959145,2.9816953538516213e-09,0.0026799814579136676,0.03,1.0,0.9556976029377179,7.084734720318419e-11,8.467021843948482e-11,3.048948331619701e-08,0,3.988949170974365e-12
RPS,tabular,201,95,19.24496595281943,0.05188933948966669,2.3561767601333486e-09,0.002157964071904577,0.03,1.0,0.9640164813848863,5.3085314512624896e-11,6.687443429896909e-11,3.047877462880852e-08,0,3.111977342484806e-12
RPS,tabular,201,96,19.24497363919757,0.05188870336731374,1.8621527232833627e-09,0.0017373298372546889,0.03,1.0,0.970825825481952,3.910182375118856e-11,5.2830272003915526e-11,3.040633533358115e-08,0,2.42268871630813e-12
RPS,tabular,201,97,19.244980436614362,0.05188790753755436,1.4718661861239048e-09,0.001392664677635127,0.03,1.0,0.9764774832034178,2.8052218801791157e-11,4.174331589822021e-11,3.036430874142267e-08,0,1.8826007419647793e-12
RPS,tabular,201,98,19.244986370615983,0.051886908986577246,1.1635075314788654e-09,0.0011109649542759335,0.03,1.0,0.9811457656588343,1.9327694734074267e-11,3.298891004238661e-11,3.03181914724365e-08,0,1.4605250342469846e-12
RPS,tabular,201,99,19.24499149158575,0.05188565329144846,9.19811860126517e-10,0.0,0.027297689688017417,1.0,1.0,1.2554369364545871e-11,2.3828363742022952e-11,3.0253855744889685e-08,0,1.1505463248795423e-12
RPS,tabular,201,100,19.244995853421457,0.051884238732548923,7.437634498420282e-10,0.0,0.022527540841700246,1.0,1.0,8.377580746440082e-12,1.605057764075114e-11,3.0231536303848936e-08,0,9.51139167426618e-13
RPS,tabular,202,1,10.051106759092535,0.0876180483844393,7.712576524524892,0.0,0.03,1.0,1.0,0.2239768736323732,0.2236918349971,0.0,0,8.806261275751126e-11
RPS,tabular,202,2,10.534042095885784,0.08436127796414063,6.453861390110958,0.0,0.03,1.0,1.0,0.18728160424066082,0.18705136681234968,0.0,0,8.9151491744488e-11
RPS,tabular,202,3,11.039205047225034,0.08126971244176913,5.398331180203104,0.0,0.03,1.0,1.0,0.1565069791098812,0.15632160962579522,0.0,0,8.919875948976141e-11
RPS,tabular,202,4,11.558035143960655,0.0783832055117793,4.509788599423436,0.002166175450029194,0.03,1.0,0.9632579305065564,0.13061972405354652,0.13047596653982807,0.0,0,8.812919838341315e-11
RPS,tabular,202,5,12.098618482622195,0.07558358530777295,3.7608125933857144,0.004887302349668771,0.03,1.0,0.9207527290256443,0.10883673078619921,0.10872290875250534,0.0,0,8.944661678000898e-11
RPS,tabular,202,6,12.655660329869955,0.07289686697068029,3.1287734022017033,0.007232452874525411,0.03,1.0,0.8870531934613639,0.09047149927858297,0.09037913237345419,0.0,0,8.989602118258944e-11
RPS,tabular,202,7,13.217579224292672,0.07038559232012848,2.595078937829715,0.009232629208261676,0.03,1.0,0.8602568361349443,0.07497176596816993,0.07489658421146206,0.0,0,8.631355352672898e-11
RPS,tabular,202,8,13.774264607868336,0.06808138585729176,2.144798957394687,0.010948106254662946,0.03,1.0,0.838594576790376,0.06190191583042379,0.061841431331228935,0.0,0,8.835325526757032e-11
RPS,tabular,202,9,14.317233970264878,0.06599420875309359,1.7657924284550133,0.012440782289832685,0.03,1.0,0.8206755723096743,0.05091000349616819,0.05086225400250266,0.0,0,8.980331756003324e-11
RPS,tabular,202,10,14.839623860432523,0.06412041605481411,1.4479358367525985,0.013762767698311447,0.03,1.0,0.8054881913059692,0.04170196029999853,0.04166505863498435,0.0,0,8.866308381927368e-11
RPS,tabular,202,11,15.336114969793401,0.06244863973789587,1.1825641757280443,0.014953806593764572,0.03,1.0,0.7923254771767051,0.03402472545289441,0.033996803625019306,0.0,0,8.903817266814329e-11
RPS,tabular,202,12,15.802822262130123,0.06096369285388392,0.9621162234966919,0.01604342299741517,0.03,1.0,0.7806932965252036,0.027656447307694298,0.027635719446096607,0.0,0,8.892599157039882e-11
RPS,tabular,202,13,16.23716477433906,0.0596489731469062,0.7799292621166619,0.01705105147848471,0.03,1.0,0.7702671216412157,0.022401149701185417,0.022386028248856493,0.0,0,8.835310955079834e-11
RPS,tabular,202,14,16.637697981330895,0.058487933902919065,0.6301246191668015,0.01798986417546427,0.03,1.0,0.7608249061675841,0.018085932050920885,0.018075075009701333,0.0,0,8.735938708537283e-11
RPS,tabular,202,15,17.00394311094597,0.05746485712808219,0.5075395522492773,0.01886915483385287,0.03,1.0,0.7522078673026051,0.014559231423122343,0.014551546823999575,0.0,0,8.995708344894382e-11
RPS,tabular,202,16,17.336214763500116,0.056565221761026706,0.40767674181316366,0.019695352914279016,0.03,1.0,0.744301700898324,0.011689390410971648,0.011684021007516074,0.0,0,8.94114053628936e-11
RPS,tabular,202,17,17.635450074261126,0.05577584719814834,0.3266565011205445,0.02047307270283148,0.03,1.0,0.7370208322015087,0.009363200032125322,0.009359487543753181,0.0,0,8.937969982192318e-11
RPS,tabular,202,18,17.903050654174912,0.05508489765773146,0.2611666404672263,0.021205819038564902,0.03,1.0,0.7302983056100342,0.0074843274227738305,0.007481737716471294,0.0,0,8.959706414291002e-11
RPS,tabular,202,19,18.140742878714427,0.054481810121690684,0.2084019081609172,0.02189640083022046,0.03,1.0,0.7240797934718783,0.00597143058812022,0.005969637140152976,0.0,0,8.928664838731004e-11
RPS,tabular,202,20,18.35045941518553,0.053957184843251516,0.16601331658588625,0.022547247932462853,0.03,1.0,0.7183192898530592,0.004756585989697171,0.0047553519694115455,0.0,0,8.884791947300075e-11
RPS,tabular,202,21,18.53424330504219,0.053502660171669145,0.13204769153764354,0.023160523098950277,0.03,1.0,0.7129771538443095,0.0037834486314637537,0.0037826044971831334,0.0,0,8.918776394500894e-11
RPS,tabular,202,22,18.694173199870853,0.05311078693751643,0.10489261112947768,0.023738184712993122,0.03,1.0,0.7080188364600023,0.003005595530150229,0.0030050212289120474,0.0,0,8.942429782776706e-11
RPS,tabular,202,23,18.83230780764924,0.05277490964550533,0.08322532957876182,0.024282005168860362,0.03,1.0,0.7034141540229449,0.002385005435058953,0.002384616734539543,0.0,0,8.997962379526936e-11
RPS,tabular,202,24,18.950646740429224,0.05248905864718122,0.06596668481799739,0.024793568780917544,0.03,1.0,0.699136838398062,0.001890698956603197,0.0018904372164935384,0.0,0,8.997962379526936e-11
RPS,tabular,202,25,19.05110469725846,0.05224785517633699,0.05224043074658676,0.02527426507924574,0.03,1.0,0.6951641980459948,0.0014975472984506187,0.0014973719674096515,0.0,0,8.927167013429715e-11
RPS,tabular,202,26,19.135495976845306,0.05204642971659245,0.04133801148854355,0.025725287615787316,0.03,1.0,0.691476791213235,0.0011852463038343692,0.0011851295022429053,0.0,0,8.932978684018933e-11
RPS,tabular,202,27,19.205526589442652,0.0518803533081467,0.03268850791833437,0.02614764320630656,0.03,1.0,0.6880580652987882,0.0009374451238999412,0.0009373677824767645,0.0,0,8.932978684018933e-11
RPS,tabular,202,28,19.262791632223458,0.05174558089816523,0.02583331500546737,0.02654217315548437,0.03,1.0,0.6848939476474883,0.0007410146760328257,0.0007409638121863124,0.0,0,8.851899877156122e-11
RPS,tabular,202,29,19.308776038859197,0.0516384055588795,0.020405024612311525,0.026909585419219936,0.03,1.0,0.6819723944906396,0.0005854393014674583,0.0005854061147439371,0.0,0,8.947475426583987e-11
RPS,tabular,202,30,19.344857260043522,0.05155542225695293,0.016109965986419436,0.027250494863830146,0.03,1.0,0.6792829179912602,0.00046231488464511716,0.00046229343450226307,0.0,0,8.98227026069863e-11
RPS,tabular,202,31,19.37230884361382,0.05149349980169131,0.012713873597141072,0.02756546807346163,0.03,1.0,0.676816115223175,0.0003649375541572541,0.00036492384758734847,0.0,0,8.982121714158978e-11
RPS,tabular,202,32,19.392304241414596,0.05144975959253683,0.010030192688994523,0.027855068616760303,0.03,1.0,0.6745632256166296,0.0002879685017177556,0.00028795986685962094,0.0,0,8.903726424224802e-11
RPS,tabular,202,33,19.405920463873134,0.0514215598133688,0.007910585268705767,0.028119899275174613,0.03,1.0,0.6725157375644544,0.00022716212288195585,0.0002271567807811556,0.0,0,8.80421402557792e-11
RPS,tabular,202,34,19.414141430674142,0.051406483772457746,0.00623725536080524,0.028360638135111756,0.03,1.0,0.6706650613693523,0.0001791464003264416,0.0001791431732799222,0.0,0,8.898985549648207e-11
RPS,tabular,202,35,19.41786102752988,0.051402331165898256,0.004916767356633018,0.028578065586021353,0.03,1.0,0.6690022848039177,0.0001412460953435958,0.00014124420896022803,0.0,0,8.946206442479992e-11
RPS,tabular,202,36,19.417885980372947,0.05140711115097838,0.003875082310261376,0.028773081716381817,0.03,1.0,0.6675180092185983,0.00011134081794819058,0.0001113397671557679,0.0,0,8.962177666118308e-11
RPS,tabular,202,37,19.414938709891878,0.0514190362488738,0.003053582703375706,0.028946713543001573,0.03,1.0,0.6662022660171407,8.775137945707941e-05,8.77508381014359e-05,0.0,0,8.895503000112999e-11
RPS,tabular,202,38,19.409660337258266,0.05143651626083518,0.002405896029743454,0.029100111091422853,0.03,1.0,0.6650445178310855,6.914898714201312e-05,6.914874721457407e-05,0.0,0,8.842841792199106e-11
RPS,tabular,202,39,19.40261398848825,0.05145815156824313,0.0018953616217773199,0.029234536017226552,0.03,1.0,0.6640337141827398,5.4482824613171526e-05,5.4482755532194815e-05,0.0,0,8.909479154873418e-11
RPS,tabular,202,40,19.394288504143578,0.05148272537662534,0.0014930138716491915,0.02935134183927998,0.03,1.0,0.6631584083564851,4.292238827524207e-05,4.292240972514778e-05,0.0,0,8.931714700797459e-11
RPS,tabular,202,41,19.385102606436714,0.051509194662243754,0.001175978936185513,0.029451949873522478,0.03,1.0,0.6624069045871778,3.3811637630859596e-05,3.3811701551410435e-05,0.0,0,8.909485149833805e-11
RPS,tabular,202,42,19.375409523341894,0.05153667975565606,0.0009262017908355422,0.029537821465374488,0.03,1.0,0.6617674321325289,2.663258391164644e-05,2.6632662637069197e-05,0.0,0,8.843358045905556e-11
RPS,tabular,202,43,19.365502020193773,0.05156445265320763,0.0007294367046269668,0.02961042932988468,0.03,1.0,0.6612283261795949,2.0976405364917604e-05,2.0976483882362954e-05,0.0,0,8.734495127225936e-11
RPS,tabular,202,44,19.355617751590135,0.05159192426748963,0.0005744474184625109,0.029671229505429306,0.03,1.0,0.660778205537859,1.652055525921154e-05,1.6520626208592356e-05,0.0,0,8.96970431245737e-11
RPS,tabular,202,45,19.34594482063582,0.05161863091209312,0.00045237401960999127,0.029721636655769955,0.03,1.0,0.6604061276039858,1.3010634656766437e-05,1.3010695136046034e-05,0.0,0,8.827663933331099e-11
RPS,tabular,202,46,19.336627419931595,0.05164422036200398,0.000356232157091802,0.029763002043451028,0.03,1.0,0.6601017265925588,1.024604897543789e-05,1.0246098546803127e-05,0.0,0,8.844939447608937e-11
RPS,tabular,202,47,19.32777142737537,0.051668437843716226,0.00028051720362179953,0.029796591816787142,0.03,1.0,0.6598553532201544,8.068666111888507e-06,8.068705614035586e-06,0.0,0,8.861473554964484e-11
RPS,tabular,202,48,19.319449838615444,0.051691112291925384,0.00022089155848691277,0.029823579890907635,0.03,1.0,0.6596581083674237,6.353853444676587e-06,6.353884249072596e-06,0.0,0,8.927316219638627e-11
RPS,tabular,202,49,19.31170793440448,0.0517121431694121,0.00017393775782868906,0.02984503242966321,0.03,1.0,0.6595019439417777,5.003398374783201e-06,5.003421981713501e-06,0.0,0,8.882987678776887e-11
RPS,tabular,202,50,19.30456809955223,0.05173148809794357,0.00013696363214760776,0.02986190388388863,0.03,1.0,0.6593796801288504,3.939919268585018e-06,3.9399371080052225e-06,0.0,0,8.963431996637019e-11
RPS,tabular,202,51,19.298034233588886,0.05174915148466518,0.00010784860070811886,0.029875040030914513,0.03,1.0,0.6592849730542498,3.10245488297862e-06,3.1024682057690925e-06,0.0,0,8.997517397798469e-11
RPS,tabular,202,52,19.292095714138213,0.051765174269927335,8.492245806178937e-05,0.02988517648192967,0.03,1.0,0.659212319064499,2.4429849953848656e-06,2.442994841445288e-06,0.0,0,8.910648219286361e-11
RPS,tabular,202,53,19.28673089420385,0.051779624865043096,6.686981275164348e-05,0.029892944214812103,0.03,1.0,0.6591570081436137,1.9236865169710086e-06,1.9236937315689843e-06,0.0,0,8.940382434347678e-11
RPS,tabular,202,54,19.281910132348116,0.051792591297378524,5.2654768192250826e-05,0.02989886413188398,0.03,1.0,0.6591151613413434,1.514770240868305e-06,1.5147754914536374e-06,0.0,0,8.977731891243878e-11
RPS,tabular,202,55,19.277598369063593,0.05180417453821719,4.146156981847474e-05,0.02990339056536411,0.03,1.0,0.6590834014812471,1.1927757392670966e-06,1.1927795317756232e-06,0.0,0,8.96605856226783e-11
RPS,tabular,202,56,19.27375727341231,0.05181448295695226,3.2647842806345826e-05,0.029906878555259003,0.03,1.0,0.6590590975647836,9.39227619702301e-07,9.392303396159245e-07,0.0,0,8.918701110964283e-11
RPS,tabular,202,57,19.27034699281785,0.05182362781865561,2.5707754131174855e-05,0.0299095969563373,0.03,1.0,0.6590402652440425,7.395767748807046e-07,7.395787234403424e-07,0.0,0,8.996979827819687e-11
RPS,tabular,202,58,19.267327543427214,0.051831719728248335,2.0242996256049293e-05,0.02991180297092998,0.03,1.0,0.6590250062549258,5.823663481144704e-07,5.823677324778701e-07,0.0,0,8.931833939128927e-11
RPS,tabular,202,59,19.264659880926704,0.05183886591621328,1.5939934235978767e-05,0.029913610554282273,0.03,1.0,0.6590124966896137,4.585746246340676e-07,4.5857561261755985e-07,0.0,0,8.848196175746364e-11
RPS,tabular,202,60,19.26230669450965,0.05184516825225724,1.2551607501361583e-05,0.02991520439385964,0.03,1.0,0.6590013792399914,3.610976183871691e-07,3.6109831548393083e-07,0.0,0,8.829916131601517e-11
RPS,tabular,202,61,19.260232962079478,0.05185072188534871,9.883556795662097e-06,0.029916623444226405,0.03,1.0,0.6589913892351578,2.843414180513721e-07,2.843419118285639e-07,0.0,0,8.810969953644543e-11
RPS,tabular,202,62,19.25840630807885,0.051855614399221234,7.782663339662017e-06,0.029917993795170402,0.03,1.0,0.6589816052701559,2.2390127166352582e-07,2.239016134163094e-07,0.0,0,8.833040965329698e-11
RPS,tabular,202,63,19.25679719700539,0.05185992539492621,6.128359711945097e-06,0.029919248452124507,0.03,1.0,0.658972554093009,1.76308752185164e-07,1.763090021822321e-07,0.0,0,8.809721618875019e-11
RPS,tabular,202,64,19.255378997926357,0.05186372640595821,4.82571024508532e-06,0.029920515521693617,0.03,1.0,0.6589632947891139,1.388328133576055e-07,1.3883298284380072e-07,0.0,0,8.989180066976291e-11
RPS,tabular,202,65,19.254127945891717,0.05186708107697924,3.799961341437722e-06,0.02992169935969363,0.03,1.0,0.6589545649323234,1.0932291246237619e-07,1.0932303504281791e-07,0.0,0,8.856169131376571e-11
RPS,tabular,202,66,19.253023029224448,0.051870045529001096,2.9922508382240435e-06,0.02992298269388626,0.03,1.0,0.658945009223031,8.608572387633789e-08,8.60858040120461e-08,0.0,0,8.914142757277242e-11
RPS,tabular,202,67,19.252045820825835,0.05187266886329403,2.3562299542576518e-06,0.029924078255152548,0.03,1.0,0.658936800348025,6.778784223941286e-08,6.778789921425614e-08,0.0,0,8.948941587760828e-11
RPS,tabular,202,68,19.251180276416353,0.05187499374324885,1.8554024999568073e-06,0.02992505104216444,0.03,1.0,0.6589294633170648,5.3379336658236065e-08,5.337938229511597e-08,0.0,0,8.967022457894421e-11
RPS,tabular,202,69,19.2504125095207,0.0518770570292553,1.4610307706934463e-06,0.029926165192947444,0.03,1.0,0.6589210259043604,4.2033479880381866e-08,4.203350597091998e-08,0.0,0,8.970322484813585e-11
RPS,tabular,202,70,19.249730558818616,0.05187889042563594,1.1504859273748383e-06,0.029926869061029437,0.03,1.0,0.6589156408104917,3.309924360597043e-08,3.309926337388868e-08,0.0,0,8.801944506586858e-11
RPS,tabular,202,71,19.249124160118033,0.051880521107353215,9.059493395879896e-07,0.02992792377699108,0.03,1.0,0.6589076003770177,2.6064022472946936e-08,2.6064035471777865e-08,0.0,0,8.799509787493723e-11
RPS,tabular,202,72,19.24858451997133,0.051881972336782815,7.133902520310083e-07,0.029928569877298316,0.03,1.0,0.6589026149730289,2.0524153948415437e-08,2.0524167495690486e-08,0.0,0,8.751043889532277e-11
RPS,tabular,202,73,19.248104112497625,0.051883264011613923,5.617602776744092e-07,0.029929213549784273,0.03,1.0,0.6588976399773049,1.616180099049228e-08,1.6161809755997583e-08,0.0,0,8.981100529936778e-11
RPS,tabular,202,74,19.24767648461708,0.05188441318670679,4.4235960346798887e-07,0.02993055241274241,0.03,1.0,0.6588874414602452,1.2726678723024909e-08,1.2726674823422527e-08,0.0,0,8.90642093409625e-11
RPS,tabular,202,75,19.24729608342342,0.05188543453224527,3.4833766132483925e-07,0.02993047045589204,0.03,1.0,0.6588879128201854,1.0021672160572807e-08,1.0021676148714122e-08,0.0,0,8.997400824384358e-11
RPS,tabular,202,76,19.246958115043352,0.05188634070270758,2.7430004948402875e-07,0.029931032752239576,0.03,1.0,0.6588835497207782,7.891618041418513e-09,7.891621168279305e-09,0.0,0,8.798286765809835e-11
RPS,tabular,202,77,19.246658398872302,0.051887142718201655,2.159990847257885e-07,0.02993023744824313,0.03,1.0,0.6588893866021651,6.2142992401502125e-09,6.2143037986640135e-09,0.0,0,8.825849384663755e-11
RPS,tabular,202,78,19.24639327055818,0.05188785020873082,1.7008980871851777e-07,0.029931806802738915,0.03,1.0,0.6588774739251806,4.8934985772599626e-09,4.893495801103084e-09,0.0,0,8.904779580376439e-11
RPS,tabular,202,79,19.24615946874895,0.051888471702806,1.3393841620036055e-07,0.02993054620505342,0.03,1.0,0.6588868197575063,3.853415321827089e-09,3.853419027372868e-09,0.0,0,8.871574141977583e-11
RPS,tabular,202,80,19.24595408981851,0.0518890147254515,1.0547085791789193e-07,0.029931836106214443,0.03,1.0,0.6588770222629359,3.034408370665477e-09,3.0344058991737438e-09,0.0,0,8.97295571178347e-11
RPS,tabular,202,81,19.245774489927157,0.05188948604021093,8.3053857758977e-08,0.029930211498811393,0.03,1.0,0.6588891190772508,2.3894672428952063e-09,2.389468589773898e-09,0.0,0,8.913122906406538e-11
RPS,tabular,202,82,19.245618272765096,0.05188989165031836,6.540153191845712e-08,0.02992943095465136,0.03,1.0,0.6588948867559357,1.881605138378141e-09,1.8816091059722997e-09,0.0,0,8.944746943129186e-11
RPS,tabular,202,83,19.24548322158076,0.05189023694924584,5.1501069931079776e-08,0.009599839630619127,0.03,1.0,0.857596468696173,1.4165902245335614e-09,1.4709897265276802e-09,1.096554994009962e-07,0,8.986507538111251e-11
RPS,tabular,202,84,19.245421045964566,0.051890379774577326,4.063407865415881e-08,0.00944297540315365,0.03,1.0,0.8595966368948799,1.1166328821582967e-09,1.1604730434455411e-09,8.863105681527906e-08,0,8.982169008575623e-11
RPS,tabular,202,85,19.24536713774634,0.05189049620088123,3.206112689361521e-08,0.009252324369576452,0.03,1.0,0.8620402305286519,8.800091459147427e-10,9.155098668704361e-10,7.203809166366671e-08,0,8.894437186768297e-11
RPS,tabular,202,86,19.245320471397434,0.051890587641343654,2.529782023014441e-08,0.009020411048965268,0.03,1.0,0.8650314941595956,6.933333078643675e-10,7.222593103254012e-10,5.895291382133908e-08,0,7.876853835853125e-11
RPS,tabular,202,87,19.2452801486128,0.051890654831833076,1.996213359152543e-08,0.008744457412345634,0.03,1.0,0.8686179687760154,5.460672328898943e-10,5.698077491247766e-10,4.8624838927469533e-08,0,6.187709677973883e-11
RPS,tabular,202,88,19.245245372408235,0.05189069781004042,1.5752690899204472e-08,0.008415446988828025,0.03,1.0,0.8729330736731739,4.2988683929677647e-10,4.495399130831746e-10,4.048549118901546e-08,0,4.862683589124117e-11
RPS,tabular,202,89,19.245215445527734,0.05189071580488235,1.2431725904095195e-08,0.008035408882330357,0.03,1.0,0.8779711063220128,3.382452816470588e-10,3.5466571579638573e-10,3.405279358958263e-08,0,3.8233223254025e-11
RPS,tabular,202,90,19.245189741120836,0.05189070717125171,9.811619918200698e-09,0.007527795285343455,0.03,1.0,0.8847917906141911,2.6576316904182647e-10,2.7980620845680064e-10,2.9357032148572434e-08,0,3.0079752022516e-11
RPS,tabular,202,91,19.24516779157294,0.05189066897175088,7.74457682379003e-09,0.006184001884906238,0.03,1.0,0.9033704212379187,2.065889045042263e-10,2.2061647573962264e-10,2.989753509786158e-08,0,2.3685660099914684e-11
RPS,tabular,202,92,19.245149898431595,0.051890595169698926,6.114794196633949e-09,0.005059827898487196,0.03,1.0,0.9195227908869302,1.600416151813041e-10,1.740221740492185e-10,3.021803280916841e-08,0,1.8695718306815937e-11
RPS,tabular,202,93,19.245135069973838,0.05189048182584972,4.8291927482442885e-09,0.004123280079108376,0.03,1.0,0.9334270313096045,1.233792071038935e-10,1.373195662383626e-10,3.039122724523712e-08,0,1.4787064905874563e-11
RPS,tabular,202,94,19.245122568507945,0.051890322565802324,3.814778785311145e-09,0.0033465574322319993,0.03,1.0,0.9452814979644945,9.451514846314073e-11,1.0839597178022885e-10,3.046944585628819e-08,0,1.1715208803053655e-11
RPS,tabular,202,95,19.24511184915079,0.05189010828587742,3.0140241733806694e-09,0.002705141339212947,0.03,1.0,0.9553002934516667,7.175752980365926e-11,8.558996806374822e-11,3.048546352010455e-08,0,9.29401888782877e-12
RPS,tabular,202,96,19.245102511898235,0.05188982670013523,2.3817063039182194e-09,0.002180965193260036,0.03,1.0,0.9636468961807425,5.381689736800764e-11,6.759973444289806e-11,3.046561356658749e-08,0,7.381022459895801e-12
RPS,tabular,202,97,19.24509426237903,0.05188946170749706,1.882304357953134e-09,0.0017514613831764033,0.03,1.0,0.970595506070766,3.966678995546256e-11,5.3402764195841534e-11,3.042354719811715e-08,0,5.8664606505942634e-12
RPS,tabular,202,98,19.24508688811383,0.05188899252521416,1.4878156333563088e-09,0.0014050794270824556,0.03,1.0,0.976272775011536,2.8501508566868483e-11,4.2196262417466056e-11,3.037876806627985e-08,0,4.665414721216621e-12
RPS,tabular,202,99,19.245080231783604,0.05188839257724713,1.176077080602769e-09,0.0011224370163835343,0.03,1.0,0.980954784532819,1.96825501411214e-11,3.334560635011516e-11,3.031602164552713e-08,0,3.711730922617562e-12
RPS,tabular,202,100,19.245074180370743,0.051887628037501,9.297677246820749e-10,0.0,0.027562929337550005,1.0,1.0,1.2813561047873341e-11,2.430777485106125e-11,3.0256310104077575e-08,0,2.9537572387994258e-12
RPS,tabular,203,1,8.382102588220702,0.09626652901228151,7.6681433916174,0.0,0.03,1.0,1.0,0.2238657611625591,0.22354192538239137,0.0,0,8.989925470714866e-11
RPS,tabular,203,2,8.984514353598813,0.0929778918242875,6.466246013450152,0.0,0.03,1.0,1.0,0.18835485465183394,0.18809121233134174,0.0,0,8.77923844733175e-11
RPS,tabular,203,3,9.581458015262239,0.08980381843979617,5.425005039246235,0.0,0.03,1.0,1.0,0.15769807264385316,0.15748886267971607,0.0,0,8.81283934717203e-11
RPS,tabular,203,4,10.168979659593258,0.08676758738482675,4.530906607942098,0.0,0.03,1.0,1.0,0.13146291510037444,0.13129883621386906,0.0,0,8.923217720280263e-11
RPS,tabular,203,5,10.743795435902578,0.08388476963750514,3.7691870909470313,0.0,0.03,1.0,1.0,0.10917897687228419,0.10905043477518755,0.0,0,8.731554368424099e-11
RPS,tabular,203,6,11.303231293271205,0.08116484550208157,3.124486713737771,0.0,0.03,1.0,1.0,0.09036541994113573,0.09026431427651344,0.0,0,8.876996360207556e-11
RPS,tabular,203,7,11.845142180852077,0.07861252095180002,2.5817009540184803,0.0,0.03,1.0,1.0,0.07455845541120434,0.07447864305127389,0.0,0,8.964284869961148e-11
RPS,tabular,203,8,12.367828233175615,0.07622879500287014,2.1266790475674986,0.0,0.03,1.0,1.0,0.061330597165326114,0.061267613030236034,0.0,0,8.701399323296499e-11
RPS,tabular,203,9,12.869959145784685,0.0740118234187953,1.7466354265544706,0.0,0.03,1.0,1.0,0.050300132334627136,0.05025068915334943,0.0,0,8.919222305170393e-11
RPS,tabular,203,10,13.3505122077169,0.07195761663163845,1.4302951418531866,0.0,0.03,1.0,1.0,0.041132966418612055,0.04109452106419906,0.0,0,8.98268820437309e-11
RPS,tabular,203,11,13.808725153994311,0.07006060279835413,1.167859413410792,0.0011968135329173777,0.03,1.0,0.97966981304105,0.03354115578309126,0.03351098402727282,0.0,0,8.994086725389039e-11
RPS,tabular,203,12,14.252809728293311,0.06825666838284915,0.9512004794195198,0.005349835613105668,0.03,1.0,0.9150979420865419,0.027299146909635995,0.027274724272081524,0.0,0,8.95130775058206e-11
RPS,tabular,203,13,14.699855313484578,0.06644529313457502,0.7731698246105505,0.008057227553395205,0.03,1.0,0.8774232122781539,0.0221759504354921,0.022157185055322035,0.0,0,8.942172696757567e-11
RPS,tabular,203,14,15.134928561074272,0.06473365421742802,0.6266743671260749,0.009932906738045102,0.03,1.0,0.853130200753663,0.017961660981091785,0.01794770899437216,0.0,0,8.981133892138615e-11
RPS,tabular,203,15,15.551025694336643,0.06315709519638935,0.5064017754155277,0.011322831338509934,0.03,1.0,0.8360125750062516,0.01450369108904074,0.014493550590549575,0.0,0,8.96447464870942e-11
RPS,tabular,203,16,15.944775936167378,0.061722602623797994,0.4080175181934762,0.012426018511601387,0.03,1.0,0.8229316270087622,0.011677458642348672,0.011670210744295847,0.0,0,8.944684576350781e-11
RPS,tabular,203,17,16.314664402058057,0.06042571412999625,0.32785945582111264,0.013359267434168378,0.03,1.0,0.8121959074203869,0.009377140222522578,0.009372027010105886,0.0,0,8.895285202870085e-11
RPS,tabular,203,18,16.660211916966432,0.059257516703497375,0.26280557969295626,0.014192764529780183,0.03,1.0,0.8028490652148774,0.0075122328725213666,0.007508663533611751,0.0,0,8.986438676528152e-11
RPS,tabular,203,19,16.98155256616474,0.05820768793721336,0.21020046070903614,0.014969527623844518,0.03,1.0,0.7943319935139889,0.006005707141299745,0.006003237350143818,0.0,0,8.992628343362785e-11
RPS,tabular,203,20,17.279190280532266,0.057265863260668036,0.16780113727095056,0.01571632662238802,0.03,1.0,0.7863105696413459,0.004792559787731946,0.00479084316641392,0.0,0,8.992628343362785e-11
RPS,tabular,203,21,17.553845722392882,0.05642224881077352,0.13372612687301955,0.016449868355941578,0.03,1.0,0.7785840192731234,0.003818357532840701,0.003817157974016031,0.0,0,8.859636982383456e-11
RPS,tabular,203,22,17.806353943254397,0.055667878585739856,0.10641046226896478,0.017180469573468266,0.03,1.0,0.7710330544019449,0.0030379173302091523,0.0030370810816390727,0.0,0,8.964630773822257e-11
RPS,tabular,203,23,18.037594884879244,0.05499469451576456,0.08456224861538818,0.017914240101526892,0.03,1.0,0.7635899143072015,0.0024140182369744045,0.002413436312949723,0.0,0,8.943819990170354e-11
RPS,tabular,203,24,18.248446977280306,0.05439553683020716,0.06712129822205827,0.01865436963173153,0.03,1.0,0.7562208492835885,0.0019161746406427625,0.0019157703008343546,0.0,0,8.996927551921385e-11
RPS,tabular,203,25,18.439757984583597,0.053864088924223695,0.05322238585199583,0.019401927071492017,0.03,1.0,0.7489152613399119,0.001519550806465666,0.0015192702653130013,0.0,0,8.906422604634812e-11
RPS,tabular,203,26,18.612329674775903,0.0533947982926255,0.04216277007265856,0.02015635636750522,0.03,1.0,0.7416788581507506,0.001204006123888036,0.0012038117991503075,0.0,0,8.932214646747982e-11
RPS,tabular,203,27,18.76691378067536,0.052982785083183596,0.03337402288184168,0.020915791317970632,0.03,1.0,0.7345291784582557,0.0009532710664085064,0.000953136745712891,0.0,0,8.919890152024601e-11
RPS,tabular,203,28,18.90421724569766,0.05262374445313097,0.0263979765642278,0.021677266139016608,0.03,1.0,0.7274925134791369,0.0007542467589849162,0.0007541541764490671,0.0,0,8.945929327180968e-11
RPS,tabular,203,29,19.02491496787928,0.05231384628348397,0.020866449618587354,0.02243687180867985,0.03,1.0,0.7206016298781892,0.0005964169307187586,0.0005963533607751758,0.0,0,8.914446513862834e-11
RPS,tabular,203,30,19.129668260799974,0.05204963471272293,0.016484338477423678,0.02318989262822716,0.03,1.0,0.7138939204851746,0.00047135916082550024,0.00047131573588765066,0.0,0,8.906528845605693e-11
RPS,tabular,203,31,19.21914710621618,0.05182792974758827,0.013015638960872124,0.02393094696483052,0.03,1.0,0.7074097499465584,0.00037234197860763865,0.0003723125168473326,0.0,0,8.959228693129762e-11
RPS,tabular,203,32,19.29405404207129,0.051645733522926854,0.010271972946217504,0.024654148381316923,0.03,1.0,0.7011908567855069,0.00029399497459557666,0.00029397516482137544,0.0,0,8.798140216587438e-11
RPS,tabular,203,33,19.355147293669425,0.0515001443333621,0.008103227471487734,0.025353296937137816,0.03,1.0,0.6952787390283878,0.0002320401987413872,0.00023202703401908626,0.0,0,8.82713768616053e-11
RPS,tabular,203,34,19.4032606156899,0.05138828209556303,0.006389955310919996,0.026022103568789264,0.03,1.0,0.6897130063254778,0.000183074474734664,0.0001830658587566006,0.0,0,8.981874578405276e-11
RPS,tabular,203,35,19.439317369259623,0.0513072291905341,0.005037231220886778,0.026654443244896627,0.03,1.0,0.684529728236583,0.00014439366393242047,0.0001443881372136433,0.0,0,8.988013000424226e-11
RPS,tabular,203,36,19.464336697591616,0.05125399046311173,0.003969702375077088,0.027244625351294297,0.03,1.0,0.6797598466518566,0.00011385125846979337,0.00011384780761225256,0.0,0,8.949117445353205e-11
RPS,tabular,203,37,19.47943032643428,0.051225475362238385,0.003127612611278195,0.02778766591041312,0.03,1.0,0.6754277275544971,8.974491211617488e-05,8.974283650000085e-05,0.0,0,8.999920145073836e-11
RPS,tabular,203,38,19.485789476186426,0.051218503731964495,0.0024636168498445936,0.02827953850380123,0.03,1.0,0.6715499680584059,7.072560258731185e-05,7.072442104092856e-05,0.0,0,8.988469301816297e-11
RPS,tabular,203,39,19.48466250662068,0.05122983474923748,0.0019402340304507666,0.028717381836677526,0.03,1.0,0.6681345508222529,5.5725057021489905e-05,5.572444223464983e-05,0.0,0,8.978254141393024e-11
RPS,tabular,203,40,19.477325064742107,0.05125621616722519,0.0015278142447639742,0.02909964579255035,0.03,1.0,0.6651804054122377,4.389786769720757e-05,4.389759990041639e-05,0.0,0,8.846062548922493e-11
RPS,tabular,203,41,19.46504545780722,0.051294448773480376,0.0012029187546677654,0.029426156051792687,0.03,1.0,0.6626774601332394,3.457539137247023e-05,3.45753256467097e-05,0.0,0,8.876746671157738e-11
RPS,tabular,203,42,19.449048540985352,0.05134145925087422,0.0009470307480578572,0.02969809728637697,0.03,1.0,0.6606071351935909,2.7229079183537192e-05,2.722912222600813e-05,0.0,0,8.872192980020465e-11
RPS,tabular,203,43,19.430481506478735,0.0513943737449904,0.0007455304961305227,0.029917911107782746,0.03,1.0,0.6589432868390587,2.14413384246972e-05,2.144143211784559e-05,0.0,0,8.83095196971208e-11
RPS,tabular,203,44,19.41038456063415,0.05145058464304994,0.0005868815267006904,0.03,0.03,1.0,0.6583210527514756,1.6882397831164288e-05,1.6882508410267653e-05,0.0,0,8.7523528426544e-11
RPS,tabular,203,45,19.389681066857605,0.05150776306442407,0.0004619850892642249,0.03,0.03,1.0,0.6583171058886488,1.32919534991896e-05,1.329206119596186e-05,0.0,0,8.972306231314064e-11
RPS,tabular,203,46,19.36916913660647,0.051563898458314876,0.000363668225074,0.03,0.03,1.0,0.6583151654565794,1.0464653278152992e-05,1.0464748094453037e-05,0.0,0,8.949255336896007e-11
RPS,tabular,203,47,19.349471174057392,0.051617431543964545,0.0002862782396503681,0.03,0.03,1.0,0.6583149442113196,8.23853545997837e-06,8.238613915691024e-06,0.0,0,8.950401753299655e-11
RPS,tabular,203,48,19.331044177378118,0.05166722187240713,0.00022536220224271964,0.03,0.03,1.0,0.6583161473402286,6.485906670310856e-06,6.4859688230815366e-06,0.0,0,8.990758804090044e-11
RPS,tabular,203,49,19.314201337064848,0.05171249621064576,0.00017741340370999416,0.03,0.03,1.0,0.6583184853049666,5.106130767898788e-06,5.106178382972071e-06,0.0,0,8.761277037113444e-11
RPS,tabular,203,50,19.299133768273805,0.0517527956892867,0.0001396709597097803,0.03,0.03,1.0,0.6583216836628437,4.019921659795279e-06,4.019957145100474e-06,0.0,0,8.838052289969229e-11
RPS,tabular,203,51,19.285931479885726,0.05178792373507046,0.00010996157396442728,0.03,0.03,1.0,0.6583254901785284,3.164830638329207e-06,3.1648564617389866e-06,0.0,0,8.962548703225732e-11
RPS,tabular,203,52,19.274602979428277,0.05181789635911489,8.657469622851129e-05,0.03,0.03,1.0,0.6583296795658448,2.4916812705664624e-06,2.4916996553508185e-06,0.0,0,8.998838341105734e-11
RPS,tabular,203,53,19.26509314221795,0.051842895961677696,6.816409670666628e-05,0.03,0.03,1.0,0.6583340562089509,1.961754963756531e-06,1.9617677854020763e-06,0.0,0,8.966627440543107e-11
RPS,tabular,203,54,19.25729914470033,0.05186322945095414,5.367031259725756e-05,0.03,0.03,1.0,0.6583384552073,1.5445706875706098e-06,1.5445794491192994e-06,0.0,0,8.941053897227889e-11
RPS,tabular,203,55,19.251084386876748,0.05187929115971164,4.2259568397801736e-05,0.03,0.03,1.0,0.6583427420727469,1.2161343653645354e-06,1.2161402323185152e-06,0.0,0,8.96379437342548e-11
RPS,tabular,203,56,19.246290417300337,0.05189153077988487,3.3275689019301815e-05,0.03,0.03,1.0,0.6583468113831217,9.575593023139328e-07,9.57563137998725e-07,0.0,0,8.918793037448933e-11
RPS,tabular,203,57,19.242746935406934,0.051900426320026546,2.6202251485086293e-05,0.03,0.03,1.0,0.6583505846670602,7.539793418342355e-07,7.539817926549237e-07,0.0,0,8.947323548716693e-11
RPS,tabular,203,58,19.240279987141257,0.05190646192082533,2.0632801104580975e-05,0.03,0.03,1.0,0.6583540077621712,5.936930654312151e-07,5.93694589011909e-07,0.0,0,8.947323548716693e-11
RPS,tabular,203,59,19.23871849647097,0.05191011023581324,1.624741665322268e-05,0.03,0.03,1.0,0.6583570478546263,4.67489928071777e-07,4.674908435575661e-07,0.0,0,8.883182189834707e-11
RPS,tabular,203,60,19.237899291472914,0.0519118189933762,1.27942725894774e-05,0.02997388391533003,0.03,1.0,0.6585555515401241,3.681198516970198e-07,3.68120372099121e-07,0.0,0,8.999121448029953e-11
RPS,tabular,203,61,19.23767172643766,0.05191199912510731,1.0075132415810409e-05,0.02994826691898515,0.03,1.0,0.6587500253753229,2.8987572436357873e-07,2.8987600192023464e-07,0.0,0,8.964398556801622e-11
RPS,tabular,203,62,19.23789696244815,0.05191102628292965,7.933935598649708e-06,0.02992728472075125,0.03,1.0,0.6589094166790495,2.2826484446402323e-07,2.282649793804457e-07,0.0,0,8.858148881073342e-11
RPS,tabular,203,63,19.238452286310775,0.05190922998903931,6.247817608698257e-06,0.0299106689846457,0.03,1.0,0.6590357148987851,1.7975037203746425e-07,1.7975042964440702e-07,0.0,0,8.935118644968418e-11
RPS,tabular,203,64,19.239231935347785,0.05190689199403326,4.920043646055022e-06,0.02989814099768326,0.03,1.0,0.659131007154646,1.4154785341099236e-07,1.4154786473531176e-07,0.0,0,8.870619572222287e-11
RPS,tabular,203,65,19.24014688716224,0.05190424736210725,3.874448019112376e-06,0.029889302197335096,0.03,1.0,0.6591982969126635,1.114650486295589e-07,1.1146503376237292e-07,0.0,0,8.951843266659471e-11
RPS,tabular,203,66,19.241124127080916,0.051901486936293206,3.0510580148973546e-06,0.029883534988545856,0.03,1.0,0.6592422462947026,8.777590873082035e-08,8.7775889917368e-08,0.0,0,8.965694187067919e-11
RPS,tabular,203,67,19.242105533000494,0.051898760785359835,2.402649570851691e-06,0.0298805318476129,0.03,1.0,0.6592651949719553,6.912141967181481e-08,6.912139926891927e-08,0.0,0,8.95891894003927e-11
RPS,tabular,203,68,19.243046520015533,0.0518961822322956,1.8920363356038342e-06,0.029879881605702447,0.03,1.0,0.6592702660048383,5.443148816088875e-08,5.443146537940423e-08,0.0,0,8.875388424200515e-11
RPS,tabular,203,69,19.24391452820212,0.05189383224131944,1.4899352232681961e-06,0.029880781177159404,0.03,1.0,0.6592635304799185,4.286348829023045e-08,4.28634755775094e-08,0.0,0,8.890716163278755e-11
RPS,tabular,203,70,19.244687431416455,0.051891763949137984,1.1732865473094718e-06,0.029883348309134194,0.03,1.0,0.6592441361298816,3.375394109769842e-08,3.375392825449603e-08,0.0,0,8.894581737805974e-11
RPS,tabular,203,71,19.245351983238496,0.05189000702772036,9.239310120032411e-07,0.02988671931475752,0.03,1.0,0.6592186064217849,2.658035327161621e-08,2.658034621090721e-08,0.0,0,8.976262400039723e-11
RPS,tabular,203,72,19.24590225801845,0.05188857200760287,7.275683352479189e-07,0.02989079957648106,0.03,1.0,0.6591876799296,2.0931304184214616e-08,2.0931299995332313e-08,0.0,0,8.756201097525723e-11
RPS,tabular,203,73,19.24633823033919,0.051887454173411465,5.729370230784135e-07,0.029895256403963656,0.03,1.0,0.6591538810543985,1.648279892796831e-08,1.648279830651704e-08,0.0,0,8.73004268875381e-11
RPS,tabular,203,74,19.246664441309317,0.051886637185947444,4.5116865811433493e-07,0.029899958784100972,0.03,1.0,0.6591182144469827,1.2979705323165426e-08,1.2979705805040313e-08,0.0,0,8.970129306007234e-11
RPS,tabular,203,75,19.246888810186874,0.05188609627852656,3.5527944319251246e-07,0.0299047738390065,0.03,1.0,0.6590816951117469,1.0221108434973215e-08,1.0221106940913695e-08,0.0,0,8.950028718146726e-11
RPS,tabular,203,76,19.24702158496906,0.05188580105316195,2.7976950253476876e-07,0.029909249685152784,0.03,1.0,0.6590477311614731,8.048784356216758e-09,8.048783149252633e-09,0.0,0,8.890345792877912e-11
RPS,tabular,203,77,19.247074438603306,0.0518857178648459,2.2030790638915713e-07,0.02991343861635389,0.03,1.0,0.6590159390367636,6.338140868577637e-09,6.338139939796546e-09,0.0,0,8.894216030341689e-11
RPS,tabular,203,78,19.247059724678977,0.05188581176401004,1.7348391772616144e-07,0.029917036850422563,0.03,1.0,0.6589886074570594,4.99105772691139e-09,4.991059717699957e-09,0.0,0,8.955548969069423e-11
RPS,tabular,203,79,19.24698986087633,0.051886048085548725,1.3661173043367902e-07,0.029920681822939357,0.03,1.0,0.6589609527811234,3.93027837839002e-09,3.930277584008147e-09,0.0,0,8.721885214058014e-11
RPS,tabular,203,80,19.246876854236696,0.05188639365281695,1.0757626797420809e-07,0.029923716468482204,0.03,1.0,0.658937913108741,3.0949463154156378e-09,3.0949465992557543e-09,0.0,0,8.81101325234108e-11
RPS,tabular,203,81,19.24673193053253,0.05188681769597288,8.471197988278794e-08,0.02992385051450771,0.03,1.0,0.6589366894206365,2.43715036561962e-09,2.4371527978981436e-09,0.0,0,8.953715768811316e-11
RPS,tabular,203,82,19.24656528520509,0.05188729244271743,6.670725159420669e-08,0.029929543935171245,0.03,1.0,0.6588937463669619,1.9191662497268858e-09,1.919164315199073e-09,0.0,0,8.99895558070795e-11
RPS,tabular,203,83,19.2463859269216,0.051887793475173576,5.2529254489474415e-08,0.029928578253342643,0.03,1.0,0.658900841949824,1.5112675531537919e-09,1.5112674982050995e-09,0.0,0,8.973962239977597e-11
RPS,tabular,203,84,19.246201581959884,0.0518882998857308,4.136466332522837e-08,0.00945608868442851,0.03,1.0,0.8594288464358864,1.136801151317228e-09,1.1813475392786704e-09,9.004013636329366e-08,0,8.969463838326403e-11
RPS,tabular,203,85,19.24606269401804,0.05188865895355701,3.263741670562968e-08,0.009267988931088112,0.03,1.0,0.8618387281838729,8.959135343591632e-10,9.3197638255437e-10,7.315237897343165e-08,0,8.897573344768263e-11
RPS,tabular,203,86,19.24593985897,0.051888971033534285,2.5752423600172408e-08,0.009039982474575632,0.03,1.0,0.8647780728134733,7.058818262382568e-10,7.352500134218458e-10,5.982841638562226e-08,0,8.94722163025108e-11
RPS,tabular,203,87,19.24583135655343,0.05188923989849626,2.0320795793208008e-08,0.008766437163961568,0.03,1.0,0.8683310524844061,5.55967512298286e-10,5.800550547104687e-10,4.9319535624828625e-08,0,8.976993148834822e-11
RPS,tabular,203,88,19.24573563972073,0.05188946859522071,1.603565632969877e-08,0.008442747762985947,0.03,1.0,0.8725732380587085,4.376996953558188e-10,4.576243925297144e-10,4.102989044808988e-08,0,8.147945651515443e-11
RPS,tabular,203,89,19.24565131394905,0.05188965943697557,1.265494268791347e-08,0.008065484211058752,0.03,1.0,0.8775701638771533,3.4440119513839566e-10,3.610425103222084e-10,3.4486759159916454e-08,0,6.41296948877823e-11
RPS,tabular,203,90,19.245577119217046,0.05188981397098918,9.987755990704988e-09,0.007633048909942406,0.03,1.0,0.8833687159170053,2.7079954650741727e-10,2.8485209706238774e-10,2.932759714455464e-08,0,5.0497179771014086e-11
RPS,tabular,203,91,19.245511914053836,0.05188993291834719,7.883409210936148e-09,0.006276014133393311,0.03,1.0,0.9020733736736447,2.1055987506612508e-10,2.2458898802535154e-10,2.987035322689588e-08,0,3.978440243912473e-11
RPS,tabular,203,92,19.245455585132056,0.051890013346164464,6.224281863243489e-09,0.005136979896463749,0.03,1.0,0.9183957531022867,1.6315836522595973e-10,1.7714971831044219e-10,3.0210446446210485e-08,0,3.140153470582163e-11
RPS,tabular,203,93,19.24540662598754,0.0518900557357679,4.915583851633033e-09,0.0041867673630612045,0.03,1.0,0.9324711621112506,1.258446118697079e-10,1.3978434207798058e-10,3.038565966730242e-08,0,2.4823503252946465e-11
RPS,tabular,203,94,19.24536378738262,0.051890058796101216,3.882947768247186e-09,0.003398853276422792,0.03,1.0,0.9444738699585155,9.645078182114966e-11,1.103384458518931e-10,3.0472101367768026e-08,0,1.96486493742043e-11
RPS,tabular,203,95,19.245326058933628,0.05189001927067239,3.0678265052510425e-09,0.00274935081695954,0.03,1.0,0.954602915646578,7.328623476685161e-11,8.712199920592819e-11,3.0492357412037765e-08,0,1.5568653033426474e-11
RPS,tabular,203,96,19.245292634773655,0.05188993171087839,2.4242320352798043e-09,0.002215410567075238,0.03,1.0,0.9630939205722188,5.502334648050029e-11,6.880894460085754e-11,3.047564055388729e-08,0,1.234579771747235e-11
RPS,tabular,203,97,19.245262876422093,0.05188978816352522,1.915887164782083e-09,0.001781807643003471,0.03,1.0,0.9701012566992001,4.061772364096183e-11,5.4357262831244696e-11,3.042622484730441e-08,0,9.796063960010314e-12
RPS,tabular,203,98,19.245236274874593,0.05188957774462957,1.5143329319397455e-09,0.001427690330534477,0.03,1.0,0.9759001437669075,2.925076526980001e-11,4.294897512833919e-11,3.0374656653594665e-08,0,7.776292942907048e-12
RPS,tabular,203,99,19.245212424536295,0.05188928603771835,1.1970310316938022e-09,0.0011430827592437442,0.03,1.0,0.9806112592584172,2.027432594533967e-11,3.3940635560273546e-11,3.032586775096982e-08,0,6.174800670777359e-12
RPS,tabular,203,100,19.24519099510769,0.051888894315037425,9.463242634107192e-10,0.0,0.02798970728400527,1.0,1.0,1.3243669564308966e-11,2.5103051639669605e-11,3.0274444753623967e-08,0,4.903977224302025e-12
RPS,tabular,204,1,18.57736494362627,0.04182137415361075,8.703417696248957,0.0040803387153716605,0.03,1.0,0.9329939992333937,0.2502686725002099,0.24998040501772634,0.0,0,8.99526009234819e-11
RPS,tabular,204,2,18.832526924269338,0.043300399005331155,7.112825486169072,0.0053680927943207946,0.03,1.0,0.9136687542813737,0.20418238754478138,0.20397276654509844,0.0,0,8.99906121842875e-11
RPS,tabular,204,3,19.058855813478655,0.0445032278790082,5.7943145137914325,0.0069437073084254,0.03,1.0,0.8911315993412108,0.16609024869506034,0.16594012002267822,0.0,0,8.99906121842875e-11
RPS,tabular,204,4,19.262306787820553,0.045467451875146316,4.705156848507388,0.00865783018667896,0.03,1.0,0.8678968405362051,0.1347101314700999,0.13460371523586845,0.0,0,8.99405411258769e-11
RPS,tabular,204,5,19.44420980706845,0.046234686472181936,3.808838578821825,0.01040941493807275,0.03,1.0,0.8454322526313321,0.10894817250801676,0.10887337849113021,0.0,0,8.99405411258769e-11
RPS,tabular,204,6,19.604030238642903,0.04684444601550299,3.0740535465534284,0.012132472075596075,0.03,1.0,0.8244989689886659,0.0878716922664447,0.08781957213676933,0.0,0,8.958710162598749e-11
RPS,tabular,204,7,19.740970643725717,0.04733126622776221,2.4740014424088907,0.013785669848453044,0.03,1.0,0.8054216137446396,0.0706878774601689,0.07065190515231057,0.0,0,8.87140846894674e-11
RPS,tabular,204,8,19.85473991052196,0.047723799626577836,1.9858178177556884,0.015345598153701848,0.03,1.0,0.7882625009179897,0.056725230740681844,0.056700641376778715,0.0,0,8.745042190394514e-11
RPS,tabular,204,9,19.94581594526027,0.048044964468338676,1.5900823477802961,0.01679833634428091,0.03,1.0,0.7729705760705807,0.045417101168787825,0.04540047865913491,0.0,0,8.990700892108627e-11
RPS,tabular,204,10,20.015389872516934,0.04831267019440757,1.2703843670644972,0.018137962614371842,0.03,1.0,0.7594228706794118,0.036287416669224276,0.03627631780875465,0.0,0,8.980019852722343e-11
RPS,tabular,204,11,20.065214003995074,0.04854063798654855,1.0129353926100229,0.019363862165615815,0.03,1.0,0.7474658211456738,0.028938100862377785,0.02893078651626968,0.0,0,8.980019852722343e-11
RPS,tabular,204,12,20.097405734240883,0.04873922108304929,0.8062196870578421,0.020478795302798117,0.03,1.0,0.7369389708213332,0.02303798503742535,0.023033229753853843,0.0,0,8.939308321354034e-11
RPS,tabular,204,13,20.11425793104862,0.0489161387637394,0.6406783586913836,0.021487808375403147,0.03,1.0,0.7276853208555276,0.01831301669004537,0.018309961149447426,0.0,0,8.960190228668452e-11
RPS,tabular,204,14,20.118082387774074,0.04907708790055029,0.5084238687226308,0.022397463329017805,0.03,1.0,0.7195564621280661,0.01453758627288791,0.014535634798332552,0.0,0,8.891224735629866e-11
RPS,tabular,204,15,20.111093396454997,0.04922623273963457,0.40298349048753757,0.023215286550968318,0.03,1.0,0.7124147676945477,0.011526865862630607,0.01152564280919511,0.0,0,8.959581080519863e-11
RPS,tabular,204,16,20.095330325792844,0.04936658599626766,0.3190757685152333,0.02394928795301321,0.03,1.0,0.706134690912403,0.009130217297097598,0.009129467507294708,0.0,0,8.927245574719134e-11
RPS,tabular,204,17,20.072613547248544,0.0495002998477574,0.25241082215969707,0.024607579032249978,0.03,1.0,0.7006032291309,0.00722537007456377,0.0072249227091506565,0.0,0,8.874890145699199e-11
RPS,tabular,204,18,20.044526917130042,0.04962888470840013,0.19951923400300942,0.02519806199462551,0.03,1.0,0.6957199920910394,0.005713472632042229,0.00571321500541442,0.0,0,8.954622026519088e-11
RPS,tabular,204,19,20.0124197378105,0.04975337217949347,0.15760589341824935,0.025728188807742667,0.03,1.0,0.6913969721160015,0.004514891191791229,0.00451475012830984,0.0,0,8.965847075187439e-11
RPS,tabular,204,20,19.977421778040778,0.04987443595670475,0.12442652945472195,0.026204790683581287,0.03,1.0,0.6875580475269576,0.003565676500425413,0.00356560525979196,0.0,0,8.958210822446189e-11
RPS,tabular,204,21,19.940465979212586,0.04999248173109376,0.09818444617435175,0.026633975579060474,0.03,1.0,0.6841382431937759,0.002814617760820358,0.0028145870169427444,0.0,0,8.9714439219582e-11
RPS,tabular,204,22,19.902314651606158,0.05010771459213171,0.077444915394753,0.027021087157075897,0.03,1.0,0.6810827857772895,0.0022208051816668163,0.0022207968993830512,0.0,0,8.959312957322607e-11
RPS,tabular,204,23,19.863586108280412,0.05022019028751963,0.0610647551266285,0.027370715204085655,0.03,1.0,0.67834600661937,0.0017516272366688865,0.0017516305824503567,0.0,0,8.959312957322607e-11
RPS,tabular,204,24,19.824779696965393,0.050329854956604886,0.048134787697514225,0.02768674551656341,0.03,1.0,0.6758901544979816,0.0013811351063395044,0.001381143760936828,0.0,0,8.795515650441427e-11
RPS,tabular,204,25,19.78629802396385,0.05043657660814172,0.03793309274872435,0.02797243661611256,0.03,1.0,0.6736841833177772,0.0010887140815365696,0.001088724502259309,0.0,0,8.921809287448096e-11
RPS,tabular,204,26,19.74846580631967,0.05054017060439715,0.0298872169023966,0.02823051177642578,0.03,1.0,0.6717025715404177,0.0008580092978344163,0.0008580196128694243,0.0,0,8.989058163186986e-11
RPS,tabular,204,27,19.711545251993563,0.05064042067513572,0.023543751755676308,0.028463256448325057,0.03,1.0,0.6699242201375927,0.0006760605715191802,0.0006760698880489105,0.0,0,8.975149291302886e-11
RPS,tabular,204,28,19.675748176588613,0.05073709645795178,0.01854393012709391,0.028672612655261605,0.03,1.0,0.6683314677123607,0.0005326080150403887,0.0005326159941278033,0.0,0,8.961540179635435e-11
RPS,tabular,204,29,19.641245249203905,0.050829968194992664,0.014604108315088609,0.028860265423056166,0.03,1.0,0.6669092381372234,0.00041953634602434115,0.0004195429464418864,0.0,0,8.997877776520911e-11
RPS,tabular,204,30,19.60817285065632,0.05091881896624515,0.011500195220036922,0.029027717023301765,0.03,1.0,0.6656443345731199,0.0003304312905236599,0.00033043661814672253,0.0,0,8.887340863239501e-11
RPS,tabular,204,31,19.576638048102346,0.051003454683438885,0.009055256338812514,0.02917634701357726,0.03,1.0,0.6645248803224388,0.0002602262144929023,0.0002602304364872096,0.0,0,8.993529919810832e-11
RPS,tabular,204,32,19.546722165154662,0.051083711978153194,0.007129662739180923,0.029307458658260375,0.03,1.0,0.6635398904253735,0.0002049211335200904,0.0002049244314252898,0.0,0,8.816247066428546e-11
RPS,tabular,204,33,19.518483372746616,0.05115946407675597,0.005613274176349473,0.029422310774269465,0.03,1.0,0.6626789726761354,0.0001613596136870093,0.0001613621596005181,0.0,0,8.813469287607782e-11
RPS,tabular,204,34,19.491958655143304,0.05123062475270638,0.004419244121182171,0.02952213814706023,0.03,1.0,0.6619321278085272,0.00012705186420703887,0.00012705381012210153,0.0,0,8.770486336425083e-11
RPS,tabular,204,35,19.46716543036323,0.05129715046446919,0.003479115411275538,0.029608161315571983,0.03,1.0,0.6612896386184446,0.0001000346109056662,0.00010003608539406011,0.0,0,8.687990326889782e-11
RPS,tabular,204,36,19.444103029390252,0.05135904082103771,0.002738941167700423,0.029681588482281064,0.03,1.0,0.6607420243840737,7.876020692030801e-05,7.876131557288575e-05,0.0,0,8.957428798261197e-11
RPS,tabular,204,37,19.422754170952267,0.051416337552863886,0.0021562190241445705,0.02974361050339178,0.03,1.0,0.6602800517384455,6.200894996686897e-05,6.20097777260396e-05,0.0,0,8.866694711621732e-11
RPS,tabular,204,38,19.403086510482165,0.0514691221991675,0.0016974697580852474,0.029795394836979957,0.03,1.0,0.6598947567418123,4.881979738449572e-05,4.882041138157118e-05,0.0,0,8.869704304386621e-11
RPS,tabular,204,39,19.38505429530528,0.05151751274685528,0.0013363259710234858,0.029838073260298286,0.03,1.0,0.6595775169308327,3.843565043913971e-05,3.8436103084150736e-05,0.0,0,8.919074145894205e-11
RPS,tabular,204,40,19.36860012277411,0.05156165947005659,0.0010520241229170523,0.0298727310926704,0.03,1.0,0.659320114733743,3.0260166749686167e-05,3.0260498533736467e-05,0.0,0,8.982482757548173e-11
RPS,tabular,204,41,19.35365677460137,0.05160174021899397,0.0008282153058823882,0.02990039934343099,0.03,1.0,0.6591147816087037,2.3823686904960418e-05,2.3823928754674166e-05,0.0,0,8.982482757548173e-11
RPS,tabular,204,42,19.340149086050648,0.051637955397038825,0.0006520277269147453,0.02992204342910462,0.03,1.0,0.6589542705873592,1.875636187763574e-05,1.875653722463771e-05,0.0,0,8.969277987053083e-11
RPS,tabular,204,43,19.32799580300801,0.05167052284262182,0.000513327855451228,0.029938556602152055,0.03,1.0,0.6588318957895691,1.4766966741116518e-05,1.4767093218795262e-05,0.0,0,8.940090667750359e-11
RPS,tabular,204,44,19.31711138000972,0.05169967280482197,0.00040413829269497596,0.029950754644070043,0.03,1.0,0.6587415646537564,1.1626202169942906e-05,1.1626292961514253e-05,0.0,0,8.913344728980429e-11
RPS,tabular,204,45,19.30740767696571,0.05172564316825997,0.0003181792219733925,0.029959377058707617,0.03,1.0,0.6586777633065507,9.153536375670184e-06,9.15360121751286e-06,0.0,0,8.9821257098675e-11
RPS,tabular,204,46,19.2987955194127,0.051748675048888686,0.0002505072730570356,0.029965076366310697,0.03,1.0,0.6586356328643047,7.206838736421567e-06,7.206884848898209e-06,0.0,0,8.950409746707227e-11
RPS,tabular,204,47,19.291186097206865,0.05176900884427441,0.0001972311495523378,0.029968436277004785,0.03,1.0,0.6586108303222554,5.674214797417723e-06,5.674247421801661e-06,0.0,0,8.888220159841123e-11
RPS,tabular,204,48,19.284492182821946,0.051786880797786886,0.0001552877294492963,0.02996995038395112,0.03,1.0,0.658599686731516,4.467575446157088e-06,4.467598445565404e-06,0.0,0,8.883729085699179e-11
RPS,tabular,204,49,19.278629163695392,0.05180252009477428,0.00012226579777243493,0.02997005388796663,0.03,1.0,0.6585989682319592,3.5175732679697207e-06,3.5175894018973653e-06,0.0,0,8.999032186099197e-11
RPS,tabular,204,50,19.27351588441861,0.05181614650210264,9.626728643465592e-05,0.029969108747350252,0.03,1.0,0.6586059870762258,2.7696151561083085e-06,2.7696264278081075e-06,0.0,0,8.931719364116174e-11
RPS,tabular,204,51,19.269075307619243,0.05182796852469328,7.579804768778938e-05,0.029967413447250343,0.03,1.0,0.6586185282961277,2.18072317753013e-06,2.1807310280370624e-06,0.0,0,8.992717903671485e-11
RPS,tabular,204,52,19.265235002481994,0.051838182051465224,5.968187777795034e-05,0.0299652186131063,0.03,1.0,0.6586347327438208,1.7170631417745496e-06,1.717068575057229e-06,0.0,0,8.921773320120991e-11
RPS,tabular,204,53,19.261927475048306,0.051846969448378945,4.699284294159665e-05,0.02996271354985098,0.03,1.0,0.6586531983879927,1.3519988893433764e-06,1.3520026492265488e-06,0.0,0,8.977326215740516e-11
RPS,tabular,204,54,19.259090358415527,0.051854499045446235,3.7002013387967204e-05,0.02996006187726273,0.03,1.0,0.6586727132811352,1.0645607976641093e-06,1.064563388134091e-06,0.0,0,8.775985937958384e-11
RPS,tabular,204,55,19.25666647853299,0.05186092497133153,2.9135535739117973e-05,0.029957390648514527,0.03,1.0,0.6586923375346118,8.382399924529373e-07,8.382417630664123e-07,0.0,0,8.941748008694437e-11
RPS,tabular,204,56,19.254603816315086,0.05186638727598087,2.294163210392391e-05,0.02995475102830384,0.03,1.0,0.6587116987553483,6.60039241299404e-07,6.600404474394364e-07,0.0,0,8.880923996201561e-11
RPS,tabular,204,57,19.252855384489983,0.05187101228845948,1.8064623670577478e-05,0.02995224347299211,0.03,1.0,0.6587300528999738,5.197258491027712e-07,5.197266640706985e-07,0.0,0,8.95745211337776e-11
RPS,tabular,204,58,19.251379031383337,0.051874913174413374,1.4224483342657754e-05,0.029949860659314313,0.03,1.0,0.6587474633125537,4.0924345721190083e-07,4.0924402861956254e-07,0.0,0,8.933207507055311e-11
RPS,tabular,204,59,19.250137196569774,0.05187819062388343,1.1200741089665768e-05,0.029947684708747018,0.03,1.0,0.6587633206911283,3.222491805368526e-07,3.2224956459984403e-07,0.0,0,8.996779321536781e-11
RPS,tabular,204,60,19.249096622712074,0.05188093365612349,8.819813639653104e-06,0.0299456906662698,0.03,1.0,0.6587778182610816,2.5374894897417757e-07,2.5374921139070157e-07,0.0,0,8.946375640304938e-11
RPS,tabular,204,61,19.248228046831304,0.05188322047770712,6.945031145937111e-06,0.029943990299201473,0.03,1.0,0.6587901219105703,1.9981074997715571e-07,1.9981091222787607e-07,0.0,0,8.921072547353088e-11
RPS,tabular,204,62,19.247505872151493,0.051885119389934266,5.468785523783761e-06,0.029942335518774416,0.03,1.0,0.658802097986982,1.5733860776874763e-07,1.5733872048401826e-07,0.0,0,8.98949115146758e-11
RPS,tabular,204,63,19.246907843334938,0.051886689683754,4.3063494946453476e-06,0.029940856752909303,0.03,1.0,0.6588127706036093,1.2389489942491574e-07,1.2389498521660296e-07,0.0,0,8.938980222694575e-11
RPS,tabular,204,64,19.24641471243138,0.05188798255586393,3.391010713214199e-06,0.029939638482374433,0.03,1.0,0.658821507952563,9.756030730978385e-08,9.7560355796804e-08,0.0,0,8.995205913464641e-11
RPS,tabular,204,65,19.246009922414842,0.05188904197383963,2.67024051326923e-06,0.029938375314290767,0.03,1.0,0.6588306046101335,7.682350435989605e-08,7.682354855409145e-08,0.0,0,8.979274657150056e-11
RPS,tabular,204,66,19.245679307346485,0.051889905492892546,2.102678129701276e-06,0.029937214020717706,0.03,1.0,0.6588389599406544,6.049455988313644e-08,6.049459171426944e-08,0.0,0,8.973418674784937e-11
RPS,tabular,204,67,19.24541080098954,0.05189060504636593,1.655755601537558e-06,0.02993658046158761,0.03,1.0,0.658843377225373,4.763647815479576e-08,4.7636496111770514e-08,0.0,0,8.989585076335555e-11
RPS,tabular,204,68,19.24519417012244,0.051891167666620906,1.3038289256104915e-06,0.0299356665590883,0.03,1.0,0.6588499238716854,3.751144636164151e-08,3.7511462618401e-08,0.0,0,8.792880423769028e-11
RPS,tabular,204,69,19.245020780424312,0.051891616115288,1.0267053320714812e-06,0.02993522331543891,0.03,1.0,0.6588529610763221,2.9538535936520884e-08,2.9538539602629577e-08,0.0,0,8.852107713508298e-11
RPS,tabular,204,70,19.24488336334733,0.05189196950810383,8.084845434237359e-07,0.029934367136132557,0.03,1.0,0.6588591227868333,2.3260269183763435e-08,2.3260271396250008e-08,0.0,0,8.978346732746425e-11
RPS,tabular,204,71,19.24477582874215,0.05189224381405024,6.366463931132609e-07,0.029933691449791786,0.03,1.0,0.6588639526349513,1.8316438271387947e-08,1.8316444846902874e-08,0.0,0,8.98528251802585e-11
RPS,tabular,204,72,19.24469307930013,0.05189245234718849,5.013319288284811e-07,0.029932632302841218,0.03,1.0,0.6588716842929508,1.442340324331366e-08,1.442341693254665e-08,0.0,0,8.934516460001906e-11
RPS,tabular,204,73,19.24463086210325,0.0518926061561081,3.947779920329639e-07,0.02993144120831279,0.03,1.0,0.6588804282872995,1.135782332738429e-08,1.135783610470015e-08,0.0,0,8.916577476369964e-11
RPS,tabular,204,74,19.244585629409624,0.051892714385988956,3.108715561023359e-07,0.02993214248975177,0.03,1.0,0.658874982639647,8.94382180159598e-09,8.943829691892589e-09,0.0,0,8.908492610260051e-11
RPS,tabular,204,75,19.244554416989075,0.05189278459059023,2.4479894158282033e-07,0.02993141824160477,0.03,1.0,0.658880260189171,7.042904910527245e-09,7.042905284740139e-09,0.0,0,8.982137034152479e-11
RPS,tabular,204,76,19.244534763974944,0.05189282292894511,1.9276943294112396e-07,0.029931574358758324,0.03,1.0,0.6588789446348522,5.5460039240545595e-09,5.546006948600262e-09,0.0,0,8.966018594236404e-11
RPS,tabular,204,77,19.244524607791043,0.05189283442550141,1.5179848531657344e-07,0.02993457053867025,0.03,1.0,0.6588563199199193,4.3672805889651935e-09,4.367264170496731e-09,0.0,0,8.920274519041986e-11
RPS,tabular,204,78,19.244522217875957,0.051892823120643194,1.1953541037570697e-07,0.0299313592743052,0.03,1.0,0.6588803205305677,3.439055696068398e-09,3.439051592172256e-09,0.0,0,8.928885630865575e-11
RPS,tabular,204,79,19.244526162548876,0.05189279212576894,9.41296184419786e-08,0.029931877615597596,0.03,1.0,0.6588763297054729,2.7081249357572215e-09,2.708121584233113e-09,0.0,0,8.999813561061387e-11
RPS,tabular,204,80,19.244535213117793,0.05189274383973724,7.41235234247856e-08,0.02992694636432031,0.03,1.0,0.6589132742422111,2.132537356809878e-09,2.1325423887719013e-09,0.0,0,8.999813561061387e-11
RPS,tabular,204,81,19.244548348237963,0.0518926798850669,5.836948285506872e-08,0.029926159289975156,0.03,1.0,0.6589191098877593,1.6792971811226783e-09,1.6792967100580943e-09,0.0,0,7.347986219485846e-11
RPS,tabular,204,82,19.244564683940272,0.05189260123148556,4.596378067312546e-08,0.009531094620372346,0.03,1.0,0.8584717275650056,1.26376749804007e-09,1.312770145513682e-09,9.891686654387881e-08,0,5.4570215013427507e-11
RPS,tabular,204,83,19.244609693458848,0.051892438289975806,3.6265855449386096e-08,0.009355826594321031,0.03,1.0,0.8607117712620265,9.960597790531014e-10,1.0356542137388173e-09,8.018150623241352e-08,0,4.266643705008733e-11
RPS,tabular,204,84,19.244650394619217,0.05189227710532289,2.8614989117637615e-08,0.009149125702872272,0.03,1.0,0.8633686251703258,7.849045633085958e-10,8.17045619877103e-10,6.535434037254789e-08,0,3.337177867379637e-11
RPS,tabular,204,85,19.24468719618286,0.051892113802602,2.2579223929528508e-08,0.008900699401549821,0.03,1.0,0.8665835928345131,6.183155474641554e-10,6.445871934369452e-10,5.3664436384776525e-08,0,2.6114463924642446e-11
RPS,tabular,204,86,19.24472047385744,0.05189194387454016,1.781736463726659e-08,0.008592604669127125,0.03,1.0,0.8706041715619118,4.868703109528786e-10,5.0852884436469e-10,4.447826061808477e-08,0,2.0448056581301444e-11
RPS,tabular,204,87,19.244750576433372,0.05189176197340659,1.4060621440990463e-08,0.008240455782102802,0.03,1.0,0.8752455881468952,3.8319851586116996e-10,4.0120148939174105e-10,3.720689608894482e-08,0,1.602420862667486e-11
RPS,tabular,204,88,19.24477780009726,0.05189156173426688,1.1096796821638833e-08,0.007831701842921479,0.03,1.0,0.8806955266014886,3.0140095068917577e-10,3.1653234994365956e-10,3.147234531773385e-08,0,1.256962534057493e-11
RPS,tabular,204,89,19.244802418534512,0.05189133538979965,8.758466855247429e-09,0.006852793892869239,0.03,1.0,0.8940274567989905,2.356022462727343e-10,2.49636939701996e-10,2.964266623118569e-08,0,9.871237161007684e-12
RPS,tabular,204,90,19.244824956723598,0.051891072755941056,6.9142351573372546e-09,0.005616346913818983,0.03,1.0,0.9114550040714771,1.828552443599901e-10,1.9686962673199703e-10,3.007484887324709e-08,0,7.774487720269008e-12
RPS,tabular,204,91,19.244845635705783,0.05189076216715106,5.459872111713356e-09,0.004587552906652739,0.03,1.0,0.9264821130070677,1.4135520007852142e-10,1.5532039462942095e-10,3.032963207741858e-08,0,6.1456906230716875e-12
RPS,tabular,204,92,19.244864432688022,0.0518903896126925,4.312521069717976e-09,0.0037304493439039603,0.03,1.0,0.9393850557427537,1.0866510822056015e-10,1.2258300704333402e-10,3.045172515074336e-08,0,4.873028647267574e-12
RPS,tabular,204,93,19.244881395553552,0.05188993718189555,3.4069523971159856e-09,0.0030241392754137035,0.03,1.0,0.9502911831544676,8.291983118231616e-11,9.677848680992435e-11,3.049376108717057e-08,0,3.8736680529893876e-12
RPS,tabular,204,94,19.244896612480037,0.05188938215908754,2.6919752068967794e-09,0.0024444136816946884,0.03,1.0,0.9594337686662298,6.262137794623584e-11,7.642684090221091e-11,3.0480668258592376e-08,0,3.0855185073619397e-12
RPS,tabular,204,95,19.244910197432432,0.05188869582144978,2.1274150332388725e-09,0.001961678362853105,0.03,1.0,0.967182082543904,4.661598545742688e-11,6.036863945630774e-11,3.043438614940603e-08,0,2.461650883134325e-12
RPS,tabular,204,96,19.244922279789222,0.0518878419050336,1.6814501080173381e-09,0.0015764183051783713,0.03,1.0,0.9734562132449293,3.398300296685211e-11,4.769623508999922e-11,3.040341568317766e-08,0,1.966413698539782e-12
RPS,tabular,204,97,19.244932987848983,0.05188677464025219,1.3290743414808197e-09,0.0012596791606239656,0.03,1.0,0.9786757495621156,2.4005436025863232e-11,3.768871094212009e-11,3.0347506302253255e-08,0,1.5722756430136543e-12
RPS,tabular,204,98,19.244942452612207,0.05188543625977983,1.0506562174832096e-09,0.0010063343853326996,0.03,1.0,0.9828910751615157,1.613834926329112e-11,2.978547828632775e-11,3.028646252035533e-08,0,1.2580003705409126e-12
RPS,tabular,204,99,19.244950798043263,0.0518837538312473,8.306323151161937e-10,0.0,0.02491027744658443,1.0,1.0,1.0345640712821567e-11,1.9729259653162877e-11,3.0251665228291547e-08,0,1.0070477785006913e-12
RPS,tabular,204,100,19.24495700976593,0.05188205065471115,6.848631183920144e-10,0.0,0.020903326725878107,1.0,1.0,7.157958763126009e-12,1.3757744284141765e-11,3.021250777979812e-08,0,8.40354452691372e-13
RPS,tabular,205,1,26.026667480559123,0.010191552306655048,8.038166380087272,0.0,0.03,1.0,1.0,0.23427033504398784,0.2339115218742691,0.0,0,8.564426945412151e-11
RPS,tabular,205,2,26.300202772272215,0.01586011260466032,6.733249467248643,0.0,0.03,1.0,1.0,0.19573082459898658,0.1954094802064662,0.0,0,8.678058271982536e-11
RPS,tabular,205,3,25.986699930349065,0.02089604109175348,5.613769450983092,0.0,0.03,1.0,1.0,0.1626986884126092,0.1624303254518109,0.0,0,8.80616135567891e-11
RPS,tabular,205,4,25.38294121591511,0.025312777377583345,4.654593855948468,0.0,0.03,1.0,1.0,0.1344791945776812,0.1342678479792775,0.0,0,8.90699736189049e-11
RPS,tabular,205,5,24.684651214371556,0.029150370421299792,3.8371535439691566,0.0,0.03,1.0,1.0,0.11052773148588711,0.11036928758125536,0.0,0,8.978268128956302e-11
RPS,tabular,205,6,23.995716207691892,0.03246248991718884,3.14575237896075,0.0,0.03,1.0,1.0,0.09036139387061957,0.09024738557666828,0.0,0,8.98130181337109e-11
RPS,tabular,205,7,23.3622138019038,0.03530766958136753,2.5658235604536554,0.0,0.03,1.0,1.0,0.07352282426427073,0.07344351671618665,0.0,0,8.997469436167194e-11
RPS,tabular,205,8,22.799535930661154,0.037743883523984646,2.0833777745329103,0.0,0.03,1.0,1.0,0.05957330827039297,0.05951963925114509,0.0,0,8.995447442483595e-11
RPS,tabular,205,9,22.30848744362934,0.039825494165239096,1.685050892864529,0.0010257734924166556,0.03,1.0,0.9822675429090528,0.048099436340244786,0.04806335605440215,0.0,0,8.978937038328638e-11
RPS,tabular,205,10,21.908433922482583,0.04156743297869386,1.358629928752574,0.00444378724038411,0.03,1.0,0.9275433508368596,0.03873742469897751,0.038712462151092,0.0,0,8.939614326575196e-11
RPS,tabular,205,11,21.629235645698262,0.042950350391918836,1.092855313694124,0.007447653623786103,0.03,1.0,0.8843664792286302,0.031139254725315164,0.031122193436915288,0.0,0,8.942947771206633e-11
RPS,tabular,205,12,21.42646520443082,0.0440541483942133,0.8769863687647244,0.010086715826602468,0.03,1.0,0.8497276682431085,0.024981149786820186,0.024969640280595798,0.0,0,8.892635933177573e-11
RPS,tabular,205,13,21.271606913163698,0.044942635466169334,0.702141455714526,0.012405499007734373,0.03,1.0,0.821549822138088,0.020000205762832457,0.019992543087071213,0.0,0,8.995099803899009e-11
RPS,tabular,205,14,21.146435872038982,0.0456656291637154,0.5609401608550819,0.014441635214059941,0.03,1.0,0.7983802502848595,0.015980885393071256,0.01597585879732607,0.0,0,8.975310772374456e-11
RPS,tabular,205,15,21.039430001111224,0.04626154896883629,0.4472423786447711,0.016229395513767175,0.03,1.0,0.7791498472357159,0.012745634823601894,0.012742390092045627,0.0,0,8.984486071783593e-11
RPS,tabular,205,16,20.94346599402,0.04675978713174128,0.3559478361289421,0.017799511016808166,0.03,1.0,0.7630575269587131,0.010147992481243266,0.010145933787543783,0.0,0,8.951357016728778e-11
RPS,tabular,205,17,20.85427453818027,0.0471827491404555,0.28283393918612976,0.019179578789842645,0.03,1.0,0.7494901300197087,0.00806728227698219,0.008065999687456672,0.0,0,8.866159022236086e-11
RPS,tabular,205,18,20.769404654810568,0.04754749829923983,0.22441986188803856,0.02039438194547221,0.03,1.0,0.7379696622375675,0.0064043459233007576,0.0064035610393139986,0.0,0,8.983729732348067e-11
RPS,tabular,205,19,20.687532836395913,0.04786703667341303,0.17784978818784647,0.021466108364615242,0.03,1.0,0.7281180020528336,0.0050779952990790255,0.005077526712149144,0.0,0,8.946081549165985e-11
RPS,tabular,205,20,20.60800875347624,0.048151282267263444,0.14079231692651784,0.022414484958038213,0.03,1.0,0.7196329272429893,0.004022028941495939,0.004021759511720846,0.0,0,8.886631708282522e-11
RPS,tabular,205,21,20.530563476381083,0.04840780559728398,0.11135312251768373,0.02325684002914537,0.03,1.0,0.712271687032806,0.0031826849136461846,0.0031825380220842307,0.0,0,8.927070757960842e-11
RPS,tabular,205,22,20.455128255444407,0.04864238208287526,0.08799957259000889,0.02400819397864879,0.03,1.0,0.7058389494285044,0.002516469933429812,0.0025163964068969785,0.0,0,8.959411554668173e-11
RPS,tabular,205,23,20.38172743605171,0.04885940576503623,0.06949654081446098,0.02468136245301394,0.03,1.0,0.7001778630924289,0.001988325255525313,0.0019882941684864677,0.0,0,8.994219713627516e-11
RPS,tabular,205,24,20.310419519912422,0.049062200454750765,0.054852122350665646,0.02528709521810092,0.03,1.0,0.6951630822759882,0.0015700834556754324,0.001570075787647205,0.0,0,8.994219713627516e-11
RPS,tabular,205,25,20.241268283620947,0.04925325553203537,0.0432721600792,0.025834253237191313,0.03,1.0,0.6906950989603104,0.0012391796608518231,0.0012391840099441765,0.0,0,8.933078278830497e-11
RPS,tabular,205,26,20.174331580513655,0.04943440659142259,0.034122490344398,0.026330018003386003,0.03,1.0,0.6866954906675319,0.000977583300372092,0.0009775930435180925,0.0,0,8.962339529371144e-11
RPS,tabular,205,27,20.10965960362597,0.04960697572328027,0.02689784890218959,0.02678012242785067,0.03,1.0,0.6831028579684888,0.0007709188648639465,0.000770930312967228,0.0,0,8.962339529371144e-11
RPS,tabular,205,28,20.047297360102796,0.049771882172415495,0.021196442294175413,0.02718909089957537,0.03,1.0,0.6798693246028663,0.0006077468458472401,0.0006077580682942877,0.0,0,8.820114311223343e-11
RPS,tabular,205,29,19.987288192720627,0.04992973112759863,0.01669927854202162,0.027560476244197326,0.03,1.0,0.6769575311365781,0.00047897899524731394,0.0004789890855265281,0.0,0,8.831169801513938e-11
RPS,tabular,205,30,19.929676611089008,0.05008088619946134,0.013153453150796924,0.027897083468744182,0.03,1.0,0.6743380774262199,0.0003774051521340721,0.00037741377829278466,0.0,0,8.884082803185117e-11
RPS,tabular,205,31,19.8745096444852,0.050225529521184524,0.010358692399030204,0.028201172084393666,0.03,1.0,0.6719873842335068,0.0002973119685542706,0.0002973191041205237,0.0,0,8.905477689915425e-11
RPS,tabular,205,32,19.82183653485397,0.05036371220496166,0.008156558679628617,0.028474631331540566,0.03,1.0,0.6698859465403462,0.00023417679253779917,0.0002341825596610177,0.0,0,8.904261323498114e-11
RPS,tabular,205,33,19.771706954537382,0.050495396997891163,0.006421817675827782,0.02871912526730708,0.03,1.0,0.6680169473716705,0.00018442264286779077,0.0001844272238213908,0.0,0,8.895738811375009e-11
RPS,tabular,205,34,19.724168131104424,0.05062049433431502,0.005055551977628108,0.028936206758494475,0.03,1.0,0.6663651980146408,0.00014522258784691522,0.00014522617732559185,0.0,0,8.972941725575445e-11
RPS,tabular,205,35,19.67926134202417,0.05073889253257421,0.003979679484930403,0.02912740073068577,0.03,1.0,0.664916371012784,0.00011434390466136952,0.00011434668594702756,0.0,0,8.748966218922842e-11
RPS,tabular,205,36,19.637018241641833,0.05085048259821878,0.003132597777580378,0.029294259187506607,0.03,1.0,0.6636564842754118,9.002415596412557e-05,9.002629051949761e-05,0.0,0,8.99913743513097e-11
RPS,tabular,205,37,19.597457429900803,0.05095517794127411,0.0024657283361502534,0.029438391778835168,0.03,1.0,0.6625715921180942,7.087279785463919e-05,7.087442227477294e-05,0.0,0,8.992947722217745e-11
RPS,tabular,205,38,19.56058158654849,0.051052929265441166,0.0019407781720453788,0.02956147495989907,0.03,1.0,0.6616476502920638,5.579316054025117e-05,5.5794387280336504e-05,0.0,0,8.912364178907325e-11
RPS,tabular,205,39,19.526375393042905,0.05114373491218487,0.0015275722700729126,0.0296652453528111,0.03,1.0,0.6608705067442918,4.392065158116938e-05,4.39215714059996e-05,0.0,0,8.82259798529704e-11
RPS,tabular,205,40,19.494804361572,0.051227647010713875,0.0012023394406103375,0.029751481910116943,0.03,1.0,0.6602259807726658,3.4573854655010157e-05,3.457453969994139e-05,0.0,0,8.825006726092838e-11
RPS,tabular,205,41,19.46581459552867,0.05130477387219098,0.0009463578186651844,0.02982197942978997,0.03,1.0,0.659700010669156,2.7215864155207603e-05,2.721637105548135e-05,0.0,0,8.872916401045155e-11
RPS,tabular,205,42,19.439333426711467,0.05137527914803681,0.0007448852928677529,0.029878519276392995,0.03,1.0,0.6592788260706214,2.1423734651003207e-05,2.142410740030827e-05,0.0,0,8.986025257364883e-11
RPS,tabular,205,43,19.415270815371247,0.05143937833230155,0.0005863154370318673,0.029922840599596302,0.03,1.0,0.6589491211658431,1.6864356804562157e-05,1.6864629247372842e-05,0.0,0,8.975259868404832e-11
RPS,tabular,205,44,19.393521360653693,0.05149733321850633,0.0004615117508513088,0.029956611696958207,0.03,1.0,0.6586982322103189,1.3275418098903295e-05,1.3275616055177992e-05,0.0,0,8.904609716280836e-11
RPS,tabular,205,45,19.373966750916114,0.05154944491640263,0.00036328278306141186,0.029981406321629274,0.03,1.0,0.6585142837430035,1.0450383719078872e-05,1.045052673124259e-05,0.0,0,8.861865907571322e-11
RPS,tabular,205,46,19.356478481882093,0.05159604599921338,0.0002859684886763941,0.029998685193603727,0.03,1.0,0.6583863017322821,8.226653596567319e-06,8.226756332851297e-06,0.0,0,8.912412141639744e-11
RPS,tabular,205,47,19.34092068241589,0.051637492291206,0.00022511435811692194,0.03,0.03,1.0,0.6583776283551768,6.476227263999947e-06,6.476300650801032e-06,0.0,0,8.946016594275018e-11
RPS,tabular,205,48,19.327154161002237,0.05167415128960197,0.00017721476843887297,0.03,0.03,1.0,0.6583784677792535,5.098347864981226e-06,5.09840001056751e-06,0.0,0,8.947147689546717e-11
RPS,tabular,205,49,19.315035955038258,0.051706402990724695,0.00013951090103541707,0.03,0.03,1.0,0.6583790158258787,4.013707373761797e-06,4.013744233248712e-06,0.0,0,8.991191124962938e-11
RPS,tabular,205,50,19.3044235654908,0.051734627772113934,0.0001098316537553007,0.03,0.03,1.0,0.6583793173270969,3.1598823303284693e-06,3.1599082552226875e-06,0.0,0,8.991744682169793e-11
RPS,tabular,205,51,19.29517732427852,0.05175919955957017,8.646842387392194e-05,0.03,0.03,1.0,0.6583794102519998,2.4877399968697247e-06,2.4877581430106697e-06,0.0,0,8.95036911254622e-11
RPS,tabular,205,52,19.287162203031198,0.051780480580559646,6.807655960969417e-05,0.03,0.03,1.0,0.658379327149264,1.958608802174797e-06,1.9586214434776073e-06,0.0,0,8.942895757285034e-11
RPS,tabular,205,53,19.28024925343458,0.05179881718011426,5.3597807853226015e-05,0.03,0.03,1.0,0.6583790962630275,1.5420508659368949e-06,1.5420596240202882e-06,0.0,0,8.999341272169771e-11
RPS,tabular,205,54,19.274316704719826,0.05181453662844545,4.219928817582434e-05,0.02999787918697746,0.03,1.0,0.6583946429368864,1.2141086096802023e-06,1.2141146589892595e-06,0.0,0,8.892159009116687e-11
RPS,tabular,205,55,19.26925090501739,0.05182794441316818,3.322547373827439e-05,0.029991506062664257,0.03,1.0,0.6584419743649959,9.55924824039311e-07,9.55928971309082e-07,0.0,0,8.886855251691071e-11
RPS,tabular,205,56,19.264946739837683,0.051839322996112984,2.6160406819806755e-05,0.029985148829421077,0.03,1.0,0.6584891119578233,7.526564018282419e-07,7.526592484010794e-07,0.0,0,8.805931983603716e-11
RPS,tabular,205,57,19.261307448938002,0.05184893222606947,2.0597967835163852e-05,0.029979048998699125,0.03,1.0,0.658534261821384,5.926196975513023e-07,5.926216304906463e-07,0.0,0,8.9995377816536e-11
RPS,tabular,205,58,19.258245057722597,0.05185700814064144,1.6218481008167077e-05,0.029973313412047606,0.03,1.0,0.6585766375307295,4.6661764109447885e-07,4.6661894911609617e-07,0.0,0,8.948009666558616e-11
RPS,tabular,205,59,19.255680264666605,0.05186376326278478,1.2770305363069969e-05,0.029968026893578713,0.03,1.0,0.658615615837043,3.67410400562388e-07,3.6741128418077497e-07,0.0,0,8.891552827351595e-11
RPS,tabular,205,60,19.253542170691578,0.05186938734291826,1.0055348403939165e-05,0.029963210831606402,0.03,1.0,0.6586510477320584,2.892986732871654e-07,2.8929927456301755e-07,0.0,0,8.969330611563676e-11
RPS,tabular,205,61,19.251767893169717,0.051874048424773736,7.917665910411015e-06,0.029958958363211375,0.03,1.0,0.658682244374574,2.277957894865049e-07,2.2779618983082265e-07,0.0,0,8.937073747716371e-11
RPS,tabular,205,62,19.250302087560538,0.05187789416710853,6.234490292228961e-06,0.029955192195131482,0.03,1.0,0.6587097944794534,1.793695470027425e-07,1.7936981832178498e-07,0.0,0,8.993521927181472e-11
RPS,tabular,205,63,19.249096416901057,0.051881053308826364,4.909169560405512e-06,0.02995193014110934,0.03,1.0,0.6587335719516965,1.4123916030061933e-07,1.4123933645011287e-07,0.0,0,8.926085204307947e-11
RPS,tabular,205,64,19.248108974504103,0.051883637259187806,3.865609892247122e-06,0.0299491152406435,0.03,1.0,0.6587540107762858,1.1121529622851882e-07,1.1121541096359504e-07,0.0,0,8.969090137258236e-11
RPS,tabular,205,65,19.247303695096793,0.05188574171629416,3.0439013859379264e-06,0.029946729025894306,0.03,1.0,0.6587712550223527,8.757427862294832e-08,8.757435202970666e-08,0.0,0,8.995479028328963e-11
RPS,tabular,205,66,19.246649762319176,0.05188744829074008,2.396875021245721e-06,0.029944664356500214,0.03,1.0,0.6587861133984149,6.895899516141989e-08,6.895904400957833e-08,0.0,0,8.974984089247343e-11
RPS,tabular,205,67,19.246121031769675,0.05188882608208947,1.8873923016521218e-06,0.029942943379284787,0.03,1.0,0.6587984232114383,5.430094418534826e-08,5.430097158376598e-08,0.0,0,8.908871640399921e-11
RPS,tabular,205,68,19.245695473940327,0.051889933196017306,1.4862118296467417e-06,0.029941423479943354,0.03,1.0,0.6588092577352819,4.275880482194283e-08,4.2758826444507535e-08,0.0,0,8.912332205568207e-11
RPS,tabular,205,69,19.245354653454854,0.05189081815819657,1.170309661313921e-06,0.029940107079710742,0.03,1.0,0.6588186006759911,3.367017397070507e-08,3.3670188099564306e-08,0.0,0,8.929491146503237e-11
RPS,tabular,205,70,19.245083241009333,0.0518915212347828,9.215570179436588e-07,0.02993918648105928,0.03,1.0,0.6588250093809833,2.651347450643363e-08,2.651347861899342e-08,0.0,0,8.997844469505256e-11
RPS,tabular,205,71,19.244868566993766,0.051892075635985656,7.256794200573184e-07,0.029938057809503853,0.03,1.0,0.6588330179884653,2.0878002156410388e-08,2.087800970420632e-08,0.0,0,8.793693107023583e-11
RPS,tabular,205,72,19.244700226298978,0.05189250857764056,5.714371448732363e-07,0.02993713175589382,0.03,1.0,0.6588395430238565,1.6440400065001648e-08,1.6440406646443353e-08,0.0,0,8.915907345752555e-11
RPS,tabular,205,73,19.244569709423295,0.05189284226839421,4.4997983364903983e-07,0.02993640417772154,0.03,1.0,0.6588446148725059,1.2946037048870488e-08,1.2946039989301936e-08,0.0,0,8.917498739436092e-11
RPS,tabular,205,74,19.244470089988994,0.05189309474206595,3.5433858750987994e-07,0.029936703964895253,0.03,1.0,0.6588420089103644,1.0194418742100646e-08,1.0194412418902094e-08,0.0,0,8.85944384521076e-11
RPS,tabular,205,75,19.24439574359009,0.05189328060318942,2.7902592300600516e-07,0.02993518655116436,0.03,1.0,0.6588530813464444,8.027645433183115e-09,8.027644678445217e-09,0.0,0,8.973797038791544e-11
RPS,tabular,205,76,19.244342130915303,0.051893411596898885,2.19720851562186e-07,0.029934564505667442,0.03,1.0,0.6588574639070776,6.321420749594981e-09,6.321421282142121e-09,0.0,0,8.996764666591115e-11
RPS,tabular,205,77,19.244305561740898,0.05189349722941235,1.7302089832663663e-07,0.029934113961302636,0.03,1.0,0.6588605895748278,4.977851626847285e-09,4.977850957302401e-09,0.0,0,8.944939455801613e-11
RPS,tabular,205,78,19.244283045968483,0.05189354515143676,1.3624682170575789e-07,0.029933268929532138,0.03,1.0,0.6588667060975117,3.919849547609383e-09,3.919850455445283e-09,0.0,0,8.952314223265048e-11
RPS,tabular,205,79,19.24427214973991,0.051893561526407506,1.0728886024091403e-07,0.02993445933260284,0.03,1.0,0.6588575658274239,3.086728048427104e-09,3.0867230022289697e-09,0.0,0,8.87833540019755e-11
RPS,tabular,205,80,19.244270867749297,0.051893551353173084,8.448570965171645e-08,0.029932675671978937,0.03,1.0,0.6588707812687321,2.430670432624583e-09,2.4306707092525955e-09,0.0,0,8.862699241163346e-11
RPS,tabular,205,81,19.244277557724594,0.051893518617926224,6.652919546842767e-08,0.029929365051800147,0.03,1.0,0.6588954859141982,1.9140495625240206e-09,1.9140567418334564e-09,0.0,0,8.998292777562257e-11
RPS,tabular,205,82,19.244290838657403,0.051893466541454554,5.238917365519107e-08,0.029929699157897834,0.03,1.0,0.6588928418839237,1.5072454560292793e-09,1.5072454034748835e-09,0.0,0,8.909855520045079e-11
RPS,tabular,205,83,19.24430952528321,0.05189339772373169,4.125447081990938e-08,0.00945530230387809,0.03,1.0,0.8594391234930622,1.1337695673831424e-09,1.1782028217207595e-09,8.982272032387852e-08,0,8.925369110457374e-11
RPS,tabular,205,84,19.244379659714852,0.05189318757650442,3.25505967218592e-08,0.009266070402381369,0.03,1.0,0.861863582978068,8.935208175458908e-10,9.29497711216868e-10,7.298478641874386e-08,0,8.916049232254862e-11
RPS,tabular,205,85,19.244443224873788,0.05189299168167308,2.5684003583368718e-08,0.009036929382794674,0.03,1.0,0.8648177502308517,7.039885382922734e-10,7.332958907938668e-10,5.970385994059105e-08,0,8.827413466860889e-11
RPS,tabular,205,86,19.24450084417808,0.051892807197749566,2.0266842865339104e-08,0.008761907962088863,0.03,1.0,0.8683902873441594,5.544727716025414e-10,5.785141320079477e-10,4.9221289107238465e-08,0,7.086130349165387e-11
RPS,tabular,205,87,19.24455308149376,0.051892631160915435,1.5993114316027784e-08,0.008439618851525917,0.03,1.0,0.8726145880105234,4.365289152914885e-10,4.5641076812141823e-10,4.094426996146605e-08,0,5.550246262586711e-11
RPS,tabular,205,88,19.244600439229444,0.0518924604124577,1.2621438173412387e-08,0.008060970708477283,0.03,1.0,0.8776304150493531,3.434759050143397e-10,3.6008542987471487e-10,3.442349916944337e-08,0,4.351021543058664e-11
RPS,tabular,205,89,19.244643376238127,0.05189229145320775,9.961319606209814e-09,0.007619119082371375,0.03,1.0,0.8835568815170406,2.7005003316927597e-10,2.840956433619026e-10,2.932056539618053e-08,0,3.414527993683692e-11
RPS,tabular,205,90,19.24468230693253,0.051892120323261674,7.862592892774193e-09,0.006263249177441633,0.03,1.0,0.9022531613029751,2.0996187127043478e-10,2.239938958513877e-10,2.987959496546774e-08,0,2.683026467664718e-11
RPS,tabular,205,91,19.24471843667345,0.05189194027042474,6.2078682233987535e-09,0.0051240558100544955,0.03,1.0,0.9185844062972368,1.626892135727315e-10,1.7668048168392086e-10,3.020816085717197e-08,0,2.116812058972073e-11
RPS,tabular,205,92,19.244751565475127,0.05189174735588284,4.902653210672933e-09,0.004176078722151423,0.03,1.0,0.9326319915874998,1.254722755832091e-10,1.3941501798652727e-10,3.039506936485319e-08,0,1.6758354703938494e-11
RPS,tabular,205,93,19.24478165273786,0.05189153604036297,3.87271292389149e-09,0.0033909024219020215,0.03,1.0,0.9445965977413834,9.616140679184571e-11,1.1004769176684258e-10,3.0473208567526115e-08,0,1.330495713602886e-11
RPS,tabular,205,94,19.244808769991682,0.051891299001263616,3.059777924716681e-09,0.002742668930314042,0.03,1.0,0.9547082735234587,7.30586174759832e-11,8.68931409324876e-11,3.0491954252406234e-08,0,1.0587544174711638e-11
RPS,tabular,205,95,19.244833060886698,0.05189102684755533,2.417848971330916e-09,0.0022107508071138554,0.03,1.0,0.9631687048118195,5.4843766776969383e-11,6.862787431763368e-11,3.0462117658399067e-08,0,8.440608212367807e-12
RPS,tabular,205,96,19.244854710634414,0.05189070770458194,1.910866086183108e-09,0.0017772870000504631,0.03,1.0,0.9701748629890738,4.047669591361743e-11,5.4214316775358364e-11,3.04181321252203e-08,0,6.738662960970032e-12
RPS,tabular,205,97,19.244873925896588,0.051890326639360065,1.5103673580453365e-09,0.0014239571578215106,0.03,1.0,0.9759616547236067,2.9137633271423265e-11,4.283652858851072e-11,3.0374051534647955e-08,0,5.38573186048552e-12
RPS,tabular,205,98,19.244890922083396,0.05188986490120206,1.1939061944814723e-09,0.0011402018493822078,0.03,1.0,0.9806591856528097,2.0190268605027772e-11,3.385138166605225e-11,3.0318196973036996e-08,0,4.307874057474237e-12
RPS,tabular,205,99,19.244905911100076,0.05188929894771644,9.438290682461916e-10,0.0,0.027925135423708055,1.0,1.0,1.3178277273803546e-11,2.4982953432576834e-11,3.027822130023596e-08,0,3.4476488330881226e-12
RPS,tabular,205,100,19.244918471723253,0.0518886555484425,7.592850808975272e-10,0.0,0.02296303377091941,1.0,1.0,8.717744477202597e-12,1.6687808248540306e-11,3.022932393723458e-08,0,2.8117175254749324e-12
RPS,tabular,206,1,11.766335830301722,0.077187271265085,7.890065973637588,0.0,0.03,1.0,1.0,0.22897852166694344,0.22870494267986818,0.0,0,8.989095579003958e-11
RPS,tabular,206,2,12.325611558252007,0.07449230349112987,6.626632799658866,0.0,0.03,1.0,1.0,0.19201116533668372,0.19178009451411826,0.0,0,8.972243781268929e-11
RPS,tabular,206,3,12.866002290169225,0.07211074287040757,5.542801910897502,0.0,0.03,1.0,1.0,0.16031110404959734,0.1601218463714219,0.0,0,8.986930644105939e-11
RPS,tabular,206,4,13.382234920166837,0.07000773569349919,4.614550664945985,0.0021020142041788315,0.03,1.0,0.9644039225353699,0.1332124395709726,0.13306314405273,0.0,0,8.81040518319054e-11
RPS,tabular,206,5,13.887918896296538,0.06802425212098415,3.823224172198899,0.0043543114080481235,0.03,1.0,0.9290197503445161,0.11017599168107027,0.11006022043822139,0.0,0,8.968951970000916e-11
RPS,tabular,206,6,14.38303029716068,0.06615409103910604,3.1524802953053146,0.006629125754852548,0.03,1.0,0.8958753383258825,0.09070904073253697,0.09062038766936598,0.0,0,8.968080444926585e-11
RPS,tabular,206,7,14.865985916872825,0.06439996704001989,2.5875077600705474,0.008869333147564879,0.03,1.0,0.8655177209539979,0.07435980368762601,0.07429260363900003,0.0,0,8.98787363978748e-11
RPS,tabular,206,8,15.33424836638192,0.06276656735990532,2.1146239427604505,0.011022587053595443,0.03,1.0,0.8382616218521693,0.060710997198576665,0.06066055792131586,0.0,0,8.96537219463589e-11
RPS,tabular,206,9,15.78459316388218,0.061258791665760794,1.7212182316892828,0.013049604007819942,0.03,1.0,0.8141671286855582,0.049380836613963926,0.04934338661027937,0.0,0,8.95961915770016e-11
RPS,tabular,206,10,16.21350640522171,0.05988025849501142,1.39580408841378,0.014926273981893591,0.03,1.0,0.7930980132857405,0.04002506142847897,0.03999758627361716,0.0,0,8.942530396738313e-11
RPS,tabular,206,11,16.617587759520603,0.05863241419809278,1.1280663879624904,0.016641507635029053,0.03,1.0,0.774804179501941,0.032337645811878,0.032317738331265944,0.0,0,8.997643255459487e-11
RPS,tabular,206,12,16.993878807918907,0.05751423986744323,0.9088694949055957,0.018192951270423974,0.03,1.0,0.7589966249943263,0.026049963278528505,0.026035729575430627,0.0,0,8.843067077213274e-11
RPS,tabular,206,13,17.340082972714452,0.056522393026832124,0.7302253910253945,0.019585576217412987,0.03,1.0,0.7453707151327629,0.02092887923612218,0.02091883646194928,0.0,0,8.954444824516017e-11
RPS,tabular,206,14,17.65469868938964,0.05565151318914374,0.5852311340365433,0.020828510638094485,0.03,1.0,0.7336371710982917,0.016774100867979987,0.016767106178263158,0.0,0,8.8773361925365e-11
RPS,tabular,206,15,17.937059350689363,0.054894645075979735,0.46798543280922206,0.021933124447117362,0.03,1.0,0.7235337189021671,0.013415160154094666,0.01341034886241041,0.0,0,8.954329291932517e-11
RPS,tabular,206,16,18.18730276364528,0.0542436746707923,0.3734944974742034,0.022911718717113484,0.03,1.0,0.7148289725395084,0.010708281787910494,0.010704963708409072,0.0,0,8.798343997806768e-11
RPS,tabular,206,17,18.4062891353319,0.05368973546857625,0.2975655141017705,0.02377652378759583,0.03,1.0,0.7073234258130164,0.008533034701229196,0.008530755518379285,0.0,0,8.812491101434228e-11
RPS,tabular,206,18,18.595484901179056,0.05322356848208524,0.2367108593769502,0.02453921502097063,0.03,1.0,0.7008466434603123,0.0067894109091235985,0.006787857012663198,0.0,0,8.998874648918909e-11
RPS,tabular,206,19,18.75682963769231,0.05283582594859181,0.18804969135146188,0.025210601771408405,0.03,1.0,0.6952541710254,0.005394893173871871,0.005393840917636922,0.0,0,8.998874648918909e-11
RPS,tabular,206,20,18.892599001883827,0.052517320562428374,0.1492170431055973,0.025800486137686054,0.03,1.0,0.6904241467441924,0.004281785998383475,0.004281077905709824,0.0,0,8.906976501840691e-11
RPS,tabular,206,21,19.005274055447725,0.05225922309903225,0.11828227019211861,0.026317657672439442,0.03,1.0,0.6862537931446551,0.003394845357500496,0.0033943717241322197,0.0,0,8.926337663819894e-11
RPS,tabular,206,22,19.0974242707451,0.052053212395089296,0.09367694218610327,0.02676996576646996,0.03,1.0,0.682656120305036,0.0026891968538627353,0.0026888819371863534,0.0,0,8.891656421566863e-11
RPS,tabular,206,23,19.171608533514487,0.0518915825066731,0.07413225243424124,0.027164432540639518,0.03,1.0,0.6795569764416457,0.002128536637910264,0.0021283285361785014,0.0,0,8.96573683351054e-11
RPS,tabular,206,24,19.230296013894765,0.05176731209565813,0.05862551816953124,0.027507378063388332,0.03,1.0,0.6768925203120835,0.0016835980153648432,0.0016834613930998372,0.0,0,8.910237890395745e-11
RPS,tabular,206,25,19.275806895889595,0.0516741011266311,0.04633503124574522,0.027804537920358734,0.03,1.0,0.6746071459773889,0.0013308597089252486,0.0013307706475180125,0.0,0,8.92751872861447e-11
RPS,tabular,206,26,19.310271630843225,0.05160637988754657,0.036602358601015794,0.028061161096979825,0.03,1.0,0.672651852086923,0.0010514683872324142,0.0010514107832477618,0.0,0,8.967513396348353e-11
RPS,tabular,206,27,19.335606548118097,0.05155929521661493,0.028901140206911154,0.028282082839490658,0.03,1.0,0.6709830186685204,0.000830347371215335,0.000830310440350774,0.0,0,8.89043904684153e-11
RPS,tabular,206,28,19.353503221741054,0.051528678638151096,0.02281145428004133,0.028471772238244243,0.03,1.0,0.6695615352183355,0.0006554645030880058,0.0006554410627919879,0.0,0,8.77436723539099e-11
RPS,tabular,206,29,19.365428858393532,0.051511000873148347,0.017998885868839087,0.028634358174267776,0.03,1.0,0.6683522101739435,0.000517234307105684,0.0005172196017049484,0.0,0,8.999279988743114e-11
RPS,tabular,206,30,19.37263505371786,0.051503316879178,0.014197524198527255,0.02877363883244195,0.03,1.0,0.6673233924251046,0.0004080322517089527,0.0004080231526032952,0.0,0,8.863813681517577e-11
RPS,tabular,206,31,19.376172487617428,0.05150320518135614,0.011196211707684199,0.02889308137036758,0.03,1.0,0.666446733822682,0.00032180177277885033,0.0003217962363225187,0.0,0,8.883520584727564e-11
RPS,tabular,206,32,19.376909439271518,0.051508704780628085,0.00882746421613722,0.02899581700670327,0.03,1.0,0.6656970380252796,0.0002537375004785559,0.0002537342022667536,0.0,0,8.904547764291074e-11
RPS,tabular,206,33,19.375552352794543,0.05151825238988232,0.006958571713002625,0.029084636699102207,0.03,1.0,0.6650521456141775,0.0002000307121636957,0.00020002880144600135,0.0,0,8.970327147641947e-11
RPS,tabular,206,34,19.372667043118348,0.051530622176790476,0.005484470106526803,0.0291619903485661,0.03,1.0,0.6644928250507784,0.00015766534099672465,0.00015766427672414182,0.0,0,8.932588669392436e-11
RPS,tabular,206,35,19.368699472539486,0.05154486962406015,0.004322044956652502,0.02922999248638033,0.03,1.0,0.6640026404623066,0.0001242548835761514,0.00012425432550649184,0.0,0,8.96029184145131e-11
RPS,tabular,206,36,19.363995336423983,0.051560280582305856,0.0034055887977900963,0.029290434071315388,0.03,1.0,0.6635677938376964,9.79122731473264e-05,9.791201008571213e-05,0.0,0,8.96029184145131e-11
RPS,tabular,206,37,19.35881796001305,0.051576326119991245,0.002683184825220784,0.02934480022518076,0.03,1.0,0.663176938470575,7.714624061503503e-05,7.714614349821038e-05,0.0,0,8.984355258725724e-11
RPS,tabular,206,38,19.353364225183842,0.05159262338051313,0.0021138324424524488,0.029394295199146863,0.03,1.0,0.662820950151922,6.077890052115003e-05,6.077889191840409e-05,0.0,0,8.872918400042911e-11
RPS,tabular,206,39,19.34777841640529,0.05160890234646699,0.0016651655094535353,0.02943986825346855,0.03,1.0,0.6624927012654367,4.788030408619498e-05,4.788033869293731e-05,0.0,0,8.908946913928307e-11
RPS,tabular,206,40,19.34216399969532,0.051624978191327824,0.0013116431532277306,0.02948224757279596,0.03,1.0,0.6621867812563286,3.771652825736108e-05,3.7716580354143976e-05,0.0,0,8.893184855250733e-11
RPS,tabular,206,41,19.336593439692702,0.05164072874262696,0.0010331166887114838,0.029521968833155703,0.03,1.0,0.661899263465397,2.9708543083762044e-05,2.9708598774485975e-05,0.0,0,8.952015129141543e-11
RPS,tabular,206,42,19.331116213531576,0.05165607650504955,0.0008136954252227446,0.029559409286342608,0.03,1.0,0.6616274343857267,2.3399649093797006e-05,2.3399701405600834e-05,0.0,0,8.92137030923505e-11
RPS,tabular,206,43,19.325765216279173,0.05167097464726286,0.0006408496783062722,0.029594816780484996,0.03,1.0,0.6613695647261765,1.8429718614941773e-05,1.8429764538386602e-05,0.0,0,8.959226027686483e-11
RPS,tabular,206,44,19.320561763737526,0.051685396365528526,0.000504701820476143,0.029628340129503057,0.03,1.0,0.6611246728931574,1.4514833091294975e-05,1.4514871763585578e-05,0.0,0,8.941357654211851e-11
RPS,tabular,206,45,19.31551940037301,0.05169932706042876,0.0003974662515959041,0.029660052418351093,0.03,1.0,0.6608923440582124,1.1431194996136003e-05,1.1431226683836767e-05,0.0,0,8.97314555990374e-11
RPS,tabular,206,46,19.3106467095318,0.05171275881147545,0.0003130072096116551,0.02968997798716218,0.03,1.0,0.6606725230826637,9.002423419646289e-06,9.002448865389925e-06,0.0,0,8.96418206328535e-11
RPS,tabular,206,47,19.305949310080823,0.051725686682614555,0.00024648976143527146,0.029718104212137032,0.03,1.0,0.6604654236723906,7.089525551641811e-06,7.089545697800372e-06,0.0,0,8.906095860786024e-11
RPS,tabular,206,48,19.301431202563045,0.05173810645599029,0.00019410443084902406,0.029744406197527773,0.03,1.0,0.6602713410189384,5.582983569058187e-06,5.582999337026198e-06,0.0,0,8.876358315021752e-11
RPS,tabular,206,49,19.297095611987324,0.051750013438141576,0.00015284998906434528,0.02976885158747858,0.03,1.0,0.6600906153440439,4.396512295914331e-06,4.39652452506557e-06,0.0,0,8.810908669357618e-11
RPS,tabular,206,50,19.292945449990114,0.051761402048918444,0.00012036216372268916,0.029791414549576917,0.03,1.0,0.6599235267395024,3.4621363190684407e-06,3.462145740951088e-06,0.0,0,8.915495008937911e-11
RPS,tabular,206,51,19.288983503180468,0.05177226594489188,9.477858957018021e-05,0.029812089015829872,0.03,1.0,0.6597701961139907,2.726308494869263e-06,2.7263156932435488e-06,0.0,0,8.972807163930917e-11
RPS,tabular,206,52,19.285212434325523,0.05178259848030425,7.463234966951833e-05,0.029830871293672134,0.03,1.0,0.6596307170391632,2.14684996324286e-06,2.14685543584598e-06,0.0,0,8.984332611203473e-11
RPS,tabular,206,53,19.281634665021457,0.0517923933531629,5.876806960180733e-05,0.02984778829451929,0.03,1.0,0.6595049440980191,1.6905384631699627e-06,1.6905425993133033e-06,0.0,0,8.906063886351056e-11
RPS,tabular,206,54,19.27825219773981,0.05180164530924609,4.627579447319728e-05,0.029862877316566297,0.03,1.0,0.6593926460925088,1.3312075836927414e-06,1.3312107002555976e-06,0.0,0,8.820953301126895e-11
RPS,tabular,206,55,19.275066416166446,0.051810350823191735,3.643888693619804e-05,0.02987620995920723,0.03,1.0,0.6592933270697843,1.0482490837772574e-06,1.0482514197741015e-06,0.0,0,8.868989542770333e-11
RPS,tabular,206,56,19.272077895851275,0.051818508690831794,2.8692976486096974e-05,0.0298878663410756,0.03,1.0,0.659206421160246,8.25432797305863e-07,8.2543453279522e-07,0.0,0,8.870107315325502e-11
RPS,tabular,206,57,19.269286243921087,0.05182612049850984,2.259362029462227e-05,0.029897931888902524,0.03,1.0,0.6591313173927089,6.499769063841478e-07,6.499781955512341e-07,0.0,0,8.825273845047832e-11
RPS,tabular,206,58,19.266689981402752,0.05183319094621903,1.7790826967818565e-05,0.029906509169720482,0.03,1.0,0.6590672714170427,5.118155792802569e-07,5.118165415339095e-07,0.0,0,8.735970613568489e-11
RPS,tabular,206,59,19.264286473890575,0.05183972801953767,1.4008990258311701e-05,0.029913724546538047,0.03,1.0,0.6590133561641895,4.03022044039456e-07,4.030227498188238e-07,0.0,0,8.992214972633918e-11
RPS,tabular,206,60,19.262071910981867,0.051845743017152016,1.1031083057162234e-05,0.029919709685115422,0.03,1.0,0.6589686013575553,3.1735408814962977e-07,3.1735460393505353e-07,0.0,0,8.878064283735579e-11
RPS,tabular,206,61,19.260041331769056,0.051851250447182105,8.68620921586696e-06,0.02992457948712668,0.03,1.0,0.6589321596699581,2.498961801069016e-07,2.4989655780636556e-07,0.0,0,8.888982216958154e-11
RPS,tabular,206,62,19.258188691501154,0.05185626780990503,6.839799432754953e-06,0.0299284691969419,0.03,1.0,0.65890302838289,1.967775641555731e-07,1.967778284440385e-07,0.0,0,8.921819949491201e-11
RPS,tabular,206,63,19.2565069620931,0.05186081528987663,5.385890122180851e-06,0.029931426341800974,0.03,1.0,0.6588808612334397,1.54950176067934e-07,1.5495037069308266e-07,0.0,0,8.966508868725983e-11
RPS,tabular,206,64,19.254988259785858,0.05186491537726882,4.241043373492448e-06,0.029933590690728203,0.03,1.0,0.6588646172968312,1.2201387542260186e-07,1.2201402420505795e-07,0.0,0,8.980958643434549e-11
RPS,tabular,206,65,19.25362398954005,0.05186859244842429,3.339558678398722e-06,0.029935154528039513,0.03,1.0,0.6588528597641589,9.607871044659877e-08,9.607881768888231e-08,0.0,0,8.892846459219676e-11
RPS,tabular,206,66,19.252405000134605,0.05187187232197249,2.6297022667887134e-06,0.029936169978906267,0.03,1.0,0.6588452028606625,7.565643711768202e-08,7.565651839605635e-08,0.0,0,8.945393092929468e-11
RPS,tabular,206,67,19.25132174544669,0.051874781802916686,2.0707382611411764e-06,0.029936926429725626,0.03,1.0,0.6588394782124546,5.957520853483304e-08,5.957525491003107e-08,0.0,0,8.972826481822901e-11
RPS,tabular,206,68,19.250364439577304,0.051877348248568496,1.6305905881409144e-06,0.02993701374057807,0.03,1.0,0.6588387686274043,4.6912217006672214e-08,4.6912255841744486e-08,0.0,0,8.972826481822901e-11
RPS,tabular,206,69,19.24952321492377,0.05187959913019108,1.284002026094734e-06,0.02993720942602968,0.03,1.0,0.6588372390608204,3.6940887952848975e-08,3.694090945615967e-08,0.0,0,8.878713098070481e-11
RPS,tabular,206,70,19.24878824865132,0.05188156168523933,1.0110845270647087e-06,0.0299364470973018,0.03,1.0,0.6588428980918482,2.90890323483891e-08,2.9089058167287712e-08,0.0,0,8.977892429484729e-11
RPS,tabular,206,71,19.248149906553632,0.05188326252406419,7.961780426869928e-07,0.02993587813370828,0.03,1.0,0.6588471025681137,2.290615813361692e-08,2.290617483192866e-08,0.0,0,8.977892429484729e-11
RPS,tabular,206,72,19.24759882965814,0.05188472739568625,6.269512277293751e-07,0.02993543577634814,0.03,1.0,0.6588503547973432,1.8037476955527704e-08,1.803749475838638e-08,0.0,0,8.983712440624571e-11
RPS,tabular,206,73,19.24712603908682,0.051885980904332614,4.936943542260452e-07,0.02993476477259028,0.03,1.0,0.6588553229890869,1.4203661198119061e-08,1.4203671009856238e-08,0.0,0,8.949328611507206e-11
RPS,tabular,206,74,19.246723011977586,0.05188704630581479,3.88761493594105e-07,0.029934497594215022,0.03,1.0,0.658857258887965,1.1184729256392271e-08,1.118473428809528e-08,0.0,0,8.865688849724028e-11
RPS,tabular,206,75,19.24638173085375,0.051887945375672415,3.061321808739173e-07,0.029932948774765177,0.03,1.0,0.6588688185385725,8.807466692069388e-09,8.807473223569214e-09,0.0,0,8.87610052124893e-11
RPS,tabular,206,76,19.246094739063782,0.05188869826007604,2.4106568904149874e-07,0.029932961783124663,0.03,1.0,0.6588686516246811,6.935501147280213e-09,6.935497433817306e-09,0.0,0,8.840219223316128e-11
RPS,tabular,206,77,19.24585513816714,0.05188932348157261,1.8982891454956477e-07,0.02993225616230952,0.03,1.0,0.6588738818388744,5.461404879542681e-09,5.461405622618429e-09,0.0,0,8.874649015666595e-11
RPS,tabular,206,78,19.245656630479658,0.05188983782062427,1.4948226966484536e-07,0.02993142264525546,0.03,1.0,0.6588800738574316,4.300621518067652e-09,4.300625864788746e-09,0.0,0,8.880663537880181e-11
RPS,tabular,206,79,19.24549350066573,0.05189025635763491,1.1771115065701016e-07,0.02992987349966789,0.03,1.0,0.6588916414535907,3.386557455574391e-09,3.3865647465084593e-09,0.0,0,8.835153275654755e-11
RPS,tabular,206,80,19.245360610427646,0.051890592474859186,9.269277649280135e-08,0.029929426673511315,0.03,1.0,0.6588949334387391,2.666778416939961e-09,2.666781094607214e-09,0.0,0,8.957100394724182e-11
RPS,tabular,206,81,19.245253371034696,0.0518908579114088,7.299185139122104e-08,0.029934119943655486,0.03,1.0,0.6588596302978884,2.0999930734891026e-09,2.09998385634516e-09,0.0,0,8.973952247970371e-11
RPS,tabular,206,82,19.245167715641056,0.05189106281086512,5.7478229673409514e-08,0.0299278264431633,0.03,1.0,0.6589068300859853,1.6536503494071676e-09,1.6536537274901564e-09,0.0,0,8.973952247970371e-11
RPS,tabular,206,83,19.245100115336857,0.05189121564302933,4.52618763790993e-08,0.009519548631175191,0.03,1.0,0.858619070239574,1.2443836387022226e-09,1.2927092030517045e-09,9.757130341769744e-08,0,8.887998337314684e-11
RPS,tabular,206,84,19.245083588879297,0.05189122796047419,3.571197556359732e-08,0.009344239996787893,0.03,1.0,0.8608603896360001,9.807808295066128e-10,1.0198300815966233e-09,7.909835763120588e-08,0,7.95297494526892e-11
RPS,tabular,206,85,19.24506992956188,0.05189122595896154,2.817803735065483e-08,0.009131770232618686,0.03,1.0,0.863592561126546,7.728323375519755e-10,8.045574902733395e-10,6.452227901082447e-08,0,6.311701161720862e-11
RPS,tabular,206,86,19.2450587159699,0.05189120877667208,2.2234430973263274e-08,0.00887607979008931,0.03,1.0,0.8669036044668595,6.087838360421715e-10,6.347313513859659e-10,5.302245389264518e-08,0,5.0070048107642154e-11
RPS,tabular,206,87,19.245049584963827,0.0518911748911964,1.7545369048346448e-08,0.00857427918347968,0.03,1.0,0.8708445758676878,4.793705361065742e-10,5.007590004054355e-10,4.394161578674877e-08,0,3.9701402165803757e-11
RPS,tabular,206,88,19.245042219565537,0.05189112201546245,1.3846027046439328e-08,0.008215486091843732,0.03,1.0,0.8755766486891674,3.7727578939561653e-10,3.95069402428583e-10,3.67884179631969e-08,0,3.1463764926797924e-11
RPS,tabular,206,89,19.24503635167417,0.0518910469195891,1.0927438960611942e-08,0.00780349358605164,0.03,1.0,0.88107419705712,2.9673224058882487e-10,3.116953432478616e-10,3.11411475123404e-08,0,2.4921138486178052e-11
RPS,tabular,206,90,19.245031740411125,0.051890945271225904,8.624860042040468e-09,0.006766810554553119,0.03,1.0,0.8952178408923676,2.3177346974922194e-10,2.4581114431582737e-10,2.9680883471447347e-08,0,1.9726800193353708e-11
RPS,tabular,206,91,19.245028611741926,0.05189081028099112,6.808930497774504e-09,0.005544905525351691,0.03,1.0,0.9124827857007418,1.7985067904658641e-10,1.938583274573689e-10,3.009965415577086e-08,0,1.5592447333290238e-11
RPS,tabular,206,92,19.24502672624268,0.05189063476182786,5.376825733965528e-09,0.004529406539604219,0.03,1.0,0.9273462664218487,1.3899061637871208e-10,1.5294768249097105e-10,3.033060191405817e-08,0,1.2304004481933363e-11
RPS,tabular,206,93,19.24502562996885,0.05189040998929255,4.246909399777748e-09,0.00368369806841631,0.03,1.0,0.9400992207653373,1.0680856930556717e-10,1.207135414193513e-10,3.0440315918489716e-08,0,9.695597658065935e-12
RPS,tabular,206,94,19.24502501474025,0.05189012423772862,3.355159706642228e-09,0.002981970203458636,0.03,1.0,0.9509503474222188,8.145509368825806e-11,9.530388711026348e-11,3.047636375560187e-08,0,7.631075771286077e-12
RPS,tabular,206,95,19.245024671593825,0.05188976221014509,2.6511186435337164e-09,0.002403915452308501,0.03,1.0,0.9600790371047355,6.146209610114437e-11,7.526258948122258e-11,3.0467133001484435e-08,0,5.999940544398897e-12
RPS,tabular,206,96,19.245024460849216,0.05188930424064632,2.0951102942039933e-09,0.0019361441773559454,0.03,1.0,0.967595422435286,4.5695915277842144e-11,5.945141543404796e-11,3.044459363716955e-08,0,4.7131298863689614e-12
RPS,tabular,206,97,19.245024290246832,0.051888725240840386,1.6558910560061953e-09,0.0015542906643868707,0.03,1.0,0.9738190501591407,3.325541146174283e-11,4.6970819425750154e-11,3.039573392168683e-08,0,3.699307526972006e-12
RPS,tabular,206,98,19.245024105833373,0.051887993330378024,1.308938968146421e-09,0.0012437024722190305,0.03,1.0,0.9789405162302172,2.3436106979014777e-11,3.711638527948623e-11,3.0344104446045886e-08,0,2.9014057822962514e-12
RPS,tabular,206,99,19.24502387723926,0.05188706810367722,1.0347242954349e-09,0.0009915036609309132,0.03,1.0,0.9831389671209559,1.568192903505093e-11,2.933387194800776e-11,3.030052182260486e-08,0,2.274067600893659e-12
RPS,tabular,206,100,19.245023590076343,0.0518858984137533,8.180599735244781e-10,0.0,0.024568375247668656,1.0,1.0,1.0049202202323631e-11,1.9175636757230853e-11,3.02429450695531e-08,0,1.7812618047230448e-12
RPS,tabular,207,1,14.075359949742566,0.04514120469584059,9.29904666211456,0.026901703218623445,0.03,1.0,0.6942364457542791,0.27128663865212777,0.2706956194008303,0.0,0,8.983691568431595e-11
RPS,tabular,207,2,14.98342974404339,0.04756322576920525,7.472235472538742,0.03,0.03,1.0,0.6690415214075843,0.2189055576102938,0.2183821590231465,0.0,0,8.799266870695988e-11
RPS,tabular,207,3,15.67837322583176,0.049912024747005415,5.958195077587916,0.03,0.03,1.0,0.6676213623863023,0.17521502468606823,0.17481738607948816,0.0,0,8.958150887750094e-11
RPS,tabular,207,4,16.16650876668736,0.05193403348148124,4.711901831855116,0.03,0.03,1.0,0.6663706332757996,0.13895951783114993,0.13868419866737702,0.0,0,8.738063050905964e-11
RPS,tabular,207,5,16.483725947298513,0.05363005637015172,3.7012721840367724,0.03,0.03,1.0,0.6652742347442613,0.10936111863117198,0.1091847876334906,0.0,0,8.920249261468172e-11
RPS,tabular,207,6,16.675696413990757,0.055013803283746644,2.8934093737128723,0.03,0.03,1.0,0.6643164024334557,0.0855785823766813,0.08547250068439344,0.0,0,8.981453081258195e-11
RPS,tabular,207,7,16.7855237785777,0.056107734124027614,2.2552545371395656,0.03,0.03,1.0,0.6634817954950794,0.066721475763329,0.06666058653720686,0.0,0,8.989957389626824e-11
RPS,tabular,207,8,16.847755117759306,0.05693959547409173,1.7555240150956557,0.03,0.03,1.0,0.6627560816114098,0.0519173026904238,0.05188342257774542,0.0,0,8.91831122840081e-11
RPS,tabular,207,9,16.88722657499078,0.05753969454901426,1.3663761183430558,0.03,0.03,1.0,0.6621261968872495,0.040371997313905415,0.040353409521487554,0.0,0,8.89811835325105e-11
RPS,tabular,207,10,16.920344305324488,0.057938867711847745,1.064245359378353,0.03,0.03,1.0,0.6615804097146771,0.03140327004746612,0.031393025131632765,0.0,0,8.826535682904257e-11
RPS,tabular,207,11,16.95709285983771,0.058167052402569044,0.8299134312803452,0.03,0.03,1.0,0.6611082761501199,0.02444865810300611,0.02444290109899519,0.0,0,8.763984329918095e-11
RPS,tabular,207,12,17.00292865550652,0.05825235243331958,0.6481054647348358,0.03,0.03,1.0,0.6607005427304954,0.01905761265313915,0.01905424201087476,0.0,0,8.898263376133642e-11
RPS,tabular,207,13,17.060276995571726,0.05822048679511702,0.5068819065065574,0.03,0.03,1.0,0.6603490302606916,0.014875835661823811,0.014873753694241383,0.0,0,8.838923343246208e-11
RPS,tabular,207,14,17.129616804849473,0.058094523009392045,0.39700278507524855,0.03,0.03,1.0,0.6600465171293078,0.011627988282453065,0.011626629531356465,0.0,0,8.988043295743431e-11
RPS,tabular,207,15,17.210229425130994,0.05789481174943007,0.31135416497437357,0.03,0.03,1.0,0.6597866312257222,0.009101515097788102,0.009100587467165085,0.0,0,8.932116851712024e-11
RPS,tabular,207,16,17.30070121509061,0.057639056214499336,0.2444705725546184,0.03,0.03,1.0,0.6595637538752257,0.007132891792332216,0.007132200921958327,0.0,0,8.901751905043831e-11
RPS,tabular,207,17,17.399255411338093,0.057342465431543664,0.19214853967805395,0.03,0.03,1.0,0.6593729360897645,0.0055963246895028,0.0055957829049591915,0.0,0,8.950120939515971e-11
RPS,tabular,207,18,17.503969058760145,0.05701795424496565,0.15115223064185132,0.03,0.03,1.0,0.6592098259146986,0.004395047797294479,0.00439461863469932,0.0,0,8.98859719294931e-11
RPS,tabular,207,19,17.61291368885846,0.056676363879571125,0.11898512117391692,0.03,0.03,1.0,0.6590706050924602,0.00345451463262681,0.003454174703685184,0.0,0,8.91864581319124e-11
RPS,tabular,207,20,17.724245581506953,0.05632668566922149,0.0937154363831653,0.03,0.03,1.0,0.6589519332366286,0.002717160892297838,0.0027168931600987725,0.0,0,8.9846850011982e-11
RPS,tabular,207,21,17.83626249648954,0.05597627708591053,0.07384425434461342,0.03,0.03,1.0,0.6588508979449297,0.002138430635850929,0.002138221528659081,0.0,0,8.928025636498194e-11
RPS,tabular,207,22,17.94743778486818,0.055631063920502634,0.05820539994071433,0.03,0.03,1.0,0.6587649696137816,0.0016837530002251986,0.0016835912249998017,0.0,0,8.99089834700828e-11
RPS,tabular,207,23,18.056438910578123,0.0552957257140533,0.045889323898958605,0.03,0.03,1.0,0.6586919600572303,0.0013262412328685495,0.001326117286428197,0.0,0,8.931316341879991e-11
RPS,tabular,207,24,18.162134948318023,0.054973863652077695,0.0361850467599842,0.03,0.03,1.0,0.6586299843314051,0.001044938459333102,0.0010448443919865245,0.0,0,8.830879690696625e-11
RPS,tabular,207,25,18.263596087757517,0.05466815140660597,0.02853572133186548,0.03,0.03,1.0,0.6585774254017247,0.000823476867022225,0.0008234061170559717,0.0,0,8.690874690915618e-11
RPS,tabular,207,26,18.36008723276345,0.054380470086812356,0.022504488433354407,0.03,0.03,1.0,0.6585329014603042,0.0006490497863498058,0.0006489970226110932,0.0,0,8.960959307479505e-11
RPS,tabular,207,27,18.451057214818363,0.054112028733990576,0.01774814094804484,0.03,0.03,1.0,0.6584952358107511,0.0005116211097821787,0.0005115820692482588,0.0,0,8.978320094766429e-11
RPS,tabular,207,28,18.536124795655805,0.05386347182083924,0.013996736010353278,0.03,0.03,1.0,0.6584634292968017,0.0004033152734514828,0.00040328659807970326,0.0,0,8.981398296522419e-11
RPS,tabular,207,29,18.61506242080247,0.05363497509899367,0.011037758355458014,0.03,0.03,1.0,0.658436635271504,0.00031794508113129724,0.0003179241620046428,0.0,0,8.996808631206096e-11
RPS,tabular,207,30,18.68777854348381,0.05342633095992768,0.008703781324971712,0.03,0.03,1.0,0.6584141370963456,0.0002506451427432409,0.0002506299782158753,0.0,0,8.939715634426193e-11
RPS,tabular,207,31,18.754299230855217,0.053237024283530165,0.006862827249444194,0.02993399937839909,0.03,1.0,0.6588905089660166,0.00019758654860966914,0.00019757562871318825,0.0,0,8.986942521540739e-11
RPS,tabular,207,32,18.81472977998811,0.05306635901435511,0.005410819987597908,0.02985125567286522,0.03,1.0,0.6594967843040572,0.00015575425789801655,0.00015574644177950795,0.0,0,8.908369376371683e-11
RPS,tabular,207,33,18.869266947810956,0.05291342297398906,0.004265660020205973,0.02979419953869145,0.03,1.0,0.6599134755615693,0.00012277272559739423,0.0001227671593181511,0.0,0,8.943166874913165e-11
RPS,tabular,207,34,18.918189965163016,0.05277712052110766,0.0033625745439890007,0.029757387949893813,0.03,1.0,0.6601804545580946,9.676978414887584e-05,9.676583838131745e-05,0.0,0,8.9394265319169e-11
RPS,tabular,207,35,18.96182817172071,0.05265626679199739,0.0026504554189781034,0.029736259277698917,0.03,1.0,0.6603314007761437,7.62695964782217e-05,7.626681140823364e-05,0.0,0,8.97843266341224e-11
RPS,tabular,207,36,19.000543158453173,0.05254963447854328,0.0020889741271190054,0.02972702391297776,0.03,1.0,0.6603944428454088,6.010850171180176e-05,6.010654377981115e-05,0.0,0,8.992698586111035e-11
RPS,tabular,207,37,19.03471440336893,0.05245598933604881,0.0016463082647949676,0.029726562917566743,0.03,1.0,0.6603928068453837,4.7368859820274114e-05,4.736748860440095e-05,0.0,0,8.951099194807414e-11
RPS,tabular,207,38,19.064727756237527,0.052374117052867875,0.0012973486050308195,0.029732339255250814,0.03,1.0,0.6603454152539178,3.732698795066934e-05,3.732603110515723e-05,0.0,0,8.991494215713136e-11
RPS,tabular,207,39,19.09096628165047,0.05230284339565964,0.001022284434211166,0.029742315809498748,0.03,1.0,0.6602674645523574,2.9412152700744413e-05,2.941148731718955e-05,0.0,0,8.937558693147504e-11
RPS,tabular,207,40,19.113803079844534,0.052241049034705826,0.0008054869962476415,0.02975488458235559,0.03,1.0,0.6601709373681566,2.3174251321406718e-05,2.317379015562587e-05,0.0,0,8.979435195345577e-11
RPS,tabular,207,41,19.133595785903175,0.05218768008662222,0.0006346280642616672,0.02976880116290799,0.03,1.0,0.660065086273458,1.8258329914792978e-05,1.8258011300419232e-05,0.0,0,8.981560828253657e-11
RPS,tabular,207,42,19.150682501959114,0.05214175516461176,0.0004999840705199694,0.029783126278288764,0.03,1.0,0.6599568706082338,1.4384486447126825e-05,1.4384267000939062e-05,0.0,0,8.995231226651193e-11
RPS,tabular,207,43,19.165378955874093,0.052102369552854556,0.0003938867292434998,0.029797179626975607,0.03,1.0,0.6598513040196955,1.1332017941553251e-05,1.1331867220801854e-05,0.0,0,8.811405605164805e-11
RPS,tabular,207,44,19.177976706761893,0.0520686970039678,0.0003102893351402163,0.02981048492049328,0.03,1.0,0.6597518696079606,8.926913981617167e-06,8.92681075297123e-06,0.0,0,8.981388965861582e-11
RPS,tabular,207,45,19.188742232470222,0.05203998959034012,0.00024442441329853686,0.029822739354734975,0.03,1.0,0.6596607512877491,7.031990168930411e-06,7.0319196528662785e-06,0.0,0,8.938454643094495e-11
RPS,tabular,207,46,19.19791675429854,0.05201557596885403,0.00019253350994423852,0.02983377470081598,0.03,1.0,0.659579128058737,5.539104027082527e-06,5.539055971600705e-06,0.0,0,8.963094932919966e-11
RPS,tabular,207,47,19.205716660088168,0.0519948583942968,0.00015165395209189384,0.029843521720844108,0.03,1.0,0.6595074427101899,4.363014225602614e-06,4.362981561187151e-06,0.0,0,8.951280383625161e-11
RPS,tabular,207,48,19.212334400969567,0.051977308775314854,0.0001194505895533193,0.029851996762395628,0.03,1.0,0.6594455031088949,3.436536595585645e-06,3.4365144341291104e-06,0.0,0,8.864389222617544e-11
RPS,tabular,207,49,19.217939749874052,0.05196246403253514,9.408305017851004e-05,0.02985926924488135,0.03,1.0,0.6593927268757157,2.7067232321373767e-06,2.7067082206608386e-06,0.0,0,8.866383627294556e-11
RPS,tabular,207,50,19.222681317248618,0.051949921001148994,7.410102910928986e-05,0.029865438754178786,0.03,1.0,0.6593483133691733,2.1318490816871116e-06,2.1318389288989606e-06,0.0,0,8.968526588064277e-11
RPS,tabular,207,51,19.226688235541566,0.051939331080237384,5.836170298115122e-05,0.029870632010217495,0.03,1.0,0.6593112659770822,1.679035513673461e-06,1.6790286660388008e-06,0.0,0,8.926835937092106e-11
RPS,tabular,207,52,19.230071936383673,0.05193039480178508,4.596460460730733e-05,0.029874983835652198,0.03,1.0,0.6592805346307387,1.3223764893329483e-06,1.322371881677414e-06,0.0,0,8.952121710577318e-11
RPS,tabular,207,53,19.23292795420561,0.051922856469832156,3.6200272453326846e-05,0.029878651527678674,0.03,1.0,0.6592549070710716,1.0414611379263424e-06,1.0414580340582989e-06,0.0,0,8.991493549712305e-11
RPS,tabular,207,54,19.23533770543617,0.05191649898242872,2.850976728339652e-05,0.029881736794933004,0.03,1.0,0.6592335950773788,8.20208986942406e-07,8.202069073704998e-07,0.0,0,8.907543369577388e-11
RPS,tabular,207,55,19.237370197554554,0.05191113893868953,2.245275938492119e-05,0.0298844060622631,0.03,1.0,0.6592153292824594,6.459519500162107e-07,6.459505476344909e-07,0.0,0,8.780519644697932e-11
RPS,tabular,207,56,19.239083646413675,0.05190662207108942,1.7682375423916263e-05,0.029886724103292538,0.03,1.0,0.6591996092597944,5.087105727368453e-07,5.087096326416708e-07,0.0,0,8.996070555156166e-11
RPS,tabular,207,57,19.240526967448986,0.05190281908050579,1.3925374185512465e-05,0.029888775317393253,0.03,1.0,0.6591857911371265,4.006237883094204e-07,4.006231674585708e-07,0.0,0,8.827354180952645e-11
RPS,tabular,207,58,19.241741139867703,0.05189962186333011,1.0966524294919e-05,0.029890720316456686,0.03,1.0,0.6591726617747429,3.1549948610676287e-07,3.154990638957889e-07,0.0,0,8.851369637241646e-11
RPS,tabular,207,59,19.242760432502994,0.05189694015017602,8.636294343942318e-06,0.02989253931274171,0.03,1.0,0.6591603670353401,2.4846026566655733e-07,2.484599822249474e-07,0.0,0,8.852833799367792e-11
RPS,tabular,207,60,19.243613481647838,0.05189469857335036,6.801153045095121e-06,0.029894270805675215,0.03,1.0,0.6591486171531578,1.956644793051102e-07,1.956642929008161e-07,0.0,0,8.898238812448163e-11
RPS,tabular,207,61,19.244324239752295,0.05189283410415507,5.355927461348153e-06,0.029896034314762128,0.03,1.0,0.6591365155519556,1.5408635279045996e-07,1.5408622331227006e-07,0.0,0,8.971241083343604e-11
RPS,tabular,207,62,19.24491279318816,0.0518912938587187,4.217782287413865e-06,0.0298977555000618,0.03,1.0,0.659124624269742,1.2134272965115684e-07,1.2134264495149086e-07,0.0,0,8.978269461225308e-11
RPS,tabular,207,63,19.24539605211238,0.05189003325926677,3.3214768995008494e-06,0.029899453826428855,0.03,1.0,0.6591128016129446,9.555667469270886e-08,9.55566222023086e-08,0.0,0,8.99430396827933e-11
RPS,tabular,207,64,19.245788336659203,0.05188901448101744,2.6156292242098123e-06,0.02990123856076266,0.03,1.0,0.6591002320568418,7.524995831751994e-08,7.524992221670012e-08,0.0,0,8.931069217509618e-11
RPS,tabular,207,65,19.24610186252712,0.05188820517347741,2.0597722586754526e-06,0.029902922703674013,0.03,1.0,0.6590883270200346,5.925836015204367e-08,5.925833902349804e-08,0.0,0,8.978128906989437e-11
RPS,tabular,207,66,19.246347131954582,0.05188757743765435,1.622036099875528e-06,0.029904638680650106,0.03,1.0,0.6590760980446637,4.666500850388312e-08,4.6664996983837675e-08,0.0,0,8.855343791580356e-11
RPS,tabular,207,67,19.246533259832074,0.05188710697673003,1.2773217439975156e-06,0.02990641077714574,0.03,1.0,0.6590633695400011,3.6747821869104765e-08,3.674781581831728e-08,0.0,0,8.972470100232393e-11
RPS,tabular,207,68,19.246668226528573,0.051886772442105385,1.005862782387919e-06,0.02990822048485516,0.03,1.0,0.6590502874909243,2.8938137182696713e-08,2.8938132906416197e-08,0.0,0,8.89148354943376e-11
RPS,tabular,207,69,19.246759077796323,0.051886554918778,7.920926163935106e-07,0.02990979608435661,0.03,1.0,0.6590389000698651,2.278810869397154e-08,2.278810966552905e-08,0.0,0,8.979099463957088e-11
RPS,tabular,207,70,19.246812077717994,0.05188643753347715,6.237522780764503e-07,0.0299116674998629,0.03,1.0,0.6590252325532303,1.7945068547342524e-08,1.794506631748266e-08,0.0,0,8.946930529774015e-11
RPS,tabular,207,71,19.246832836766263,0.05188640512576417,4.911875872402366e-07,0.02991315445888606,0.03,1.0,0.6590144017832226,1.4131257645795927e-08,1.4131260449231586e-08,0.0,0,8.99044971802708e-11
RPS,tabular,207,72,19.246826388752837,0.05188644405275777,3.867958637535671e-07,0.02991419360542387,0.03,1.0,0.6590068892511824,1.1127966031213422e-08,1.1127969368631947e-08,0.0,0,8.971742015972947e-11
RPS,tabular,207,73,19.246797266497776,0.05188654199299439,3.045899102292914e-07,0.02991564600113596,0.03,1.0,0.6589962319731523,8.762944211535671e-09,8.762947540737506e-09,0.0,0,8.829413866706725e-11
RPS,tabular,207,74,19.246749558355074,0.05188668779796291,2.398549317859717e-07,0.02991692119143392,0.03,1.0,0.6589868704776602,6.9005491172215135e-09,6.9005526379952375e-09,0.0,0,8.990578281853395e-11
RPS,tabular,207,75,19.24668693440213,0.051886871420925365,1.8887795208468709e-07,0.029918240464336974,0.03,1.0,0.6589771470239225,5.433967227455464e-09,5.433967207800535e-09,0.0,0,8.966065889737271e-11
RPS,tabular,207,76,19.246612682466477,0.05188708381528171,1.487350583542674e-07,0.029919480559045704,0.03,1.0,0.6589679915738395,4.27907270222808e-09,4.2790726653862565e-09,0.0,0,8.878651813759568e-11
RPS,tabular,207,77,19.246529729664555,0.05188731686753069,1.1712378119104148e-07,0.0299206210152635,0.03,1.0,0.6589595614220306,3.3696240853357593e-09,3.369627312848188e-09,0.0,0,8.927579342454799e-11
RPS,tabular,207,78,19.246440663538387,0.05188756332679525,9.223092782326133e-08,0.029921938878265667,0.03,1.0,0.6589497789508003,2.653467145909586e-09,2.6534670983748257e-09,0.0,0,8.96087870572159e-11
RPS,tabular,207,79,19.24634775142103,0.05188781673410164,7.262858645619178e-08,0.02992345119726341,0.03,1.0,0.6589385190974133,2.089516750666237e-09,2.0895143985665637e-09,0.0,0,8.903923598424498e-11
RPS,tabular,207,80,19.246252956961364,0.051888071353380485,5.719245581160567e-08,0.0299240412326348,0.03,1.0,0.6589341715103406,1.6454203918537066e-09,1.6454192931378656e-09,0.0,0,8.848941579486799e-11
RPS,tabular,207,81,19.246157956163483,0.05188832209673893,4.503699893766662e-08,0.00951483873746894,0.03,1.0,0.8586786174307278,1.2381714422546725e-09,1.2862796344919514e-09,9.713662768389987e-08,0,8.916362315147803e-11
RPS,tabular,207,82,19.24603507566259,0.051888639235188425,3.5534646374959397e-08,0.009339377585394968,0.03,1.0,0.8609222705357508,9.758870310715525e-10,1.0147598294996262e-09,7.875367679183993e-08,0,8.959442521216941e-11
RPS,tabular,207,83,19.245925002346837,0.05188891646104518,2.8038175667083586e-08,0.009126135942686171,0.03,1.0,0.8636648548537583,7.689694197852004e-10,8.005589421816663e-10,6.425321460704126e-08,0,8.946905216689061e-11
RPS,tabular,207,84,19.245826411278017,0.05188915611959194,2.2124078868299296e-08,0.008868105594016067,0.03,1.0,0.8670069315024351,6.057326459863604e-10,6.315768645163645e-10,5.281347681852201e-08,0,7.875563534653907e-11
RPS,tabular,207,85,19.24573811235796,0.05188935984074311,1.745834736810718e-08,0.008565161735917145,0.03,1.0,0.870963894672537,4.769687871950595e-10,4.982716842852743e-10,4.377658404574437e-08,0,6.23702689495076e-11
RPS,tabular,207,86,19.24565904337228,0.05188952846848804,1.377740594255966e-08,0.008204555910940475,0.03,1.0,0.8757213580299777,3.753747775277438e-10,3.931069507030092e-10,3.666442180007559e-08,0,4.937506403734915e-11
RPS,tabular,207,87,19.24558824498057,0.0518896620131316,1.0873312500479915e-08,0.007794557640114638,0.03,1.0,0.8811939840171037,2.9523832676009635e-10,3.101486289794522e-10,3.103953333962911e-08,0,3.907119294765948e-11
RPS,tabular,207,88,19.245524866695266,0.051889759492450505,8.58213309910043e-09,0.006737809376136235,0.03,1.0,0.8956198687173252,2.305521370816762e-10,2.44587644572812e-10,2.9687741482647802e-08,0,3.090393274618464e-11
RPS,tabular,207,89,19.245467805259867,0.05188981973181831,6.775251298494598e-09,0.005521140677398161,0.03,1.0,0.9128250457383273,1.7888705999364717e-10,1.928955654120165e-10,3.01083414744827e-08,0,2.441860047497357e-11
RPS,tabular,207,90,19.245416437060744,0.051889839215490126,5.350250039258674e-09,0.004505399032183461,0.03,1.0,0.9277034190773931,1.38229984497465e-10,1.5218840411531658e-10,3.033066530413677e-08,0,1.927194404061083e-11
RPS,tabular,207,91,19.24537035880988,0.05188981243944129,4.225986168613961e-09,0.003663612449819599,0.03,1.0,0.9404062971057916,1.0620691135260587e-10,1.2011594688283438e-10,3.045957303609677e-08,0,1.519534498228836e-11
RPS,tabular,207,92,19.245329141045808,0.05188973219446066,3.338618773216442e-09,0.002968907503530846,0.03,1.0,0.9511546635944987,8.09740911526147e-11,9.483270137240715e-11,3.0499251767457475e-08,0,1.1971124092013952e-11
RPS,tabular,207,93,19.245292352799954,0.051889589038159975,2.6380481548245233e-09,0.0023961211604924997,0.03,1.0,0.9602032836934076,6.108649296262801e-11,7.489171901902562e-11,3.048262261755405e-08,0,9.42412814453064e-12
RPS,tabular,207,94,19.245259576781084,0.05188937066923261,2.084785637179596e-09,0.0019288418826530612,0.03,1.0,0.9677136639506019,4.5403729264717655e-11,5.915833102383909e-11,3.0444444715133176e-08,0,7.414122649151979e-12
RPS,tabular,207,95,19.245230420053456,0.051889061155437136,1.647763927287439e-09,0.001546563708110919,0.03,1.0,0.9739457936425414,3.302236148497095e-11,4.6739093799706634e-11,3.03983145244853e-08,0,5.8292703997153696e-12
RPS,tabular,207,96,19.245204515905943,0.05188863999149959,1.3025115769765021e-09,0.0012400457265173783,0.03,1.0,0.9790011203900787,2.3255606762736004e-11,3.693416721281114e-11,3.0347151992262376e-08,0,4.5806225479338985e-12
RPS,tabular,207,97,19.245181528160355,0.05188808089492769,1.0296330425882475e-09,0.000989570551785835,0.03,1.0,0.9831712767488668,1.554624102652645e-11,2.918939400162545e-11,3.028077506655832e-08,0,3.597535602750668e-12
RPS,tabular,207,98,19.245161147672952,0.05188735031978259,8.140211438801591e-10,0.0,0.024453330649038704,1.0,1.0,9.95276409330512e-12,1.899646362448677e-11,3.024600665335298e-08,0,2.8240210170338287e-12
RPS,tabular,207,99,19.245146299478648,0.05188660891905347,6.737007337163643e-10,0.0,0.020588614647172054,1.0,1.0,6.9352823970016485e-12,1.3337056666462207e-11,3.0205220491569445e-08,0,2.320896808072348e-12
RPS,tabular,207,100,19.245134991719734,0.05188586291349968,5.751441843375857e-10,0.0,0.017786296323075837,1.0,1.0,5.114842445561026e-12,9.890076110153066e-12,3.018469253489192e-08,0,1.9697110609229187e-12
RPS,tabular,208,1,9.145847289155688,0.09816332169587241,6.923438811165189,0.0,0.03,1.0,1.0,0.20307938114044893,0.20286812441900692,0.0,0,8.429479336768964e-11
RPS,tabular,208,2,9.644238004918535,0.09345555131189798,6.004766247736055,0.0,0.03,1.0,1.0,0.17598385433720232,0.17577235228244714,0.0,0,8.96654417381626e-11
RPS,tabular,208,3,10.159035619676505,0.08924739991042774,5.186271371979471,0.0,0.03,1.0,1.0,0.15173887254161866,0.15154034682618256,0.0,0,8.904710302459762e-11
RPS,tabular,208,4,10.68241723375674,0.08549800642205932,4.453210883245917,0.0,0.03,1.0,1.0,0.1300069195888956,0.12982993883450844,0.0,0,8.604966739156339e-11
RPS,tabular,208,5,11.206977315936165,0.08215941089231395,3.7984864310556063,0.0,0.03,1.0,1.0,0.11062506153114711,0.11047386211098575,0.0,0,8.972064757806208e-11
RPS,tabular,208,6,11.72613666175492,0.07918367414836679,3.217970533201147,0.0,0.03,1.0,1.0,0.09348684475610795,0.0933620998421163,0.0,0,8.768821779803204e-11
RPS,tabular,208,7,12.234342078169263,0.0765263962259105,2.708080739745851,0.0,0.03,1.0,1.0,0.0784841205426382,0.07838405236796242,0.0,0,8.97139307287631e-11
RPS,tabular,208,8,12.727125193577951,0.07414810342482615,2.2647147802630894,0.0,0.03,1.0,1.0,0.06548491941306413,0.06540641805602826,0.0,0,8.857072020251877e-11
RPS,tabular,208,9,13.20106786961571,0.07201447932358557,1.8829779082965943,0.0,0.03,1.0,1.0,0.05433142512764595,0.054270925271618864,0.0,0,8.954935404315023e-11
RPS,tabular,208,10,13.65370954816961,0.07009603171031556,1.557317549570019,0.0,0.03,1.0,1.0,0.0448473316387397,0.04480137079867946,0.0,0,8.977954490951845e-11
RPS,tabular,208,11,14.08342346282171,0.06836753061836583,1.2818156010827442,0.0,0.03,1.0,1.0,0.03684795783181309,0.036813461221317734,0.0,0,8.799214135102318e-11
RPS,tabular,208,12,14.489281663727018,0.0668073946484825,1.0504946352168756,0.0,0.03,1.0,1.0,0.030149608588281123,0.030123989476876556,0.0,0,8.922541872014023e-11
RPS,tabular,208,13,14.870922642939314,0.06539711117804878,0.8575703269144856,0.0029898066206320312,0.03,1.0,0.9503790876982345,0.024580746071224537,0.024561247465170827,0.0,0,8.984370886144788e-11
RPS,tabular,208,14,15.257666113597429,0.06398319619779443,0.6978506068230009,0.006331902160889193,0.03,1.0,0.9005165753950606,0.019986395530508263,0.01997144539288312,0.0,0,8.954920138748435e-11
RPS,tabular,208,15,15.647919230715518,0.06258342439634904,0.5661477458238952,0.00916615111695914,0.03,1.0,0.8622199527140877,0.016206160169846454,0.016194842441037208,0.0,0,8.950326590984048e-11
RPS,tabular,208,16,16.03233052514978,0.06124377520298743,0.4579237593681985,0.011578453562042759,0.03,1.0,0.8321466666285409,0.013104093732852092,0.013095671033418167,0.0,0,8.865008727099166e-11
RPS,tabular,208,17,16.4038430052953,0.05999103771475758,0.36932324823848434,0.013649048712481763,0.03,1.0,0.8079917698325154,0.010566786814083955,0.010560627698711127,0.0,0,8.976716245334693e-11
RPS,tabular,208,18,16.75731755627464,0.0588389850218405,0.2970629305038147,0.015445322338907882,0.03,1.0,0.7881708501596904,0.008498692377810743,0.008494262121462579,0.0,0,8.978206719745252e-11
RPS,tabular,208,19,17.08915451958246,0.0577929503067656,0.2383477993849278,0.017020946062388822,0.03,1.0,0.7715882117006585,0.006818973375525209,0.006815834160889767,0.0,0,8.939280045361375e-11
RPS,tabular,208,20,17.396975139552456,0.05685297114026145,0.19080755443359984,0.018417465072567394,0.03,1.0,0.7574783761569592,0.005459329805083219,0.005457102220425,0.0,0,8.981503214766651e-11
RPS,tabular,208,21,17.679369161827818,0.056015862640125244,0.1524395680070201,0.01966645018495546,0.03,1.0,0.7453009314567612,0.004362192395962698,0.004360619676379764,0.0,0,8.948901949329402e-11
RPS,tabular,208,22,17.935697728818763,0.05527655180827591,0.12156556717820305,0.02079171697624978,0.03,1.0,0.7346691718474155,0.0034794012689117,0.003478300182816918,0.0,0,8.930047413341358e-11
RPS,tabular,208,23,18.16593985460009,0.05462891820894423,0.09678803927850865,0.021811131115047074,0.03,1.0,0.7253029706164996,0.0027709078817112227,0.002770142700455872,0.0,0,8.988150241445725e-11
RPS,tabular,208,24,18.370570627305632,0.05406631682082264,0.07695044932878262,0.022738057420469204,0.03,1.0,0.71699686697489,0.002203605138210855,0.002203076965650681,0.0,0,8.967065067908009e-11
RPS,tabular,208,25,18.550462443467488,0.0535818989429366,0.06110144140837768,0.023582500032721533,0.03,1.0,0.7095981223351743,0.0017502828045575616,0.0017499205288803226,0.0,0,8.942102397088703e-11
RPS,tabular,208,26,18.70680275072136,0.05316880734927684,0.0484627025566758,0.02435198659230637,0.03,1.0,0.7029914519642732,0.0013886946964271848,0.0013884477302601025,0.0,0,8.803450633407262e-11
RPS,tabular,208,27,18.841023478300723,0.052820295370519514,0.03840058154273547,0.025052255154208884,0.03,1.0,0.6970882283873491,0.0011007381751389827,0.0011005708491448538,0.0,0,8.946474897714163e-11
RPS,tabular,208,28,18.954738772640678,0.05252980175641068,0.030401413249740716,0.02568779088873403,0.03,1.0,0.6918187249743694,0.0008717431005537199,0.0008716304516157613,0.0,0,8.939416199470196e-11
RPS,tabular,208,29,19.049688832631126,0.05229100129086998,0.02405036465759514,0.02626224685898556,0.03,1.0,0.6871264705388158,0.000689863898138647,0.0006897885693914296,0.0,0,8.93226259016805e-11
RPS,tabular,208,30,19.12768860126013,0.052097843149772505,0.019013520632636713,0.026778773022488416,0.03,1.0,0.6829641055721675,0.000545565867761848,0.0005455158618608057,0.0,0,8.810829735077241e-11
RPS,tabular,208,31,19.190580834326163,0.05194458358350343,0.015022871683680982,0.02724026894164782,0.03,1.0,0.6792903454644813,0.00043119547519533343,0.00043116254548600523,0.0,0,8.942172328128828e-11
RPS,tabular,208,32,19.240193624743632,0.05182581586502053,0.011863845276386904,0.027649571356977008,0.03,1.0,0.6760677811612573,0.00034062395676879616,0.0003406024657934782,0.0,0,8.980278521676655e-11
RPS,tabular,208,33,19.27830281251509,0.05173649805486525,0.009365027698719925,0.028009583855899446,0.03,1.0,0.6732613382640436,0.00026895385863632914,0.0002689399743934268,0.0,0,8.963438655586534e-11
RPS,tabular,208,34,19.30659985510738,0.05167197770314399,0.007389745688088194,0.028323355649904937,0.03,1.0,0.6708372575444788,0.0002122788705034203,0.00021227000389031176,0.0,0,8.855560951421051e-11
RPS,tabular,208,35,19.326665697719836,0.051628011911604585,0.005829208658820816,0.02859411551121536,0.03,1.0,0.6687624963706893,0.00016748829002970097,0.00016748270320857074,0.0,0,8.892326209142959e-11
RPS,tabular,208,36,19.339951002308315,0.05160078106230341,0.004596947998013076,0.028825268440132903,0.03,1.0,0.667004459613031,0.00013210852268353329,0.00013210505771882027,0.0,0,8.883399349240637e-11
RPS,tabular,208,37,19.34776282310142,0.05158689481891545,0.0036243258934975007,0.02902036310287368,0.03,1.0,0.6655309803757244,0.00010417508335324822,0.00010417297499362466,0.0,0,8.973645158655459e-11
RPS,tabular,208,38,19.351257507509725,0.05158338957724152,0.002856920282693178,0.029183037413164952,0.03,1.0,0.6643104865348034,8.212956159933965e-05,8.212830881899202e-05,0.0,0,8.930343796268239e-11
RPS,tabular,208,39,19.351439306342208,0.051587717235265215,0.0022516235379340514,0.029316952179345462,0.03,1.0,0.6633122760652826,6.473691188419528e-05,6.473619008804724e-05,0.0,0,8.946685392855445e-11
RPS,tabular,208,40,19.349163938612868,0.051597725833966074,0.001774319899277199,0.02942571945279261,0.03,1.0,0.6625068529284712,5.101921896437421e-05,5.101882039960218e-05,0.0,0,8.966102528127056e-11
RPS,tabular,208,41,19.345146193786086,0.05161163319994754,0.0013980303394513368,0.02951283231324711,0.03,1.0,0.6618662753648865,4.020276854496919e-05,4.020256209210919e-05,0.0,0,8.902576675254726e-11
RPS,tabular,208,42,19.33997058058883,0.05162799512617384,0.0011014336741847106,0.02958160269026856,0.03,1.0,0.6613644689942256,3.1675828844197734e-05,3.167573309063927e-05,0.0,0,8.745195901124639e-11
RPS,tabular,208,43,19.334104039657525,0.05164566983722424,0.0008676896287543969,0.02963510860333486,0.03,1.0,0.6609774953177633,2.4955030883256802e-05,2.495499627823247e-05,0.0,0,8.979949450731899e-11
RPS,tabular,208,44,19.327909811175292,0.05166378051198744,0.0006835036197758663,0.029676155119353228,0.03,1.0,0.6606837423679027,1.965863542024747e-05,1.9658632529278257e-05,0.0,0,8.979949450731899e-11
RPS,tabular,208,45,19.321661670965007,0.05168167750533054,0.0005383845928418817,0.029707249837127223,0.03,1.0,0.6604640293407179,1.548530353107667e-05,1.5485315390849808e-05,0.0,0,8.96976493087846e-11
RPS,tabular,208,46,19.315557895751677,0.0516989016730559,0.00042405674920096626,0.029730590454840895,0.03,1.0,0.660301640550027,1.2197257346896072e-05,1.2197274589571043e-05,0.0,0,8.952721231052967e-11
RPS,tabular,208,47,19.30973447313301,0.05171514990626419,0.0003339937241243243,0.029748059610183862,0.03,1.0,0.6601823213164657,9.606936956997934e-06,9.606954747165634e-06,0.0,0,8.93015061888497e-11
RPS,tabular,208,48,19.304277219869917,0.051730243664656804,0.0002630500543630334,0.029761242796775222,0.03,1.0,0.6600941129249387,7.566437374778566e-06,7.566453453468291e-06,0.0,0,8.97252072631433e-11
RPS,tabular,208,49,19.29923260494865,0.05174410099321282,0.00020716983685030527,0.029771437529549007,0.03,1.0,0.6600272634142337,5.959152914170206e-06,5.959166458257519e-06,0.0,0,8.97252072631433e-11
RPS,tabular,208,50,19.294617180480326,0.05175671225010998,0.00016315656095607474,0.029779681328588728,0.03,1.0,0.6599740033391382,4.693172558609883e-06,4.693183476460371e-06,0.0,0,8.950960639360188e-11
RPS,tabular,208,51,19.290425612070965,0.05176811955185085,0.00012849137018576892,0.02978677691355248,0.03,1.0,0.6599283472439988,3.696062463115636e-06,3.696071015588109e-06,0.0,0,8.962481423652842e-11
RPS,tabular,208,52,19.286637361496854,0.051778399784205786,0.00010118963081553714,0.029793321565777645,0.03,1.0,0.6598858666975944,2.9107465577579274e-06,2.9107531201024473e-06,0.0,0,8.967721898421111e-11
RPS,tabular,208,53,19.283222118206663,0.05178765091309787,7.968777727884328e-05,0.02979974072503975,0.03,1.0,0.6598434332628184,2.292255510339325e-06,2.292260471058633e-06,0.0,0,8.943869644893436e-11
RPS,tabular,208,54,19.28014410235161,0.051795981260226547,6.275407222811061e-05,0.029806308219923385,0.03,1.0,0.6597990632464755,1.805162059810338e-06,1.805165770132942e-06,0.0,0,8.953324082146868e-11
RPS,tabular,208,55,19.277365374141517,0.05180350137650046,4.941824598508474e-05,0.029813176025453813,0.03,1.0,0.659751691313363,1.421558428535584e-06,1.4215611890348544e-06,0.0,0,8.858708433484106e-11
RPS,tabular,208,56,19.274848288898752,0.05181031813502247,3.8916033382529005e-05,0.029820413461947488,0.03,1.0,0.6597008734796339,1.1194617123053387e-06,1.1194637528521455e-06,0.0,0,8.906940518483487e-11
RPS,tabular,208,57,19.272557233259985,0.05181653067739473,3.0645461757554484e-05,0.029828007103142637,0.03,1.0,0.6596467862973192,8.81556862951986e-07,8.815583715566409e-07,0.0,0,8.890774783056784e-11
RPS,tabular,208,58,19.270459767238684,0.051822227877922664,2.413240508898527e-05,0.02983590650421188,0.03,1.0,0.659589881349194,6.942061210007107e-07,6.942072309594637e-07,0.0,0,8.799980744102939e-11
RPS,tabular,208,59,19.268527290039938,0.051827487010331574,1.900344357687063e-05,0.029844007263857376,0.03,1.0,0.6595310117702895,5.466683821175245e-07,5.466692018311576e-07,0.0,0,8.990908684230132e-11
RPS,tabular,208,60,19.266735329809226,0.05183237335125911,1.49644807782731e-05,0.02985220779754462,0.03,1.0,0.6594710042781277,4.304842114994408e-07,4.3048481633641663e-07,0.0,0,8.966464237760604e-11
RPS,tabular,208,61,19.265063550616972,0.051836940474587444,1.1783898748308908e-05,0.029860369663100534,0.03,1.0,0.6594109572662326,3.389912987400986e-07,3.389917480845646e-07,0.0,0,8.809889484597719e-11
RPS,tabular,208,62,19.263495550045278,0.05184123104564234,9.27928858897302e-06,0.029868404399449214,0.03,1.0,0.6593515873634626,2.6694279838976567e-07,2.6694312785545224e-07,0.0,0,8.993287448074647e-11
RPS,tabular,208,63,19.262018516915834,0.05184527793518369,7.306998032542703e-06,0.029876148909514243,0.03,1.0,0.6592941667074563,2.1020663438331927e-07,2.102068849342963e-07,0.0,0,8.958864983198791e-11
RPS,tabular,208,64,19.26062279625871,0.05184910553378889,5.753898619725153e-06,0.029883611012064527,0.03,1.0,0.6592386766895858,1.655287576807565e-07,1.655289379990131e-07,0.0,0,8.958864983198791e-11
RPS,tabular,208,65,19.259301414830148,0.05185273113081314,4.530901107428345e-06,0.02989061725776366,0.03,1.0,0.6591864562903974,1.3034653704688426e-07,1.3034666707776295e-07,0.0,0,8.93581209027267e-11
RPS,tabular,208,66,19.258049586633653,0.051856166312101444,3.5678480364918607e-06,0.029897064817168115,0.03,1.0,0.6591383083556969,1.026419066261088e-07,1.0264200594923228e-07,0.0,0,8.983823684969938e-11
RPS,tabular,208,67,19.256864239643477,0.051859418272707763,2.809491434083107e-06,0.029902988166889,0.03,1.0,0.6590939993264945,8.082566767688681e-08,8.082574334574432e-08,0.0,0,8.915900684414804e-11
RPS,tabular,208,68,19.255743574853067,0.05186249102061515,2.2123246870977707e-06,0.02990824235504639,0.03,1.0,0.6590546399331094,6.36463357117856e-08,6.364639640537167e-08,0.0,0,8.970724829638477e-11
RPS,tabular,208,69,19.25468666722067,0.051865386450205164,1.7420874699453802e-06,0.029913080793662897,0.03,1.0,0.6590183442849529,5.0118406279041e-08,5.011844804890748e-08,0.0,0,8.974523124650377e-11
RPS,tabular,208,70,19.25369312486379,0.05186810524738054,1.3718010468471703e-06,0.02991728614627609,0.03,1.0,0.6589867601457129,3.946580125232667e-08,3.9465829525632866e-08,0.0,0,8.928559225296393e-11
RPS,tabular,208,71,19.25276279884855,0.051870647648312014,1.0802207416624342e-06,0.029920931918017653,0.03,1.0,0.6589593473845706,3.1077389520976014e-08,3.10774076379923e-08,0.0,0,8.834629694476216e-11
RPS,tabular,208,72,19.25189555567809,0.051873014025032346,8.506172912498752e-07,0.029923786476125213,0.03,1.0,0.658937855328887,2.4471920275963113e-08,2.447193815640189e-08,0.0,0,8.695011377568562e-11
RPS,tabular,208,73,19.25109110212248,0.051875205326023036,6.698171485176471e-07,0.02992644697627132,0.03,1.0,0.6589178066848242,1.9270448135916856e-08,1.927045988848753e-08,0.0,0,8.954553765150308e-11
RPS,tabular,208,74,19.250348859291663,0.051877223384512686,5.274469640627156e-07,0.029928153886171163,0.03,1.0,0.658904911510301,1.5174545455880192e-08,1.5174555822135568e-08,0.0,0,8.970101328387225e-11
RPS,tabular,208,75,19.249667884933444,0.051879071094058773,4.1533808622640053e-07,0.029930123323898567,0.03,1.0,0.6588900416146644,1.1949229894875205e-08,1.1949236810151385e-08,0.0,0,8.991687394654813e-11
RPS,tabular,208,76,19.249046826521216,0.051880752506464546,3.270583735083315e-07,0.029930822501986167,0.03,1.0,0.6588847106407772,9.409449874877945e-09,9.409458949896101e-09,0.0,0,8.962798503375832e-11
RPS,tabular,208,77,19.24848392252287,0.05188227279623172,2.575427664220326e-07,0.029931123683229442,0.03,1.0,0.6588823706679934,7.40949995872058e-09,7.4095096003623356e-09,0.0,0,8.947207641440889e-11
RPS,tabular,208,78,19.247977009998113,0.05188363821550357,2.0280279773589423e-07,0.029931573743546044,0.03,1.0,0.6588789167490272,5.8346410235656365e-09,5.834648020022895e-09,0.0,0,8.907741211316988e-11
RPS,tabular,208,79,19.247523561141744,0.05188485596952508,1.5969784628381705e-07,0.029932542898692766,0.03,1.0,0.658871569975043,4.594518087770272e-09,4.594521474830426e-09,0.0,0,8.912762528012776e-11
RPS,tabular,208,80,19.247120735089517,0.05188593405290995,1.2575485076088577e-07,0.02993250968320599,0.03,1.0,0.6588717553707002,3.617979027143178e-09,3.617980484360733e-09,0.0,0,8.924724959058554e-11
RPS,tabular,208,81,19.24676544820738,0.051886881036704365,9.90263678026075e-08,0.02993298387765414,0.03,1.0,0.6588681361879811,2.849002397976517e-09,2.8490013561925892e-09,0.0,0,8.887420133163466e-11
RPS,tabular,208,82,19.246454422512954,0.05188770591694555,7.797898072568242e-08,0.029930574595782963,0.03,1.0,0.6588861742767015,2.24346232753852e-09,2.2434653953607345e-09,0.0,0,8.89367712808567e-11
RPS,tabular,208,83,19.246184275255093,0.05188841784840538,6.140512042326421e-08,0.029933069408830938,0.03,1.0,0.6588673924081293,1.7666339287667656e-09,1.7666339295292363e-09,0.0,0,8.984787580601534e-11
RPS,tabular,208,84,19.245951529173713,0.0518890260941418,4.835396880035353e-08,0.009562323292248057,0.03,1.0,0.8580739288038944,1.3297257916474373e-09,1.3810640948973261e-09,1.0356270783386629e-07,0,8.96427132524026e-11
RPS,tabular,208,85,19.24583262240428,0.0518893227821181,3.815130589981588e-08,0.009396732922308724,0.03,1.0,0.8601880057709658,1.0481106273645913e-09,1.0895299880515713e-09,8.382149250215597e-08,0,8.973082277208282e-11
RPS,tabular,208,86,19.245729030260268,0.05188957577241442,3.010236367966628e-08,0.009196504002623309,0.03,1.0,0.8627582762457969,8.259482689676423e-10,8.595421843000396e-10,6.824377802529638e-08,0,8.956532182580182e-11
RPS,tabular,208,87,19.245638875030217,0.05188978907075096,2.375247392846712e-08,0.008953827302966327,0.03,1.0,0.8658941091390617,6.506864472749257e-10,6.78106792687386e-10,5.595364582636468e-08,0,8.993152889047449e-11
RPS,tabular,208,88,19.24556050990825,0.051889965820976075,1.8742965836090665e-08,0.008663558717020282,0.03,1.0,0.8696749964264731,5.124251402350004e-10,5.349753166132364e-10,4.6260860955054213e-08,0,7.538151436392581e-11
RPS,tabular,208,89,19.245492480492274,0.051890108341597414,1.4790827598270084e-08,0.008320091336945487,0.03,1.0,0.8741917024948404,4.033457384388877e-10,4.2206150796217893e-10,3.8619573291749855e-08,0,5.910083755722438e-11
RPS,tabular,208,90,19.24543350271293,0.051890218100469156,1.1672856775798403e-08,0.007925755607792798,0.03,1.0,0.8794355495824421,3.172986068043979e-10,3.329880444528717e-10,3.258750715383029e-08,0,4.6375343565330236e-11
RPS,tabular,208,91,19.245382426774185,0.05189029570527889,9.212924004930058e-09,0.007145227292910504,0.03,1.0,0.8900027037578275,2.4860733163618825e-10,2.626522297992434e-10,2.952992617180713e-08,0,3.642654178293014e-11
RPS,tabular,208,92,19.245338817304198,0.0518903392190928,7.272606523004282e-09,0.005864624482884407,0.03,1.0,0.9079012931006354,1.9309766759136084e-10,2.071155514906194e-10,3.000318508274344e-08,0,2.86719981090755e-11
RPS,tabular,208,93,19.245302274139448,0.051890345848805634,5.742552023582855e-09,0.004793871162978641,0.03,1.0,0.9234289535356021,1.4941340160514078e-10,1.6338886101060955e-10,3.028210708912464e-08,0,2.264752385627844e-11
RPS,tabular,208,94,19.24527125426985,0.05189031486111752,4.535491285444882e-09,0.0039008024744391634,0.03,1.0,0.9367920185032239,1.1501929701680485e-10,1.2894223583854204e-10,3.0428564801195303e-08,0,1.7941514940389427e-11
RPS,tabular,208,95,19.245244595035626,0.0518902432152068,3.5829517751350476e-09,0.003163664463690884,0.03,1.0,0.9481167633708564,8.791954662530176e-11,1.0179104004173467e-10,3.0480620008317564e-08,0,1.4247789614785233e-11
RPS,tabular,208,96,19.245221413506037,0.05189012549616493,2.8309499274351333e-09,0.0025569691587194634,0.03,1.0,0.9576449810158724,6.656280258266123e-11,8.038094198111213e-11,3.04848540879959e-08,0,1.1336438454634388e-11
RPS,tabular,208,97,19.245201045496557,0.05188995365188443,2.237155077334108e-09,0.0020578948476187276,0.03,1.0,0.9656277621525695,4.972118890681146e-11,6.348966611045364e-11,3.0455608840024893e-08,0,9.03370711569096e-12
RPS,tabular,208,98,19.245182989965425,0.05188971660128855,1.7681491518511031e-09,0.001653186495306042,0.03,1.0,0.9721995281229561,3.643466028636826e-11,5.015840460520338e-11,3.040680609119633e-08,0,7.207128227548762e-12
RPS,tabular,208,99,19.245166861472857,0.051889399674525986,1.3975902456501682e-09,0.0013240918887769072,0.03,1.0,0.977609767952278,2.5950009563610455e-11,3.96341123825215e-11,3.0360760032815664e-08,0,5.754816623237956e-12
RPS,tabular,208,100,19.245152366685414,0.05188898381087064,1.1047806825264064e-09,0.0010596372478467219,0.03,1.0,0.9820011738667827,1.7666222570189153e-11,3.132211723086244e-11,3.0307994168435645e-08,0,4.597962011132495e-12
RPS,tabular,209,1,17.316953756774073,0.036222001642500085,8.114370479596458,0.03,0.03,1.0,0.6469323546106479,0.2599333523191569,0.25937013802522624,0.0,0,8.449677069144457e-11
RPS,tabular,209,2,16.935218345679104,0.04218831859551213,6.606149733546557,0.03,0.03,1.0,0.6478163572277096,0.21054068351867383,0.21014894989025734,0.0,0,8.573075582773981e-11
RPS,tabular,209,3,16.603091390366394,0.04718254447858804,5.353079629051063,0.03,0.03,1.0,0.648810761685708,0.16935299393555264,0.16909012181354255,0.0,0,8.644476801045187e-11
RPS,tabular,209,4,16.342065583716323,0.05123219776220574,4.322807407280717,0.03,0.03,1.0,0.6498634428332355,0.13553061071287212,0.13535814863973628,0.0,0,8.652156768818031e-11
RPS,tabular,209,5,16.15761604440267,0.054395773894535426,3.482353882235603,0.03,0.03,1.0,0.6509310503518556,0.10808422930869557,0.10797237276423621,0.0,0,8.601556966691959e-11
RPS,tabular,209,6,16.04772249696978,0.056752536882660784,2.800591448203069,0.03,0.03,1.0,0.6519788005165418,0.08600565030965347,0.0859332276500685,0.0,0,8.996092759616658e-11
RPS,tabular,209,7,16.007205563982218,0.05839415601570173,2.249669961421406,0.03,0.03,1.0,0.65297987996296,0.0683530036772428,0.06830577508738739,0.0,0,8.996092759616658e-11
RPS,tabular,209,8,16.029756465351884,0.059418080251519935,1.8055766958929467,0.03,0.03,1.0,0.653914628896065,0.054294809924719835,0.054263545846442995,0.0,0,8.997286943257521e-11
RPS,tabular,209,9,16.108788475560623,0.05992244926288394,1.4481327078428579,0.03,0.03,1.0,0.654769624037647,0.04312481216374567,0.04310368422892491,0.0,0,8.824969921494841e-11
RPS,tabular,209,10,16.237716720736184,0.06000230939159351,1.160679467028916,0.03,0.03,1.0,0.6555367426743361,0.03425902509391717,0.03424440992045538,0.0,0,8.944511797892574e-11
RPS,tabular,209,11,16.409978549410027,0.05974690820159988,0.9296286565122194,0.03,0.03,1.0,0.6562122593975162,0.027223540914641277,0.027213176800025052,0.0,0,8.902058951099079e-11
RPS,tabular,209,12,16.61895411716458,0.059237864416427616,0.7439806467587997,0.03,0.03,1.0,0.6567960057369584,0.021638557526225878,0.021631081520763845,0.0,0,8.909163337622594e-11
RPS,tabular,209,13,16.857870941894152,0.0585480391734789,0.5948699093592598,0.027296475960897265,0.03,1.0,0.6782373605931918,0.01720489424166846,0.017199170703491223,0.0,0,8.848436566788465e-11
RPS,tabular,209,14,17.116884397782968,0.057756353029033786,0.4750438548960277,0.024819835541852818,0.03,1.0,0.6989861390091799,0.013686415763272815,0.01368216718789561,0.0,0,8.877924957684247e-11
RPS,tabular,209,15,17.37700054136755,0.05695770732358099,0.37878359761324293,0.02318258348431534,0.03,1.0,0.7134018573373091,0.01088457136188444,0.010881529376132404,0.0,0,8.873615731097573e-11
RPS,tabular,209,16,17.62735336127325,0.056199406526768546,0.3015799053128841,0.022140450450115336,0.03,1.0,0.7228993324299798,0.008650405339136108,0.00864824669499576,0.0,0,8.981859353496269e-11
RPS,tabular,209,17,17.86279056575118,0.05550042215431943,0.23978152523448648,0.02152668288999846,0.03,1.0,0.7286326061224175,0.006869117027125426,0.006867588022371713,0.0,0,8.995864383271046e-11
RPS,tabular,209,18,18.081123237269928,0.05486633247250657,0.19041066091977227,0.021226471733407644,0.03,1.0,0.7315017483801308,0.005449988593386587,0.005448914118758721,0.0,0,8.965182589359966e-11
RPS,tabular,209,19,18.281694084655918,0.054296588210142056,0.1510394126814557,0.02115961099982707,0.03,1.0,0.7321949438641467,0.004320535982619103,0.0043197846391494,0.0,0,8.931146794344258e-11
RPS,tabular,209,20,18.464618753257795,0.053788035027479975,0.1196930474010191,0.02126898746929044,0.03,1.0,0.731235805729173,0.003422582519043683,0.003422058840042751,0.0,0,8.88224160021378e-11
RPS,tabular,209,21,18.630379702563086,0.053336608531892676,0.09477126137145825,0.021512997325440313,0.03,1.0,0.7290245262442431,0.0027094049389954555,0.0027090408296895855,0.0,0,8.849205699809626e-11
RPS,tabular,209,22,18.779609900654037,0.05293812944948726,0.07498188847971211,0.021860521098555193,0.03,1.0,0.7258703978335412,0.0021435131389146095,0.0021432605427210392,0.0,0,8.905129281547297e-11
RPS,tabular,209,23,18.912981524783646,0.0525886514349841,0.05928501708847328,0.022287563936128074,0.03,1.0,0.7220163180894088,0.0016948718801354475,0.0016946970850632813,0.0,0,8.924383562876337e-11
RPS,tabular,209,24,19.031154303021033,0.052284584856738404,0.04684617197245073,0.022774988501779992,0.03,1.0,0.717656774838428,0.0013394594592942546,0.0013393388899900676,0.0,0,8.893042639096516e-11
RPS,tabular,209,25,19.134758509597827,0.052022708320284196,0.03699740466261009,0.02330697594836406,0.03,1.0,0.7129508205347952,0.0010580957437648015,0.001058012935382162,0.0,0,8.988742747090966e-11
RPS,tabular,209,26,19.22439831797959,0.051800124784486624,0.029205207226932844,0.023869982941516623,0.03,1.0,0.7080312890560946,0.0008354899745938175,0.0008354334308800612,0.0,0,8.935586276979934e-11
RPS,tabular,209,27,19.300666860478163,0.051614191925474735,0.023044234332386344,0.024452046466775214,0.03,1.0,0.7030112164364105,0.0006594689940334407,0.0006594306851594404,0.0,0,8.971069221687389e-11
RPS,tabular,209,28,19.364167307751735,0.05146244296833659,0.018175907834127147,0.02504233999669572,0.03,1.0,0.6979881853778431,0.0005203535426485845,0.0005203278571384294,0.0,0,8.971069221687389e-11
RPS,tabular,209,29,19.41553582082131,0.05134250768416163,0.014331081998762771,0.025630917163221818,0.03,1.0,0.6930471248346181,0.0004104556970269052,0.00041043871225455997,0.0,0,8.96055296476829e-11
RPS,tabular,209,30,19.455463054221067,0.051252040152099616,0.011296056059822208,0.02620859776053428,0.03,1.0,0.6882619690799874,0.0003236750224496659,0.0003236639970985351,0.0,0,8.90502338752111e-11
RPS,tabular,209,31,19.484711422470582,0.0511886583835479,0.008901326173040004,0.026766960900841873,0.03,1.0,0.6836964968975439,0.0002551748423629331,0.00025516786305509196,0.0,0,8.97088536810399e-11
RPS,tabular,209,32,19.504125847466206,0.05114989997379584,0.00701256600471738,0.027298415704884577,0.03,1.0,0.6794046091439645,0.00020112328779361136,0.00020111902251791086,0.0,0,8.91244944598718e-11
RPS,tabular,209,33,19.514636336945312,0.05113319699628655,0.005523411628155538,0.027796320020474264,0.03,1.0,0.675430278120006,0.0001584865511579541,0.00015848407685355214,0.0,0,8.94411611559922e-11
RPS,tabular,209,34,19.51725155491179,0.05113587210066902,0.004349701353571306,0.028255120800119073,0.03,1.0,0.6718073520544549,0.00012486408819863893,0.00012486276967153007,0.0,0,8.948791707652504e-11
RPS,tabular,209,35,19.513043513726505,0.051155156106742844,0.0034248848860896465,0.02867048768093254,0.03,1.0,0.6685593948296294,9.835744124810519e-05,9.835684585418814e-05,0.0,0,8.985843403456865e-11
RPS,tabular,209,36,19.503124526743186,0.051188225437346975,0.002696369679383893,0.029039416193341935,0.03,1.0,0.6656996905858076,7.746595127928399e-05,7.746578859396273e-05,0.0,0,8.965548969734356e-11
RPS,tabular,209,37,19.488618473257592,0.051232255717918805,0.002122616713047385,0.02936028230612441,0.03,1.0,0.663231501671841,6.100393383570921e-05,6.100401274813092e-05,0.0,0,8.961390296816606e-11
RPS,tabular,209,38,19.470629081602805,0.05128448613882881,0.0016708343930530339,0.02963283294469889,0.03,1.0,0.6611486557176862,4.8034960086800264e-05,4.803515830893257e-05,0.0,0,8.983811694644175e-11
RPS,tabular,209,39,19.45020821530018,0.05134228805387328,0.0013151490605840862,0.029858113319335102,0.03,1.0,0.6594364317407694,3.781975072925286e-05,3.781999297813637e-05,0.0,0,8.800403073237545e-11
RPS,tabular,209,40,19.42832701596909,0.051403230984625244,0.0010351547783824088,0.03,0.03,1.0,0.6583600022940167,2.9774889027195113e-05,2.977513217622414e-05,0.0,0,8.858058286780935e-11
RPS,tabular,209,41,19.40585723490277,0.05146512265638962,0.000814764682607875,0.03,0.03,1.0,0.6583514840439783,2.344011386215701e-05,2.344033514532937e-05,0.0,0,8.996791977860727e-11
RPS,tabular,209,42,19.38357694832343,0.051525993529072334,0.0006413018143503601,0.03,0.03,1.0,0.658345251171814,1.8452484254827476e-05,1.8452672475267968e-05,0.0,0,8.996791977860727e-11
RPS,tabular,209,43,19.362113560259832,0.051584267955062206,0.0005047792130257914,0.03,0.03,1.0,0.6583410552014384,1.4525883556564922e-05,1.4526036431728724e-05,0.0,0,8.949190721834659e-11
RPS,tabular,209,44,19.34193810164535,0.05163876467093636,0.0003973316200390538,0.03,0.03,1.0,0.6583386247982548,1.1434802536449852e-05,1.1434922445682507e-05,0.0,0,8.953535246486531e-11
RPS,tabular,209,45,19.323382786924686,0.05168865582765305,0.000312766466539887,0.03,0.03,1.0,0.6583376809231596,9.001560978628663e-06,9.001652440408012e-06,0.0,0,8.934896156377939e-11
RPS,tabular,209,46,19.306659672519764,0.05173342248839124,0.00024620920388000815,0.03,0.03,1.0,0.6583379488914018,7.086203579752986e-06,7.086271685432936e-06,0.0,0,8.961190456502767e-11
RPS,tabular,209,47,19.29187937488439,0.05177280887096755,0.00019382339199176045,0.03,0.03,1.0,0.6583391675955048,5.5785161152388575e-06,5.578565767231685e-06,0.0,0,8.988713107205856e-11
RPS,tabular,209,48,19.27906910482162,0.0518067771725195,0.00015258995083827044,0.03,0.03,1.0,0.6583410961930883,4.391721771364028e-06,4.391757268568503e-06,0.0,0,8.989827549047482e-11
RPS,tabular,209,49,19.268189515791512,0.05183546440406036,0.0001201331790875197,0.03,0.03,1.0,0.6583435185826998,3.4575070198004297e-06,3.457531921899374e-06,0.0,0,8.89430062934813e-11
RPS,tabular,209,50,19.25915005155819,0.05185914229006603,9.458370460598964e-05,0.03,0.03,1.0,0.65834624599691,2.722098925795402e-06,2.722116084883507e-06,0.0,0,8.932294237605948e-11
RPS,tabular,209,51,19.25182262034644,0.051878180958677036,7.44705725809546e-05,0.03,0.03,1.0,0.6583491180353819,2.1431732944900915e-06,2.143184881423889e-06,0.0,0,8.920644889445538e-11
RPS,tabular,209,52,19.246053527257963,0.05189301686379439,5.8636305001557904e-05,0.03,0.03,1.0,0.6583520024442946,1.6874184625583114e-06,1.6874261317620698e-06,0.0,0,8.917544036525054e-11
RPS,tabular,209,53,19.241673672140283,0.05190412514155943,4.617005851480796e-05,0.03,0.03,1.0,0.6583547939251468,1.3286167025575314e-06,1.3286216729982098e-06,0.0,0,8.917544036525054e-11
RPS,tabular,209,54,19.238507073393453,0.05191199640893892,3.63550332769734e-05,0.03,0.03,1.0,0.6583574122279097,1.0461334729676004e-06,1.0461366189988167e-06,0.0,0,8.967485420893572e-11
RPS,tabular,209,55,19.236377814962395,0.051917117858675026,2.8627099852249518e-05,0.03,0.03,1.0,0.6583597997527655,8.237281609048176e-07,8.237300929306916e-07,0.0,0,8.986385635621457e-11
RPS,tabular,209,56,19.23511553829963,0.05191995838909875,2.2542252589127567e-05,0.03,0.03,1.0,0.6583619188528881,6.486180412956768e-07,6.486191848121743e-07,0.0,0,8.977139032137081e-11
RPS,tabular,209,57,19.234559616541446,0.05192095742514106,1.7751007269554736e-05,0.029985295264077536,0.03,1.0,0.6584740142229465,5.107416623986298e-07,5.1074230578422e-07,0.0,0,8.903386694566839e-11
RPS,tabular,209,58,19.23456277746312,0.051920515544630154,1.3978260643366862e-05,0.029960933906833,0.03,1.0,0.6586583054881107,4.021791885996732e-07,4.0217951906527476e-07,0.0,0,8.99622043526449e-11
RPS,tabular,209,59,19.23499131880897,0.05191899392122761,1.100744591095544e-05,0.02994081382233782,0.03,1.0,0.6588105638227475,3.1669620599100205e-07,3.1669635683773484e-07,0.0,0,8.880467028406319e-11
RPS,tabular,209,60,19.235726925035507,0.05191670973541288,8.668067563874728e-06,0.029924692081613264,0.03,1.0,0.6589325851930756,2.493848636323227e-07,2.4938491475869176e-07,0.0,0,8.924477157280033e-11
RPS,tabular,209,61,19.23666807444713,0.05191393304491679,6.825893055219326e-06,0.029912302646414746,0.03,1.0,0.6590263567584409,1.9638141989343974e-07,1.9638141468536798e-07,0.0,0,8.984008870171186e-11
RPS,tabular,209,62,19.23772963731664,0.05191088834180606,5.37523495470662e-06,0.029903279535355157,0.03,1.0,0.6590946306467955,1.5464396713773076e-07,1.5464393316928047e-07,0.0,0,8.977414145404913e-11
RPS,tabular,209,63,19.238842025709058,0.051907757291681796,4.23287695012306e-06,0.029897099296731223,0.03,1.0,0.659141353336852,1.217775208837591e-07,1.217774836435849e-07,0.0,0,8.961150488317444e-11
RPS,tabular,209,64,19.239950019963437,0.05190468229829981,3.33329422362616e-06,0.02989339762014893,0.03,1.0,0.6591692831572987,9.589639827567557e-08,9.589636209506869e-08,0.0,0,8.906858584012411e-11
RPS,tabular,209,65,19.241011390890684,0.051901770559040834,2.624890246625797e-06,0.029891803094650008,0.03,1.0,0.6591812359876372,7.551582973944951e-08,7.551579965844692e-08,0.0,0,8.890140623662419e-11
RPS,tabular,209,66,19.241995403170044,0.0518990983796245,2.0670354500138383e-06,0.02989187080561806,0.03,1.0,0.6591805819620445,5.946670399754428e-08,5.946667952474211e-08,0.0,0,8.981716037581604e-11
RPS,tabular,209,67,19.24288127064768,0.051896715555587364,1.6277355533983702e-06,0.029893210682310916,0.03,1.0,0.6591702788574173,4.6828425492646605e-08,4.682841152996968e-08,0.0,0,8.981716037581604e-11
RPS,tabular,209,68,19.243656627909104,0.051894649649882905,1.2817958107925586e-06,0.029895569949839787,0.03,1.0,0.6591522509701515,3.6876097746095115e-08,3.687608693454891e-08,0.0,0,8.889477154383009e-11
RPS,tabular,209,69,19.2443160627944,0.05189291005301249,1.0093758747594317e-06,0.029898489925353287,0.03,1.0,0.6591299674967723,2.9038882791525245e-08,2.9038872075726385e-08,0.0,0,8.981848598210718e-11
RPS,tabular,209,70,19.24485973355227,0.05189149176933427,7.948517018507983e-07,0.0299018469731901,0.03,1.0,0.6591043766030859,2.2867259922648507e-08,2.2867257059015573e-08,0.0,0,8.784616367662769e-11
RPS,tabular,209,71,19.24529211477041,0.0518903788174657,6.259194110164409e-07,0.02990570815269073,0.03,1.0,0.659074990667309,1.8007265704099505e-08,1.800726571317508e-08,0.0,0,8.948807028730356e-11
RPS,tabular,209,72,19.24562086910298,0.05188954726174354,4.928900213639045e-07,0.029909171679679623,0.03,1.0,0.6590485982970573,1.4180151912516062e-08,1.4180150354483739e-08,0.0,0,8.981817289921337e-11
RPS,tabular,209,73,19.245855842229904,0.05188896788681671,3.881333388283427e-07,0.0299136010729957,0.03,1.0,0.6590149658023883,1.1166409653389468e-08,1.1166402655251643e-08,0.0,0,8.962736552930913e-11
RPS,tabular,209,74,19.246008247035373,0.051888608347463276,3.0564080997298796e-07,0.02991650525585338,0.03,1.0,0.658992814494116,8.793164029467723e-09,8.793163566120995e-09,0.0,0,8.98897822843017e-11
RPS,tabular,209,75,19.246089909567694,0.051888435134177714,2.4068067409876226e-07,0.029919805626360558,0.03,1.0,0.6589677155441601,6.924311754821529e-09,6.9243097746624015e-09,0.0,0,8.919620375635836e-11
RPS,tabular,209,76,19.246112745906228,0.05188841491713813,1.8952690310375713e-07,0.02992355952759897,0.03,1.0,0.6589392424929328,5.4526545504429205e-09,5.452647300247791e-09,0.0,0,8.965552300566103e-11
RPS,tabular,209,77,19.24608828392667,0.05188851575810945,1.4924512637542072e-07,0.02992561816937087,0.03,1.0,0.6589235352649999,4.293765323931679e-09,4.2937614419890464e-09,0.0,0,8.997687928058437e-11
RPS,tabular,209,78,19.24602732200456,0.051888707950030886,1.1752474409109585e-07,0.02992691801469227,0.03,1.0,0.6589135598502198,3.381181205218363e-09,3.381179031089426e-09,0.0,0,8.900632897379547e-11
RPS,tabular,209,79,19.245939709119742,0.0518889645354574,9.254616764989716e-08,0.029930270970323185,0.03,1.0,0.6588881991148836,2.6625539525306082e-09,2.6625518549629586e-09,0.0,0,8.935291839762282e-11
RPS,tabular,209,80,19.245834183413585,0.05188926166470774,7.287647808178823e-08,0.029929203222559514,0.03,1.0,0.6588960663537841,2.0966585627722932e-09,2.096659598854725e-09,0.0,0,8.986627442197908e-11
RPS,tabular,209,81,19.245718293454054,0.05188957871976155,5.738739159481623e-08,0.029931139816999654,0.03,1.0,0.6588814016121228,1.6510407478915732e-09,1.6510401000498192e-09,0.0,0,8.978699783668275e-11
RPS,tabular,209,82,19.24559837696225,0.05188989830475803,4.519035040100152e-08,0.009517536417524468,0.03,1.0,0.8586444137319983,1.2424025865309298e-09,1.2906651094268594e-09,9.744250914574529e-08,0,8.95916607568381e-11
RPS,tabular,209,83,19.24552585546405,0.051890069370945466,3.5655572774148265e-08,0.009343508365534608,0.03,1.0,0.8608694836405928,9.792247048341021e-10,1.0182188254382596e-09,7.898747623823258e-08,0,8.35016855660342e-11
RPS,tabular,209,84,19.245462183537327,0.051890210929609895,2.8133567909682793e-08,0.0091314367310528,0.03,1.0,0.8635966090994218,7.716056803777955e-10,8.032872609407875e-10,6.443317889624047e-08,0,6.543820818549763e-11
RPS,tabular,209,85,19.245406396028464,0.051890324106558465,2.2199322148205046e-08,0.008876417240490835,0.03,1.0,0.8668989921364072,6.078189613915485e-10,6.337302129763625e-10,5.294478965197823e-08,0,5.1302335712932744e-11
RPS,tabular,209,86,19.245357623522132,0.05189040936107213,1.7517681984445044e-08,0.0085683826760599,0.03,1.0,0.8709217319998209,4.785988841917873e-10,4.99966848101291e-10,4.3901082636633097e-08,0,4.024041100336717e-11
RPS,tabular,209,87,19.2453150891329,0.05189046638775479,1.3824171063819031e-08,0.008212236299746533,0.03,1.0,0.8756195709624182,3.766661483251599e-10,3.9444581994391634e-10,3.675238983642972e-08,0,3.158415529114222e-11
RPS,tabular,209,88,19.245278075945347,0.05189049407640117,1.091025239418706e-08,0.007798221195056083,0.03,1.0,0.8811448478333883,2.9625164109754853e-10,3.1120259097146105e-10,3.111524798869724e-08,0,2.4809334586706203e-11
RPS,tabular,209,89,19.245245942835858,0.05189049029508019,8.611257920145322e-09,0.006756399285428724,0.03,1.0,0.8953620662049301,2.3137980998980687e-10,2.4542249508099154e-10,2.969372218146796e-08,0,1.950603012446095e-11
RPS,tabular,209,90,19.24521872172316,0.05189044999055903,6.798212640884581e-09,0.005537636110410877,0.03,1.0,0.9125874001577773,1.795469360847771e-10,1.9355221123460846e-10,3.00956797523078e-08,0,1.5374035378101777e-11
RPS,tabular,209,91,19.245195790440754,0.051890368753521446,5.368408064005968e-09,0.004519261058198313,0.03,1.0,0.9274971368701398,1.3874537945860776e-10,1.5270618892019933e-10,3.03392302095247e-08,0,1.2152585604496833e-11
RPS,tabular,209,92,19.245176218176862,0.05189024142592153,4.240285774215732e-09,0.0036750486233707727,0.03,1.0,0.9402314128115253,1.0661544076233129e-10,1.2052378061671696e-10,3.045394328517443e-08,0,9.629490538287654e-12
RPS,tabular,209,93,19.245159281940357,0.05189006019305223,3.349926607215785e-09,0.0029777094483189517,0.03,1.0,0.9510169617978721,8.130410869356166e-11,9.515392738521307e-11,3.047885424658555e-08,0,7.645397648303742e-12
RPS,tabular,209,94,19.24514443522924,0.051889814137608264,2.6469765882486785e-09,0.002402611876677347,0.03,1.0,0.9600997949898744,6.134160185617163e-11,7.514544377913774e-11,3.048242271193923e-08,0,6.07980998879043e-12
RPS,tabular,209,95,19.245131271071998,0.05188948866210878,2.0918276745102196e-09,0.0019320925164114063,0.03,1.0,0.9676610220260741,4.560166882969811e-11,5.935820508325237e-11,3.044146367866424e-08,0,4.840927658733563e-12
RPS,tabular,209,96,19.245119486901707,0.05188906472053926,1.653347368324493e-09,0.001551441616641821,0.03,1.0,0.973865773032417,3.3179762183506614e-11,4.689748950993478e-11,3.039858831781931e-08,0,3.8582537165154915e-12
RPS,tabular,209,97,19.24510885840031,0.05188851779314143,1.3068924329804871e-09,0.0012418771240423827,0.03,1.0,0.9789707654878601,2.337600966370555e-11,3.7058241296444405e-11,3.0347903513641435e-08,0,3.077298416087615e-12
RPS,tabular,209,98,19.245099220813337,0.05188781655360793,1.0331340701776363e-09,0.0009924593561665108,0.03,1.0,0.9831229829488978,1.564500164855043e-11,2.928792882533607e-11,3.0286878684614756e-08,0,2.4557023081683833e-12
RPS,tabular,209,99,19.24509044976252,0.05188692116485046,8.167497527175276e-10,0.0,0.024529238701127352,1.0,1.0,1.0017124821747489e-11,1.911726700853825e-11,3.02554428582557e-08,0,1.960378526177919e-12
RPS,tabular,209,100,19.24508404900752,0.05188602135093433,6.755308226078339e-10,0.0,0.020637316920588882,1.0,1.0,6.970571837891989e-12,1.3403985341107668e-11,3.0207138094536703e-08,0,1.6362711185990974e-12
CyclicControl,tabular,200,1,13.236829849738491,0.03471721435340194,0.32136160115546764,0.03,0.03,1.0,0.2765377178202851,0.01111316685324693,0.011112635156110828,0.0,0,8.732486955764784e-11
CyclicControl,tabular,200,2,13.22864813673283,0.035439478901414995,0.31926303473305273,0.03,0.03,1.0,0.27655069774750546,0.011065548628825729,0.011065027227729729,0.0,0,8.646278137902641e-11
CyclicControl,tabular,200,3,13.21902959287729,0.03615329042969515,0.31716239062783425,0.03,0.03,1.0,0.27656786622903545,0.011016785560381204,0.011016274190919662,0.0,0,8.55927551057789e-11
CyclicControl,tabular,200,4,13.20809089822073,0.036857971718198476,0.3150593834734372,0.03,0.03,1.0,0.2765891215908555,0.010966907453789115,0.010966405562951698,0.0,0,8.471517931596395e-11
CyclicControl,tabular,200,5,13.195949882174897,0.037552869939760154,0.3129536844082015,0.03,0.03,1.0,0.2766143587326011,0.010915941425043615,0.01091544820718271,0.0,0,8.383055360994263e-11
CyclicControl,tabular,200,6,13.182724933610242,0.038237356878282995,0.31084492783415296,0.03,0.03,1.0,0.276643469332487,0.010863910194785827,0.010863424629270035,0.0,0,8.293932207692478e-11
CyclicControl,tabular,200,7,13.16853444721619,0.038910829106159436,0.30873271958710147,0.03,0.03,1.0,0.27667634205053704,0.010810830685655514,0.010810351575974764,0.0,0,8.98632834811508e-11
CyclicControl,tabular,200,8,13.15349630904024,0.039572708122839695,0.30661664626550067,0.03,0.03,1.0,0.2767128627298437,0.01075671292680965,0.010756238939686247,0.0,0,8.998113365521476e-11
CyclicControl,tabular,200,9,13.137727423304787,0.04022244045643806,0.30449628546014296,0.03,0.03,1.0,0.27675291459562223,0.010701559260870092,0.01070108896597688,0.0,0,8.914463611731094e-11
CyclicControl,tabular,200,10,13.121343281834289,0.0408594977302342,0.3023712166408177,0.03,0.03,1.0,0.2767963784518443,0.010645363849202333,0.010644895757194961,0.0,0,8.812978125050108e-11
CyclicControl,tabular,200,11,13.104457576716936,0.04148337669590294,0.30024103244999933,0.03,0.03,1.0,0.27684313287525103,0.010588112460186807,0.010587645059999318,0.0,0,8.711004140238288e-11
CyclicControl,tabular,200,12,13.087181856187579,0.04209359923524875,0.29810535018190976,0.03,0.03,1.0,0.276893054406582,0.010529782527795127,0.01052931432139359,0.0,0,8.60859161733174e-11
CyclicControl,tabular,200,13,13.069625223151698,0.04268971233217814,0.2959638232272632,0.03,0.03,1.0,0.27694601773886224,0.010470343458936025,0.010469872994242069,0.0,0,8.50580161859682e-11
CyclicControl,tabular,200,14,13.051894075280684,0.04327128801658775,0.29381615228715185,0.03,0.03,1.0,0.2770018959026181,0.010409757169661995,0.01040928307067479,0.0,0,8.402673001839389e-11
CyclicControl,tabular,200,15,13.03409188519408,0.04383792328178561,0.29166209617554895,0.03,0.03,1.0,0.27706056044791033,0.010347978826026302,0.0103474998199109,0.0,0,8.299277931556048e-11
CyclicControl,tabular,200,16,13.016319018905198,0.044389239976995884,0.2895014820452402,0.03,0.03,1.0,0.27712188162308743,0.010284957764373395,0.010284472705418324,0.0,0,8.95825080782231e-11
CyclicControl,tabular,200,17,12.99867259043736,0.044924884676434185,0.28733421489894884,0.03,0.03,1.0,0.2771857285501774,0.010220638564954143,0.010220146455608647,0.0,0,8.99098018258826e-11
CyclicControl,tabular,200,18,12.98124635031555,0.045444528526369786,0.2851602862510738,0.03,0.03,1.0,0.27725196939685587,0.0101549622532223,0.010154462261787511,0.0,0,8.875550294717982e-11
CyclicControl,tabular,200,19,12.96413060549772,0.04594786707151568,0.28297978183694505,0.03,0.03,1.0,0.277320471544936,0.010087867602117953,0.010087359077102676,0.0,0,8.760070446811596e-11
CyclicControl,tabular,200,20,12.947412168222385,0.04643462006202231,0.28079288826680093,0.03,0.03,1.0,0.2773911017553461,0.010019292509276946,0.010018774990652846,0.0,0,8.644590598905211e-11
CyclicControl,tabular,200,21,12.931174331213343,0.046904531242264375,0.278599898551235,0.03,0.03,1.0,0.2774637263295613,0.00994917542442329,0.009948648651368686,0.0,0,8.529194017725672e-11
CyclicControl,tabular,200,22,12.915496866684974,0.04735736812255182,0.27640121642261706,0.03,0.03,1.0,0.27753821126747474,0.00987745680088719,0.009876920717118987,0.0,0,8.413925112193965e-11
CyclicControl,tabular,200,23,12.900456046633572,0.04779292173480727,0.2741973593988756,0.03,0.03,1.0,0.27761442242170126,0.009804080550034065,0.009803535305558997,0.0,0,8.298861597921814e-11
CyclicControl,tabular,200,24,12.886124681969015,0.048211006373192644,0.2719889605445336,0.03,0.03,1.0,0.2776922256483108,0.00972899547339325,0.009728441423918044,0.0,0,8.930395312134465e-11
CyclicControl,tabular,200,25,12.872572178136195,0.04861145932058329,0.2697767688881858,0.03,0.03,1.0,0.27777148695399906,0.009652156653671876,0.009651594356386628,0.0,0,8.966238862484488e-11
CyclicControl,tabular,200,26,12.859864604987111,0.04899414056173336,0.2675616484767218,0.03,0.03,1.0,0.27785207263970535,0.009573526780891302,0.009572956988480819,0.0,0,8.839498577550842e-11
CyclicControl,tabular,200,27,12.848064778792315,0.049358932483892344,0.2653445760479545,0.03,0.03,1.0,0.27793384944070165,0.009493077397723718,0.009492501049223279,0.0,0,8.713274546323646e-11
CyclicControl,tabular,200,28,12.837232354415283,0.04970573956558283,0.2631266373184782,0.03,0.03,1.0,0.2780166846631663,0.009410790044251176,0.009410208253064267,0.0,0,8.587638933299502e-11
CyclicControl,tabular,200,29,12.82742392581587,0.05003448805417592,0.26090902189442877,0.03,0.03,1.0,0.2781004463172718,0.009326657283757983,0.009326071324596175,0.0,0,8.462658351859886e-11
CyclicControl,tabular,200,30,12.81869313319318,0.050345125632846856,0.2586930168298862,0.03,0.03,1.0,0.2781850032468142,0.009240683598892647,0.009240094890882844,0.0,0,8.338407742058962e-11
CyclicControl,tabular,200,31,12.811090775222322,0.05063762107743918,0.2564799988680033,0.03,0.03,1.0,0.2782702252554105,0.009152886138230808,0.009152296227261436,0.0,0,8.953063290739749e-11
CyclicControl,tabular,200,32,12.804664924981667,0.05091196390370561,0.25427142541660785,0.03,0.03,1.0,0.2783559832292942,0.009063295306154646,0.00906270584458202,0.0,0,8.991482558506902e-11
CyclicControl,tabular,200,33,12.799461048304394,0.051168164005356,0.25206882433498334,0.03,0.03,1.0,0.27844214925674216,0.008971955182394199,0.008971367907416372,0.0,0,8.856287925240736e-11
CyclicControl,tabular,200,34,12.795522123420724,0.05140625128328694,0.24987378261790427,0.03,0.03,1.0,0.2785285967441556,0.008878923764340874,0.008878340475043212,0.0,0,8.722192412768948e-11
CyclicControl,tabular,200,35,12.792888760881835,0.051626275266332865,0.24768793408704304,0.03,0.03,1.0,0.2786152005288347,0.008784273026045952,0.008783695559279048,0.0,0,8.589268185588139e-11
CyclicControl,tabular,200,36,12.791599322874548,0.05182830472384105,0.24551294622391362,0.03,0.03,1.0,0.2787018369884616,0.008688088790175439,0.008687518995722399,0.0,0,8.457581857079788e-11
CyclicControl,tabular,200,37,12.791690041145701,0.052012427270333325,0.24335050628835342,0.03,0.03,1.0,0.27878838414732876,0.008590470412349371,0.00858991012784005,0.0,0,8.327194489510248e-11
CyclicControl,tabular,200,38,12.793195132856058,0.05217874896249854,0.2412023068968372,0.03,0.03,1.0,0.2788747217793276,0.00849153028025278,0.008490981306147338,0.0,0,8.927042438600097e-11
CyclicControl,tabular,200,39,12.796146913777347,0.05232739388872119,0.2390700312409899,0.03,0.03,1.0,0.2789607315077253,0.008391393132954852,0.008390857207882463,0.0,0,8.967296349915443e-11
CyclicControl,tabular,200,40,12.800575908329854,0.05245850375134225,0.23695533814653835,0.03,0.03,1.0,0.27904629690174226,0.00829019520829382,0.008289673985600321,0.0,0,8.827150121959448e-11
CyclicControl,tabular,200,41,12.806510956035398,0.05257223744182159,0.23485984718419894,0.03,0.03,1.0,0.27913130356994975,0.008188083230870617,0.008187578256353412,0.0,0,8.688699759673568e-11
CyclicControl,tabular,200,42,12.813979314028158,0.05266877060896234,0.23278512404512064,0.03,0.03,1.0,0.27921563925049686,0.008085213254369826,0.008084725945941118,0.0,0,8.552000774209034e-11
CyclicControl,tabular,200,43,12.823006755327915,0.052748295220342134,0.2307326664011733,0.03,0.03,1.0,0.2792991938981768,0.007981749376125195,0.007981281005689178,0.0,0,8.417100350044393e-11
CyclicControl,tabular,200,44,12.83361766263296,0.052811019117095626,0.22870389046334982,0.03,0.03,1.0,0.27938185976833946,0.007877862343907477,0.007877414021644213,0.0,0,8.284040120543068e-11
CyclicControl,tabular,200,45,12.845835117438353,0.052857165562180744,0.22670011844515003,0.03,0.03,1.0,0.2794635314976491,0.007773728076352181,0.007773300738155409,0.0,0,8.99808560994586e-11
CyclicControl,tabular,200,46,12.859680984324838,0.05288697278226803,0.22472256712195993,0.03,0.03,1.0,0.2795441061816883,0.007669526121780502,0.007669120519573469,0.0,0,8.915118643315623e-11
CyclicControl,tabular,200,47,12.875175990299814,0.05290069350338883,0.22277233765969906,0.03,0.03,1.0,0.27962348344940413,0.007565438079314675,0.007565054774857249,0.0,0,8.773665127748131e-11
CyclicControl,tabular,200,48,12.892339799100622,0.052898594480486255,0.22085040686306567,0.03,0.03,1.0,0.2797015655343863,0.0074616460088741815,0.0074612853704614235,0.0,0,8.634404302654275e-11
CyclicControl,tabular,200,49,12.911191080395843,0.05288095602102051,0.2189576199634058,0.03,0.03,1.0,0.27977825734296796,0.007358330853696473,0.0073579930567390095,0.0,0,8.497363923609669e-11
CyclicControl,tabular,200,50,12.93174757384032,0.05284807150278598,0.2170946850390154,0.03,0.03,1.0,0.27985346651913995,0.007255670902246463,0.007255355932588081,0.0,0,8.362568970632367e-11
CyclicControl,tabular,200,51,12.954026147955593,0.05280024688611822,0.21526216912507445,0.03,0.03,1.0,0.279927103506251,0.007153840310770756,0.007153547971537,0.0,0,8.957548591759235e-11
CyclicControl,tabular,200,52,12.97804285382105,0.05273780022067126,0.2134604960356168,0.03,0.03,1.0,0.2799990816054899,0.007053007710135743,0.007052737630965367,0.0,0,8.999695433331567e-11
CyclicControl,tabular,200,53,13.003812973569227,0.052661061146973775,0.21168994588905976,0.03,0.03,1.0,0.28006931703111826,0.006953334914760016,0.006953086563564859,0.0,0,8.857448108301469e-11
CyclicControl,tabular,200,54,13.031351063686468,0.052570370392979814,0.20995065629364484,0.03,0.03,1.0,0.2801377289624345,0.006854975750468737,0.006854748447602588,0.0,0,8.71772098953727e-11
CyclicControl,tabular,200,55,13.060670993122992,0.052466079265855274,0.2082426251150571,0.03,0.03,1.0,0.2802042395924463,0.0067580750155889395,0.0067578679494845195,0.0,0,8.580505750366285e-11
CyclicControl,tabular,200,56,13.091785976218983,0.05234854913925787,0.20656571472792984,0.03,0.03,1.0,0.2802687741732286,0.006662767584882605,0.006662579828941473,0.0,0,8.445788513000707e-11
CyclicControl,tabular,200,57,13.12470860045276,0.052218150936388666,0.2049196576197787,0.03,0.03,1.0,0.2803312610579323,0.006569177663144081,0.006569008193720083,0.0,0,8.313560950767851e-11
CyclicControl,tabular,200,58,13.159450849015164,0.052075264609116725,0.20330406320247518,0.03,0.03,1.0,0.2803916317394292,0.006477418192888212,0.006477265907528729,0.0,0,8.909684101610083e-11
CyclicControl,tabular,200,59,13.19602411821091,0.051920278613498835,0.20171842566851783,0.03,0.03,1.0,0.28044982088555714,0.006387590416026298,0.006387454151674965,0.0,0,8.951658858613598e-11
CyclicControl,tabular,200,60,13.23443922968377,0.051753589382036135,0.2001621327173242,0.03,0.03,1.0,0.2805057663709454,0.006299783586861763,0.00629966213783717,0.0,0,8.812889307208138e-11
CyclicControl,tabular,200,61,13.274706437456187,0.051575600793037156,0.19863447497524,0.03,0.03,1.0,0.28055940930538953,0.006214074831500735,0.0062139669667546915,0.0,0,8.676778739946656e-11
CyclicControl,tabular,200,62,13.316835429768647,0.05138672363747067,0.19713465592732793,0.03,0.03,1.0,0.28061069405875694,0.006130529145836501,0.006130433625164078,0.0,0,8.543285523465727e-11
CyclicControl,tabular,200,63,13.360835325696588,0.05118737508372185,0.19566180218789087,0.03,0.03,1.0,0.28065956828239585,0.0060491995222417124,0.006049115111310677,0.0,0,8.412373575517051e-11
CyclicControl,tabular,200,64,13.406714666516825,0.05097797814067735,0.194214973936907,0.03,0.03,1.0,0.2807059829270266,0.005970127193712818,0.00597005267775641,0.0,0,8.283998487179645e-11
CyclicControl,tabular,200,65,13.454481401786985,0.050758961119594576,0.19279317536931018,0.03,0.03,1.0,0.28074989225710234,0.0058933419832960104,0.0058932761790082555,0.0,0,8.998105038848792e-11
CyclicControl,tabular,200,66,13.504142870095558,0.05053075709522143,0.19139536500800136,0.027531153980026042,0.03,1.0,0.29845602694175133,0.005819550752837651,0.005819494624632715,0.0,0,8.932835027231079e-11
CyclicControl,tabular,200,67,13.553379736707951,0.05031910455156804,0.19001374383761926,0.023414065928683184,0.03,1.0,0.33346967294312196,0.005753743261483224,0.005753695681400717,0.0,0,8.9274032610831e-11
CyclicControl,tabular,200,68,13.600113486475829,0.050143708328056806,0.1886400730844784,0.020002529782437977,0.03,1.0,0.3693525293230658,0.005695535510414493,0.005695494375410726,0.0,0,8.909747939433998e-11
CyclicControl,tabular,200,69,13.6444365020366,0.05000007535666894,0.18727258278189995,0.017161172961474,0.03,1.0,0.4056940813159794,0.005642537632522129,0.00564250176981862,0.0,0,8.882217183980856e-11
CyclicControl,tabular,200,70,13.68650050421206,0.049884044511977976,0.18591043328402002,0.014783108941753028,0.03,1.0,0.4420874330333468,0.00559316311981502,0.005593131668280904,0.0,0,8.846678944962605e-11
CyclicControl,tabular,200,71,13.726483047067846,0.0497918843552202,0.18455333662348306,0.012783648020961836,0.03,1.0,0.47814269436520207,0.0055463505783176215,0.005546322809567905,0.0,0,8.804623696789804e-11
CyclicControl,tabular,200,72,13.76456793531287,0.04972031052061881,0.18320132090065555,0.011095361048829966,0.03,1.0,0.5134990936837124,0.0055013840745068805,0.00550135935210061,0.0,0,8.757258807001733e-11
CyclicControl,tabular,200,73,13.8009341665189,0.04966646380914994,0.18185458528583998,0.009664260177974993,0.03,1.0,0.5478349709551714,0.005457776746106677,0.00545775452000008,0.0,0,8.705566822975186e-11
CyclicControl,tabular,200,74,13.835750054086304,0.049627871183530896,0.18051341188172199,0.008446862113722869,0.03,1.0,0.5808750741782555,0.005415194921087293,0.005415174725435512,0.0,0,8.650341554172769e-11
CyclicControl,tabular,200,75,13.869170466038907,0.049602401362262294,0.17917811305974696,0.007407932875896609,0.03,1.0,0.6123949003702962,0.005373408251699145,0.005373389699752429,0.0,0,8.592232481063888e-11
CyclicControl,tabular,200,76,13.901335907001654,0.04958822092689524,0.177849000835284,0.006518753108829662,0.03,1.0,0.6422221254324051,0.005332256659842811,0.0053322394355581615,0.0,0,8.53178361293061e-11
CyclicControl,tabular,200,77,13.93237266094971,0.04958375370417802,0.17652636985832082,0.005755779029643705,0.03,1.0,0.6702354258900691,0.005291628229572438,0.00529161207787654,0.0,0,8.469436263425223e-11
CyclicControl,tabular,200,78,13.962393515595668,0.04958764449924297,0.17521048874980516,0.005099603914259233,0.03,1.0,0.6963611711817584,0.00525144429138454,0.0052514290081654424,0.0,0,8.405573459491222e-11
CyclicControl,tabular,200,79,13.991498777248493,0.049598727381474715,0.17390159648705827,0.004534148245061234,0.03,1.0,0.7205685580942824,0.005211649272910734,0.005211634695931,0.0,0,8.340492185787696e-11
CyclicControl,tabular,200,80,14.019777401470927,0.04961599829690595,0.1725999017763713,0.004046024479398192,0.03,1.0,0.742863768590164,0.005172203738259132,0.0051721897391241445,0.0,0,8.274461671398115e-11
CyclicControl,tabular,200,81,14.047308137126798,0.049638591594282966,0.17130558412890573,0.0036240357524331837,0.03,1.0,0.7632836835001674,0.005133079578721877,0.005133066056112745,0.0,0,8.991812849856728e-11
CyclicControl,tabular,200,82,14.074160626062667,0.04966575999351496,0.17001879584473412,0.003258777854027689,0.03,1.0,0.7818895949723169,0.00509425666761918,0.005094243541705623,0.0,0,8.994807676465655e-11
CyclicControl,tabular,200,83,14.100396428130642,0.04969685753147007,0.1687396644146577,0.0029423212535477153,0.03,1.0,0.7987612553969211,0.00505572051942751,0.005055707727343317,0.0,0,8.969675002745703e-11
CyclicControl,tabular,200,84,14.12606995791102,0.04973132505700481,0.16746829505002725,0.002667955608211776,0.03,1.0,0.8139914883202629,0.005017460643028309,0.0050174481352583955,0.0,0,8.894185388186315e-11
CyclicControl,tabular,200,85,14.151229329530949,0.049768677894709276,0.16620477316451332,0.002429983232346184,0.03,1.0,0.8276814965038598,0.004979469377914402,0.00497945711543657,0.0,0,8.818537566845919e-11
CyclicControl,tabular,200,86,14.175917111637462,0.049808495347845705,0.16494916671624393,0.002223551271349948,0.03,1.0,0.8399369157270183,0.004941741068652574,0.004941729020693786,0.0,0,8.742848112142099e-11
CyclicControl,tabular,200,87,14.200170997820317,0.049850411757629845,0.16370152836172047,0.0020445145597011417,0.03,1.0,0.8508646096838853,0.004904271477578399,0.00490425961979668,0.0,0,8.667201678580483e-11
CyclicControl,tabular,200,88,14.224024399243167,0.04989410887922658,0.16246189740181105,0.0018893230168140589,0.03,1.0,0.8605701553940656,0.004867057365992845,0.0048670456790990135,0.0,0,8.591682920666699e-11
CyclicControl,tabular,200,89,14.247506966855498,0.04993930937160602,0.16123030152161433,0.0017549287234421057,0.03,1.0,0.8691559477089964,0.004830096195223604,0.004830084663911327,0.0,0,8.516357064003444e-11
CyclicControl,tabular,200,90,14.270645050499885,0.04998577123065536,0.16000675832981148,0.0016387089119998368,0.03,1.0,0.8767198363906807,0.004793385913292808,0.004793374525367766,0.0,0,8.441285170857071e-11
CyclicControl,tabular,200,91,14.293462101923332,0.050033283021735195,0.1587912767152977,0.0015384018634942076,0.03,1.0,0.8833542090053091,0.004756924802667613,0.0047569135484109015,0.0,0,8.366510262369786e-11
CyclicControl,tabular,200,92,14.315979028170883,0.05008165979083852,0.15758385803444908,0.0014520533387306178,0.03,1.0,0.8891454355471222,0.00472071137206574,0.0047207002436815415,0.0,0,8.292079523020135e-11
CyclicControl,tabular,200,93,14.338214501264224,0.0501307395525938,0.15638449714870384,0.0013779716440182163,0.03,1.0,0.8941735987431194,0.004684744279696868,0.004684733270917896,0.0,0,8.993951416957913e-11
CyclicControl,tabular,200,94,14.360185229467696,0.050180380269401796,0.1551931833272846,0.0013146898091151832,0.03,1.0,0.8985124433565631,0.004649022279225929,0.004649011385011281,0.0,0,8.995336420181133e-11
CyclicControl,tabular,200,95,14.381906194865806,0.050230457249393144,0.15400990103286438,0.0012609336554333292,0.03,1.0,0.9022294875390944,0.004613544182089676,0.004613533398362013,0.0,0,8.967993014863396e-11
CyclicControl,tabular,200,96,14.403390861445724,0.05028086090202951,0.15283463060226654,0.001215594733305593,0.03,1.0,0.9053862513591704,0.00457830883154504,0.004578298154948923,0.0,0,8.887171554228246e-11
CyclicControl,tabular,200,97,14.424651357344903,0.05033149479983734,0.1516673488370146,0.0011777073537018112,0.03,1.0,0.9080385624018115,0.004543315084908749,0.004543304512737545,0.0,0,8.806885776202478e-11
CyclicControl,tabular,200,98,14.445698634531139,0.050382274002222,0.1505080295149841,0.0011464226800491017,0.03,1.0,0.9102373627992404,0.004508561800875381,0.004508551332116917,0.0,0,8.727095435201448e-11
CyclicControl,tabular,200,99,14.46654259925962,0.050433123673009284,0.1493566438162286,0.0011210047983608296,0.03,1.0,0.912028185848629,0.004474047834124934,0.004474037468147896,0.0,0,8.647808857897843e-11
CyclicControl,tabular,200,100,14.48719224422309,0.050483977751930816,0.14821316072330948,0.0011008175410800872,0.03,1.0,0.9134514548195033,0.004439772031487585,0.004439761766599215,0.0,0,8.569107923239727e-11
CyclicControl,tabular,201,1,14.168618925972275,0.04740048240886746,0.33904785809043547,0.02038023316240445,0.03,1.0,0.3633391773059689,0.010224954220521373,0.010224787646278655,0.0,0,8.293507547385559e-11
CyclicControl,tabular,201,2,14.219126861315788,0.04728347807768091,0.33657282134331723,0.020996506622325276,0.03,1.0,0.3564206818999155,0.010154376422291583,0.010154202224718967,0.0,0,8.988576549739946e-11
CyclicControl,tabular,201,3,14.270712185274768,0.04716110788165386,0.33411272830867755,0.02163724109190402,0.03,1.0,0.3495013354206942,0.010084480135989369,0.010084297843860668,0.0,0,8.947118046442881e-11
CyclicControl,tabular,201,4,14.323430675597299,0.04703317215786146,0.3316672122986475,0.022302700278898593,0.03,1.0,0.3425935209165522,0.01001526546978164,0.010015074599601492,0.0,0,8.812414686865111e-11
CyclicControl,tabular,201,5,14.377339487597508,0.04689947337887463,0.3292358932993622,0.02299309605002404,0.03,1.0,0.335709352675635,0.009946732176574264,0.009946532235707517,0.0,0,8.677175644677959e-11
CyclicControl,tabular,201,6,14.432496986673005,0.046759817660538563,0.3268183787961343,0.023708581358928865,0.03,1.0,0.32886062999514115,0.00987887958148111,0.009878670071687745,0.0,0,8.541387042093618e-11
CyclicControl,tabular,201,7,14.488962540779596,0.046614016476149114,0.32441426493149406,0.024449243889327826,0.03,1.0,0.3220587842799749,0.009811706512001256,0.009811486934361957,0.0,0,8.535783191376822e-11
CyclicControl,tabular,201,8,14.54679626935611,0.04646188858256503,0.32202313803696425,0.025215101039864723,0.03,1.0,0.31531481752003887,0.00974521123710299,0.009744981097250749,0.0,0,8.546963137234798e-11
CyclicControl,tabular,201,9,14.606058745888411,0.0463032621574805,0.3196445765765277,0.026006096389381683,0.03,1.0,0.3086392355910389,0.009679391418382522,0.00967915023261856,0.0,0,8.5594697996072e-11
CyclicControl,tabular,201,10,14.66681065139647,0.04613797714429804,0.3172781535412894,0.026822098058036425,0.03,1.0,0.3020419773896256,0.009614244079565156,0.009613991381629106,0.0,0,8.573278198475975e-11
CyclicControl,tabular,201,11,14.729112376697374,0.04596588779554075,0.3149234393174938,0.027662899291604266,0.03,1.0,0.29553234186422533,0.009549765600161181,0.009549500948660583,0.0,0,8.588360578265508e-11
CyclicControl,tabular,201,12,14.793023571844438,0.04578686540052942,0.3125800050528982,0.02852822165610503,0.03,1.0,0.28911891454634736,0.009485951740272735,0.009485674726157356,0.0,0,8.604680856727498e-11
CyclicControl,tabular,201,13,14.858602641890695,0.04560080117694309,0.31024742652354664,0.029417720843332412,0.03,1.0,0.28280949784996007,0.00942279770202779,0.009422507956212467,0.0,0,8.622166869365344e-11
CyclicControl,tabular,201,14,14.925906188399326,0.045407609302758764,0.30792528850505096,0.03,0.03,1.0,0.2788120394521815,0.009360281930872094,0.009359985240429358,0.0,0,8.640776982815623e-11
CyclicControl,tabular,201,15,14.99447432690481,0.04521002971727327,0.30561212960041884,0.03,0.03,1.0,0.2787734607926166,0.009298075674740707,0.00929778305853346,0.0,0,8.659511996356173e-11
CyclicControl,tabular,201,16,15.063396672182558,0.0450131492220155,0.30330610463046304,0.03,0.03,1.0,0.2787346944699412,0.009235876194136957,0.009235587955409796,0.0,0,8.676670493201755e-11
CyclicControl,tabular,201,17,15.13265159275488,0.044817123279672966,0.301007631784167,0.03,0.03,1.0,0.2786957314749891,0.009173682531053974,0.00917339892925706,0.0,0,8.692216391104068e-11
CyclicControl,tabular,201,18,15.202216775444306,0.04462210528895776,0.2987171415408274,0.03,0.03,1.0,0.2786565639250934,0.009111497430227388,0.009111218682428035,0.0,0,8.706113607814814e-11
CyclicControl,tabular,201,19,15.272069229501804,0.04442824639640285,0.296435073030743,0.03,0.03,1.0,0.27861718504552124,0.009049326959084475,0.009049053242390803,0.0,0,8.71832606108569e-11
CyclicControl,tabular,201,20,15.342185292321899,0.044235695316735685,0.29416187070283595,0.03,0.03,1.0,0.2785775891493351,0.008987180141773103,0.008986911595737057,0.0,0,8.728812117553275e-11
CyclicControl,tabular,201,21,15.412540636844291,0.04404459816199491,0.2918979812962963,0.03,0.03,1.0,0.27853777161577575,0.008925068609092436,0.00892480533916773,0.0,0,8.737549572757075e-11
CyclicControl,tabular,201,22,15.483110280737954,0.04385509827952144,0.289643851104604,0.03,0.03,1.0,0.27849772886724733,0.008863006270239325,0.00886274835084988,0.0,0,8.744507895563913e-11
CyclicControl,tabular,201,23,15.553868597458997,0.04366733609892808,0.28739992351579646,0.03,0.03,1.0,0.278457458345008,0.008801009005999005,0.008800756484288463,0.0,0,8.749667657070859e-11
CyclicControl,tabular,201,24,15.62478932926853,0.04348144898811369,0.28516663680789867,0.03,0.03,1.0,0.2784169584836578,0.008739094387008655,0.008738847286338114,0.0,0,8.753003877259857e-11
CyclicControl,tabular,201,25,15.695845602290728,0.04329757111836451,0.28294442217737803,0.03,0.03,1.0,0.2783762286845128,0.008677281416220956,0.008677039739870107,0.0,0,8.75449990278554e-11
CyclicControl,tabular,201,26,15.767009943683869,0.04311583333855067,0.280733701969782,0.03,0.03,1.0,0.2783352692879754,0.008615590296475493,0.008615354031030531,0.0,0,8.754139080302537e-11
CyclicControl,tabular,201,27,15.838254300989938,0.04293636305839801,0.2785348880900096,0.03,0.03,1.0,0.2782940815449838,0.008554042221892917,0.008553811340286765,0.0,0,8.75190753202304e-11
CyclicControl,tabular,201,28,15.90955006371929,0.042759284140789396,0.2763483805581446,0.03,0.03,1.0,0.27825266758764416,0.008492659191117413,0.008492433655733045,0.0,0,8.747796931274365e-11
CyclicControl,tabular,201,29,15.980868087217086,0.04258471680301946,0.27417456619137637,0.03,0.03,1.0,0.2782110303991394,0.008431463841995413,0.008431243606932481,0.0,0,8.741796175826266e-11
CyclicControl,tabular,201,30,16.052178718848815,0.04241277752690299,0.2720138173794795,0.03,0.03,1.0,0.27816917378300987,0.00837047930331845,0.008370264316801102,0.0,0,8.733905265678743e-11
CyclicControl,tabular,201,31,16.123451826529696,0.04224357897761415,0.2698664909363657,0.03,0.03,1.0,0.27812710233189675,0.008309729063242382,0.008309519269137144,0.0,0,8.724113098601549e-11
CyclicControl,tabular,201,32,16.194656829612015,0.04207722993110501,0.26773292700685847,0.03,0.03,1.0,0.27808482139584567,0.008249236849804241,0.008249032188990979,0.0,0,8.712408572364438e-11
CyclicControl,tabular,201,33,16.265762732130938,0.04191383520993941,0.26561344801250275,0.03,0.03,1.0,0.2780423370502505,0.008189026521872813,0.008188826933097193,0.0,0,8.698813891427903e-11
CyclicControl,tabular,201,34,16.33673815839667,0.04175349562734619,0.26350835762475877,0.03,0.03,1.0,0.2779996560635365,0.008129121967480484,0.008128927387745621,0.0,0,8.683320729119259e-11
CyclicControl,tabular,201,35,16.407551390906388,0.041596307939287855,0.26141793975977823,0.03,0.03,1.0,0.27795678586465694,0.008069547006436082,0.008069357371338515,0.0,0,8.66593463655363e-11
CyclicControl,tabular,201,36,16.478170410535366,0.04144236480431682,0.25934245758941765,0.03,0.03,1.0,0.2779137345104935,0.008010325296300672,0.008010140539502664,0.0,0,8.646663940403698e-11
CyclicControl,tabular,201,37,16.548562938951473,0.04129175475097815,0.2572821525700153,0.03,0.03,1.0,0.27787051065323337,0.007951480237659816,0.007951300290482521,0.0,0,8.62551696734215e-11
CyclicControl,tabular,201,38,16.61869648318254,0.0411445621525036,0.2552372434931949,0.03,0.03,1.0,0.27782712350780125,0.007893034878512896,0.007892859669198504,0.0,0,8.602504819599233e-11
CyclicControl,tabular,201,39,16.68853838225027,0.041000867208528254,0.25320792556654537,0.03,0.03,1.0,0.2777835828194184,0.00783501181588283,0.00783484126861378,0.0,0,8.577638599405191e-11
CyclicControl,tabular,201,40,16.758055855769246,0.040860745933551906,0.2511943695343577,0.03,0.03,1.0,0.2777398988313569,0.007777433093510151,0.00777726712740523,0.0,0,8.550934960105394e-11
CyclicControl,tabular,201,41,16.827216054393816,0.040724270151857145,0.24919672085275124,0.03,0.03,1.0,0.27769608225295406,0.007720320095583943,0.007720158623469864,0.0,0,8.522405003930089e-11
CyclicControl,tabular,201,42,16.89598611198068,0.04059150749858906,0.24721509893221305,0.03,0.03,1.0,0.2776521442279438,0.007663693435665914,0.0076635363630587205,0.0,0,8.49207371089733e-11
CyclicControl,tabular,201,43,16.964333199320013,0.04046252142669479,0.24524959646349265,0.03,0.03,1.0,0.2776080963031685,0.007607572841814666,0.00760742006585946,0.0,0,8.459954958794924e-11
CyclicControl,tabular,201,44,17.032224579272963,0.04033737121941841,0.24330027884619243,0.03,0.03,1.0,0.2775639503977175,0.007551977038292235,0.007551828446600184,0.0,0,8.426070952083364e-11
CyclicControl,tabular,201,45,17.09962766314039,0.040216112008042586,0.24136718373205523,0.03,0.03,1.0,0.2775197187725453,0.007496923624196363,0.007496779094131045,0.0,0,8.390446670780705e-11
CyclicControl,tabular,201,46,17.16651006807361,0.04009879479456735,0.23945032070192274,0.03,0.03,1.0,0.27747541400060566,0.007442428951146839,0.0074422883491807035,0.0,0,8.353098768232314e-11
CyclicControl,tabular,201,47,17.232839675325884,0.039985466479018336,0.23754967109039238,0.03,0.03,1.0,0.27743104893755305,0.0073885080011277535,0.007388371182281972,0.0,0,8.314057775571371e-11
CyclicControl,tabular,201,48,17.298584689132905,0.039876169891075106,0.2356651879692584,0.03,0.03,1.0,0.27738663669303526,0.007335174265825692,0.007335041073468829,0.0,0,8.273356999488612e-11
CyclicControl,tabular,201,49,17.36371369599916,0.03977094382571802,0.23379679630439187,0.03,0.03,1.0,0.2773421906026176,0.007282439629731977,0.007282309895497607,0.0,0,8.231013093329409e-11
CyclicControl,tabular,201,50,17.428195724159224,0.0396698230825912,0.23194439328836913,0.03,0.03,1.0,0.2772977242003573,0.007230314258269485,0.0072301878024009225,0.0,0,8.187053812669376e-11
CyclicControl,tabular,201,51,17.492000302975544,0.03957283850879004,0.2301078488631536,0.03,0.03,1.0,0.2772532511920604,0.007178806493593641,0.007178683125292906,0.0,0,8.996700606722641e-11
CyclicControl,tabular,201,52,17.555097522028177,0.03948001704478518,0.2282870064276188,0.03,0.03,1.0,0.2772087854292325,0.007127922758799121,0.007127802277084316,0.0,0,8.993827904646423e-11
CyclicControl,tabular,201,53,17.617458089648192,0.03939138177320243,0.226481683735702,0.03,0.03,1.0,0.2771643408837404,0.00707766747339954,0.00707754966797336,0.0,0,8.939829432286217e-11
CyclicControl,tabular,201,54,17.679053390643674,0.03930695197019067,0.22469167397947132,0.03,0.03,1.0,0.27711993162320453,0.007028042980899894,0.007027927633226239,0.0,0,8.884190605407127e-11
CyclicControl,tabular,201,55,17.73985554296668,0.0392267431591164,0.22291674705328113,0.03,0.03,1.0,0.2770755717871107,0.006979049489814021,0.006978936374646527,0.0,0,8.826941955142331e-11
CyclicControl,tabular,201,56,17.799837453071405,0.03915076716633388,0.22115665099035065,0.03,0.03,1.0,0.27703127556367063,0.006930685030430416,0.006930573917104832,0.0,0,8.768133441527937e-11
CyclicControl,tabular,201,57,17.85897286971503,0.03907903217879764,0.21941111355902043,0.03,0.03,1.0,0.2769870571674106,0.006882945426669778,0.006882836080971622,0.0,0,8.707795595697121e-11
CyclicControl,tabular,201,58,17.91723643596086,0.03901154280328475,0.2176798440091443,0.03,0.03,1.0,0.27694293081749893,0.006835824285751794,0.006835716471419451,0.0,0,8.645972826570869e-11
CyclicControl,tabular,201,59,17.974603739146634,0.03894830012701897,0.21596253494969853,0.03,0.03,1.0,0.27689891071680345,0.006789313004305843,0.006789206484985266,0.0,0,8.582706767512605e-11
CyclicControl,tabular,201,60,18.031051358591775,0.038889301779497835,0.21425886434335295,0.03,0.03,1.0,0.2768550110316704,0.006743400792781752,0.006743295333803689,0.0,0,8.518052929673559e-11
CyclicControl,tabular,201,61,18.0865569108282,0.038834541995331234,0.21256849759817564,0.03,0.03,1.0,0.27681124587242006,0.006698074717080117,0.006697970087471972,0.0,0,8.452039068629347e-11
CyclicControl,tabular,201,62,18.141099092149457,0.03878401167792464,0.21089108973860182,0.03,0.03,1.0,0.2767676292745359,0.006653319757280174,0.006653215732396078,0.0,0,8.3847206955312e-11
CyclicControl,tabular,201,63,18.194657718288273,0.038737698463849245,0.20922628763212492,0.03,0.03,1.0,0.27672417518054754,0.006609118876402087,0.006609015248153827,0.0,0,8.316142219300104e-11
CyclicControl,tabular,201,64,18.24721376104834,0.03869558678775216,0.20757373225622766,0.03,0.03,1.0,0.27668089742257923,0.006565453141882144,0.006565349700236145,0.0,0,8.247230676161621e-11
CyclicControl,tabular,201,65,18.29874938173127,0.03865765794768144,0.20593306098007913,0.03,0.03,1.0,0.27663780970555096,0.006522301803145503,0.006522198348311803,0.0,0,8.98007779248644e-11
CyclicControl,tabular,201,66,18.349247961218794,0.03862389017071042,0.20430390984215174,0.03,0.03,1.0,0.2765949255910126,0.00647964242497881,0.006479538768965121,0.0,0,8.98178198482924e-11
CyclicControl,tabular,201,67,18.398694126589316,0.038594258678760936,0.2026859158062111,0.03,0.03,1.0,0.2765522584815923,0.006437451023701524,0.006437346991724269,0.0,0,8.926973049661058e-11
CyclicControl,tabular,201,68,18.447073774166483,0.038568735754541054,0.2010787189715424,0.03,0.03,1.0,0.2765098216060329,0.006395702215268112,0.00639559764704245,0.0,0,8.845724153161427e-11
CyclicControl,tabular,201,69,18.49437408892024,0.03854729080752251,0.19948196472305835,0.03,0.03,1.0,0.2764676280047996,0.006354369374075769,0.006354264124806663,0.0,0,8.763376135867418e-11
CyclicControl,tabular,201,70,18.54058356015982,0.03852989043990273,0.19789530580301973,0.03,0.03,1.0,0.2764256905162354,0.0063134248004795,0.0063133187418272785,0.0,0,8.679984508930261e-11
CyclicControl,tabular,201,71,18.585691993480214,0.03851649851250384,0.19631840428674385,0.03,0.03,1.0,0.2763840217632357,0.00627283989580521,0.006272732916715151,0.0,0,8.595602007943626e-11
CyclicControl,tabular,201,72,18.62969051894609,0.03850707621057568,0.19475093345071026,0.03,0.03,1.0,0.27634263414042776,0.006232585343227681,0.006232477350527121,0.0,0,8.510286919616306e-11
CyclicControl,tabular,201,73,18.672571595517162,0.03850158210948388,0.19319257951807556,0.03,0.03,1.0,0.276301539801827,0.0061926312928414495,0.00619252221155786,0.0,0,8.424103081772216e-11
CyclicControl,tabular,201,74,18.71432901174087,0.038499972240270706,0.19164304327044523,0.03,0.03,1.0,0.2762607506489466,0.006152947548827087,0.006152837322563998,0.0,0,8.337094903332343e-11
CyclicControl,tabular,201,75,18.754957882758507,0.03850220015509472,0.1901020415184418,0.03,0.03,1.0,0.27622027831934115,0.006113503757829014,0.006113392348853108,0.0,0,8.24932344656304e-11
CyclicControl,tabular,201,76,18.794454643691687,0.03850821699255515,0.18856930841947284,0.03,0.03,1.0,0.27618013417556236,0.006074269596572007,0.006074156985657608,0.0,0,8.935041595492521e-11
CyclicControl,tabular,201,77,18.832817039493605,0.038517971542927174,0.1870445966398182,0.03,0.03,1.0,0.27614032929450566,0.006035214957000018,0.00603510114322936,0.0,0,8.968570330836201e-11
CyclicControl,tabular,201,78,18.870044111369502,0.038531410313334874,0.18552767835388062,0.03,0.03,1.0,0.2761008744571244,0.005996310127747512,0.005996195128202819,0.0,0,8.868880629897546e-11
CyclicControl,tabular,201,79,18.906136179886413,0.038548477592899866,0.18401834608061662,0.03,0.03,1.0,0.2760617801385012,0.005957525970704397,0.005957409819879467,0.0,0,8.768594184083156e-11
CyclicControl,tabular,201,80,18.941094824907953,0.038569115517910535,0.18251641335039204,0.03,0.03,1.0,0.2760230564982493,0.0059188340909376025,0.005918716840105809,0.0,0,8.667774831216946e-11
CyclicControl,tabular,201,81,18.974922862505725,0.038593264137062544,0.18102171520910648,0.03,0.03,1.0,0.2759847133712362,0.005880206999150123,0.005880088715568332,0.0,0,8.566478082450146e-11
CyclicControl,tabular,201,82,19.007624319009444,0.038620861476824864,0.17953410855540697,0.03,0.03,1.0,0.27594676025860604,0.005841618265352594,0.00584149903142106,0.0,0,8.46477887783692e-11
CyclicControl,tabular,201,83,19.039204402371173,0.03865184360699429,0.17805347231575896,0.03,0.03,1.0,0.2759092063190974,0.005803042662919561,0.005802922575248504,0.0,0,8.362727177413376e-11
CyclicControl,tabular,201,84,19.069669471027375,0.038686144706499344,0.176579707462593,0.03,0.03,1.0,0.2758720603606355,0.005764456302314591,0.00576433547054922,0.0,0,8.26038959456099e-11
CyclicControl,tabular,201,85,19.09902700045155,0.03872369712952212,0.17511273687734197,0.03,0.03,1.0,0.27583533083219447,0.0057258367530889365,0.005725715298914524,0.0,0,8.987664779080973e-11
CyclicControl,tabular,201,86,19.127285547595463,0.03876443147200429,0.17365250506829466,0.03,0.03,1.0,0.2757990258159196,0.005687163154523611,0.005687041210348465,0.0,0,8.950110097494246e-11
CyclicControl,tabular,201,87,19.154454713422815,0.03880827663860832,0.17219897774696236,0.03,0.03,1.0,0.2757631530195005,0.005648416313375121,0.00564829402116096,0.0,0,8.835851494914948e-11
CyclicControl,tabular,201,88,19.180545103741473,0.03885515991019998,0.17075214127192928,0.03,0.03,1.0,0.27572771976879373,0.005609578789074476,0.005609456299057292,0.0,0,8.721542932299542e-11
CyclicControl,tabular,201,89,19.205568288541834,0.03890500701192386,0.16931200197009,0.03,0.03,1.0,0.2756927330006913,0.005570634965761323,0.0055705124351347335,0.0,0,8.607244084135601e-11
CyclicControl,tabular,201,90,19.229536760049854,0.03895774218193485,0.16787858534202393,0.03,0.03,1.0,0.2756581992562281,0.005531571111012296,0.0055314487026071335,0.0,0,8.493025727140946e-11
CyclicControl,tabular,201,91,19.252463889700103,0.0390132882408522,0.16645193516253154,0.03,0.03,1.0,0.27562412467393715,0.005492375421229045,0.005492253302204819,0.0,0,8.378943372466807e-11
CyclicControl,tabular,201,92,19.274363884232635,0.03907156666199588,0.16503211248593552,0.03,0.03,1.0,0.2755905149834445,0.005453038053749054,0.005452916394267038,0.0,0,8.265063633494663e-11
CyclicControl,tabular,201,93,19.29525174111268,0.03913249764246175,0.16361919456672758,0.03,0.03,1.0,0.2755573754993182,0.005413551145742851,0.005413430117678808,0.0,0,8.998399247950317e-11
CyclicControl,tabular,201,94,19.315143203466235,0.03919600017508996,0.16221327370594674,0.03,0.03,1.0,0.2755247111151648,0.005373908820239276,0.005373788595897988,0.0,0,8.931280714996603e-11
CyclicControl,tabular,201,95,19.334054714719244,0.03926199212137103,0.1608144560338587,0.03,0.03,1.0,0.27549252629798876,0.005334107179446823,0.005333987930354334,0.0,0,8.805818574320057e-11
CyclicControl,tabular,201,96,19.352003373119253,0.03933039028533286,0.1594228602401937,0.03,0.03,1.0,0.2754608250828195,0.005294144285945601,0.0052940261816721845,0.0,0,8.680842156216784e-11
CyclicControl,tabular,201,97,19.369006886310913,0.03940111048844292,0.1580386162618741,0.03,0.03,1.0,0.27542961106761304,0.005254020132144099,0.005253903339157873,0.0,0,8.556412522953138e-11
CyclicControl,tabular,201,98,19.385083526126937,0.03947406764555338,0.1566618639395001,0.03,0.03,1.0,0.2753988874084458,0.005213736598680296,0.005213621279166025,0.0,0,8.432590736795476e-11
CyclicControl,tabular,201,99,19.40025208374691,0.03954917584191043,0.15529275165286904,0.03,0.03,1.0,0.2753686568150015,0.005173297401872112,0.005173183712870011,0.0,0,8.309436472231368e-11
CyclicControl,tabular,201,100,19.414531825365298,0.039626348411240284,0.15393143494520922,0.03,0.03,1.0,0.2753389215463768,0.0051327080317618845,0.005132596124209243,0.0,0,8.916371807554668e-11
CyclicControl,tabular,202,1,13.27800683424695,0.046970256843241416,0.3232477736540007,0.03,0.03,1.0,0.27617802772326594,0.011704267984089035,0.011703561985033195,0.0,0,8.367390114116802e-11
CyclicControl,tabular,202,2,13.274510898593059,0.04719397036486281,0.3205535008350524,0.03,0.03,1.0,0.2761521658250451,0.011621560346277779,0.011620842060255487,0.0,0,8.278239205239402e-11
CyclicControl,tabular,202,3,13.271244348910823,0.04741573242737984,0.31788288940837184,0.03,0.03,1.0,0.2761311833728901,0.01153692802685788,0.011536199165419259,0.0,0,8.967027120831972e-11
CyclicControl,tabular,202,4,13.268317713167438,0.04763497052227576,0.31523646105178216,0.03,0.03,1.0,0.27611500289828234,0.011450335365858504,0.011449597760930796,0.0,0,8.997519396203302e-11
CyclicControl,tabular,202,5,13.265836243266644,0.04785112771538311,0.31261478714335045,0.03,0.03,1.0,0.2761035428627787,0.01136176075462265,0.011361016342505081,0.0,0,8.896128278479409e-11
CyclicControl,tabular,202,6,13.263900013686177,0.048063663228156854,0.3100184804037176,0.03,0.03,1.0,0.27609671782404954,0.011271197099702989,0.011270447903455327,0.0,0,8.794037720250003e-11
CyclicControl,tabular,202,7,13.262604045573445,0.048272052980769836,0.30744818588103184,0.03,0.03,1.0,0.2760944386041267,0.01117865214302804,0.011177900253215967,0.0,0,8.691303232666314e-11
CyclicControl,tabular,202,8,13.26203845195462,0.04847579009701678,0.3049045713691134,0.03,0.03,1.0,0.27609661245955364,0.01108414862977335,0.011083396184009109,0.0,0,8.587952571303958e-11
CyclicControl,tabular,202,9,13.262288600073292,0.04867438537109924,0.3023883173906561,0.03,0.03,1.0,0.276103143253162,0.010987724319153621,0.010986973479424789,0.0,0,8.48404679842929e-11
CyclicControl,tabular,202,10,13.263435287240254,0.04886736769644063,0.2999001068692886,0.03,0.03,1.0,0.276113931627192,0.010889431829543448,0.010888684760519629,0.0,0,8.379613669617925e-11
CyclicControl,tabular,202,11,13.265554926935557,0.049054284456759495,0.2974406146353248,0.03,0.03,1.0,0.27612887517747925,0.010789338322807583,0.010788597168035485,0.0,0,8.274692042675724e-11
CyclicControl,tabular,202,12,13.268719742253833,0.049234701879701734,0.2950104969209555,0.03,0.03,1.0,0.27614786862844476,0.010687525021982478,0.010686791881375779,0.0,0,8.924316841074642e-11
CyclicControl,tabular,202,13,13.27299796411854,0.049408205353398606,0.2926103809981817,0.03,0.03,1.0,0.27617080400862365,0.01058408657199105,0.010583363478244623,0.0,0,8.959549768761121e-11
CyclicControl,tabular,202,14,13.27845403200625,0.04957439970638706,0.29024085511732967,0.03,0.03,1.0,0.27619757082647856,0.010479130244205295,0.010478419141297435,0.0,0,8.841666288006422e-11
CyclicControl,tabular,202,15,13.285148795217907,0.04973290945138604,0.28790245891215926,0.03,0.03,1.0,0.27622805624625074,0.010372774999153392,0.010372077721332307,0.0,0,8.72343863811409e-11
CyclicControl,tabular,202,16,13.293139713005854,0.049883378993481324,0.285595674416117,0.03,0.03,1.0,0.27626214526361337,0.0102651504167523,0.010264468669195281,0.0,0,8.604927881350477e-11
CyclicControl,tabular,202,17,13.30248105211659,0.0500254728033227,0.2833209178474072,0.03,0.03,1.0,0.2762997208808847,0.010156395509377476,0.01015573085102961,0.0,0,8.486150671060955e-11
CyclicControl,tabular,202,18,13.313224080535173,0.05015887555598743,0.2810785322783782,0.03,0.03,1.0,0.2763406642815868,0.010046657435581132,0.010046011264118748,0.0,0,8.367190273972369e-11
CyclicControl,tabular,202,19,13.325417256421845,0.050283292236208144,0.27886878132779014,0.03,0.03,1.0,0.2763848550041257,0.009936090132861205,0.009935463672329226,0.0,0,8.992354083581233e-11
CyclicControl,tabular,202,20,13.339106411414658,0.05039844821070194,0.27669184395804347,0.03,0.03,1.0,0.2764321711143889,0.009824852890463313,0.00982424718182906,0.0,0,8.994491262903637e-11
CyclicControl,tabular,202,21,13.354334927632259,0.05050408926837812,0.274547810462733,0.03,0.03,1.0,0.27648248937705433,0.009713108884369808,0.00971252477890805,0.0,0,8.899550540952816e-11
CyclicControl,tabular,202,22,13.371143907854712,0.050599981629227644,0.2724366796978406,0.03,0.03,1.0,0.2765356854254173,0.009601023696594532,0.009600461852278475,0.0,0,8.76702044294575e-11
CyclicControl,tabular,202,23,13.38957233848264,0.050685911922735825,0.27035835758417726,0.03,0.03,1.0,0.2765916339295538,0.009488763840780332,0.009488224722255412,0.0,0,8.634534753859668e-11
CyclicControl,tabular,202,24,13.409657244983034,0.050761687136673825,0.2683126568833405,0.03,0.03,1.0,0.27665020876263835,0.009376495318076685,0.00937597919899491,0.0,0,8.502140658173118e-11
CyclicControl,tabular,202,25,13.431433839620986,0.05082713453715462,0.26629929823216436,0.03,0.03,1.0,0.27671128316524707,0.009264382222102196,0.00926388919061294,0.0,0,8.369896442594893e-11
CyclicControl,tabular,202,26,13.454935661353694,0.05088210156085368,0.2643179123800299,0.03,0.03,1.0,0.2767747299074795,0.009152585413875418,0.009152115380874237,0.0,0,8.96256679983054e-11
CyclicControl,tabular,202,27,13.480194707828828,0.05092645568030662,0.2623680435682729,0.03,0.03,1.0,0.2768404214487539,0.009041261284639451,0.009040813994093844,0.0,0,8.985776012160329e-11
CyclicControl,tabular,202,28,13.50724155948095,0.05096008424321471,0.2604491539571874,0.03,0.03,1.0,0.27690823009511656,0.008930560620761299,0.008930135662580163,0.0,0,8.860620570594335e-11
CyclicControl,tabular,202,29,13.536105495764078,0.05098289428668893,0.2585606289984166,0.03,0.03,1.0,0.2769780281539296,0.008820627585509545,0.00882022440957364,0.0,0,8.714901023054722e-11
CyclicControl,tabular,202,30,13.566814603591132,0.05099481232737627,0.2567017836235419,0.03,0.03,1.0,0.2770496880858078,0.008711598825589585,0.008711216757680607,0.0,0,8.569631115840082e-11
CyclicControl,tabular,202,31,13.599395878077843,0.050995784128411326,0.25487186912420134,0.03,0.03,1.0,0.27712308265367075,0.008603602711853862,0.008603240970096127,0.0,0,8.424849706756277e-11
CyclicControl,tabular,202,32,13.633875315706272,0.05098577444413732,0.25307008057876557,0.03,0.03,1.0,0.2771980850687972,0.008496758716973096,0.00849641642897414,0.0,0,8.992601108204212e-11
CyclicControl,tabular,202,33,13.670278000036843,0.05096476674353984,0.2512955646821524,0.03,0.03,1.0,0.2772745691337619,0.008391176931776656,0.008390853152362765,0.0,0,8.998976563923122e-11
CyclicControl,tabular,202,34,13.708628180103812,0.05093276291333331,0.2495474278368437,0.03,0.03,1.0,0.27735240938216005,0.008286957720670868,0.008286651448705551,0.0,0,8.882283797362334e-11
CyclicControl,tabular,202,35,13.748949341632258,0.050889782941632954,0.2478247443627568,0.03,0.03,1.0,0.2774314812150064,0.008184191509671718,0.008183901705075325,0.0,0,8.724235223134258e-11
CyclicControl,tabular,202,36,13.79126427121274,0.050835864583138775,0.24612656469132355,0.03,0.03,1.0,0.2775116610337238,0.00808295870360571,0.00808268430336756,0.0,0,8.567030418404897e-11
CyclicControl,tabular,202,37,13.83559511356479,0.05077106300675077,0.24445192341968625,0.03,0.03,1.0,0.2775928263696333,0.007983329723473835,0.007983069656593456,0.0,0,8.410730445440606e-11
CyclicControl,tabular,202,38,13.88196342201245,0.05069545042652005,0.24279984711058078,0.03,0.03,1.0,0.27767485600986014,0.007885365154502215,0.007885118355832055,0.0,0,8.948453089629993e-11
CyclicControl,tabular,202,39,13.930390202284453,0.05060911571683404,0.24116936173242953,0.03,0.03,1.0,0.2777576301195839,0.007789115994543107,0.007788881417204352,0.0,0,8.980169385885972e-11
CyclicControl,tabular,202,40,13.980895949738576,0.050512164012720025,0.23955949965769885,0.03,0.03,1.0,0.27784103036055785,0.007694623990710377,0.007694400617191843,0.0,0,8.830877695764627e-11
CyclicControl,tabular,202,41,14.03350068009651,0.05040471629613376,0.2379693061414112,0.03,0.03,1.0,0.2779249400058383,0.007601922052644601,0.007601708904170668,0.0,0,8.661826811362516e-11
CyclicControl,tabular,202,42,14.088223953758002,0.05028690896909298,0.23639784522467844,0.03,0.03,1.0,0.27800924405065797,0.007511034728939738,0.007510830873642238,0.0,0,8.494072112341655e-11
CyclicControl,tabular,202,43,14.145084893747208,0.050158893414495614,0.23484420501717063,0.03,0.03,1.0,0.27809382931939325,0.0074219787358081905,0.007421783294776718,0.0,0,8.327671885410837e-11
CyclicControl,tabular,202,44,14.204102197325804,0.05002083554544863,0.2333075023320086,0.03,0.03,1.0,0.2781785845685711,0.007334763523432174,0.007334575675992383,0.0,0,8.998018996564383e-11
CyclicControl,tabular,202,45,14.265294141288392,0.04987291534391918,0.23178688665477232,0.03,0.03,1.0,0.27826340058587573,0.00724939187112317,0.007249210858048083,0.0,0,8.88794315923036e-11
CyclicControl,tabular,202,46,14.328678580936742,0.04971532638950281,0.2302815434456873,0.03,0.03,1.0,0.2783481702851074,0.0071658604974402925,0.0071656856234523225,0.0,0,8.707912169114707e-11
CyclicControl,tabular,202,47,14.39427294270972,0.049548275379086244,0.2287906967812614,0.03,0.03,1.0,0.27843278879706335,0.007084160677812398,0.007083991312238247,0.0,0,8.529621453590153e-11
CyclicControl,tabular,202,48,14.462094210425647,0.049371981638171886,0.22731361135427952,0.03,0.03,1.0,0.27851715355630463,0.007004278857847672,0.00700411443465776,0.0,0,8.353115421577684e-11
CyclicControl,tabular,202,49,14.532158905074363,0.049186676624605394,0.22584959385786862,0.03,0.03,1.0,0.27860116438378496,0.006926197256034365,0.0069260372727113495,0.0,0,8.986317245884834e-11
CyclicControl,tabular,202,50,14.604483058076347,0.04899260342544285,0.2243979937875562,0.03,0.03,1.0,0.2786847235653108,0.006849894447632976,0.006849738463228672,0.0,0,8.895190140023601e-11
CyclicControl,tabular,202,51,14.679082177906544,0.04879001624767136,0.22295820370170083,0.0273423536421479,0.03,1.0,0.29779463206314233,0.006776270076032757,0.0067761396040021404,0.0,0,8.70536143171563e-11
CyclicControl,tabular,202,52,14.752320020499369,0.0485967660395439,0.22150659761556724,0.02399295114595689,0.03,1.0,0.32590238949149525,0.006709473315403923,0.006709370264827097,0.0,0,8.528902584181708e-11
CyclicControl,tabular,202,53,14.822594196614423,0.04842028102727833,0.22003640791422585,0.021192602603947328,0.03,1.0,0.3538046451777833,0.006648432285444674,0.006648349596281022,0.0,0,8.368528092717042e-11
CyclicControl,tabular,202,54,14.89005353607942,0.04825941818729282,0.21855192071647545,0.018839250211731863,0.03,1.0,0.381217897719403,0.0065914143577442,0.0065913470331032675,0.0,0,8.920146565838394e-11
CyclicControl,tabular,202,55,14.954895085587797,0.048112846886702004,0.2170568047207777,0.016852574324084664,0.03,1.0,0.4078845305861597,0.006537257190098396,0.006537201582554442,0.0,0,8.984737953632305e-11
CyclicControl,tabular,202,56,15.017335476944208,0.0479791930167534,0.2155541680102402,0.015168789451643898,0.03,1.0,0.43357933062213216,0.0064851724674895705,0.006485125865879349,0.0,0,8.845080223807145e-11
CyclicControl,tabular,202,57,15.077593896195193,0.04785712025388503,0.2140466300122823,0.013736797337279198,0.03,1.0,0.4581141047695477,0.006434620260241743,0.006434580626766495,0.0,0,8.800296602551327e-11
CyclicControl,tabular,202,58,15.135882240601557,0.04774537333709164,0.21253639321965334,0.012515324443149886,0.03,1.0,0.48134017967848663,0.006385227530837876,0.0063851933224409185,0.0,0,8.787984229208234e-11
CyclicControl,tabular,202,59,15.192399734980443,0.047642798529545755,0.21102530835429012,0.011470775119513605,0.03,1.0,0.5031488067670203,0.006336734592042388,0.006336704633779222,0.0,0,8.769625303717277e-11
CyclicControl,tabular,202,60,15.247330306611747,0.04754835054373163,0.20951493097688956,0.01057560774199161,0.03,1.0,0.5234696923749598,0.006288959494389875,0.00628893288733301,0.0,0,8.746164903428166e-11
CyclicControl,tabular,202,61,15.300841651125893,0.047461091620963035,0.2080065695227007,0.00980709549687489,0.03,1.0,0.5422680113189018,0.006241774064709995,0.006241750118046174,0.0,0,8.71837879667936e-11
CyclicControl,tabular,202,62,15.353085315719706,0.04738018625611627,0.20650132554874134,0.009146372220328042,0.03,1.0,0.5595403330386036,0.006195087611843608,0.006195065792349852,0.0,0,8.686942831737099e-11
CyclicControl,tabular,202,63,15.404197373444708,0.04730489370128017,0.20500012724489758,0.008577691300554259,0.03,1.0,0.5753098957650071,0.006148835738468689,0.0061488156326248156,0.0,0,8.652425997901503e-11
CyclicControl,tabular,202,64,15.454299419199279,0.047234559539788876,0.20350375726004288,0.008087845052402945,0.03,1.0,0.5896216291885473,0.0061029725913490625,0.00610295387704729,0.0,0,8.615305691073161e-11
CyclicControl,tabular,202,65,15.503499717917562,0.04716860709914139,0.2020128758044082,0.007665706080347414,0.03,1.0,0.6025372537555296,0.006057465452112109,0.006057447877084621,0.0,0,8.575994081549965e-11
CyclicControl,tabular,202,66,15.55189439970032,0.04710652914482078,0.20052803984556,0.007301861731430601,0.03,1.0,0.6141307158118511,0.00601229093449344,0.006012274300775222,0.0,0,8.534828399575645e-11
CyclicControl,tabular,202,67,15.59956863717304,0.04704788009761519,0.19904971908991653,0.006988317596411555,0.03,1.0,0.6244842186689658,0.005967432291257609,0.005967416448852014,0.0,0,8.491937708576813e-11
CyclicControl,tabular,202,68,15.646597761487378,0.04699226891459122,0.19757830929648112,0.006718273987614857,0.03,1.0,0.6336842725758096,0.0059228775248584935,0.0059228623479183895,0.0,0,8.447761934426978e-11
CyclicControl,tabular,202,69,15.693048328981847,0.04693935253757847,0.19611414350835243,0.006485918600745455,0.03,1.0,0.64181926472921,0.005878618002837468,0.005878603390654491,0.0,0,8.402525897288626e-11
CyclicControl,tabular,202,70,15.738979075422632,0.046888830127680046,0.19465750138246696,0.006286274167027857,0.03,1.0,0.6489769757713106,0.005834647491063131,0.00583463336260559,0.0,0,8.356416947297163e-11
CyclicControl,tabular,202,71,15.784441793450165,0.04684043789233546,0.1932086170719549,0.006115068584880396,0.03,1.0,0.6552428063711736,0.005790961454617336,0.005790947744286901,0.0,0,8.309597454569939e-11
CyclicControl,tabular,202,72,15.82948212478414,0.04679394450213985,0.19176768587697568,0.005968627391923795,0.03,1.0,0.6606984824946024,0.005747556555668706,0.005747543210079531,0.0,0,8.262206196985034e-11
CyclicControl,tabular,202,73,15.874140271327775,0.046749147045783014,0.19033486986934078,0.00584378425953581,0.03,1.0,0.6654211688259868,0.005704430292901708,0.0057044172683473615,0.0,0,8.984064880923626e-11
CyclicControl,tabular,202,74,15.918451630615332,0.0467058674704327,0.1889103026621597,0.005737806181558209,0.03,1.0,0.6694829167154047,0.00566158074273238,0.005661568003219486,0.0,0,8.984087085384118e-11
CyclicControl,tabular,202,75,15.96244736176314,0.046663949456002815,0.1874940934611713,0.005648330637211606,0.03,1.0,0.6729503808102891,0.005619006374035996,0.0056189938897327485,0.0,0,8.9934323876939e-11
CyclicControl,tabular,202,76,16.006154888149073,0.04662325567516124,0.18608633051491186,0.005573312619781703,0.03,1.0,0.675884743032908,0.00557670591589446,0.0055766936619569,0.0,0,8.965683750972175e-11
CyclicControl,tabular,202,77,16.049598342960223,0.0465836653945439,0.18468708405741663,0.005510979840546124,0.03,1.0,0.6783417909285185,0.0055346782638712915,0.005534666219467299,0.0,0,8.911538174061207e-11
CyclicControl,tabular,202,78,16.092798963486256,0.046545072376589176,0.18329640882286946,0.005459794700451265,0.03,1.0,0.6803721077864192,0.00549292241391167,0.005492910561520015,0.0,0,8.857332922662664e-11
CyclicControl,tabular,202,79,16.135775439587917,0.046507383045708825,0.18191434619769242,0.005418421924712311,0.03,1.0,0.6820213384144357,0.00545143741652752,0.005451425741265559,0.0,0,8.80312489570656e-11
CyclicControl,tabular,202,80,16.178544221363836,0.046470514886310835,0.1805409260649593,0.005385700940378593,0.03,1.0,0.6833305025911569,0.005410222345137524,0.005410210834342455,0.0,0,8.748962665450222e-11
CyclicControl,tabular,202,81,16.22111979057994,0.04643439504388863,0.17917616838752926,0.0053606222450315304,0.03,1.0,0.684336334434069,0.005369276275063806,0.0053692649178703755,0.0,0,8.694885089699511e-11
CyclicControl,tabular,202,82,16.26351489998668,0.04639895910374161,0.17782008456827536,0.005342307151096525,0.03,1.0,0.6850716310895364,0.005328598269727947,0.005328587056796175,0.0,0,8.640932414039071e-11
CyclicControl,tabular,202,83,16.305740784238836,0.04636415002489759,0.17647267862055394,0.005329990385257147,0.03,1.0,0.685565598994539,0.005288187372314954,0.00528817629552969,0.0,0,8.587132394044517e-11
CyclicControl,tabular,202,84,16.347807345729926,0.046329917209569624,0.17513394817543215,0.00532300510610554,0.03,1.0,0.6858441895904398,0.0052480426008900205,0.005248031653211083,0.0,0,8.533514173070245e-11
CyclicControl,tabular,202,85,16.38972331827456,0.04629621569097519,0.1738038853506818,0.005320770012028616,0.03,1.0,0.6859304175737123,0.005208162946339085,0.005208152121580545,0.0,0,8.480101343355528e-11
CyclicControl,tabular,202,86,16.43149641130955,0.04626300542424728,0.1724824775005962,0.005322778193199021,0.03,1.0,0.6858446599619228,0.00516854737182237,0.00516853666454109,0.0,0,8.42691472158208e-11
CyclicControl,tabular,202,87,16.47313343689083,0.04623025066742135,0.17116970786243968,0.005328587500644835,0.03,1.0,0.6856049329631456,0.00512919481351808,0.005129184218890859,0.0,0,8.373968185537706e-11
CyclicControl,tabular,202,88,16.51464042155439,0.046197919440933106,0.16986555611650522,0.005337812226547953,0.03,1.0,0.6852271455491269,0.005090104182035235,0.00509009369577762,0.0,0,8.321279776346557e-11
CyclicControl,tabular,202,89,16.556022704889003,0.046165983055458264,0.16856999886942226,0.005350115884664263,0.03,1.0,0.6847253310172722,0.0050512743643112415,0.005051263982579934,0.0,0,8.268861984017661e-11
CyclicControl,tabular,202,90,16.597285026393234,0.046134415699439164,0.16728301007285507,0.005365204950900479,0.03,1.0,0.6841118566350556,0.005012704225669797,0.0050126939450217955,0.0,0,8.989908817369496e-11
CyclicControl,tabular,202,91,16.63843160203259,0.046103194078638485,0.16600456138652908,0.005382823442020937,0.03,1.0,0.6833976120494829,0.004974392612053037,0.00497438242935766,0.0,0,8.98645324820535e-11
CyclicControl,tabular,202,92,16.6794661917655,0.046072297100971174,0.16473462249210202,0.005402748202539568,0.03,1.0,0.6825921784774621,0.004936338352160261,0.004936328264562029,0.0,0,8.988275401744517e-11
CyclicControl,tabular,202,93,16.720392159122643,0.04604170560084844,0.1634731613660012,0.00542478479681662,0.03,1.0,0.6817039803778837,0.004898540259500748,0.0048985302644131146,0.0,0,8.957883046445403e-11
CyclicControl,tabular,202,94,16.761212523777587,0.046011402098064515,0.16222014451594546,0.005448763958953996,0.03,1.0,0.6807404196749954,0.004860997134493013,0.0048609872295003465,0.0,0,8.901299142216601e-11
CyclicControl,tabular,202,95,16.80193000801004,0.04598137058663062,0.16097553718628643,0.005474538490604156,0.03,1.0,0.6797079955708476,0.004823707766166546,0.004823697949056238,0.0,0,8.845064958240556e-11
CyclicControl,tabular,202,96,16.842547077774974,0.04595159634982872,0.15973930353677668,0.00550198055652068,0.03,1.0,0.6786124109267834,0.004786670933979463,0.004786661202680786,0.0,0,8.789191596747514e-11
CyclicControl,tabular,202,97,16.883065979026885,0.045922065798162146,0.1585114067975013,0.005530979335336188,0.03,1.0,0.6774586661596665,0.004749885409286379,0.004749875761884126,0.0,0,8.733677669958695e-11
CyclicControl,tabular,202,98,16.923488769890415,0.04589276632723149,0.1572918094043585,0.005561438986015379,0.03,1.0,0.6762511416881786,0.0047133499568226545,0.0047133403915131655,0.0,0,8.678531504546783e-11
CyclicControl,tabular,202,99,16.963817349215805,0.04586368619289032,0.1560804731161658,0.005593276843233574,0.03,1.0,0.6749936719698683,0.004677063335952983,0.0046770538510286785,0.0,0,8.623748937175435e-11
CyclicControl,tabular,202,100,17.004053481886665,0.04583481440172887,0.15487735911738354,0.005626421878829834,0.03,1.0,0.6736896093818827,0.004641024301790348,0.004641014895643836,0.0,0,8.569339682296118e-11
CyclicControl,tabular,203,1,12.690933893831435,0.017191061290933646,0.3490940237435125,0.03,0.03,1.0,0.2928270890112582,0.014447256917528128,0.01444601873402962,0.0,0,8.577188959080218e-11
CyclicControl,tabular,203,2,12.657591236454012,0.017485611665917427,0.3454245854751181,0.03,0.03,1.0,0.2927884264114846,0.014372296842095799,0.014370992457469534,0.0,0,8.55108761577128e-11
CyclicControl,tabular,203,3,12.625954422412354,0.01777822839150839,0.3417398413393724,0.03,0.03,1.0,0.2927492732016421,0.014288787825182815,0.014287415149375704,0.0,0,8.523731720444516e-11
CyclicControl,tabular,203,4,12.59615662350052,0.01806935257191157,0.33804105470303103,0.03,0.03,1.0,0.29270962852331095,0.014196458994187386,0.014195016534722438,0.0,0,8.495149028675542e-11
CyclicControl,tabular,203,5,12.568317134669982,0.01835939706007176,0.33432972990886656,0.03,0.03,1.0,0.2926694969058595,0.014095044591859458,0.01409353159304727,0.0,0,8.465356193809725e-11
CyclicControl,tabular,203,6,12.542542280585934,0.01864874541869218,0.33060764820744826,0.03,0.03,1.0,0.2926288878450312,0.013984289428252741,0.013982706017593216,0.0,0,8.434358766962191e-11
CyclicControl,tabular,203,7,12.518926306802058,0.018937751072859783,0.32687690410704295,0.03,0.03,1.0,0.29258781537774137,0.013863955186203009,0.013862302523325987,0.0,0,8.402190054823677e-11
CyclicControl,tabular,203,8,12.497552245468114,0.019226736650351874,0.32313994114377964,0.03,0.03,1.0,0.29254629765509926,0.013733827564835705,0.013732107990175102,0.0,0,8.3688778129698e-11
CyclicControl,tabular,203,9,12.478492747760134,0.01951599350507256,0.31939958583313555,0.03,0.03,1.0,0.29250435651560375,0.013593724217473811,0.013591941392727458,0.0,0,8.334410939170311e-11
CyclicControl,tabular,203,10,12.461810877192113,0.019805781418466034,0.3156590783692348,0.03,0.03,1.0,0.2924620170603701,0.013443503391606772,0.013441662425134338,0.0,0,8.298839393461321e-11
CyclicControl,tabular,203,11,12.447560859643696,0.020096328473216886,0.3119220984290849,0.03,0.03,1.0,0.29241930723218207,0.013283073131519786,0.013281180681147475,0.0,0,8.262163175842829e-11
CyclicControl,tabular,203,12,12.43578878734926,0.02038783109302328,0.3081927842918608,0.03,0.03,1.0,0.29237625740006723,0.0131124008531722,0.013110465195965482,0.0,0,8.224404490775328e-11
CyclicControl,tabular,203,13,12.426533275262571,0.020680454241777457,0.304475743375332,0.03,0.03,1.0,0.2923328999510135,0.012931523038929882,0.012929554100173268,0.0,0,8.185588318276871e-11
CyclicControl,tabular,203,14,12.419826069166552,0.020974331775047886,0.3007760522733882,0.03,0.03,1.0,0.292289268890354,0.012740554750457368,0.012738564080876147,0.0,0,8.999950784627231e-11
CyclicControl,tabular,203,15,12.415692605665459,0.021269566936379353,0.2970992444631615,0.03,0.03,1.0,0.29224539945225664,0.012539698598775243,0.012537699294147053,0.0,0,8.997635969620887e-11
CyclicControl,tabular,203,16,12.41415252480324,0.02156623299058121,0.29345128405385834,0.03,0.03,1.0,0.29220132772166535,0.012329252776889427,0.012327259331940787,0.0,0,8.958805919334623e-11
CyclicControl,tabular,203,17,12.415220136519709,0.021864373985872137,0.28983852429413925,0.03,0.03,1.0,0.29215709026893427,0.012109617725418293,0.012107645819932067,0.0,0,8.911138493772341e-11
CyclicControl,tabular,203,18,12.418904842508491,0.022164005636484654,0.28626765004324817,0.03,0.03,1.0,0.2921127237983148,0.011881301000771366,0.011879367216544257,0.0,0,8.862383049645928e-11
CyclicControl,tabular,203,19,12.425211515295622,0.022465116317119126,0.28274560403638294,0.03,0.03,1.0,0.2920682648113474,0.01164491992670061,0.011643041401357523,0.0,0,8.812561791415874e-11
CyclicControl,tabular,203,20,12.43414083653396,0.0227676681604499,0.27927949752216685,0.03,0.03,1.0,0.2920237492861101,0.011401201663510776,0.01139939568761128,0.0,0,8.761680270197303e-11
CyclicControl,tabular,203,21,12.445689596620491,0.023071598248755668,0.27587650667977304,0.03,0.03,1.0,0.2919792123731871,0.011150980395999372,0.01114926396901339,0.0,0,8.70976624156583e-11
CyclicControl,tabular,203,22,12.459850957804285,0.0233768198906412,0.2725437570910594,0.03,0.03,1.0,0.29193468810910583,0.010895191453794003,0.010893580815506398,0.0,0,8.656836358866826e-11
CyclicControl,tabular,203,23,12.4766146829752,0.0236832239737654,0.26928819938003556,0.03,0.03,1.0,0.2918902091479062,0.010634862303109813,0.01063337246143603,0.0,0,8.602901724330536e-11
CyclicControl,tabular,203,24,12.495967332314125,0.02399068038446669,0.26611647987722087,0.03,0.03,1.0,0.2918458065113971,0.01037110049727146,0.01036974477614494,0.0,0,8.547976215744768e-11
CyclicControl,tabular,203,25,12.517892429955893,0.024299039485205207,0.26303481074697044,0.03,0.03,1.0,0.2918015093585535,0.010105078831061959,0.010103868461929011,0.0,0,8.492082037570015e-11
CyclicControl,tabular,203,26,12.542370602770715,0.024608133640788305,0.26004884436202635,0.03,0.03,1.0,0.2917573447744212,0.009838018097381588,0.00983696187615457,0.0,0,8.435233067594083e-11
CyclicControl,tabular,203,27,12.56937969331538,0.024917778784454118,0.257163556783907,0.03,0.03,1.0,0.2917133375787889,0.009571167981452931,0.009570272010820835,0.0,0,8.377448734719906e-11
CyclicControl,tabular,203,28,12.598894848945466,0.025227776015007215,0.25438314497797654,0.03,0.03,1.0,0.29166951015479636,0.009305786742265874,0.00930505427281203,0.0,0,8.318740141177727e-11
CyclicControl,tabular,203,29,12.630888589020197,0.02553791321637296,0.251710941870803,0.03,0.03,1.0,0.29162588229755254,0.009043120402601582,0.009042551781090702,0.0,0,8.259121164755356e-11
CyclicControl,tabular,203,30,12.665330852071504,0.025847966691135694,0.24914935254806148,0.03,0.03,1.0,0.29158247108275276,0.00878438220062412,0.008783974927102478,0.0,0,8.198822176730403e-11
CyclicControl,tabular,203,31,12.702189024755041,0.026157702799851624,0.24669981389135454,0.03,0.03,1.0,0.29153929075518603,0.008530733041365044,0.008530481928664235,0.0,0,8.99721408487153e-11
CyclicControl,tabular,203,32,12.741427954351419,0.026466879598191665,0.2443627788025482,0.03,0.03,1.0,0.2914963526369456,0.008283263621588986,0.008283161047060172,0.0,0,8.973649601173861e-11
CyclicControl,tabular,203,33,12.783009946544134,0.026775248464255465,0.24213772497456154,0.03,0.03,1.0,0.2914536650550774,0.008042978806812791,0.008043015038063261,0.0,0,8.904157966505011e-11
CyclicControl,tabular,203,34,12.826894750166625,0.0270825557087099,0.2400231870182623,0.03,0.03,1.0,0.2914112332883111,0.007810784703412295,0.007810948278493712,0.0,0,8.833750397840845e-11
CyclicControl,tabular,203,35,12.873039530585249,0.027388544160748828,0.23801680974417927,0.03,0.03,1.0,0.29136905953245407,0.007587478721996402,0.00758775686235047,0.0,0,8.76243799741161e-11
CyclicControl,tabular,203,36,12.921398833367679,0.02769295472321909,0.23611541956850557,0.03,0.03,1.0,0.29132714288396055,0.007373742772882188,0.007374121806575817,0.0,0,8.690237418562674e-11
CyclicControl,tabular,203,37,12.9719245398772,0.02799552789064966,0.23431511043050524,0.027604578469062335,0.03,1.0,0.3087577731956689,0.007171280968893264,0.007171638922956025,0.0,0,8.61716809019697e-11
CyclicControl,tabular,203,38,13.025130493929014,0.028281076490744444,0.23259632269076458,0.016671962611382964,0.03,1.0,0.42509051387186053,0.0070224772796693815,0.007022550406550421,0.0,0,8.543879492783901e-11
CyclicControl,tabular,203,39,13.081942903361204,0.02849657508530235,0.23087463267136288,0.010225428901325703,0.03,1.0,0.5465095181207402,0.0069367234885931404,0.006936727423662248,0.0,0,8.473277635090426e-11
CyclicControl,tabular,203,40,13.14017190533019,0.028670671683589773,0.22914111582949537,0.006391895765711849,0.03,1.0,0.6583582426823164,0.006872450304713755,0.006872440396925583,0.0,0,8.404871243428147e-11
CyclicControl,tabular,203,41,13.198955473679604,0.028820236663310957,0.2274010287123096,0.004099874692645626,0.03,1.0,0.7501815420805293,0.006815733256038586,0.006815721980337419,0.0,0,8.33810243072719e-11
CyclicControl,tabular,203,42,13.25793064702846,0.028955223354954162,0.225661059415605,0.002725160612112784,0.03,1.0,0.8186912224959196,0.006761843354798421,0.006761832985503924,0.0,0,8.272549312238198e-11
CyclicControl,tabular,203,43,13.316932961091613,0.0290815190522984,0.22392640490588311,0.0018998208440709939,0.03,1.0,0.8661983869366064,0.006709170157450254,0.0067091607699205635,0.0,0,8.207917678859644e-11
CyclicControl,tabular,203,44,13.375881709731319,0.029202615366609574,0.2222005675384553,0.0014051882218884498,0.03,1.0,0.8974143798495463,0.006657170884348762,0.006657162196370692,0.0,0,8.999057055092408e-11
CyclicControl,tabular,203,45,13.434733763457064,0.02932058826887165,0.220485753645,0.001110501176782691,0.03,1.0,0.9171054291768085,0.006605667678041642,0.006605659432360134,0.0,0,8.978606746978812e-11
CyclicControl,tabular,203,46,13.493463893521158,0.029436674622310897,0.2187832915673149,0.0009371786223521957,0.03,1.0,0.9290915938514462,0.006554605320488998,0.006554597336965062,0.0,0,8.908912496607968e-11
CyclicControl,tabular,203,47,13.552055875415917,0.029551612377386606,0.21709394535405768,0.0008378001583095179,0.03,1.0,0.9360990046494146,0.006503968058522763,0.0065039602206268254,0.0,0,8.839765031076752e-11
CyclicControl,tabular,203,48,13.610498226024525,0.029665841942833907,0.2154181257209009,0.0007836437534357145,0.03,1.0,0.939952133428096,0.006453751598868757,0.006453743833397696,0.0,0,8.771133819251986e-11
CyclicControl,tabular,203,49,13.668782052009954,0.02977962575493103,0.2137560252092885,0.0007572536994349716,0.03,1.0,0.9418281395620156,0.0064039541096166325,0.006403946371216218,0.0,0,8.703004983345863e-11
CyclicControl,tabular,203,50,13.726899916365944,0.029893119492308693,0.21210770274263102,0.0007479874406649071,0.03,1.0,0.9424708881681185,0.006354573631742129,0.006354565892512598,0.0,0,8.63535354334033e-11
CyclicControl,tabular,203,51,13.784845221603414,0.030006414618767834,0.21047313589580008,0.0007493364620582081,0.03,1.0,0.9423450632345141,0.006305607547938538,0.006305599790741967,0.0,0,8.568185050350507e-11
CyclicControl,tabular,203,52,13.842611866324901,0.03011956387285333,0.20885225301806587,0.0007573087202055091,0.03,1.0,0.9417392298370885,0.006257052639299201,0.006257044853665739,0.0,0,8.501471748800782e-11
CyclicControl,tabular,203,53,13.900194051212067,0.03023259658467214,0.20724495293117928,0.0007694487095690527,0.03,1.0,0.9408321239380711,0.006208905259120291,0.006208897438695238,0.0,0,8.435221965363837e-11
CyclicControl,tabular,203,54,13.957586168618036,0.030345527906339712,0.2056511169996278,0.000784241956855492,0.03,1.0,0.9397343917470238,0.006161161490141532,0.006161153631095706,0.0,0,8.369421822251866e-11
CyclicControl,tabular,203,55,14.014782739717694,0.030458364390502115,0.2040706165336137,0.0008007520504565406,0.03,1.0,0.9385145695386033,0.006113817259331845,0.006113809359415745,0.0,0,8.304079646137552e-11
CyclicControl,tabular,203,56,14.071778379015116,0.030571107371453164,0.202503317333802,0.0008183986778552004,0.03,1.0,0.937215165283493,0.006066868415073978,0.006066860473009639,0.0,0,8.239176008117965e-11
CyclicControl,tabular,203,57,14.128567774704822,0.03068375501994876,0.2009490824838478,0.0008368215854614957,0.03,1.0,0.9358625820884561,0.0060203107768568385,0.0060203027919778496,0.0,0,8.98428553774977e-11
CyclicControl,tabular,203,58,14.185145678259353,0.03079630359567697,0.19940777406851629,0.0008557968797935808,0.03,1.0,0.9344732446105161,0.005974140166576577,0.005974132138622412,0.0,0,8.98851271191603e-11
CyclicControl,tabular,203,59,14.241506899400374,0.0309087482125975,0.19787925423053188,0.0008751854306957502,0.03,1.0,0.9330573809093922,0.005928352428069971,0.005928344356987192,0.0,0,8.941247742200176e-11
CyclicControl,tabular,203,60,14.297646304209765,0.031021083307921186,0.19636338581897617,0.000894900945321052,0.03,1.0,0.9316213626259442,0.0058829434389061075,0.005882935324819982,0.0,0,8.871084422601427e-11
CyclicControl,tabular,203,61,14.353558815069023,0.031133302930154517,0.19486003278634811,0.0009148901890411974,0.03,1.0,0.9301691537359392,0.005837909117706289,0.005837900960841913,0.0,0,8.801398498903268e-11
CyclicControl,tabular,203,62,14.409239411656685,0.031245400916512133,0.1933690604295102,0.000935120650519426,0.03,1.0,0.9287032128337674,0.005793245428369011,0.005793237229042125,0.0,0,8.732187195548136e-11
CyclicControl,tabular,203,63,14.464683132552038,0.031357371002280574,0.19189033553393964,0.0009555728834112223,0.03,1.0,0.9272250525045224,0.005748948382640502,0.005748940141177106,0.0,0,8.66345051253603e-11
CyclicControl,tabular,203,64,14.519885077178047,0.031469206888463726,0.19042372645642347,0.0009762356852658137,0.03,1.0,0.9257355907780118,0.005705014041282964,0.0057050057580873,0.0,0,8.595180123194268e-11
CyclicControl,tabular,203,65,14.574840407927589,0.031580902283533475,0.1889691031706997,0.0009971030964392425,0.03,1.0,0.9242353695404457,0.005661438514897713,0.005661430190361694,0.0,0,8.527370476407725e-11
CyclicControl,tabular,203,66,14.629544352379227,0.031692450929258785,0.1875263372910274,0.0010181725001631027,0.03,1.0,0.922724692523473,0.005618217963953639,0.0056182095985153335,0.0,0,8.460027123291525e-11
CyclicControl,tabular,203,67,14.683992205548597,0.03180384661658811,0.18609530207809866,0.0010394434242783446,0.03,1.0,0.9212037121712626,0.005575348598798649,0.0055753401929123925,0.0,0,8.393144512730544e-11
CyclicControl,tabular,203,68,14.738179332141396,0.03191508319533977,0.18467587243782835,0.0010609167949432985,0.03,1.0,0.9196724836815735,0.005532826679433815,0.005532818233532355,0.0,0,8.326717093609659e-11
CyclicControl,tabular,203,69,14.792101168789003,0.03202615458007072,0.18326792491337174,0.0010825944451416938,0.03,1.0,0.9181310005052319,0.00549064851500904,0.0054906400295966495,0.0,0,8.260744865928871e-11
CyclicControl,tabular,203,70,14.84575322625349,0.032137054753469174,0.1818713376738057,0.0011044788280853443,0.03,1.0,0.9165792150951594,0.005448810463596974,0.0054488019391566445,0.0,0,8.195213951900371e-11
CyclicControl,tabular,203,71,14.899131091595308,0.0322477777682936,0.18048599050047298,0.0011265728050166978,0.03,1.0,0.9150170541891091,0.005407308931610487,0.005407300368638235,0.0,0,8.999731515579867e-11
CyclicControl,tabular,203,72,14.952230430296748,0.03235831774827048,0.1791117647717222,0.0011488795337461228,0.03,1.0,0.9134444269115838,0.005366140373358056,0.00536613177234313,0.0,0,8.961673070295717e-11
CyclicControl,tabular,203,73,15.005046988339004,0.03246866888842453,0.17774854344683177,0.0011714023856510818,0.03,1.0,0.9118612307930976,0.005325301290484386,0.00532529265195103,0.0,0,8.890344016521112e-11
CyclicControl,tabular,203,74,15.057576594228815,0.032578825454995644,0.17639621104946213,0.0011941448993950663,0.03,1.0,0.9102673551799416,0.005284788231523942,0.0052847795560097,0.0,0,8.819506236434904e-11
CyclicControl,tabular,203,75,15.109815160973316,0.0326887817851127,0.17505465365091344,0.001217110744575724,0.03,1.0,0.9086626839127875,0.005244597791409686,0.005244589079425932,0.0,0,8.749145852249285e-11
CyclicControl,tabular,203,76,15.161758688000063,0.03279853228628218,0.17372375885247315,0.0012403037079624674,0.03,1.0,0.907047096426738,0.005204726610834302,0.00520471786293808,0.0,0,8.679268415079378e-11
CyclicControl,tabular,203,77,15.213403263021892,0.032908071435783184,0.17240341576950646,0.001263727671810154,0.03,1.0,0.9054204693731683,0.005165171375864333,0.005165162592599137,0.0,0,8.609865598252497e-11
CyclicControl,tabular,203,78,15.26474506384317,0.0330173937799508,0.17109351501264913,0.0012873866194649266,0.03,1.0,0.9037826763721482,0.005125928817373238,0.005125919999279804,0.0,0,8.540942952883768e-11
CyclicControl,tabular,203,79,15.315780360108239,0.03312649393344984,0.16979394867171482,0.0013112846205855044,0.03,1.0,0.9021335891463282,0.00508699571046905,0.005086986858121256,0.0,0,8.472483825627819e-11
CyclicControl,tabular,203,80,15.366505514988768,0.033235366578465944,0.16850461029873087,0.0013354258329408063,0.03,1.0,0.9004730775247112,0.005048368874083784,0.005048359988048756,0.0,0,8.404496543157336e-11
CyclicControl,tabular,203,81,15.416916986809586,0.03334400646387982,0.16722539488977506,0.0013598145026497907,0.03,1.0,0.8988010095543976,0.005010045170395225,0.005010036251250849,0.0,0,8.336972778799634e-11
CyclicControl,tabular,203,82,15.46701133061204,0.033452408404414935,0.1659561988693714,0.0013844549664482372,0.03,1.0,0.8971172514789404,0.004972021504345074,0.004972012552667215,0.0,0,8.269909756997151e-11
CyclicControl,tabular,203,83,15.516785199653967,0.03356056727976812,0.164696920072821,0.0014093516479696758,0.03,1.0,0.8954216681188691,0.0049342948231185,0.004934285839494956,0.0,0,8.203304702192327e-11
CyclicControl,tabular,203,84,15.566235346844215,0.03366847803370269,0.16344745772923774,0.0014345090633406676,0.03,1.0,0.8937141226318291,0.004896862115655374,0.00489685310066712,0.0,0,8.993270017576549e-11
CyclicControl,tabular,203,85,15.615358626112375,0.033776135673135116,0.16220771244536691,0.0014599318196034804,0.03,1.0,0.8919944767549979,0.0048597204121476455,0.004859711366380748,0.0,0,8.968287223964921e-11
CyclicControl,tabular,203,86,15.6641519937118,0.03388353526719187,0.16097758618878744,0.0014856246224405664,0.03,1.0,0.8902625904350598,0.004822866783501905,0.004822857707564188,0.0,0,8.895789660456899e-11
CyclicControl,tabular,203,87,15.712612509456411,0.03399067194626453,0.15975698227108648,0.0015115922738349614,0.03,1.0,0.8885183221297449,0.00478629834094397,0.004786289235418351,0.0,0,8.823786146194834e-11
CyclicControl,tabular,203,88,15.760737337889681,0.03409754090103299,0.15854580533202212,0.0015378396753352713,0.03,1.0,0.8867615287416529,0.004750012235396245,0.004750003100902012,0.0,0,8.752276681178728e-11
CyclicControl,tabular,203,89,15.808523749385976,0.0342041373814713,0.15734396132261463,0.0015643718324647377,0.03,1.0,0.8849920654836664,0.00471400565711778,0.004713996494251638,0.0,0,8.681258489851018e-11
CyclicControl,tabular,203,90,15.855969121183978,0.034310456695841915,0.15615135748937026,0.0015911938573229705,0.03,1.0,0.8832097858692506,0.004678275835126668,0.004678266644497997,0.0,0,8.610720469981459e-11
CyclicControl,tabular,203,91,15.903070938351872,0.034416494209669676,0.15496790235769442,0.0016183109716554273,0.03,1.0,0.8814145416778154,0.004642820036785493,0.004642810818984877,0.0,0,8.540670948242735e-11
CyclicControl,tabular,203,92,15.94982679468448,0.03452224534469742,0.153793505716604,0.001645712809625726,0.03,1.0,0.8796071932081209,0.004607635561686635,0.0046076263229131165,0.0,0,8.471093271289476e-11
CyclicControl,tabular,203,93,15.996234390621217,0.03462770553767385,0.15262807849847349,0.001673395161937785,0.03,1.0,0.8777881965416274,0.004572719745675818,0.004572710497328214,0.0,0,8.401968010218752e-11
CyclicControl,tabular,203,94,16.04229153467783,0.03473287025824983,0.1514715328065963,0.0017014005122536272,0.03,1.0,0.8759550219943075,0.004538069976450778,0.004538060719276649,0.0,0,8.333311818375932e-11
CyclicControl,tabular,203,95,16.08799615311127,0.03483773512422549,0.15032378220467546,0.0017297310593658002,0.03,1.0,0.8741077446362865,0.004503683671034618,0.004503674405809566,0.0,0,8.26513024687614e-11
CyclicControl,tabular,203,96,16.13334628336475,0.03494229579463607,0.14918474143218452,0.0017583902021189714,0.03,1.0,0.872246366268408,0.004469558282054277,0.0044695490095622015,0.0,0,8.197420520161813e-11
CyclicControl,tabular,203,97,16.1783400747492,0.03504654797199974,0.14805432639619642,0.0017873821987886365,0.03,1.0,0.8703708383928609,0.004435691297361484,0.004435682018393949,0.0,0,8.995412748014076e-11
CyclicControl,tabular,203,98,16.222975789021902,0.0351504874034251,0.1469324541616579,0.0018167119653751315,0.03,1.0,0.8684810759693063,0.00440208023971892,0.004402070955025539,0.0,0,8.959311070810827e-11
CyclicControl,tabular,203,99,16.26725180087985,0.035254109881014795,0.1458190429390993,0.001846384899096384,0.03,1.0,0.866576969309504,0.004368722666272858,0.004368713376626809,0.0,0,8.885611690878648e-11
CyclicControl,tabular,203,100,16.311166598364718,0.035357411241694815,0.1447140120723056,0.0018764067990230183,0.03,1.0,0.8646583896604862,0.004335616168226279,0.0043356068744012655,0.0,0,8.812417462422673e-11
CyclicControl,tabular,204,1,11.578964966900873,0.0636507347211586,0.35748653893334925,0.03,0.03,1.0,0.28799294272240167,0.01140534749137827,0.011405139039775802,0.0,0,8.953354724283713e-11
CyclicControl,tabular,204,2,11.660051031548832,0.06326344146435031,0.3540592759541883,0.03,0.03,1.0,0.28781868862446797,0.011350057155377853,0.011349833211848681,0.0,0,8.980174937001095e-11
CyclicControl,tabular,204,3,11.741491877583696,0.06288236302560134,0.35063818105062206,0.03,0.03,1.0,0.2876440461540128,0.011294017685410456,0.011293779620185074,0.0,0,8.898135006596419e-11
CyclicControl,tabular,204,4,11.823199001656478,0.06250780527399155,0.3472245587286982,0.03,0.03,1.0,0.28746911956509075,0.011237093605068194,0.011236842722985863,0.0,0,8.815562169139923e-11
CyclicControl,tabular,204,5,11.905082215327395,0.06214005643415576,0.3438197491496764,0.03,0.03,1.0,0.28729401341333716,0.011179166502511564,0.011178904044410354,0.0,0,8.732492506879908e-11
CyclicControl,tabular,204,6,11.987049889870896,0.061779386957766476,0.34042511876438697,0.03,0.03,1.0,0.28711883239670316,0.011120134103909898,0.011119861248308993,0.0,0,8.648978755410042e-11
CyclicControl,tabular,204,7,12.069009225112946,0.061426049426820256,0.33704205173328283,0.03,0.03,1.0,0.2869436811984738,0.01105990937169708,0.01105962723703291,0.0,0,8.565056996978626e-11
CyclicControl,tabular,204,8,12.1508665414315,0.06108027848838558,0.33367194206803674,0.03,0.03,1.0,0.28676866433281856,0.010998419631111924,0.010998129278245505,0.0,0,8.480774416064207e-11
CyclicControl,tabular,204,9,12.232527593710051,0.06074229082040005,0.33031618643205585,0.03,0.03,1.0,0.28659388599309743,0.010935605727163223,0.01093530816182664,0.0,0,8.396164319357524e-11
CyclicControl,tabular,204,10,12.313897905684957,0.06041228512805296,0.3269761775422819,0.03,0.03,1.0,0.2864194499031422,0.01087142121233647,0.010871117387780016,0.0,0,8.311273891337123e-11
CyclicControl,tabular,204,11,12.394883122774806,0.060090442170235805,0.3236532981266915,0.03,0.03,1.0,0.28624545917172006,0.010805831566045991,0.010805522385588073,0.0,0,8.226139214251305e-11
CyclicControl,tabular,204,12,12.475389381133457,0.059776924815486826,0.32034891538098575,0.03,0.03,1.0,0.2860720161503667,0.010738813445105456,0.01073849976468555,0.0,0,8.997971812085837e-11
CyclicControl,tabular,204,13,12.555323690331997,0.05947187812681333,0.31706437588781,0.03,0.03,1.0,0.28589922229477105,0.010670353965015563,0.010670036595392896,0.0,0,8.950323815426486e-11
CyclicControl,tabular,204,14,12.634594326760151,0.05917542947472311,0.3138010009576808,0.03,0.03,1.0,0.2857271780298792,0.010600450010349963,0.010600129719289919,0.0,0,8.855166599985864e-11
CyclicControl,tabular,204,15,12.713111234548453,0.058887688677757684,0.31056008235632593,0.03,0.03,1.0,0.28555598261886583,0.010529107573316508,0.010528785087684733,0.0,0,8.759909464473026e-11
CyclicControl,tabular,204,16,12.79078643056054,0.058608748169776605,0.30734287838876106,0.03,0.03,1.0,0.28538573403612105,0.010456341119382168,0.010456017126848183,0.0,0,8.664591266693833e-11
CyclicControl,tabular,204,17,12.867534409794773,0.0583386831932029,0.3041506103121483,0.03,0.03,1.0,0.28521652884437826,0.010382172977675713,0.010381848128392601,0.0,0,8.569239762223901e-11
CyclicControl,tabular,204,18,12.94327254737416,0.05807755201740933,0.30098445905657467,0.03,0.03,1.0,0.2850484620760987,0.010306632755298388,0.010306307663246805,0.0,0,8.473910462214462e-11
CyclicControl,tabular,204,19,13.017921493199921,0.057825396181387816,0.29784556222797187,0.03,0.03,1.0,0.28488162711921783,0.010229756773513898,0.01022943201768145,0.0,0,8.378617244453324e-11
CyclicControl,tabular,204,20,13.091405555300351,0.057582240759816196,0.29473501138279623,0.03,0.03,1.0,0.28471611560734655,0.010151587524381873,0.010151263649824882,0.0,0,8.283415620091716e-11
CyclicControl,tabular,204,21,13.163653067928205,0.057348094651610775,0.2916538495532861,0.03,0.03,1.0,0.2845520173145049,0.010072173146450349,0.010071850665198445,0.0,0,8.958764285971199e-11
CyclicControl,tabular,204,22,13.234596740547413,0.0571229508900292,0.28860306901675736,0.03,0.03,1.0,0.28438942005446416,0.009991566918237998,0.009991246309986268,0.0,0,8.992664946028128e-11
CyclicControl,tabular,204,23,13.30417398400557,0.0569067869733621,0.2855836092924835,0.03,0.03,1.0,0.28422840958474643,0.009909826768218456,0.009909508480740792,0.0,0,8.887393598833171e-11
CyclicControl,tabular,204,24,13.37232721040891,0.05669956521524231,0.282596355363951,0.03,0.03,1.0,0.2840690695153371,0.00982701479953525,0.009826699249400273,0.0,0,8.782360949588508e-11
CyclicControl,tabular,204,25,13.439004103501395,0.056501233113571775,0.27964213611564315,0.03,0.03,1.0,0.2839114812221408,0.009743196829959657,0.009742884402754282,0.0,0,8.67760308054244e-11
CyclicControl,tabular,204,26,13.504157856690714,0.05631172373706672,0.27672172298043307,0.03,0.03,1.0,0.2837557237652151,0.00965844194487547,0.009658132995447044,0.0,0,8.57316162505839e-11
CyclicControl,tabular,204,27,13.567747376259026,0.0561309561283975,0.2738358287941778,0.03,0.03,1.0,0.28360187381178953,0.009572822063153765,0.009572516915901552,0.0,0,8.46905878759685e-11
CyclicControl,tabular,204,28,13.629737447733637,0.05595883572290101,0.2709851068514624,0.03,0.03,1.0,0.28345000556408834,0.009486411515700599,0.009486110464723474,0.0,0,8.365322323733437e-11
CyclicControl,tabular,204,29,13.690098863866712,0.055795254781830866,0.268170150165159,0.03,0.03,1.0,0.28330019069194695,0.009399286635784286,0.009398989945106129,0.0,0,8.261991091274012e-11
CyclicControl,tabular,204,30,13.748808513171264,0.05564009283911086,0.2653914909209354,0.03,0.03,1.0,0.2831524982702179,0.009311525361416915,0.009311233265204444,0.0,0,8.991823952086975e-11
CyclicControl,tabular,204,31,13.805849428473582,0.05549321716055149,0.2626496001317813,0.03,0.03,1.0,0.28300699472094737,0.009223206849652187,0.009222919552303366,0.0,0,8.9518392698551e-11
CyclicControl,tabular,204,32,13.861210795458975,0.05535448321449535,0.25994488748610767,0.03,0.03,1.0,0.2828637437602978,0.009134411102292399,0.009134128778908845,0.0,0,8.838560439095033e-11
CyclicControl,tabular,204,33,13.914887921697183,0.05522373515285353,0.25727770139012396,0.03,0.03,1.0,0.2827228063501786,0.009045218604472724,0.00904494140099077,0.0,0,8.725853373192649e-11
CyclicControl,tabular,204,34,13.96688216712532,0.05510080630150649,0.25464832920292224,0.03,0.03,1.0,0.28258424065455673,0.008955709974917868,0.008955438008644734,0.0,0,8.613740276608439e-11
CyclicControl,tabular,204,35,14.017200837430487,0.05498551965904363,0.2520569976602216,0.03,0.03,1.0,0.28244810200038667,0.008865965629688256,0.008865698989632964,0.0,0,8.502257231590704e-11
CyclicControl,tabular,204,36,14.065857042202085,0.05487768840282964,0.24950387348722236,0.03,0.03,1.0,0.28231444284312124,0.008776065458617022,0.008775804206254012,0.0,0,8.391418115927252e-11
CyclicControl,tabular,204,37,14.112869520107669,0.054777116401391684,0.24698906419448052,0.03,0.03,1.0,0.28218331273673686,0.00868608851633825,0.008685832686168071,0.0,0,8.28125623630882e-11
CyclicControl,tabular,204,38,14.158262433680258,0.05468359873213675,0.2445126190550262,0.03,0.03,1.0,0.2820547583082126,0.008596112727333455,0.008595862327712034,0.0,0,8.919301408560898e-11
CyclicControl,tabular,204,39,14.20206513658329,0.05459692220342149,0.24207453025767434,0.03,0.03,1.0,0.28192882323639573,0.008506214606268934,0.00850596962041239,0.0,0,8.958950248327824e-11
CyclicControl,tabular,204,40,14.244311916441186,0.05451686588001056,0.2396747342299166,0.03,0.03,1.0,0.2818055482351815,0.008416468994439636,0.008416229381319473,0.0,0,8.838954568268775e-11
CyclicControl,tabular,204,41,14.285041716484201,0.05444320161098008,0.23731311312761294,0.03,0.03,1.0,0.2816849710409279,0.008326948812242229,0.008326714507845168,0.0,0,8.719808208823565e-11
CyclicControl,tabular,204,42,14.324297839358758,0.054375694559135754,0.2349894964789545,0.03,0.03,1.0,0.28156712640402887,0.008237724829106317,0.00823749574770627,0.0,0,8.601533374452686e-11
CyclicControl,tabular,204,43,14.362127636498249,0.05431410373104011,0.23270366298137057,0.03,0.03,1.0,0.28145204608455515,0.008148865451219256,0.00814864148662231,0.0,0,8.48415226961663e-11
CyclicControl,tabular,204,44,14.398582186438093,0.05425818250676113,0.23045534243628651,0.03,0.03,1.0,0.2813397588518856,0.008060436527086115,0.00806021755427977,0.0,0,8.36768987433345e-11
CyclicControl,tabular,204,45,14.433715965396617,0.05420767916847482,0.2282442178165034,0.03,0.03,1.0,0.2812302904882252,0.007972501172427893,0.007972287049068827,0.0,0,8.999373468654426e-11
CyclicControl,tabular,204,46,14.4675865133336,0.05416233742708308,0.22606992745241583,0.03,0.03,1.0,0.281123663795931,0.007885119613938108,0.007884910182013205,0.0,0,8.999373468654426e-11
CyclicControl,tabular,204,47,14.500254098549181,0.05412189694602464,0.22393206732955195,0.03,0.03,1.0,0.2810198986085405,0.007798349111467345,0.007798144140182206,0.0,0,8.915482241356187e-11
CyclicControl,tabular,204,48,14.531781383700098,0.05408609386148687,0.2218301934806266,0.03,0.03,1.0,0.2809190118054074,0.007712243746707231,0.007712042969837962,0.0,0,8.790246308620908e-11
CyclicControl,tabular,204,49,14.56223309589641,0.054054661298251254,0.21976382446361464,0.03,0.03,1.0,0.2808210173298491,0.0076268542499939584,0.0076266574794056075,0.0,0,8.666128925582939e-11
CyclicControl,tabular,204,50,14.591675703306455,0.05402732988042762,0.2177324439114836,0.03,0.03,1.0,0.28072592621070214,0.007542228123026934,0.007542035162289351,0.0,0,8.543146745587649e-11
CyclicControl,tabular,204,51,14.620177100444275,0.05400382823636671,0.21573550313879197,0.03,0.03,1.0,0.28063374658718226,0.0074584094932581835,0.007458220139390126,0.0,0,8.421315034201626e-11
CyclicControl,tabular,204,52,14.647806304052938,0.05398388349705772,0.21377242379266304,0.03,0.03,1.0,0.28054448373694874,0.007375439075882256,0.0073752531211142,0.0,0,8.300651832549022e-11
CyclicControl,tabular,204,53,14.674633161229073,0.053967221787356766,0.21184260053421777,0.03,0.03,1.0,0.2804581401072683,0.007293354154920689,0.007293171388478958,0.0,0,8.915058968828049e-11
CyclicControl,tabular,204,54,14.7007280711681,0.05395356870941259,0.20994540373550086,0.03,0.03,1.0,0.2803747153491696,0.007212188583009593,0.0072120087928631005,0.0,0,8.958769837086322e-11
CyclicControl,tabular,204,55,14.726161721649515,0.053942649817685824,0.2080801821793099,0.03,0.03,1.0,0.28029420635449004,0.007131972799312408,0.007131795773789751,0.0,0,8.828696107521239e-11
CyclicControl,tabular,204,56,14.751004841127859,0.053934191084992616,0.20624626574561322,0.03,0.03,1.0,0.2802166072957001,0.007052733864550131,0.007052559394019053,0.0,0,8.699982401161321e-11
CyclicControl,tabular,204,57,14.77532796705766,0.05392791935902347,0.20444296807405893,0.03,0.03,1.0,0.2801419096684065,0.006974495512784479,0.006974323391161774,0.0,0,8.572649534688281e-11
CyclicControl,tabular,204,58,14.79920123085464,0.05392356280882623,0.2026695891871877,0.03,0.03,1.0,0.28007010233642254,0.00689727821849323,0.0068971082448461285,0.0,0,8.446705834774804e-11
CyclicControl,tabular,204,59,14.822694159688988,0.05392085136076583,0.20092541806346342,0.03,0.03,1.0,0.2800011715793019,0.006821099278751824,0.006820931258499363,0.0,0,8.322169342545038e-11
CyclicControl,tabular,204,60,14.845875495117454,0.05391951712350566,0.19920973514549467,0.03,0.03,1.0,0.2799351011422277,0.006745972908285824,0.00674580665457114,0.0,0,8.929933181800465e-11
CyclicControl,tabular,204,61,14.868813028392038,0.05391929480158344,0.1975218147758695,0.03,0.03,1.0,0.27987187228815297,0.006671910347184173,0.006671745682099384,0.0,0,8.974845866482895e-11
CyclicControl,tabular,204,62,14.891573452133203,0.05391992209718364,0.19586092754649842,0.03,0.03,1.0,0.2798114638520835,0.006598919979899753,0.006598756735390565,0.0,0,8.841238852141942e-11
CyclicControl,tabular,204,63,14.914222227926167,0.05392114009973877,0.19422634255438775,0.03,0.03,1.0,0.27975385229739963,0.006527007463559081,0.006526845482494603,0.0,0,8.709247212301818e-11
CyclicControl,tabular,204,64,14.936823469288422,0.05392269366301914,0.1926173295543676,0.03,0.03,1.0,0.2796990117741132,0.006456175865432595,0.006456015002268778,0.0,0,8.578882049192771e-11
CyclicControl,tabular,204,65,14.959439839365196,0.05392433176940037,0.19103316099994272,0.03,0.03,1.0,0.2796469141789519,0.006386425807103663,0.006386265928600476,0.0,0,8.450153077266265e-11
CyclicControl,tabular,204,66,14.98213246263555,0.05392580788102489,0.1894731139674588,0.03,0.03,1.0,0.2795975292171692,0.006317755614750703,0.006317596600529107,0.0,0,8.323074174310108e-11
CyclicControl,tabular,204,67,15.004960849854811,0.053926880277603,0.18793647195746166,0.03,0.03,1.0,0.27955082446598073,0.006250161474132043,0.006250003216929145,0.0,0,8.925384042957063e-11
CyclicControl,tabular,204,68,15.027982835416863,0.05392731238062385,0.18642252656702052,0.03,0.03,1.0,0.27950676543951447,0.0061836375882743655,0.006183479994365304,0.0,0,8.971003107038911e-11
CyclicControl,tabular,204,69,15.051254526291778,0.053926873063777817,0.1849305790323108,0.03,0.03,1.0,0.27946531565518584,0.0061181763377459175,0.006118019326942337,0.0,0,8.835367160120455e-11
CyclicControl,tabular,204,70,15.074830261679029,0.05392533694941268,0.183459941637254,0.03,0.03,1.0,0.2794264367013912,0.0060537684411507975,0.006053611946799542,0.0,0,8.701606102334836e-11
CyclicControl,tabular,204,71,15.098762582511613,0.053922484690876384,0.18200993898697115,0.03,0.03,1.0,0.2793900883064166,0.005990403115162524,0.005990247084070588,0.0,0,8.569726872575956e-11
CyclicControl,tabular,204,72,15.123102209952126,0.0539181032406216,0.18057990914690514,0.03,0.03,1.0,0.2793562284084731,0.005928068233034073,0.005927912625193987,0.0,0,8.439739185295281e-11
CyclicControl,tabular,204,73,15.147898032034703,0.05391198610397433,0.17916920464738362,0.03,0.03,1.0,0.2793248132267504,0.0058667504802832615,0.00586659526843003,0.0,0,8.311651367165496e-11
CyclicControl,tabular,204,74,15.173197097628126,0.05390393357848874,0.1777771933552108,0.03,0.03,1.0,0.2792957973334038,0.005806435506254259,0.005806280675599962,0.0,0,8.199058099123135e-11
CyclicControl,tabular,204,75,15.199044616920734,0.053893752978839304,0.1764032592166509,0.03,0.03,1.0,0.2792691337263681,0.005747108071667145,0.00574695361914801,0.0,0,8.186419597766559e-11
CyclicControl,tabular,204,76,15.225483967659622,0.053881258847218144,0.17504680287209196,0.03,0.03,1.0,0.2792447739029131,0.005688752189855928,0.005688598123592792,0.0,0,8.996374478709157e-11
CyclicControl,tabular,204,77,15.252556706410504,0.05386627314923213,0.17370724215049482,0.03,0.03,1.0,0.2792226679338451,0.005631351262136763,0.005631197600711624,0.0,0,8.999748168925237e-11
CyclicControl,tabular,204,78,15.280302584142689,0.05384862545531228,0.1723840124452758,0.03,0.03,1.0,0.2792027645382601,0.00557488820606869,0.0055747349777316435,0.0,0,8.991453415152506e-11
CyclicControl,tabular,204,79,15.308759565482127,0.05382815310766955,0.17107656697959994,0.03,0.03,1.0,0.2791850111587622,0.005519345576120105,0.005519192817972307,0.0,0,8.997506906194275e-11
CyclicControl,tabular,204,80,15.337963851016482,0.053804701372851656,0.16978437696608117,0.03,0.03,1.0,0.27916935403705795,0.005464705676339221,0.005464553433491726,0.0,0,8.998193856690762e-11
CyclicControl,tabular,204,81,15.367949902076802,0.053778123579972095,0.1685069316676724,0.03,0.03,1.0,0.27915573828983725,0.005410950664727576,0.0054107989893635855,0.0,0,8.997827483092635e-11
CyclicControl,tabular,204,82,15.398750467461207,0.05374828124470418,0.1672437383675729,0.03,0.03,1.0,0.279144107984854,0.0053580626488587135,0.005357911599291554,0.0,0,8.978856547159353e-11
CyclicControl,tabular,204,83,15.43039661160697,0.05371504417914666,0.16599432225480326,0.03,0.03,1.0,0.2791344062171261,0.005306023772601559,0.0053058734124172835,0.0,0,8.959070985081752e-11
CyclicControl,tabular,204,84,15.462917743756657,0.0536782905876854,0.16475822623268077,0.03,0.03,1.0,0.27912657518516254,0.0052548162941216114,0.005254666691216547,0.0,0,8.938444429062997e-11
CyclicControl,tabular,204,85,15.496341647702362,0.05363790714899404,0.16353501065956566,0.03,0.03,1.0,0.27912055626714727,0.005204422654858182,0.0052042738805110345,0.0,0,8.916956062421377e-11
CyclicControl,tabular,204,86,15.530694511729656,0.05359378908432735,0.16232425302823983,0.03,0.03,1.0,0.2791162900969882,0.005154825539770702,0.005154677667690288,0.0,0,8.894580905138838e-11
CyclicControl,tabular,204,87,15.566000958418496,0.053545840212277616,0.161125547592339,0.03,0.03,1.0,0.27911371664015633,0.005106007928715628,0.005105861034276571,0.0,0,8.87130230387001e-11
CyclicControl,tabular,204,88,15.602284073991829,0.053493972990177864,0.15993850494659956,0.03,0.03,1.0,0.2791127752692423,0.005057953139838228,0.005057807299163941,0.0,0,8.847103605269524e-11
CyclicControl,tabular,204,89,15.63956543693518,0.05343810854235013,0.15876275157017394,0.03,0.03,1.0,0.2791134048391396,0.005010644864502978,0.005010500153740272,0.0,0,8.82196676821323e-11
CyclicControl,tabular,204,90,15.677865145641102,0.053378176675403295,0.15759792933902617,0.03,0.03,1.0,0.27911554376180236,0.0049640671949301995,0.004963923689384475,0.0,0,8.795873751576977e-11
CyclicControl,tabular,204,91,15.717201844860353,0.053314115880805646,0.15644369501417454,0.03,0.03,1.0,0.2791191300804769,0.0049182046441066385,0.004918062417659352,0.0,0,8.768812065351739e-11
CyclicControl,tabular,204,92,15.75759275076934,0.053245873324958434,0.15529971971350864,0.03,0.03,1.0,0.27912410154335976,0.0048730421593135564,0.004872901283751951,0.0,0,8.74077199508605e-11
CyclicControl,tabular,204,93,15.79905367448761,0.05317340482701399,0.15416568837242073,0.03,0.03,1.0,0.27913039567659687,0.004828565129201157,0.004828425673635395,0.0,0,8.71173688743454e-11
CyclicControl,tabular,204,94,15.841599043903084,0.053096674824687676,0.15304129919950227,0.03,0.03,1.0,0.27913794985656043,0.004784759385142084,0.004784621415507506,0.0,0,8.681703966839649e-11
CyclicControl,tabular,204,95,15.885241923684221,0.053015656328323106,0.1519262631322793,0.03,0.03,1.0,0.27914670138133724,0.004741611197450285,0.004741474776055465,0.0,0,8.650659355513568e-11
CyclicControl,tabular,204,96,15.929994033379383,0.052930330863475615,0.15082030329798823,0.03,0.03,1.0,0.2791565875413594,0.00469910726698472,0.00469897245213069,0.0,0,8.618601665677517e-11
CyclicControl,tabular,204,97,15.975865763520495,0.05284068840229295,0.1497231544841604,0.03,0.03,1.0,0.27916754568911734,0.004657234712712399,0.004657101558417143,0.0,0,8.585523958437591e-11
CyclicControl,tabular,204,98,16.022866189668616,0.05274672728396893,0.14863456262121932,0.03,0.03,1.0,0.27917951330789065,0.004615981055971052,0.004615849611666056,0.0,0,8.551422070457448e-11
CyclicControl,tabular,204,99,16.071003084352466,0.052648454124563905,0.14755428428148143,0.03,0.03,1.0,0.27919242807943695,0.004575334201659675,0.004575204512059061,0.0,0,8.516293226179528e-11
CyclicControl,tabular,204,100,16.120282926867866,0.0525458837164814,0.14648208619805203,0.03,0.03,1.0,0.27920622795057704,0.0045352824173078565,0.004535154522272933,0.0,0,8.480134650046267e-11
CyclicControl,tabular,205,1,16.808750534290578,0.0360449831349098,0.36072886356047773,0.03,0.03,1.0,0.2847670717286772,0.014857841835300818,0.014857153008941193,0.0,0,8.342226909263672e-11
CyclicControl,tabular,205,2,16.7470386419929,0.03651139889742912,0.3564501939706699,0.03,0.03,1.0,0.2847217786320968,0.014657754426801216,0.014657099712156896,0.0,0,8.237333037897088e-11
CyclicControl,tabular,205,3,16.686261499856517,0.036979517416546405,0.352242785540291,0.03,0.03,1.0,0.28467854030575407,0.014456261243240745,0.014455641170839195,0.0,0,8.993211730867756e-11
CyclicControl,tabular,205,4,16.626503628872317,0.03744892571089325,0.34810802581617395,0.03,0.03,1.0,0.2846373595027965,0.014253719628569571,0.014253134528974254,0.0,0,8.924627703521537e-11
CyclicControl,tabular,205,5,16.567841323544616,0.03791921162254357,0.34404708984272503,0.03,0.03,1.0,0.2845982363106761,0.014050483016466341,0.014049933021688776,0.0,0,8.813233476345772e-11
CyclicControl,tabular,205,6,16.510343129975993,0.03838996439818035,0.34006093660504666,0.03,0.03,1.0,0.28456116816362015,0.013846899258652467,0.013846384305815196,0.0,0,8.703571197088422e-11
CyclicControl,tabular,205,7,16.454070315384737,0.03886077526482132,0.33615030705340665,0.03,0.03,1.0,0.28452614985949537,0.013643309016691118,0.013642828853859035,0.0,0,8.595635314634364e-11
CyclicControl,tabular,205,8,16.399077326113954,0.03933123799884584,0.3323157237275498,0.03,0.03,1.0,0.28449317358099835,0.013440044233029408,0.01343959842696707,0.0,0,8.489423053426037e-11
CyclicControl,tabular,205,9,16.345412231786973,0.03980094948710374,0.32855749195506156,0.03,0.03,1.0,0.28446222892108414,0.013237426695498938,0.013237014641211076,0.0,0,8.384920535675633e-11
CyclicControl,tabular,205,10,16.293117153790803,0.040269510278931345,0.3248757025908655,0.03,0.03,1.0,0.28443330291255403,0.013035766707572265,0.013035387639682483,0.0,0,8.282122210268028e-11
CyclicControl,tabular,205,11,16.24222867672887,0.040736525127946586,0.32127023623590434,0.03,0.03,1.0,0.2844063800616934,0.012835361875581246,0.012835014881064088,0.0,0,8.944101015373462e-11
CyclicControl,tabular,205,12,16.192778241882426,0.0412016035225436,0.3177407688547573,0.03,0.03,1.0,0.2843814423858516,0.012636496021988122,0.012636180053397617,0.0,0,8.979497700956074e-11
CyclicControl,tabular,205,13,16.144792522062737,0.04166436020405941,0.3142867786987136,0.03,0.03,1.0,0.28435846945485466,0.012439438229191663,0.012439152119479324,0.0,0,8.870815193517956e-11
CyclicControl,tabular,205,14,16.098293777525427,0.042124415671638785,0.3109075544203477,0.03,0.03,1.0,0.28433743843611353,0.012244442020859737,0.01224418449843756,0.0,0,8.763922920707046e-11
CyclicControl,tabular,205,15,16.05330019286294,0.042581396672879725,0.30760220426018225,0.03,0.03,1.0,0.2843183241433092,0.01205174468180925,0.012051514385826634,0.0,0,8.658793126947728e-11
CyclicControl,tabular,205,16,16.00982619499345,0.043034936679396146,0.304369666171167,0.03,0.03,1.0,0.2843010990885115,0.011861566716985482,0.011861362212691962,0.0,0,8.55538417887658e-11
CyclicControl,tabular,205,17,15.96788275252978,0.04348467634649792,0.3012087187469259,0.03,0.03,1.0,0.2842857335375831,0.011674111447796546,0.011673931241969582,0.0,0,8.453662769802861e-11
CyclicControl,tabular,205,18,15.927477656946294,0.04393026395624099,0.2981179928103761,0.03,0.03,1.0,0.2842721955687308,0.011489564743487867,0.01148940729921799,0.0,0,8.353592817478273e-11
CyclicControl,tabular,205,19,15.888615786065682,0.044371355843167926,0.2950959835243294,0.03,0.03,1.0,0.28426045113404164,0.011308094881629267,0.011307958632775117,0.0,0,8.255129912981829e-11
CyclicControl,tabular,205,20,15.851299350470137,0.044807616802111046,0.29214106288265596,0.03,0.03,1.0,0.2842504641238535,0.011129852532716998,0.011129735897376758,0.0,0,8.994707756393439e-11
CyclicControl,tabular,205,21,15.815528123499833,0.045238720477499036,0.2892514924517364,0.03,0.03,1.0,0.28424219643379456,0.01095497086056952,0.01095487225396452,0.0,0,8.958722652607776e-11
CyclicControl,tabular,205,22,15.781299655544476,0.045664349733662776,0.28642543622768857,0.03,0.03,1.0,0.2842356080343319,0.01078356573142878,0.010783483577674557,0.0,0,8.854383892753503e-11
CyclicControl,tabular,205,23,15.748609473361178,0.046084197005697596,0.28366097349415975,0.03,0.03,1.0,0.2842306570426636,0.010615736021935869,0.010615668765088904,0.0,0,8.751629976266884e-11
CyclicControl,tabular,205,24,15.717451265164966,0.04649796463050103,0.2809561115662107,0.03,0.03,1.0,0.2842272997967872,0.010451564018035485,0.01045151013165746,0.0,0,8.650408167554247e-11
CyclicControl,tabular,205,25,15.687817052243755,0.046905365157659314,0.2783087983195598,0.03,0.03,1.0,0.28422549093157323,0.010291115893615747,0.01029107388957573,0.0,0,8.550671282137046e-11
CyclicControl,tabular,205,26,15.659697347843457,0.047306121639919735,0.27571693441289513,0.03,0.03,1.0,0.28422518345668557,0.010134442260510003,0.010134410696567953,0.0,0,8.452358257748926e-11
CyclicControl,tabular,205,27,15.63308130405836,0.047699967903036065,0.27317838512504466,0.03,0.03,1.0,0.2842263288361627,0.009981578779467423,0.00998155626593622,0.0,0,8.355420522132562e-11
CyclicControl,tabular,205,28,15.607956847444253,0.04808664879483367,0.270690991737943,0.03,0.03,1.0,0.2842288770695113,0.00983254682324378,0.009832532028460461,0.0,0,8.259806727473062e-11
CyclicControl,tabular,205,29,15.584310804050203,0.048465920413394925,0.26825258240379957,0.03,0.03,1.0,0.2842327767741299,0.009687354182291365,0.009687345837112282,0.0,0,8.934712691921476e-11
CyclicControl,tabular,205,30,15.562129014540288,0.048837550314314984,0.2658609824547187,0.03,0.03,1.0,0.2842379752689023,0.009545995724558554,0.00954599270584211,0.0,0,8.969219811305607e-11
CyclicControl,tabular,205,31,15.541396440049734,0.04920131769702942,0.2635140241122713,0.03,0.03,1.0,0.28424441865879674,0.009408454352529433,0.009408455574271168,0.0,0,8.866984924082999e-11
CyclicControl,tabular,205,32,15.522097259390312,0.04955701357026586,0.2612095555721228,0.03,0.03,1.0,0.28425205192030634,0.009274701667070367,0.009274706090686702,0.0,0,8.766001813320656e-11
CyclicControl,tabular,205,33,15.50421495819082,0.049904440896714135,0.25894544944364273,0.03,0.03,1.0,0.28426081898757144,0.009144698750434582,0.009144705406196163,0.0,0,8.66620247785832e-11
CyclicControl,tabular,205,34,15.487732410527599,0.0502434147170578,0.25671961053279624,0.03,0.03,1.0,0.2842706628390273,0.009018396986170546,0.009018404973651029,0.0,0,8.56754944766891e-11
CyclicControl,tabular,205,35,15.472631953569579,0.050573762253549835,0.2545299829655012,0.03,0.03,1.0,0.28428152558442027,0.00889573885748235,0.00889574734548293,0.0,0,8.469984436043632e-11
CyclicControl,tabular,205,36,15.458895455732561,0.050895322993355155,0.2523745566523794,0.03,0.03,1.0,0.28429334855204347,0.008776658738989196,0.008776666965173874,0.0,0,8.373463034061501e-11
CyclicControl,tabular,205,37,15.446504378806878,0.051207948751922694,0.250251373102478,0.03,0.03,1.0,0.28430607237604355,0.008661083678011439,0.008661090947799321,0.0,0,8.27793389390763e-11
CyclicControl,tabular,205,38,15.43543983449462,0.051511503716681804,0.24815853060289328,0.03,0.03,1.0,0.2843196370836554,0.00854893416021546,0.008548939845498982,0.0,0,8.953746077899893e-11
CyclicControl,tabular,205,39,15.425682635763303,0.05180586447139519,0.24609418877316047,0.03,0.03,1.0,0.2843339821822211,0.008440124856935544,0.008440128394408108,0.0,0,8.988534916376523e-11
CyclicControl,tabular,205,40,15.417213343396876,0.05209092000152726,0.24405657252042356,0.03,0.03,1.0,0.2843490467458648,0.00833456535080368,0.008334566240012609,0.0,0,8.885417401849338e-11
CyclicControl,tabular,205,41,15.410012308098382,0.05236657168101831,0.2420439754166448,0.03,0.03,1.0,0.28436476950168227,0.008232160837293806,0.008232158638411313,0.0,0,8.78321582131747e-11
CyclicControl,tabular,205,42,15.4040597084735,0.05263273324088106,0.24005476252049185,0.03,0.03,1.0,0.2843810889153256,0.008132812799699879,0.008132807131355113,0.0,0,8.681898255868958e-11
CyclicControl,tabular,205,43,15.399335585201724,0.05288933072005691,0.23808737267158042,0.03,0.03,1.0,0.284397943275858,0.008036419656810206,0.008036410193412613,0.0,0,8.581416133246478e-11
CyclicControl,tabular,205,44,15.39581987167776,0.053136302398998865,0.23614032028453358,0.03,0.03,1.0,0.28441527077975826,0.007942877380613167,0.00794286384989873,0.0,0,8.481740310095631e-11
CyclicControl,tabular,205,45,15.393492421386773,0.053373598716456035,0.23421219666950321,0.03,0.03,1.0,0.2844330096139628,0.00785208008424565,0.007852062264550486,0.0,0,8.38283747972568e-11
CyclicControl,tabular,205,46,15.392333032255078,0.053601182169965414,0.23230167090927956,0.03,0.03,1.0,0.2844510980378416,0.007763920578655853,0.007763898296249794,0.0,0,8.284674335445885e-11
CyclicControl,tabular,205,47,15.392321468200665,0.053819027200561795,0.23040749031897345,0.03,0.03,1.0,0.28446947446399345,0.007678290898062795,0.007678264024348458,0.0,0,8.953397745425917e-11
CyclicControl,tabular,205,48,15.393437478089925,0.05402712006223554,0.2285284805183363,0.03,0.03,1.0,0.28448807753777167,0.007595082793463298,0.0075950512422868766,0.0,0,8.98939950255695e-11
CyclicControl,tabular,205,49,15.39566081229017,0.054225458676678925,0.22666354514467302,0.03,0.03,1.0,0.28450684621543915,0.007514188194769733,0.0075141519195892625,0.0,0,8.882619639827283e-11
CyclicControl,tabular,205,50,15.398971236993079,0.0544140524738701,0.22481166523178886,0.03,0.03,1.0,0.2845257198408667,0.007435499640924131,0.0074354586322255,0.0,0,8.776551707612157e-11
CyclicControl,tabular,205,51,15.403348546469537,0.0545929222190526,0.2229718982823703,0.03,0.03,1.0,0.2845446382206879,0.00735891067929112,0.0073588649617827295,0.0,0,8.671179052566202e-11
CyclicControl,tabular,205,52,15.40877257340295,0.05476209982667776,0.2211433770617277,0.03,0.03,1.0,0.2845635416978297,0.0072843162336752865,0.007284265863712003,0.0,0,8.566475306892585e-11
CyclicControl,tabular,205,53,15.415223197437072,0.05492162816187337,0.21932530813321138,0.03,0.03,1.0,0.2845823712233462,0.007211612942326723,0.007211558005295382,0.0,0,8.462432143918619e-11
CyclicControl,tabular,205,54,15.42268035206141,0.055071560830018816,0.21751697016535454,0.03,0.03,1.0,0.28460106842647903,0.007140699466081035,0.007140640073857285,0.0,0,8.359028746962593e-11
CyclicControl,tabular,205,55,15.431124029949254,0.055211961954993366,0.21571771202886225,0.03,0.03,1.0,0.28461957568288593,0.007071476767402635,0.00707141305597947,0.0,0,8.256260952688166e-11
CyclicControl,tabular,205,56,15.440534286851712,0.05534290594667961,0.21392695070769907,0.03,0.03,1.0,0.28463783618096505,0.007003848361469056,0.007003780488454736,0.0,0,8.997691480772119e-11
CyclicControl,tabular,205,57,15.450891244144385,0.055464477258291255,0.21214416904705158,0.03,0.03,1.0,0.28465579398622726,0.006937720539477998,0.006937648681814679,0.0,0,8.947308172135848e-11
CyclicControl,tabular,205,58,15.462175090114476,0.055576770134099895,0.21036891335660668,0.03,0.03,1.0,0.28467339410365594,0.006873002565559061,0.006872926917269706,0.0,0,8.835170095533584e-11
CyclicControl,tabular,205,59,15.474366080069688,0.055679888348130105,0.20860079088896866,0.03,0.03,1.0,0.2846905825380064,0.00680960684793791,0.006809527618000133,0.0,0,8.723700928303657e-11
CyclicControl,tabular,205,60,15.487444535343656,0.055773944934387934,0.2068394672125773,0.03,0.03,1.0,0.28470730635200536,0.0067474490856237745,0.00674736649574692,0.0,0,8.612902058224847e-11
CyclicControl,tabular,205,61,15.501390841267318,0.05585906190918363,0.20508466349704602,0.03,0.03,1.0,0.28472351372239874,0.006686448390794381,0.006686362673598012,0.0,0,8.502772097518374e-11
CyclicControl,tabular,205,62,15.516185444170462,0.055935369986103996,0.20333615372639668,0.03,0.03,1.0,0.2847391539938198,0.006626527389165582,0.006626438786068722,0.0,0,8.393313821741799e-11
CyclicControl,tabular,205,63,15.53180884747376,0.056003008284181525,0.20159376185855948,0.03,0.03,1.0,0.28475417773043843,0.006567612297886799,0.006567521057368131,0.0,0,8.284530006452684e-11
CyclicControl,tabular,205,64,15.548241606927332,0.05606212402980431,0.19985735894373358,0.03,0.03,1.0,0.28476853676536457,0.006509632983171837,0.006509539358978578,0.0,0,8.925606087561988e-11
CyclicControl,tabular,205,65,15.565464325049405,0.0561128722528964,0.19812686021878356,0.03,0.03,1.0,0.28478218424777807,0.006452522998055182,0.0064524272474887345,0.0,0,8.965556075324344e-11
CyclicControl,tabular,205,66,15.583457644815283,0.056155415477899345,0.196402222188663,0.03,0.03,1.0,0.28479507468776016,0.0063962196013832295,0.006396121983794356,0.0,0,8.846967602949007e-11
CyclicControl,tabular,205,67,15.60220224264524,0.056189923410067545,0.19468343971116298,0.03,0.03,1.0,0.2848071639988124,0.006340663759482196,0.006340564534661919,0.0,0,8.729154898912128e-11
CyclicControl,tabular,205,68,15.621678820738536,0.056216572617585475,0.19297054309331818,0.03,0.03,1.0,0.2848184095380408,0.0062858001309506195,0.006285699557754265,0.0,0,8.612131841001514e-11
CyclicControl,tabular,205,69,15.641868098798621,0.05623554621000679,0.19126359521443592,0.03,0.03,1.0,0.28482877014399455,0.006231577036128116,0.006231475371119788,0.0,0,8.495908143668629e-11
CyclicControl,tabular,205,70,15.662750805194877,0.05624703351350243,0.18956268868463577,0.03,0.03,1.0,0.2848382061721489,0.006177946411960233,0.006177843908240166,0.0,0,8.380497684701282e-11
CyclicControl,tabular,205,71,15.684307667605283,0.05625122974339562,0.18786794304898047,0.03,0.03,1.0,0.2848466795280277,0.0061248637537499595,0.006124760659677264,0.0,0,8.265912954108501e-11
CyclicControl,tabular,205,72,15.706519403184705,0.05624833567445273,0.18617950204761757,0.03,0.03,1.0,0.28485415369795336,0.006072288044146779,0.0060721846023436,0.0,0,8.999279099697333e-11
CyclicControl,tabular,205,73,15.729366708303862,0.056238557309385775,0.18449753094019194,0.03,0.03,1.0,0.28486059377743334,0.006020181671146929,0.006020078117468519,0.0,0,8.93253665479321e-11
CyclicControl,tabular,205,74,15.75283024790426,0.05622210554601697,0.18282221390151232,0.03,0.03,1.0,0.2848659664971754,0.005968510335590482,0.005968406898265499,0.0,0,8.808073714838827e-11
CyclicControl,tabular,205,75,15.776890644516438,0.05619919584353769,0.18115375149765356,0.03,0.03,1.0,0.28487024024674,0.005917242949507906,0.005917139848323649,0.0,0,8.684594710040017e-11
CyclicControl,tabular,205,76,15.801528466988934,0.056170047888290484,0.17949235824746834,0.03,0.03,1.0,0.284873385095836,0.005866351526226887,0.0058662489717616895,0.0,0,8.562120457078493e-11
CyclicControl,tabular,205,77,15.826724218977814,0.056134885259488204,0.1778382602765083,0.03,0.03,1.0,0.28487537281326186,0.005815811063008547,0.005815709256055568,0.0,0,8.440668997078404e-11
CyclicControl,tabular,205,78,15.852458327247993,0.056093935095274994,0.17619169306841154,0.03,0.03,1.0,0.2848761768835169,0.00576559941768004,0.005765498548620962,0.0,0,8.320258371163902e-11
CyclicControl,tabular,205,79,15.878711129839687,0.05604742775952147,0.17455289931743723,0.03,0.03,1.0,0.28487577252107976,0.005715697179577123,0.005715597427985886,0.0,0,8.936835993456071e-11
CyclicControl,tabular,205,80,15.905462864155174,0.05599559650973957,0.17292212688817532,0.03,0.03,1.0,0.2848741366823831,0.0056660875363745145,0.005665989070571031,0.0,0,8.980702292937792e-11
CyclicControl,tabular,205,81,15.932693655023888,0.05593867716648684,0.17129962688307576,0.03,0.03,1.0,0.28487124807549263,0.005616756137149265,0.005616659113915845,0.0,0,8.85050643884e-11
CyclicControl,tabular,205,82,15.960383502805563,0.05587690778462524,0.1696856518230705,0.03,0.03,1.0,0.28486708716751585,0.005567690952904825,0.005567595517257495,0.0,0,8.740302925858145e-11
CyclicControl,tabular,205,83,15.988512271594571,0.0558105283267819,0.16808045394093307,0.03,0.03,1.0,0.2848616361897607,0.005518882135236186,0.005518788420274423,0.0,0,8.702638609747737e-11
CyclicControl,tabular,205,84,16.01705967758976,0.055739780339358,0.1664842835906899,0.03,0.03,1.0,0.28485487914066715,0.0054703218740202175,0.005470230000819365,0.0,0,8.665010375885629e-11
CyclicControl,tabular,205,85,16.046005277698463,0.055664906631412193,0.16489738777192842,0.03,0.03,1.0,0.28484680178653893,0.005422004254760027,0.005421914332393585,0.0,0,8.627391856474986e-11
CyclicControl,tabular,205,86,16.075328458444115,0.055586150956743144,0.1633200087719222,0.03,0.03,1.0,0.28483739166010036,0.005373925116580219,0.00537383724211038,0.0,0,8.589760153165926e-11
CyclicControl,tabular,205,87,16.105008425250833,0.0555037576994797,0.16175238292111538,0.03,0.03,1.0,0.28482663805691083,0.005326081911084718,0.005325996169790237,0.0,0,8.552097918723689e-11
CyclicControl,tabular,205,88,16.135024192180044,0.0554179715634801,0.16019473946556895,0.03,0.03,1.0,0.2848145320296657,0.0052784735635003355,0.005278390028917834,0.0,0,8.51437947924083e-11
CyclicControl,tabular,205,89,16.165354572196577,0.05532903726583365,0.15864729955067935,0.03,0.03,1.0,0.2848010663804178,0.005231100335662542,0.0052310190699469405,0.0,0,8.476590956929542e-11
CyclicControl,tabular,205,90,16.19597816804441,0.055237199234742934,0.15711027531749577,0.03,0.03,1.0,0.2847862356507537,0.005183963692504928,0.005183884746623457,0.0,0,8.43870806566116e-11
CyclicControl,tabular,205,91,16.22687336381355,0.0551427013120612,0.15558386910746735,0.03,0.03,1.0,0.2847700361099588,0.005137066171634785,0.005136989585743823,0.0,0,8.400716233758487e-11
CyclicControl,tabular,205,92,16.258018317281937,0.05504578646074647,0.154068272772101,0.03,0.03,1.0,0.28475246574121515,0.005090411257070104,0.005090337060864258,0.0,0,8.362596032318592e-11
CyclicControl,tabular,205,93,16.289390953117213,0.054946696477485686,0.15256366708654157,0.03,0.03,1.0,0.28473352422586334,0.005044003257239249,0.005043931470353646,0.0,0,8.324329420217325e-11
CyclicControl,tabular,205,94,16.320968957025073,0.054845671710732645,0.15107022126069625,0.03,0.03,1.0,0.28471321292577323,0.00499784718769869,0.00499777782015387,0.0,0,8.285901825777486e-11
CyclicControl,tabular,205,95,16.352729770931415,0.05474295078439504,0.14958809254657646,0.03,0.03,1.0,0.2846915348638671,0.004951948658815347,0.004951881711550754,0.0,0,8.247294513985537e-11
CyclicControl,tabular,205,96,16.38465058928579,0.05463877032739464,0.1481174259347129,0.03,0.03,1.0,0.28466849470283795,0.004906313768990589,0.004906249234272575,0.0,0,8.20849638261123e-11
CyclicControl,tabular,205,97,16.416708356574595,0.05453336470931967,0.14665835393810056,0.03,0.03,1.0,0.28464409872210533,0.004860949003089851,0.004860886865071301,0.0,0,8.996241251946202e-11
CyclicControl,tabular,205,98,16.448879766130975,0.05442696578237423,0.1452109964565712,0.03,0.03,1.0,0.28461835479305764,0.0048158611367331156,0.004815801372004991,0.0,0,8.996241251946202e-11
CyclicControl,tabular,205,99,16.481141260328585,0.054319802629826094,0.14377546071739356,0.03,0.03,1.0,0.28459127235263004,0.00477105714648475,0.004770999724554026,0.0,0,8.989781835611055e-11
CyclicControl,tabular,205,100,16.513469032244206,0.05421210132113979,0.14235184128859601,0.03,0.03,1.0,0.2845628623752617,0.004726544125719892,0.004726489009617141,0.0,0,8.945661572612451e-11
CyclicControl,tabular,206,1,13.218928358586027,0.03834066672065877,0.3576026529698684,0.03,0.03,1.0,0.2900361682504493,0.012674231828255805,0.012673183645382613,0.0,0,8.645567595166881e-11
CyclicControl,tabular,206,2,13.2343539408605,0.03833448686196042,0.3543660767184931,0.03,0.03,1.0,0.29008753800457876,0.012525230280352344,0.012524179825223802,0.0,0,8.580819388370742e-11
CyclicControl,tabular,206,3,13.252274723859964,0.03832167264580458,0.3511463333767839,0.03,0.03,1.0,0.2901366273973957,0.012373189665303807,0.012372140361951223,0.0,0,8.516087834919972e-11
CyclicControl,tabular,206,4,13.272721411310087,0.03830261043728512,0.3479458162611748,0.03,0.03,1.0,0.29018340228281364,0.012218239725501073,0.012217195342212772,0.0,0,8.451106481288662e-11
CyclicControl,tabular,206,5,13.295722007930696,0.038277682541773675,0.3447670483312959,0.03,0.03,1.0,0.2902278323008466,0.012060537159961011,0.012059501768752812,0.0,0,8.385903083052426e-11
CyclicControl,tabular,206,6,13.32130192788123,0.038247266685668274,0.34161266289827186,0.03,0.03,1.0,0.29026989079865634,0.011900266797118317,0.011899244723132751,0.0,0,8.320488742441512e-11
CyclicControl,tabular,206,7,13.34948408484001,0.038211735536752146,0.3384853808526378,0.03,0.03,1.0,0.29030955474712883,0.011737642352091349,0.011736638112886721,0.0,0,8.254885663916411e-11
CyclicControl,tabular,206,8,13.380288963712784,0.03817145626349142,0.335387984595481,0.03,0.03,1.0,0.29034680465339213,0.011572906711698788,0.011571924947987311,0.0,0,8.189110500822494e-11
CyclicControl,tabular,206,9,13.413734673995917,0.03812679013250481,0.3323232889740346,0.03,0.03,1.0,0.29038162446966953,0.011406331702172513,0.011405377100430325,0.0,0,8.979600396585852e-11
CyclicControl,tabular,206,10,13.44983698484416,0.03807809214333396,0.32929410961946015,0.03,0.03,1.0,0.29041400149886065,0.011238217301554733,0.011237294511644125,0.0,0,8.952344421331304e-11
CyclicControl,tabular,206,11,13.48860934190911,0.03802571069955158,0.3263032292015966,0.03,0.03,1.0,0.2904439262972501,0.01106889027758218,0.011068003826274708,0.0,0,8.878797697065011e-11
CyclicControl,tabular,206,12,13.530062866027208,0.03796998731516535,0.3233533622132079,0.03,0.03,1.0,0.2904713925747138,0.010898702242762855,0.010897856446187904,0.0,0,8.805123297150885e-11
CyclicControl,tabular,206,13,13.574206333846849,0.037911256355192664,0.32044711898077116,0.03,0.03,1.0,0.29049639709281294,0.010728027138240805,0.01072722601566567,0.0,0,8.731337874934297e-11
CyclicControl,tabular,206,14,13.621046140494501,0.03784984480921835,0.3175869696664724,0.03,0.03,1.0,0.2905189395611335,0.010557258174816233,0.010556505366484226,0.0,0,8.657455308203055e-11
CyclicControl,tabular,206,15,13.670586244391357,0.03778607209668008,0.3147752090745026,0.03,0.03,1.0,0.290539022532234,0.01038680427790435,0.010386102969542232,0.0,0,8.583489474744965e-11
CyclicControl,tabular,206,16,13.722828094348513,0.03772024990257816,0.31201392308581877,0.03,0.03,1.0,0.29055665129554753,0.010217086099823311,0.010216438956638374,0.0,0,8.50944315011759e-11
CyclicControl,tabular,206,17,13.777770539088317,0.03765268204225207,0.30930495753838105,0.03,0.03,1.0,0.2905718337705741,0.010048531679490737,0.01004794079161142,0.0,0,8.435335763223861e-11
CyclicControl,tabular,206,18,13.83540971936899,0.03758366435383464,0.30664989032322953,0.03,0.03,1.0,0.2905845803996878,0.009881571841849082,0.009881038683000387,0.0,0,8.361156211833531e-11
CyclicControl,tabular,206,19,13.895738942925306,0.0375134846169544,0.3040500073902108,0.03,0.03,1.0,0.29059490404086596,0.009716635438941976,0.009716160840161248,0.0,0,8.286932251522217e-11
CyclicControl,tabular,206,20,13.95874854248637,0.037442422496237145,0.3015062832565474,0.03,0.03,1.0,0.29060281986064235,0.009554144542446337,0.009553728681061413,0.0,0,8.212658331174794e-11
CyclicControl,tabular,206,21,14.024425717190827,0.037370749508137034,0.2990193664857421,0.03,0.03,1.0,0.290608345227559,0.009394509697970389,0.009394152101990016,0.0,0,8.99577634605464e-11
CyclicControl,tabular,206,22,14.092754357794526,0.03729872900961352,0.29658957045416434,0.03,0.03,1.0,0.29061149960638827,0.00923812534852091,0.009237824917137427,0.0,0,8.960002184643656e-11
CyclicControl,tabular,206,23,14.16371485615411,0.037226616207170646,0.2942168695735825,0.03,0.03,1.0,0.2906123044533783,0.009085365532751197,0.009085120570144545,0.0,0,8.877359958248121e-11
CyclicControl,tabular,206,24,14.237283899578308,0.037154658184769145,0.291900900966402,0.03,0.03,1.0,0.2906107831127531,0.00893657994760556,0.008936388209491275,0.0,0,8.794692751834532e-11
CyclicControl,tabular,206,25,14.313434250763448,0.03708309394913643,0.28964097144454914,0.025310581885973245,0.03,1.0,0.32685079822036023,0.008796171145359957,0.008796061730120375,0.0,0,8.711997789845327e-11
CyclicControl,tabular,206,26,14.386605016546877,0.037043050635463065,0.28741927898557895,0.019725844723679397,0.03,1.0,0.3838469796303694,0.008682143095603329,0.008682080078465715,0.0,0,8.631467762754141e-11
CyclicControl,tabular,206,27,14.454567397068809,0.0370401483124505,0.2852186944533708,0.015435528527041683,0.03,1.0,0.443210787957589,0.008588031109173562,0.008587988554534576,0.0,0,8.553813213296735e-11
CyclicControl,tabular,206,28,14.517936656658378,0.03706551145582303,0.2830325771170372,0.01212825082955848,0.03,1.0,0.5031992784408299,0.008505680789227532,0.00850564861914238,0.0,0,8.478637236741804e-11
CyclicControl,tabular,206,29,14.57737442440688,0.0371124206976597,0.28085797983352645,0.00957011670766423,0.03,1.0,0.5620432078806257,0.008430371588724138,0.008430345320237231,0.0,0,8.405562357260976e-11
CyclicControl,tabular,206,30,14.633501480902902,0.03717578432244361,0.2786939185288939,0.007585277011987785,0.03,1.0,0.6181346130196157,0.008359364292549028,0.008359341618977112,0.0,0,8.334263834619549e-11
CyclicControl,tabular,206,31,14.686863542988899,0.037251730539298714,0.27654039083297444,0.006041072995194229,0.03,1.0,0.6701779576498883,0.008291063242481767,0.008291042836210405,0.0,0,8.264475215291611e-11
CyclicControl,tabular,206,32,14.737923306241514,0.03733730177274312,0.27439783635506143,0.004836977475619969,0.03,1.0,0.7172765420305359,0.008224535183841149,0.008224516230287526,0.0,0,8.195963352441993e-11
CyclicControl,tabular,206,33,14.787064647504701,0.0374302278450025,0.2722668495993008,0.0038964432477291123,0.03,1.0,0.7589476241241648,0.008159232398073774,0.008159214383197777,0.0,0,8.998388145720071e-11
CyclicControl,tabular,206,34,14.834601735714509,0.03752875796038335,0.27014803441196,0.003160904340621741,0.03,1.0,0.7950791072081629,0.008094832623626754,0.008094815220524354,0.0,0,8.957889985339307e-11
CyclicControl,tabular,206,35,14.880789444710674,0.03763153588474663,0.2680419361591635,0.002585349967711977,0.03,1.0,0.8258509513205563,0.008031145964771785,0.008031128965867329,0.0,0,8.884992741542419e-11
CyclicControl,tabular,206,36,14.925833376354234,0.037737506742298345,0.26594901553267936,0.002135043155164156,0.03,1.0,0.8516449237927078,0.007968060443858383,0.00796804371797788,0.0,0,8.812928165014e-11
CyclicControl,tabular,206,37,14.969898790214467,0.037845847004980754,0.2638696438010735,0.0017830739800383368,0.03,1.0,0.8729603787846003,0.007905509992922291,0.007905493457723844,0.0,0,8.741615764584765e-11
CyclicControl,tabular,206,38,15.013118231651761,0.037955911580977275,0.2618041083695677,0.0015085241779228809,0.03,1.0,0.8903458667918904,0.00784345556111249,0.007843439165232446,0.0,0,8.67099725354592e-11
CyclicControl,tabular,206,39,15.055597886266689,0.038067193590529985,0.2597526226386815,0.0012950822772102896,0.03,1.0,0.9043496292944813,0.0077818739338078825,0.007781857645305812,0.0,0,8.601006018515989e-11
CyclicControl,tabular,206,40,15.097422789921962,0.0381792936198049,0.2577153370098395,0.0011299929039465843,0.03,1.0,0.9154876652515719,0.00772075110847996,0.00772073490769043,0.0,0,8.531617079476916e-11
CyclicControl,tabular,206,41,15.138661056373786,0.038291896102864084,0.25569234948645825,0.0010032555947928198,0.03,1.0,0.924225966728604,0.007660078374887712,0.007660062249706945,0.0,0,8.462786027507718e-11
CyclicControl,tabular,206,42,15.179367284276955,0.038404751098207054,0.25368371517950905,0.0009070110397045814,0.03,1.0,0.9309730410064048,0.007599850003098386,0.007599833946117518,0.0,0,8.394496209263025e-11
CyclicControl,tabular,206,43,15.219585290367844,0.03851766017166957,0.25168945449377533,0.0008350689671322736,0.03,1.0,0.9360792346609562,0.0075400618894905245,0.0075400458962083805,0.0,0,8.326722644724782e-11
CyclicControl,tabular,206,44,15.259350295591991,0.03863046542136303,0.24970955999975564,0.0007825436448744469,0.03,1.0,0.939840122099839,0.00748071077280502,0.007480694840498181,0.0,0,8.259443129432498e-11
CyclicControl,tabular,206,45,15.298690670454382,0.03874304091790166,0.24774400211093894,0.0007455714911167809,0.03,1.0,0.9425020022911003,0.00742179378846294,0.007421777915458727,0.0,0,8.999787026731099e-11
CyclicControl,tabular,206,46,15.337629326961236,0.038855286009187605,0.24579273371567179,0.0007210916476455857,0.03,1.0,0.9442682044072568,0.007363308222394926,0.00736329240772382,0.0,0,8.999787026731099e-11
CyclicControl,tabular,206,47,15.37618482817341,0.038967120069836575,0.24385569393219342,0.0007066750315717644,0.03,1.0,0.945305404788795,0.007305251381744006,0.0073052356248648476,0.0,0,8.956080321809168e-11
CyclicControl,tabular,206,48,15.414372272641911,0.03907847837344817,0.24193281113172316,0.0007003907731192762,0.03,1.0,0.9457495159917144,0.007247620532730886,0.007247604833319876,0.0,0,8.883410673732328e-11
CyclicControl,tabular,206,49,15.452203999536897,0.039189308840487276,0.24002400536442536,0.0007007016539507624,0.03,1.0,0.9457109331543843,0.007190412876114074,0.007190397234031254,0.0,0,8.811237850459008e-11
CyclicControl,tabular,206,50,15.48969015110576,0.03929956947060227,0.23812919030082313,0.0007063820596196429,0.03,1.0,0.9452790711419271,0.007133625543300387,0.007133609958522413,0.0,0,8.739559076431647e-11
CyclicControl,tabular,206,51,15.526839121611117,0.03940922631133526,0.2362482747824246,0.0007164534723551717,0.03,1.0,0.9445262069268577,0.007077255602741388,0.0070772400753170706,0.0,0,8.668363249419997e-11
CyclicControl,tabular,206,52,15.56365791593461,0.03951825184812295,0.23438116405610776,0.000730133644364625,0.03,1.0,0.9435106861777905,0.007021300070899713,0.007021284600933653,0.0,0,8.597650369424059e-11
CyclicControl,tabular,206,53,15.600152436243885,0.039626623725958994,0.23252776075978754,0.0007467965024307543,0.03,1.0,0.9422795682929445,0.006965755924648071,0.006965740512274943,0.0,0,8.527409334213587e-11
CyclicControl,tabular,206,54,15.63632771137751,0.03973432373251285,0.23068796570397399,0.0007659404336711892,0.03,1.0,0.940870792978408,0.006910620113319809,0.006910604758728289,0.0,0,8.457642919346142e-11
CyclicControl,tabular,206,55,15.672188080532809,0.03984133698792525,0.22886167849495154,0.0007871631826124915,0.03,1.0,0.9393149426337992,0.006855889569769678,0.006855874273158147,0.0,0,8.388345573706601e-11
CyclicControl,tabular,206,56,15.70773734050425,0.0399476512981157,0.2270487980289726,0.0008101419399760089,0.03,1.0,0.9376366704642283,0.006801561219909792,0.0068015459814980694,0.0,0,8.319514521737403e-11
CyclicControl,tabular,206,57,15.742978863804904,0.04005325663772724,0.22524922288369997,0.0008346175172961995,0.03,1.0,0.9358558546359822,0.006747631990844357,0.00674761681085867,0.0,0,8.251141436765863e-11
CyclicControl,tabular,206,58,15.777915693490705,0.04015814473606368,0.22346285162892499,0.0008603817651178727,0.03,1.0,0.9339885278512857,0.0066940988175398,0.00669408369625879,0.0,0,8.987288691031381e-11
CyclicControl,tabular,206,59,15.812550619349006,0.040262308744884255,0.2216895830723542,0.0008872675432760554,0.03,1.0,0.9320476257991052,0.006640958648456285,0.006640943586141201,0.0,0,8.992939726226723e-11
CyclicControl,tabular,206,60,15.846886239143508,0.04036574297142831,0.21992931645221092,0.0009151407198316638,0.03,1.0,0.9300435887888988,0.006588208449878619,0.006588193446812496,0.0,0,8.943090712421053e-11
CyclicControl,tabular,206,61,15.88092500787183,0.04046844266346398,0.2181819515901684,0.0009438937764842957,0.03,1.0,0.9279848453360324,0.006535845209505645,0.006535830265979592,0.0,0,8.869147083423456e-11
CyclicControl,tabular,206,62,15.914669277391216,0.040570403835901075,0.21644738900921112,0.0009734406938317429,0.03,1.0,0.9258782005938224,0.006483865939222181,0.00648385105554794,0.0,0,8.795697503671818e-11
CyclicControl,tabular,206,63,15.948121328300916,0.04067162313064614,0.21472553002710448,0.0010037128538578897,0.03,1.0,0.9237291484683899,0.006432267677304653,0.006432252853783349,0.0,0,8.722753075396383e-11
CyclicControl,tabular,206,64,15.981283395591495,0.040772097703077735,0.21301627682631663,0.0010346557438335234,0.03,1.0,0.9215421231442257,0.006381047490084708,0.006381032727010405,0.0,0,8.650297145251784e-11
CyclicControl,tabular,206,65,16.014157689254382,0.04087182512993401,0.21131953250883573,0.0010662263188004552,0.03,1.0,0.9193207006677391,0.006330202473083245,0.006330187770807516,0.0,0,8.578335264353143e-11
CyclicControl,tabular,206,66,16.046746410842427,0.04097080333433295,0.20963520113639333,0.0010983908883295131,0.03,1.0,0.917067760641651,0.0062797297521975095,0.006279715110988793,0.0,0,8.506856330470214e-11
CyclicControl,tabular,206,67,16.079051766774555,0.04106903052452094,0.2079631877595689,0.0011311233807021366,0.03,1.0,0.9147856188442273,0.006229626484026594,0.006229611904206567,0.0,0,8.435868670275681e-11
CyclicControl,tabular,206,68,16.11107597894832,0.04116650514388904,0.20630339843946133,0.0011644039899349383,0.03,1.0,0.9124761309238832,0.006179889856496786,0.006179875338391483,0.0,0,8.365361181539299e-11
CyclicControl,tabular,206,69,16.1428212932553,0.04126322582978555,0.20465574026020672,0.001198218046463783,0.03,1.0,0.9101407786791897,0.006130517089140052,0.006130502633026391,0.0,0,8.295333864261067e-11
CyclicControl,tabular,206,70,16.17428998633295,0.04135919137966107,0.2030201213379934,0.0012325551226781996,0.03,1.0,0.9077807385184804,0.006081505433038627,0.006081491039220399,0.0,0,8.225786718440986e-11
CyclicControl,tabular,206,71,16.20548437091891,0.041454400723029694,0.20139645082341562,0.0012674083136589437,0.03,1.0,0.9053969365616493,0.006032852170952011,0.0060328378397409566,0.0,0,8.955780561592519e-11
CyclicControl,tabular,206,72,16.236406800080175,0.041548852898109834,0.19978463890258924,0.0013027736368633148,0.03,1.0,0.9029900944959989,0.005984554617220113,0.005984540348899947,0.0,0,8.986797417342984e-11
CyclicControl,tabular,206,73,16.267059670497854,0.04164254703237097,0.1981845967925333,0.0013386495707075486,0.03,1.0,0.9005607650728271,0.00593661011757208,0.005936595912407694,0.0,0,8.911102411524041e-11
CyclicControl,tabular,206,74,16.29744542503073,0.041735482326090804,0.19659623673646265,0.0013750366616552213,0.03,1.0,0.8981093622169936,0.005889016048854083,0.005889001907125713,0.0,0,8.835929210526672e-11
CyclicControl,tabular,206,75,16.32756655466126,0.041827658038476836,0.19501947199653813,0.0014119372203216006,0.03,1.0,0.895636184523571,0.005841769818857894,0.005841755740824017,0.0,0,8.761269487678192e-11
CyclicControl,tabular,206,76,16.3574255999679,0.04191907347578001,0.19345421684402453,0.0014493550605155635,0.03,1.0,0.8931414353670438,0.005794868865986479,0.005794854851864262,0.0,0,8.687128794093724e-11
CyclicControl,tabular,206,77,16.387025152189324,0.04200972798111787,0.1919003865501645,0.001487295306977472,0.03,1.0,0.8906252380218627,0.0057483106588245,0.005748296708859346,0.0,0,8.613504354215706e-11
CyclicControl,tabular,206,78,16.416367853994583,0.042099620925570916,0.19035789737413267,0.0015257642307986916,0.03,1.0,0.8880876486208475,0.005702092695908777,0.005702078810330136,0.0,0,8.540385065813894e-11
CyclicControl,tabular,206,79,16.445456400002055,0.04218875170036984,0.18882666655147817,0.0015647691140039314,0.03,1.0,0.8855286669130996,0.005656212505314022,0.00565619868432754,0.0,0,8.467776480003408e-11
CyclicControl,tabular,206,80,16.474293537094244,0.04227711970998577,0.18730661228228418,0.0016043181509229154,0.03,1.0,0.8829482443940848,0.005610667644264906,0.0056106538880457135,0.0,0,8.395675821226689e-11
CyclicControl,tabular,206,81,16.5028820645906,0.04236472436589029,0.18579765371676826,0.0016444203636870123,0.03,1.0,0.8803462913454874,0.005565455698698068,0.00556544200742648,0.0,0,8.324069211695928e-11
CyclicControl,tabular,206,82,16.531224834300684,0.04245156508089322,0.18429971094313657,0.0016850855372766839,0.03,1.0,0.8777226824697493,0.005520574282908355,0.005520560656754769,0.0,0,8.252970529198933e-11
CyclicControl,tabular,206,83,16.559324750491072,0.04253764126393263,0.18281270497380597,0.001726324175465909,0.03,1.0,0.8750772610796582,0.005476021039158821,0.005476007478256273,0.0,0,8.981607124702862e-11
CyclicControl,tabular,206,84,16.587184769802036,0.04262295231518753,0.18133655773128754,0.0017681474556958674,0.03,1.0,0.8724098432764147,0.005431793637215905,0.005431780141677112,0.0,0,8.98824625839012e-11
CyclicControl,tabular,206,85,16.614807901110527,0.042707497621516655,0.179871192034059,0.0018105550629179297,0.03,1.0,0.8697209805896902,0.005387889769406621,0.005387876343889042,0.0,0,8.936243411916678e-11
CyclicControl,tabular,206,86,16.642197182798114,0.042791276625675397,0.17841653153413684,0.001853567982060052,0.03,1.0,0.8670098985607005,0.0053443071609059496,0.005344293807572509,0.0,0,8.859407651939932e-11
CyclicControl,tabular,206,87,16.669355720853442,0.0428742886963655,0.1769725007871037,0.0018972048451165082,0.03,1.0,0.8642759991035669,0.005301043563219048,0.0053010302823569555,0.0,0,8.783104799015007e-11
CyclicControl,tabular,206,88,16.696286683362487,0.04295653314257596,0.17553902522562392,0.0019414790610020707,0.03,1.0,0.8615190326421449,0.005258096752315843,0.005258083544164238,0.0,0,8.707343179814586e-11
CyclicControl,tabular,206,89,16.722993289557675,0.04303800924510528,0.17411603112115204,0.001986404706110974,0.03,1.0,0.8587387285796679,0.005215464529595893,0.0052154513943568626,0.0,0,8.632120018781109e-11
CyclicControl,tabular,206,90,16.74947880980314,0.043118716252261206,0.1727034455700216,0.0020319965271041133,0.03,1.0,0.8559347964482876,0.005173144721455564,0.005173131659346075,0.0,0,8.55742698924189e-11
CyclicControl,tabular,206,91,16.775746565614117,0.04319865337559731,0.17130119647946196,0.0020782699434008177,0.03,1.0,0.8531069270957615,0.00513113517899763,0.005131122190186965,0.0,0,8.483266866754491e-11
CyclicControl,tabular,206,92,16.80179992971059,0.04327781978568212,0.1699092125547086,0.0021252410580234328,0.03,1.0,0.850254793390071,0.005089433777541524,0.005089420862193217,0.0,0,8.409629936867447e-11
CyclicControl,tabular,206,93,16.827642326120028,0.04335621460785867,0.16852742328461456,0.002172926668723472,0.03,1.0,0.8473780509448856,0.005048038416310105,0.005048025574545756,0.0,0,8.336517587359538e-11
CyclicControl,tabular,206,94,16.853277230330864,0.04343383691798685,0.1671557589282724,0.0022213442920688046,0.03,1.0,0.8444763381170235,0.005006947018000327,0.0050069342499150515,0.0,0,8.263925654894422e-11
CyclicControl,tabular,206,95,16.878708169520724,0.043510685738097105,0.16579415050158586,0.002270512178216484,0.03,1.0,0.8415492766200834,0.004966157528403295,0.0049661448340754255,0.0,0,8.989910205148277e-11
CyclicControl,tabular,206,96,16.90393872284251,0.04358676003201107,0.1644425297642027,0.0023204493458722827,0.03,1.0,0.8385964710081127,0.004925667916076939,0.004925655295544118,0.0,0,8.996800526794857e-11
CyclicControl,tabular,206,97,16.928972521806926,0.04366205870081058,0.1631008292061309,0.0023711756032706354,0.03,1.0,0.8356175090653524,0.00488547617190286,0.00488546362520037,0.0,0,8.943612517242627e-11
CyclicControl,tabular,206,98,16.953813250735294,0.043736580578241396,0.16176898203436596,0.0024227115884550366,0.03,1.0,0.8326119611492641,0.004845580308833216,0.004845567835942921,0.0,0,8.865240486155557e-11
CyclicControl,tabular,206,99,16.97846464731984,0.043810324425938636,0.1604469221605065,0.002475078801757176,0.03,1.0,0.8295793800901262,0.004805978361453723,0.004805965962330405,0.0,0,8.787430505474703e-11
CyclicControl,tabular,206,100,17.002930503276932,0.04388328892852516,0.15913458418763127,0.002528299642647951,0.03,1.0,0.8265193009358964,0.00476666838563621,0.004766656060231522,0.0,0,8.710179799642503e-11
CyclicControl,tabular,207,1,14.372498299851983,0.03317565312687126,0.3544069592670174,0.03,0.03,1.0,0.2851958581084572,0.011862138656994656,0.01186181820221921,0.0,0,8.907252713186153e-11
CyclicControl,tabular,207,2,14.417932115709087,0.033291865819359605,0.3513210980291226,0.03,0.03,1.0,0.2851705453526838,0.011717700750456181,0.011717416341494147,0.0,0,8.756129155074177e-11
CyclicControl,tabular,207,3,14.465111564606417,0.03340670960072506,0.3482688423256497,0.03,0.03,1.0,0.28514347813087676,0.011575091927454628,0.0115748420401518,0.0,0,8.607908830171596e-11
CyclicControl,tabular,207,4,14.513995893930637,0.03352037353256504,0.34525010462527206,0.03,0.03,1.0,0.28511468226519276,0.011434509461464414,0.011434292345229968,0.0,0,8.595732459149019e-11
CyclicControl,tabular,207,5,14.564541711204514,0.03363304002655158,0.3422646658589379,0.03,0.03,1.0,0.2850841851761948,0.011296134457410584,0.011295948174323778,0.0,0,8.589001732062229e-11
CyclicControl,tabular,207,6,14.616702875164822,0.03374488471805155,0.3393121853751291,0.03,0.03,1.0,0.2850520157962697,0.011160130788417008,0.011159973253406008,0.0,0,8.581305110944015e-11
CyclicControl,tabular,207,7,14.670430387659588,0.03385607635800115,0.33639221217839355,0.03,0.03,1.0,0.28501820448223203,0.011026644341684806,0.011026513362252688,0.0,0,8.572631493564131e-11
CyclicControl,tabular,207,8,14.725672287429028,0.033966776722752966,0.3335041971291641,0.03,0.03,1.0,0.2849827829273425,0.010895802564449655,0.010895695879970857,0.0,0,8.562964226577208e-11
CyclicControl,tabular,207,9,14.782373546921864,0.03407714054157059,0.3306475057959002,0.03,0.03,1.0,0.2849457840729647,0.010767714298686422,0.010767629617029595,0.0,0,8.55229498331056e-11
CyclicControl,tabular,207,10,14.840475973388182,0.03418731544141255,0.32782143164660216,0.03,0.03,1.0,0.28490724202006834,0.010642469882289226,0.010642404914479764,0.0,0,8.540612661533942e-11
CyclicControl,tabular,207,11,14.899918115580775,0.034297441908612815,0.32502520929055256,0.03,0.03,1.0,0.2848671919407983,0.010520141495543093,0.010520093987008705,0.0,0,8.527908934574668e-11
CyclicControl,tabular,207,12,14.960635177487461,0.03440765326702941,0.3222580275050513,0.03,0.03,1.0,0.2848256699903071,0.010400783724368276,0.010400751482628312,0.0,0,8.514181026875178e-11
CyclicControl,tabular,207,13,15.022558940604018,0.03451807567220777,0.3195190418022076,0.03,0.03,1.0,0.2847827132190515,0.010284434311311675,0.010284415229770527,0.0,0,8.499423387320348e-11
CyclicControl,tabular,207,14,15.085617696341481,0.03462882812107378,0.3168073863337506,0.03,0.03,1.0,0.28473835948574083,0.01017111506315746,0.010171107140934499,0.0,0,8.483627689237494e-11
CyclicControl,tabular,207,15,15.149736190239075,0.03474002247664732,0.3141221849582543,0.03,0.03,1.0,0.2846926473711201,0.010060832884124632,0.010060834241806038,0.0,0,8.466799483741738e-11
CyclicControl,tabular,207,16,15.214835579721308,0.034851763507246517,0.31146256133519623,0.03,0.03,1.0,0.28464561609276384,0.009953580903459092,0.009953589795022033,0.0,0,8.448927668602835e-11
CyclicControl,tabular,207,17,15.280833407195788,0.034964148939628834,0.3088276479450536,0.03,0.03,1.0,0.2845973054210463,0.00984933966833613,0.009849354489178008,0.0,0,8.430015019378345e-11
CyclicControl,tabular,207,18,15.347643590329493,0.035077269525498875,0.3062165939698991,0.03,0.03,1.0,0.28454775559644757,0.009748078373802052,0.009748097665268185,0.0,0,8.410067087183393e-11
CyclicControl,tabular,207,19,15.415176431366799,0.03519120912079745,0.30362857199901505,0.03,0.03,1.0,0.28449700724834487,0.009649756104159024,0.00964977855515703,0.0,0,8.389078320902854e-11
CyclicControl,tabular,207,20,15.483338647355973,0.035306044777170885,0.3010627835593027,0.03,0.03,1.0,0.28444510131543016,0.009554323063861603,0.009554347509347805,0.0,0,8.367054271651853e-11
CyclicControl,tabular,207,21,15.552033423131483,0.035421846845008605,0.29851846348766253,0.03,0.03,1.0,0.2843920789678906,0.009461721777429596,0.00946174719422932,0.0,0,8.34399771498795e-11
CyclicControl,tabular,207,22,15.621160488852167,0.03553867908742934,0.29599488319559386,0.03,0.03,1.0,0.2843379815314691,0.009371888240416954,0.009371913741777593,0.0,0,8.31991697758383e-11
CyclicControl,tabular,207,23,15.690616223817448,0.03565659880458617,0.2934913528869654,0.03,0.03,1.0,0.284282850413532,0.009284753010394579,0.009284777838144187,0.0,0,8.294814834997055e-11
CyclicControl,tabular,207,24,15.760293788173593,0.03577565696765857,0.29100722281144575,0.03,0.03,1.0,0.2842267270312354,0.00920024222442009,0.009200265740077374,0.0,0,8.26869961390031e-11
CyclicControl,tabular,207,25,15.830083283974904,0.03589589836189234,0.28854188364100253,0.03,0.03,1.0,0.2841696527419029,0.009118278536109695,0.009118300211282016,0.0,0,8.241579640966279e-11
CyclicControl,tabular,207,26,15.899871946879056,0.036017361738051694,0.28609476607266426,0.03,0.03,1.0,0.2841116687756951,0.009038781967375422,0.009038801373272731,0.0,0,8.213457691752524e-11
CyclicControl,tabular,207,27,15.969544369531654,0.03614007997164405,0.2836653397582434,0.03,0.03,1.0,0.2840528161706546,0.008961670671119101,0.008961687467809565,0.0,0,8.18434486848929e-11
CyclicControl,tabular,207,28,16.038982757427835,0.036264080229283104,0.28125311166933287,0.03,0.03,1.0,0.28399313571019935,0.008886861604495864,0.008886875530104144,0.0,0,8.99708918478126e-11
CyclicControl,tabular,207,29,16.108067217732593,0.03638938414155725,0.2788576240018825,0.03,0.03,1.0,0.28393266786312304,0.008814271113319437,0.008814281973733573,0.0,0,8.988768063211694e-11
CyclicControl,tabular,207,30,16.176676081192493,0.036516007981779876,0.276478451722284,0.03,0.03,1.0,0.2838714527261684,0.00874381543191115,0.008743823090182734,0.0,0,8.99018082201053e-11
CyclicControl,tabular,207,31,16.244686256886986,0.03664396284999849,0.2741151998559066,0.03,0.03,1.0,0.28380952996921066,0.008675411099646051,0.008675415466693148,0.0,0,8.953546237755461e-11
CyclicControl,tabular,207,32,16.311973619144286,0.036773254861656064,0.271767500605008,0.03,0.03,1.0,0.28374693878309115,0.00860897530243364,0.008608976327729723,0.0,0,8.915873594972368e-11
CyclicControl,tabular,207,33,16.378413425495665,0.036903885340301444,0.2694350103865206,0.03,0.03,1.0,0.28368371783014396,0.008544426142163074,0.008544423805718182,0.0,0,8.877176771449058e-11
CyclicControl,tabular,207,34,16.443880764063437,0.037035851013758246,0.267117406861922,0.03,0.03,1.0,0.2836199051974236,0.00848168284313866,0.008481677147648137,0.0,0,8.837472420530901e-11
CyclicControl,tabular,207,35,16.508251028281574,0.03716914421317842,0.2648143860270291,0.03,0.03,1.0,0.2835555383526636,0.008420665899729955,0.008420656864189136,0.0,0,8.796774420005704e-11
CyclicControl,tabular,207,36,16.571400416342247,0.037303753074412284,0.2625256594265102,0.03,0.03,1.0,0.2834906541029673,0.008361297174698903,0.008361284828403481,0.0,0,8.755099423218837e-11
CyclicControl,tabular,207,37,16.63320645225462,0.03743966174114676,0.2602509515325757,0.03,0.03,1.0,0.28342528855623644,0.008303499953242886,0.008303484330971611,0.0,0,8.712469634630793e-11
CyclicControl,tabular,207,38,16.69354852490485,0.037576850569278245,0.2579899973409183,0.03,0.03,1.0,0.283359477085337,0.008247198961048982,0.008247180098837736,0.0,0,8.668887829799132e-11
CyclicControl,tabular,207,39,16.75230844103143,0.03771529633200106,0.25574254020444,0.03,0.03,1.0,0.28329325429498525,0.008192320352355854,0.008192298283892119,0.0,0,8.624390090972156e-11
CyclicControl,tabular,207,40,16.809370987587396,0.03785497242510873,0.2535083299378904,0.03,0.03,1.0,0.28322665399134195,0.008138791673542839,0.00813876642789435,0.0,0,8.578984744822549e-11
CyclicControl,tabular,207,41,16.864624498563867,0.03799584907202717,0.25128712120415786,0.03,0.03,1.0,0.283159709154292,0.008086541810219313,0.008086513409612972,0.0,0,8.53268844469568e-11
CyclicControl,tabular,207,42,16.917961421009803,0.03813789352811152,0.2490786721920435,0.03,0.03,1.0,0.2830924519123811,0.008035500920838124,0.00803546937947719,0.0,0,8.485528946167165e-11
CyclicControl,tabular,207,43,16.969278874711986,0.03828107028376097,0.24688274358880546,0.03,0.03,1.0,0.28302491352037473,0.007985600363373476,0.007985565686650764,0.0,0,8.437525678139934e-11
CyclicControl,tabular,207,44,17.018479199807572,0.03842534126592499,0.2446990978443142,0.03,0.03,1.0,0.28295712433940584,0.007936772618708085,0.007936734802877043,0.0,0,8.388695293959358e-11
CyclicControl,tabular,207,45,17.06547048649893,0.03857066603759037,0.24252749871436774,0.03,0.03,1.0,0.28288911381966064,0.00788895121446495,0.007888910246859449,0.0,0,8.339062773643491e-11
CyclicControl,tabular,207,46,17.110167081032614,0.03871700199486431,0.24036771107476818,0.03,0.03,1.0,0.2828209104855649,0.007842070652897803,0.007842026512447142,0.0,0,8.288641994980139e-11
CyclicControl,tabular,207,47,17.152490062199227,0.03886430456128302,0.23821950098594225,0.03,0.03,1.0,0.28275254192340965,0.007796066345174509,0.007796019003322274,0.0,0,8.237463489102481e-11
CyclicControl,tabular,207,48,17.192367682808044,0.03901252737899929,0.23608263599022572,0.03,0.03,1.0,0.28268403477136766,0.007750874554712825,0.0077508239764063624,0.0,0,8.185543909355886e-11
CyclicControl,tabular,207,49,17.22973577089261,0.03916162249652311,0.23395688561672068,0.03,0.03,1.0,0.2826154147118372,0.007706432350645037,0.007706378495672128,0.0,0,8.985898136693038e-11
CyclicControl,tabular,207,50,17.264538085806983,0.03931154055270697,0.23184202207289228,0.03,0.03,1.0,0.2825467064660545,0.007662677573370017,0.007662620397668074,0.0,0,8.977307786040001e-11
CyclicControl,tabular,207,51,17.29672662487116,0.03946223095669107,0.22973782109671492,0.03,0.03,1.0,0.28247793379090297,0.007619548812263601,0.00761948826951131,0.0,0,8.917303007116573e-11
CyclicControl,tabular,207,52,17.326261876810776,0.03961364206354323,0.227644062941873,0.03,0.03,1.0,0.28240911947786274,0.0075769853967257335,0.007576921439922946,0.0,0,8.8565793587847e-11
CyclicControl,tabular,207,53,17.353113018899094,0.03976572134534665,0.22556053347324023,0.03,0.03,1.0,0.2823402853540125,0.00753492740043264,0.007534859983341691,0.0,0,8.795161821062436e-11
CyclicControl,tabular,207,54,17.377258055435092,0.03991841555751362,0.2234870253448651,0.03,0.03,1.0,0.28227145228502765,0.0074933156582336555,0.0074932447369769895,0.0,0,8.733080925082959e-11
CyclicControl,tabular,207,55,17.398683895965036,0.04007167090011654,0.22142333923725888,0.03,0.03,1.0,0.28220264018008806,0.0074520917959097575,0.007452017330387695,0.0,0,8.670356099749199e-11
CyclicControl,tabular,207,56,17.417386372459692,0.04022543317405443,0.2193692851290896,0.03,0.03,1.0,0.2821338679986225,0.007411198271568635,0.007411120226923473,0.0,0,8.607017876194334e-11
CyclicControl,tabular,207,57,17.43337019547679,0.04037964793188711,0.21732468358214851,0.03,0.03,1.0,0.28206515375881186,0.007370578428300826,0.007370496776205826,0.0,0,8.543094009993979e-11
CyclicControl,tabular,207,58,17.44664885015268,0.040534260623190724,0.21528936701734613,0.03,0.03,1.0,0.28199651454777075,0.007330176556870667,0.007330091276707362,0.0,0,8.478606705608627e-11
CyclicControl,tabular,207,59,17.457244433656182,0.04068921673430673,0.21326318096302477,0.03,0.03,1.0,0.28192796653332525,0.007289937967410742,0.007289849047340313,0.0,0,8.413592045286578e-11
CyclicControl,tabular,207,60,17.465187436490197,0.04084446192237509,0.21124598525891214,0.03,0.03,1.0,0.2818595249773082,0.007249809068967721,0.007249716506908532,0.0,0,8.348072233488324e-11
CyclicControl,tabular,207,61,17.470516470722302,0.04099994214355889,0.20923765519832993,0.03,0.03,1.0,0.28179120425028475,0.007209737455741865,0.007209641260217947,0.0,0,8.282075025789482e-11
CyclicControl,tabular,207,62,17.473277948852324,0.04115560377538581,0.20723808259572318,0.03,0.03,1.0,0.2817230178476338,0.007169671998947296,0.00716957218965486,0.0,0,8.215625402208104e-11
CyclicControl,tabular,207,63,17.47352571757237,0.04131139373315044,0.20524717676814186,0.03,0.03,1.0,0.28165497840689174,0.007129562942397898,0.00712945955094324,0.0,0,8.955111652220182e-11
CyclicControl,tabular,207,64,17.471320651131283,0.041467259580332226,0.20326486541827893,0.03,0.03,1.0,0.28158709772628615,0.007089362001697715,0.007089255071905387,0.0,0,8.980199917019149e-11
CyclicControl,tabular,207,65,17.466730209376472,0.041623149633009206,0.2012910954134528,0.03,0.03,1.0,0.28151938678437,0.0070490224649173575,0.0070489120530672356,0.0,0,8.905803872139018e-11
CyclicControl,tabular,207,66,17.459827965809094,0.0417790130582504,0.19932583345043664,0.03,0.03,1.0,0.28145185576067655,0.007008499293672218,0.0070083854688690606,0.0,0,8.831016473642705e-11
CyclicControl,tabular,207,67,17.45069311114804,0.041934799966496614,0.19736906660490217,0.03,0.03,1.0,0.2813845140573134,0.006967749224444296,0.006967632068502927,0.0,0,8.755876579336075e-11
CyclicControl,tabular,207,68,17.439409937962377,0.04209046149794441,0.19542080275711804,0.03,0.03,1.0,0.2813173703214145,0.006926730867817286,0.006926610475285977,0.0,0,8.680414720352303e-11
CyclicControl,tabular,207,69,17.426067311899825,0.042245949902966345,0.19348107089515731,0.03,0.03,1.0,0.28125043246837095,0.006885404805570269,0.006885281283587674,0.0,0,8.604661427824567e-11
CyclicControl,tabular,207,70,17.410758134919583,0.04240121861661105,0.19154992129393755,0.03,0.03,1.0,0.28118370770575757,0.0068437336476826205,0.006843607152463016,0.0,0,8.528630579540675e-11
CyclicControl,tabular,207,71,17.393578805737622,0.04255622232723969,0.18962742556701273,0.03,0.03,1.0,0.28111720255788736,0.006801682236060286,0.006801552895176366,0.0,0,8.452369359979173e-11
CyclicControl,tabular,207,72,17.374628682423655,0.042710917039367184,0.18771367659685123,0.03,0.03,1.0,0.2810509228909033,0.00675921761707729,0.006759085563777245,0.0,0,8.375902749158115e-11
CyclicControl,tabular,207,73,17.35400955175835,0.04286526013078593,0.18580878834253411,0.03,0.03,1.0,0.2809848739383454,0.006716309149443878,0.006716174528179408,0.0,0,8.299258502653117e-11
CyclicControl,tabular,207,74,17.33182510958054,0.043019210404062605,0.183912895527355,0.03,0.03,1.0,0.28091906032711106,0.006672928583062454,0.006672791549040102,0.0,0,8.22247270271248e-11
CyclicControl,tabular,207,75,17.308180455938725,0.04317272813250417,0.18202615321245563,0.03,0.03,1.0,0.2808534861037427,0.0066290501253510326,0.00662891084395556,0.0,0,8.99751662064574e-11
CyclicControl,tabular,207,76,17.283181608417227,0.04332577510070244,0.18014873625809003,0.03,0.03,1.0,0.2807881547609674,0.00658465050038784,0.006584509146495665,0.0,0,8.965098108326686e-11
CyclicControl,tabular,207,77,17.256935036549596,0.04347831463977309,0.17828083867829636,0.03,0.03,1.0,0.2807230692644258,0.006539709000274313,0.006539565757663013,0.0,0,8.879502688685648e-11
CyclicControl,tabular,207,78,17.229547219768488,0.04363031165740973,0.17642267289452174,0.03,0.03,1.0,0.28065823207951757,0.006494207528866619,0.006494062589465499,0.0,0,8.793876737911432e-11
CyclicControl,tabular,207,79,17.201124230879845,0.04378173266288741,0.17457446889154737,0.03,0.03,1.0,0.28059364519830987,0.006448130637143029,0.006447984200290469,0.0,0,8.70825633825234e-11
CyclicControl,tabular,207,80,17.17177134660197,0.04393254578714796,0.17273647328548414,0.03,0.03,1.0,0.280529310166431,0.006401465550176261,0.0064013178218775835,0.0,0,8.622677571956672e-11
CyclicControl,tabular,207,81,17.141592686279253,0.044082720798114504,0.1709089483057813,0.03,0.03,1.0,0.28046522810990615,0.006354202185637425,0.006354053377700342,0.0,0,8.537157092369796e-11
CyclicControl,tabular,207,82,17.11069087947621,0.04423222911137843,0.16909217070032456,0.03,0.03,1.0,0.2804013997618663,0.0063063331633711195,0.006306183492652884,0.0,0,8.45174208397026e-11
CyclicControl,tabular,207,83,17.07916676278091,0.04438104379641344,0.16728643056871384,0.03,0.03,1.0,0.2803378254890791,0.006257853806434094,0.006257703493941946,0.0,0,8.366454751218555e-11
CyclicControl,tabular,207,84,17.0471191058038,0.04452913957847391,0.1654920301317253,0.03,0.03,1.0,0.28027450531824655,0.00620876213299848,0.006208611403147324,0.0,0,8.281328400805421e-11
CyclicControl,tabular,207,85,17.014644366049314,0.044676492836336214,0.16370928244252014,0.03,0.03,1.0,0.28021143896202527,0.006159058839945164,0.006158907919514789,0.0,0,8.981362875637444e-11
CyclicControl,tabular,207,86,16.981836472066078,0.04482308159604528,0.1619385100468218,0.03,0.03,1.0,0.2801486258447072,0.006108747277005305,0.006108596394424071,0.0,0,8.997110001462971e-11
CyclicControl,tabular,207,87,16.948786634044833,0.044968885520835264,0.16018004359963367,0.03,0.03,1.0,0.28008606512753326,0.006057833412829394,0.006057682797234176,0.0,0,8.919105731752808e-11
CyclicControl,tabular,207,88,16.91558318083557,0.045113885897386144,0.15843422044409805,0.03,0.03,1.0,0.28002375573357874,0.006006325792107803,0.006006175672526148,0.0,0,8.82555417636155e-11
CyclicControl,tabular,207,89,16.88231142218922,0.04525806561859178,0.1567013831619335,0.03,0.03,1.0,0.2799616963721828,0.005954235484635029,0.005954086088990174,0.0,0,8.732332912320118e-11
CyclicControl,tabular,207,90,16.849053534900328,0.04540140916300374,0.15498187809945274,0.03,0.03,1.0,0.27989988556287265,0.005901576025646921,0.005901427580054297,0.0,0,8.639480797434373e-11
CyclicControl,tabular,207,91,16.81588847142697,0.04554390257112411,0.15327605387842613,0.03,0.03,1.0,0.27983832165875544,0.005848363348834679,0.0058482160765758184,0.0,0,8.547024199501152e-11
CyclicControl,tabular,207,92,16.78289188949403,0.045685533418718054,0.15158425989826863,0.03,0.03,1.0,0.27977700286933666,0.005794615710968148,0.00579446983176557,0.0,0,8.454989486317288e-11
CyclicControl,tabular,207,93,16.750136101143045,0.04582629078731509,0.14990684483585648,0.03,0.03,1.0,0.279715927282738,0.0057403536095158025,0.005740209338681579,0.0,0,8.363403025679617e-11
CyclicControl,tabular,207,94,16.71769003967076,0.04596616523206971,0.14824415515062306,0.03,0.03,1.0,0.27965509288728363,0.005685599692993121,0.005685457240617087,0.0,0,8.272292573163753e-11
CyclicControl,tabular,207,95,16.68561924290071,0.04610514874715035,0.14659653360205027,0.03,0.03,1.0,0.2795944975924258,0.005630378664519486,0.005630238234674456,0.0,0,8.957173891488424e-11
CyclicControl,tabular,207,96,16.65398585125047,0.04624323472882378,0.14496431778450725,0.03,0.03,1.0,0.279534139248993,0.00557471717906971,0.005574578968996713,0.0,0,8.990666544583803e-11
CyclicControl,tabular,207,97,16.622848619092675,0.046380417936399375,0.14334783868885093,0.03,0.03,1.0,0.2794740156687264,0.005518643734435336,0.005518507933946704,0.0,0,8.891182234904704e-11
CyclicControl,tabular,207,98,16.592262937955454,0.04651669445120016,0.14174741929498524,0.03,0.03,1.0,0.2794141246430995,0.005462188557097847,0.005462055347786765,0.0,0,8.792341854579888e-11
CyclicControl,tabular,207,99,16.562280870166113,0.046652061633717365,0.14016337320258976,0.03,0.03,1.0,0.2793544639613857,0.005405383482618348,0.005405253037228386,0.0,0,8.69415511806082e-11
CyclicControl,tabular,207,100,16.532951191609058,0.04678651807911346,0.13859600330622945,0.03,0.03,1.0,0.27929503142797574,0.0053482618316171016,0.005348134313398201,0.0,0,8.596653944259458e-11
CyclicControl,tabular,208,1,15.380183076804268,0.04613799530319646,0.34054146298516663,0.0,0.03,1.0,1.0,0.010200716425054823,0.01020069746481167,0.0,0,8.828204833832842e-11
CyclicControl,tabular,208,2,15.408528621798151,0.046160420685735504,0.3380026569854033,0.0,0.03,1.0,1.0,0.010124634836595536,0.010124616060508629,0.0,0,8.763670344968943e-11
CyclicControl,tabular,208,3,15.43676328707098,0.04618270237364939,0.3354809094898048,0.0,0.03,1.0,1.0,0.010049064791562534,0.010049046198642664,0.0,0,8.699557740854402e-11
CyclicControl,tabular,208,4,15.464886604391321,0.04620484193683352,0.3329761262540587,0.0,0.03,1.0,1.0,0.009974003461840075,0.009973985051127343,0.0,0,8.635858694816534e-11
CyclicControl,tabular,208,5,15.492898115060914,0.04622684093248116,0.3304882134425591,0.0,0.03,1.0,1.0,0.009899448031694513,0.009899429802117554,0.0,0,8.572573206855338e-11
CyclicControl,tabular,208,6,15.520797369912511,0.04624870090514251,0.3280170776245983,0.0,0.03,1.0,1.0,0.009825395697323325,0.009825377647856293,0.0,0,8.509701276970816e-11
CyclicControl,tabular,208,7,15.5485839293059,0.04627042338678407,0.3255626257683497,0.0,0.03,1.0,1.0,0.009751843666914395,0.00975182579654077,0.0,0,8.447240129605404e-11
CyclicControl,tabular,208,8,15.576257363122588,0.046292009896847175,0.3231247652381142,0.0,0.03,1.0,1.0,0.009678789160481482,0.00967877146818319,0.0,0,8.385186989201543e-11
CyclicControl,tabular,208,9,15.603817250758613,0.04631346194230734,0.32070340378876905,0.0,0.03,1.0,1.0,0.009606229409885536,0.009606211894532812,0.0,0,8.323536304644108e-11
CyclicControl,tabular,208,10,15.631263181115695,0.04633478101773413,0.3182984495624597,0.0,0.03,1.0,1.0,0.009534161658327767,0.009534144318882554,0.0,0,8.262290851490661e-11
CyclicControl,tabular,208,11,15.658594752590957,0.04635596860535074,0.315909811084103,0.0,0.03,1.0,1.0,0.009462583160631421,0.009462565996018135,0.0,0,8.201456180856326e-11
CyclicControl,tabular,208,12,15.685811573064937,0.046377026175093636,0.3135373972583011,0.0,0.03,1.0,1.0,0.009391491182921374,0.009391474192054217,0.0,0,8.999467837611519e-11
CyclicControl,tabular,208,13,15.712913259888035,0.046397955184673025,0.3111811173654666,0.0,0.03,1.0,1.0,0.009320883002630787,0.009320866184391097,0.0,0,8.978853771601791e-11
CyclicControl,tabular,208,14,15.739899439865333,0.04641875707963302,0.3088408810577814,0.0,0.03,1.0,1.0,0.009250755908212005,0.009250739261536411,0.0,0,8.912579008146793e-11
CyclicControl,tabular,208,15,15.76676974924008,0.046439433293412054,0.30651659835679856,0.0,0.03,1.0,1.0,0.009181107199328409,0.009181090723073382,0.0,0,8.846740007228959e-11
CyclicControl,tabular,208,16,15.79352383367542,0.04645998524740309,0.30420817964983415,0.0,0.03,1.0,1.0,0.009111934186459392,0.009111917879530473,0.0,0,8.781336768848291e-11
CyclicControl,tabular,208,17,15.820161348234791,0.04648041435101502,0.3019155356864145,0.0,0.03,1.0,1.0,0.009043234191035587,0.009043218052293023,0.0,0,8.716366517447227e-11
CyclicControl,tabular,208,18,15.846681957360698,0.04650072200173279,0.29963857757626666,0.0,0.03,1.0,1.0,0.008975004545241694,0.008974988573550169,0.0,0,8.651829253025767e-11
CyclicControl,tabular,208,19,15.873085334852128,0.046520909585179064,0.2973772167859434,0.0,0.03,1.0,1.0,0.00890724259191722,0.008907226786150968,0.0,0,8.587716648911226e-11
CyclicControl,tabular,208,20,15.899371163840499,0.04654097847517436,0.2951313651362919,0.0,0.03,1.0,1.0,0.008839945684570472,0.008839930043595956,0.0,0,8.524031480661165e-11
CyclicControl,tabular,208,21,15.925539136764089,0.04656093003379961,0.29290093480007773,0.0,0.03,1.0,1.0,0.008773111187237337,0.008773095709903256,0.0,0,8.460770972718024e-11
CyclicControl,tabular,208,22,15.951588955341254,0.046580765611455716,0.2906858382990096,0.0,0.03,1.0,1.0,0.008706736474404009,0.008706721159575936,0.0,0,8.39793234952424e-11
CyclicControl,tabular,208,23,15.977520330542033,0.04660048654692662,0.28848598850187424,0.0,0.03,1.0,1.0,0.008640818931002991,0.00864080377750609,0.0,0,8.335512835522252e-11
CyclicControl,tabular,208,24,16.003332982558526,0.04662009416743962,0.28630129862219356,0.0,0.03,1.0,1.0,0.008575355952275876,0.008575340958939304,0.0,0,8.273509655154498e-11
CyclicControl,tabular,208,25,16.0290266407739,0.046639589788727585,0.2841316822160378,0.0,0.03,1.0,1.0,0.00851034494370273,0.00851033010937452,0.0,0,8.21192419619976e-11
CyclicControl,tabular,208,26,16.05460104373012,0.046658974715089986,0.281977053180249,0.0,0.03,1.0,1.0,0.008445783321018752,0.008445768644535612,0.0,0,8.998291001205416e-11
CyclicControl,tabular,208,27,16.080055939094212,0.046678250239455224,0.2798373257497211,0.0,0.03,1.0,1.0,0.008381668510099693,0.008381653990297444,0.0,0,8.988873534399033e-11
CyclicControl,tabular,208,28,16.105391083623417,0.04669741764344195,0.2777124144968668,0.0,0.03,1.0,1.0,0.008317997946951872,0.008317983582647681,0.0,0,8.921810512596551e-11
CyclicControl,tabular,208,29,16.1306062431291,0.04671647819742084,0.2756022343286979,0.0,0.03,1.0,1.0,0.008254769077593593,0.008254754867610625,0.0,0,8.855199906676603e-11
CyclicControl,tabular,208,30,16.15570119243922,0.046735433160576746,0.27350670048528203,0.0,0.03,1.0,1.0,0.00819197935804783,0.008191965301227233,0.0,0,8.789037553302848e-11
CyclicControl,tabular,208,31,16.18067571535977,0.04675428378097014,0.27142572853927627,0.0,0.03,1.0,1.0,0.008129626254316236,0.008129612349482729,0.0,0,8.723291533563327e-11
CyclicControl,tabular,208,32,16.20552960463501,0.04677303129559919,0.26935923439292964,0.0,0.03,1.0,1.0,0.008067707242333189,0.008067693488287953,0.0,0,8.657963235236821e-11
CyclicControl,tabular,208,33,16.2302626619064,0.04679167693046203,0.2673071342777722,0.0,0.03,1.0,1.0,0.008006219807810577,0.008006206203408306,0.0,0,8.593076250562603e-11
CyclicControl,tabular,208,34,16.254874697670513,0.04681022190061817,0.26526934475244457,0.0,0.03,1.0,1.0,0.007945161446402504,0.007945147990453538,0.0,0,8.528630579540675e-11
CyclicControl,tabular,208,35,16.279365531235786,0.04682866741025037,0.2632457827023982,0.0,0.03,1.0,1.0,0.007884529663514939,0.007884516354820903,0.0,0,8.464620671055911e-11
CyclicControl,tabular,208,36,16.303734990678105,0.04684701465272743,0.26123636533751937,0.0,0.03,1.0,1.0,0.007824321974293391,0.007824308811672842,0.0,0,8.401049300665875e-11
CyclicControl,tabular,208,37,16.327982912795495,0.04686526481066496,0.2592410101917908,0.0,0.03,1.0,1.0,0.007764535903555303,0.007764522885876701,0.0,0,8.3379067539191e-11
CyclicControl,tabular,208,38,16.352109143061348,0.04688341905598837,0.25725963512203687,0.0,0.03,1.0,1.0,0.007705168985974731,0.007705156112022604,0.0,0,8.275195806373148e-11
CyclicControl,tabular,208,39,16.3761135355772,0.04690147854999383,0.2552921583069523,0.0,0.03,1.0,1.0,0.007646218765734458,0.007646206034337966,0.0,0,8.212913682470457e-11
CyclicControl,tabular,208,40,16.399995953023954,0.04691944444341103,0.253338498246114,0.0,0.03,1.0,1.0,0.007587682796724171,0.007587670206703034,0.0,0,8.997609601824053e-11
CyclicControl,tabular,208,41,16.423756266612443,0.04693731787646445,0.25139857375834906,0.0,0.03,1.0,1.0,0.007529558642420553,0.007529546192597936,0.0,0,8.988464139658703e-11
CyclicControl,tabular,208,42,16.447394356032813,0.0469550999789356,0.24947230398246756,0.0,0.03,1.0,1.0,0.0074718438758593075,0.00747183156508302,0.0,0,8.920668370659968e-11
CyclicControl,tabular,208,43,16.47091010940316,0.046972791870224434,0.2475596083749254,0.0,0.03,1.0,1.0,0.0074145360797124304,0.007414523906793535,0.0,0,8.853341670889137e-11
CyclicControl,tabular,208,44,16.494303423217143,0.04699039465941131,0.2456604067099466,0.0,0.03,1.0,1.0,0.007357632846122009,0.007357620809888554,0.0,0,8.786475713673525e-11
CyclicControl,tabular,208,45,16.517574202290636,0.047007909445318546,0.24377461907819087,0.0,0.03,1.0,1.0,0.007301131776748182,0.007301119876050199,0.0,0,8.72006633567679e-11
CyclicControl,tabular,208,46,16.54072235970763,0.04702533731657261,0.2419021658870757,0.0,0.03,1.0,1.0,0.007245030482829762,0.007245018716468099,0.0,0,8.654117700235275e-11
CyclicControl,tabular,208,47,16.5637478167652,0.04704267935166455,0.24004296785898327,0.0,0.03,1.0,1.0,0.007189326584960076,0.007189314951795089,0.0,0,8.588620092897514e-11
CyclicControl,tabular,208,48,16.586650502917667,0.04705993661901282,0.23819694603133823,0.0,0.03,1.0,1.0,0.0071340177132791505,0.007134006212158095,0.0,0,8.523576289221069e-11
CyclicControl,tabular,208,49,16.6094303557199,0.04707711017702401,0.23636402175624682,0.0,0.03,1.0,1.0,0.007079101507378449,0.007079090137133481,0.0,0,8.458980738090816e-11
CyclicControl,tabular,208,50,16.63208732076995,0.04709420107415424,0.23454411669905917,0.0,0.03,1.0,1.0,0.007024575616243256,0.007024564375723519,0.0,0,8.394833439506755e-11
CyclicControl,tabular,208,51,16.654621351650853,0.047111210348970624,0.23273715283920748,0.0,0.03,1.0,1.0,0.006970437698292309,0.006970426586353051,0.0,0,8.331128842353763e-11
CyclicControl,tabular,208,52,16.677032409871625,0.04712813903021235,0.23094305246872948,0.0,0.03,1.0,1.0,0.006916685421352486,0.006916674436851733,0.0,0,8.267866946631841e-11
CyclicControl,tabular,208,53,16.699320464807666,0.04714498813685203,0.22916173819235164,0.0,0.03,1.0,1.0,0.006863316462692781,0.006863305604449699,0.0,0,8.205044976783427e-11
CyclicControl,tabular,208,54,16.7214854936404,0.047161758678156335,0.22739313292669538,0.0,0.03,1.0,1.0,0.006810328508845109,0.00681031777575003,0.0,0,8.99677138344046e-11
CyclicControl,tabular,208,55,16.743527481296155,0.04717845165374753,0.22563715990048805,0.0,0.03,1.0,1.0,0.006757719255817474,0.006757708646736416,0.0,0,8.978563725836608e-11
CyclicControl,tabular,208,56,16.765446420384706,0.04719506805366354,0.22389374265363027,0.0,0.03,1.0,1.0,0.00670548640893609,0.006705475922749615,0.0,0,8.910205906431656e-11
CyclicControl,tabular,208,57,16.787242311136723,0.047211608858419234,0.22216280503749575,0.0,0.03,1.0,1.0,0.0066536276829243235,0.006653617318490235,0.0,0,8.842326870706074e-11
CyclicControl,tabular,208,58,16.808915161341044,0.047228075039066925,0.220444271214304,0.0,0.03,1.0,1.0,0.006602140801804435,0.006602130557999741,0.0,0,8.7749238431023e-11
CyclicControl,tabular,208,59,16.830464986281125,0.04724446755725659,0.21873806565667064,0.0,0.03,1.0,1.0,0.00655102349898351,0.006551013374665127,0.0,0,8.707991272505211e-11
CyclicControl,tabular,208,60,16.851891808670977,0.0472607873652968,0.21704411314761307,0.0,0.03,1.0,1.0,0.00650027351711624,0.006500263511196813,0.0,0,8.641524995578465e-11
CyclicControl,tabular,208,61,16.873195658590543,0.04727703540621428,0.21536233878046707,0.0,0.03,1.0,1.0,0.006449888608259791,0.00644987871963032,0.0,0,8.575526400100841e-11
CyclicControl,tabular,208,62,16.89437657342071,0.04729321261381452,0.21369266795833175,0.0,0.03,1.0,1.0,0.0063998665337652305,0.006399856761325928,0.0,0,8.50999271051478e-11
CyclicControl,tabular,208,63,16.915434597777544,0.047309319912741656,0.21203502639417504,0.0,0.03,1.0,1.0,0.006350205064299175,0.006350195406949366,0.0,0,8.444918375705157e-11
CyclicControl,tabular,208,64,16.936369783446292,0.047325358218538394,0.21038934011037846,0.0,0.03,1.0,1.0,0.0063009019798461186,0.006300892436480243,0.0,0,8.380299232335631e-11
CyclicControl,tabular,208,65,16.957182189314914,0.04734132843770536,0.20875553543875935,0.0,0.03,1.0,1.0,0.006251955069657145,0.006251945639194512,0.0,0,8.316139443742543e-11
CyclicControl,tabular,208,66,16.977871881306918,0.047357231467761225,0.2071335390205542,0.0,0.03,1.0,1.0,0.006203362132309875,0.0062033528136697935,0.0,0,8.252427907695647e-11
CyclicControl,tabular,208,67,16.998438932314155,0.04737306819730179,0.20552327780560264,0.00040092342280270476,0.03,1.0,0.9660853571330621,0.006155139819758165,0.006155130396719111,0.0,0,8.991457578488848e-11
CyclicControl,tabular,208,68,17.0195184179286,0.04738697654901234,0.20392825913971846,0.001199385056039493,0.03,1.0,0.9049501480734199,0.006107503383208507,0.006107493592802382,0.0,0,8.991457578488848e-11
CyclicControl,tabular,208,69,17.041731028691085,0.04739716141057207,0.20235173000826556,0.0018977288298623178,0.03,1.0,0.8574786177275142,0.00606051955853745,0.006060509413816417,0.0,0,8.957734554115859e-11
CyclicControl,tabular,208,70,17.06490846099685,0.04740415266177754,0.20079241333643139,0.002509759939686604,0.03,1.0,0.8197798147702168,0.006014107564328702,0.006014097092625348,0.0,0,8.88629031470245e-11
CyclicControl,tabular,208,71,17.08890893781381,0.0474083968785704,0.19924922341127416,0.0030475369628590646,0.03,1.0,0.7892810535588045,0.005968205807369725,0.005968195042489244,0.0,0,8.814514396160433e-11
CyclicControl,tabular,208,72,17.113612888661876,0.047410270764724746,0.1977212356300384,0.003521545485977926,0.03,1.0,0.764214046549211,0.005922767207009718,0.005922756184600808,0.0,0,8.7425303108013e-11
CyclicControl,tabular,208,73,17.138919362953057,0.047410092373487804,0.19620766092448005,0.0039408717913923625,0.03,1.0,0.7433241861875491,0.005877755632850965,0.005877744387761674,0.0,0,8.670431039803361e-11
CyclicControl,tabular,208,74,17.164743051887005,0.04740813047170222,0.1947078242223843,0.004313369024747891,0.03,1.0,0.7256975197045779,0.005833143208410151,0.005833131773241629,0.0,0,8.598306788787369e-11
CyclicControl,tabular,208,75,17.19101181373157,0.047404612351587036,0.1932211463461342,0.004645811531971566,0.03,1.0,0.7106533143062537,0.005788908279367431,0.005788896683843081,0.0,0,8.526222783356019e-11
CyclicControl,tabular,208,76,17.2176646148924,0.04739973034963985,0.1917471288256034,0.004944035256578113,0.03,1.0,0.6976749042228023,0.0057450338874464576,0.005745022158073487,0.0,0,8.454244249112008e-11
CyclicControl,tabular,208,77,17.244649814347966,0.047393647290697526,0.1902853411642813,0.005213063512037585,0.03,1.0,0.6863637784670201,0.005701506625448851,0.005701494785621097,0.0,0,8.382414207197542e-11
CyclicControl,tabular,208,78,17.271923731795976,0.04738650103911442,0.18883541016466165,0.005457218402977735,0.03,1.0,0.6764082639437256,0.005658315779234868,0.005658303849383817,0.0,0,8.310784005427507e-11
CyclicControl,tabular,208,79,17.299449450553485,0.047378408308009386,0.1873970109790679,0.0056802186734703965,0.03,1.0,0.66756165163432,0.00561545268426828,0.005615440682068984,0.0,0,8.239384174935083e-11
CyclicControl,tabular,208,80,17.32719581501482,0.04736946785162217,0.18596985960623869,0.005885265034872299,0.03,1.0,0.6596265953955399,0.005572910242470647,0.005572898183122232,0.0,0,8.95942209311329e-11
CyclicControl,tabular,208,81,17.35513658962068,0.04735976314432256,0.1845537065923275,0.006075114248934049,0.03,1.0,0.6524437726660413,0.005530682558917331,0.0055306704554135555,0.0,0,8.997110001462971e-11
CyclicControl,tabular,208,82,17.383249752275216,0.04734936463161763,0.18314833174438716,0.00625214313211541,0.03,1.0,0.645883505932513,0.0054887646679152085,0.005488752531296548,0.0,0,8.918732419260778e-11
CyclicControl,tabular,208,83,17.411516899838634,0.047338331624030124,0.18175353968613028,0.006418403743586024,0.03,1.0,0.6398394762968871,0.005447152325982928,0.0054471401655118434,0.0,0,8.840715659541587e-11
CyclicControl,tabular,208,84,17.43992274735286,0.047326713892232766,0.1803691561191867,0.0065756707952959285,0.03,1.0,0.6342239449769136,0.0054058418545754015,0.005405829678045815,0.0,0,8.763080538987111e-11
CyclicControl,tabular,208,85,17.468454705735144,0.0473145530121442,0.17899502467717543,0.0067254823884531165,0.03,1.0,0.6289640741104808,0.0053648300206740685,0.005364817834524471,0.0,0,8.685836772048816e-11
CyclicControl,tabular,208,86,17.497102525436535,0.04730188350004263,0.17763100427345413,0.006869174901740607,0.03,1.0,0.623999065245727,0.005324113945267099,0.005324101754791588,0.0,0,8.608996848735728e-11
CyclicControl,tabular,208,87,17.525857995568575,0.04728873377133907,0.17627696686436378,0.007007912911736621,0.03,1.0,0.6192779097184452,0.005283691033327016,0.005283678842769257,0.0,0,8.532567707941752e-11
CyclicControl,tabular,208,88,17.554714689881923,0.047275126950719046,0.1749327955596347,0.007142714815519531,0.03,1.0,0.6147576052382792,0.005243558919704307,0.005243546732438209,0.0,0,8.456557676339571e-11
CyclicControl,tabular,208,89,17.58366775237062,0.04726108155689987,0.17359838302732356,0.007274474779752794,0.03,1.0,0.6104017305253728,0.005203715427510503,0.005203703246085434,0.0,0,8.380969529486748e-11
CyclicControl,tabular,208,90,17.61271371648449,0.04724661208138103,0.17227363014233887,0.007403981563438052,0.03,1.0,0.6061792974526424,0.005164158535610947,0.005164146361895994,0.0,0,8.305811594055967e-11
CyclicControl,tabular,208,91,17.64185035294316,0.047231729477339175,0.17095844484316114,0.007531934659884418,0.03,1.0,0.6020638210170802,0.005124886353516639,0.0051248741887695015,0.0,0,8.231079706710887e-11
CyclicControl,tabular,208,92,17.671076541941243,0.04721644157224677,0.1696527411627069,0.007658958194163633,0.03,1.0,0.5980325601555623,0.005085897101807358,0.005085884946718022,0.0,0,8.986293653645561e-11
CyclicControl,tabular,208,93,17.70039216628503,0.04720075341541985,0.16835643840621417,0.0077856128537558975,0.03,1.0,0.5940658963739271,0.0050471890967640765,0.005047176951546439,0.0,0,8.98101870649981e-11
CyclicControl,tabular,208,94,17.729798022464646,0.047184667570157955,0.1670694604530787,0.00791240621540779,0.03,1.0,0.5901468207700307,0.005008760738621126,0.005008748603003488,0.0,0,8.899425640862546e-11
CyclicControl,tabular,208,95,17.7592957472636,0.047168184358284265,0.1657917351643723,0.008039801661590547,0.03,1.0,0.586260510069181,0.0049706105022646815,0.004970598375579449,0.0,0,8.818311358904651e-11
CyclicControl,tabular,208,96,17.788887757812425,0.047151302063872455,0.16452319387846304,0.00816822615006281,0.03,1.0,0.5823939734616377,0.004932736930243912,0.004932724811464673,0.0,0,8.737675860626126e-11
CyclicControl,tabular,208,97,17.818577203415373,0.047134017101643964,0.16326377098281886,0.008298076980497757,0.03,1.0,0.578535758257058,0.004895138627528946,0.004895126515269799,0.0,0,8.65751775824819e-11
CyclicControl,tabular,208,98,17.84836792769611,0.04711632415479746,0.1620134035491716,0.008429727747236545,0.03,1.0,0.5746757028500659,0.004857814257621553,0.004857802150165846,0.0,0,8.577831500655719e-11
CyclicControl,tabular,208,99,17.87826443990677,0.047098216286120924,0.1607720310236871,0.008563533582423856,0.03,1.0,0.5708047294618362,0.004820762539900811,0.004820750435214571,0.0,0,8.498617087848714e-11
CyclicControl,tabular,208,100,17.908271894396403,0.04707968502573345,0.1595395949626599,0.008699835856095397,0.03,1.0,0.5669146683702779,0.004783982247977194,0.004783970143731331,0.0,0,8.41986619315449e-11
CyclicControl,tabular,209,1,17.41390171944702,0.02627658854420098,0.3560142410305889,0.03,0.03,1.0,0.28497377468383195,0.011401755079739125,0.011401378185503575,0.0,0,8.315959032501041e-11
CyclicControl,tabular,209,2,17.540794532405453,0.025971721898836852,0.35304342985434944,0.03,0.03,1.0,0.2849613764321843,0.011302724617555692,0.011302368338921065,0.0,0,8.951181462713009e-11
CyclicControl,tabular,209,3,17.66945267029382,0.025679822689110753,0.350103305098437,0.03,0.03,1.0,0.28494535399947113,0.011203956033566616,0.011203619599638559,0.0,0,8.989836652872896e-11
CyclicControl,tabular,209,4,17.799824769374194,0.0254012745328338,0.3471940649210081,0.03,0.03,1.0,0.28492580191124106,0.011105600257393338,0.011105282838945074,0.0,0,8.865927436652044e-11
CyclicControl,tabular,209,5,17.931850359375805,0.025136439694855333,0.34431580760765357,0.03,0.03,1.0,0.2849028177502407,0.011007799134298212,0.011007499855675063,0.0,0,8.742828683239168e-11
CyclicControl,tabular,209,6,18.06545931031588,0.024885658798942417,0.34146853719173587,0.03,0.03,1.0,0.28487650196900965,0.010910685142244199,0.010910403092881937,0.0,0,8.620570923767445e-11
CyclicControl,tabular,209,7,18.200571275736596,0.02464925057468534,0.3386521693825806,0.03,0.03,1.0,0.2848469577003964,0.010814381203591529,0.01081411544923383,0.0,0,8.499198567157862e-11
CyclicControl,tabular,209,8,18.337095137084905,0.024427511639427375,0.3358665377112491,0.03,0.03,1.0,0.28481429056633595,0.010719000587254581,0.010718750180487069,0.0,0,8.378739368986032e-11
CyclicControl,tabular,209,9,18.47492845477493,0.024220716315171077,0.3331113998107815,0.03,0.03,1.0,0.28477860848519554,0.010624646895131378,0.01062441088517585,0.0,0,8.259223860385134e-11
CyclicControl,tabular,209,10,18.613956932345985,0.024029116480361722,0.3303864437427029,0.03,0.03,1.0,0.28474002147803834,0.010531414126132194,0.010531191567865195,0.0,0,8.999237466333909e-11
CyclicControl,tabular,209,11,18.75405390104712,0.023852941456404857,0.3276912942984822,0.03,0.03,1.0,0.2846986414741148,0.010439386810677196,0.010439176772486292,0.0,0,8.91459961405161e-11
CyclicControl,tabular,209,12,18.89507983313781,0.02369239792872179,0.325025519204003,0.03,0.03,1.0,0.28465458211591843,0.010348640206884032,0.010348441777830786,0.0,0,8.785150384937879e-11
CyclicControl,tabular,209,13,19.0368818931722,0.02354766990210431,0.3223886351677585,0.03,0.03,1.0,0.28460795856412363,0.01025924055117307,0.010259052846998573,0.0,0,8.656872441115127e-11
CyclicControl,tabular,209,14,19.17929353751504,0.023418918690077995,0.31978011371669446,0.03,0.03,1.0,0.28455888730273043,0.010171245354543236,0.010171067522453336,0.0,0,8.529799089274093e-11
CyclicControl,tabular,209,15,19.32213417329529,0.02330628293793848,0.317199386780298,0.03,0.03,1.0,0.2845074859447367,0.01008470373571556,0.010084534958458624,0.0,0,8.506750859282874e-11
CyclicControl,tabular,209,16,19.465208888907835,0.02320987867907872,0.3146458519848072,0.03,0.03,1.0,0.2844538730386459,0.009999656784091206,0.009999496282883769,0.0,0,8.487585634320283e-11
CyclicControl,tabular,209,17,19.608308268991507,0.023129799424177505,0.3121188776320172,0.03,0.03,1.0,0.28439816787613215,0.009916137944126465,0.009915984980784609,0.0,0,8.46827608036449e-11
CyclicControl,tabular,209,18,19.751208307500814,0.0230661162827736,0.30961780734655164,0.03,0.03,1.0,0.2843404903011594,0.009834173414681555,0.009834027292673353,0.0,0,8.448786115167195e-11
CyclicControl,tabular,209,19,19.8936704330049,0.02301887811670706,0.3071419643808304,0.03,0.03,1.0,0.2842809605208619,0.009753782555879966,0.009753642620907277,0.0,0,8.429065778692291e-11
CyclicControl,tabular,209,20,20.035441660641084,0.022988111724862124,0.30469065557546804,0.03,0.03,1.0,0.28421969891847626,0.009674978298549812,0.009674843938374256,0.0,0,8.409076213133915e-11
CyclicControl,tabular,209,21,20.176254885169108,0.022973822058602683,0.30226317497887845,0.03,0.03,1.0,0.2841568258686196,0.009597767550970707,0.009597638194385416,0.0,0,8.38877023401352e-11
CyclicControl,tabular,209,22,20.315829329260318,0.022975992467250173,0.2998588071355335,0.03,0.03,1.0,0.2840924615551913,0.009522151597451766,0.009522026713222331,0.0,0,8.36811453464037e-11
CyclicControl,tabular,209,23,20.453871160461034,0.022994584972909626,0.29747683005852954,0.03,0.03,1.0,0.28402672579217264,0.00944812648679099,0.009448005581784491,0.0,0,8.347064706093477e-11
CyclicControl,tabular,209,24,20.59007428914027,0.023029540573907645,0.2951165179032489,0.03,0.03,1.0,0.283959737847593,0.009375683405932459,0.009375566023273496,0.0,0,8.325587441682103e-11
CyclicControl,tabular,209,25,20.72412135811702,0.023080779576070923,0.29277714336235494,0.03,0.03,1.0,0.28389161627092174,0.00930480903796013,0.009304694754668663,0.0,0,8.303646659157948e-11
CyclicControl,tabular,209,26,20.855684932536683,0.023148201951026518,0.2904579798073015,0.03,0.03,1.0,0.28382247872413036,0.00923548590175233,0.009235374326337142,0.0,0,8.281206276272712e-11
CyclicControl,tabular,209,27,20.984428895889913,0.02323168772067581,0.28815830319891544,0.03,0.03,1.0,0.2837524418166667,0.009167692672532021,0.009167583442701632,0.0,0,8.258230210778095e-11
CyclicControl,tabular,209,28,21.11001005485048,0.023331097366952054,0.2858773937927994,0.03,0.03,1.0,0.28368162094457533,0.009101404483306524,0.009101297263455654,0.0,0,8.234693482656041e-11
CyclicControl,tabular,209,29,21.23207995184801,0.02344627226593769,0.2836145376625354,0.03,0.03,1.0,0.2836101301339787,0.0090365932065071,0.009036487685306183,0.0,0,8.210565560773375e-11
CyclicControl,tabular,209,30,21.350286880038997,0.023577035145383507,0.28136902806946695,0.03,0.03,1.0,0.28353808188913066,0.008973227716488265,0.008973123604523403,0.0,0,8.18581868955448e-11
CyclicControl,tabular,209,31,21.464278090648126,0.023723190564641554,0.2791401666947413,0.03,0.03,1.0,0.2834655870452428,0.008911274133409093,0.00891117116103013,0.0,0,8.998282674532732e-11
CyclicControl,tabular,209,32,21.573702177622106,0.02388452541598946,0.2769272647623833,0.03,0.03,1.0,0.2833927546262694,0.008850696049786357,0.008850593964990439,0.0,0,8.998282674532732e-11
CyclicControl,tabular,209,33,21.678211619290266,0.024060809446299115,0.27472964406834444,0.03,0.03,1.0,0.283319691707827,0.008791454740380726,0.008791353307031624,0.0,0,8.993961131409378e-11
CyclicControl,tabular,209,34,21.777465451409945,0.024251795797970713,0.2725466379363439,0.03,0.03,1.0,0.2832465032854162,0.008733509357307306,0.008733408353466143,0.0,0,8.977937837606476e-11
CyclicControl,tabular,209,35,21.871132040766586,0.02445722156803325,0.2703775921127749,0.03,0.03,1.0,0.28317329214809467,0.008676817111457971,0.008676716327884026,0.0,0,8.946615670524238e-11
CyclicControl,tabular,209,36,21.958891923596042,0.024676808384286382,0.268221865619761,0.03,0.03,1.0,0.2831001587577449,0.00862133344186219,0.008621232680668944,0.0,0,8.914463611731094e-11
CyclicControl,tabular,209,37,22.04044066870663,0.02491026299733641,0.2660788315691942,0.03,0.03,1.0,0.28302720113406343,0.008567012174117773,0.00856691124780029,0.0,0,8.881462232324111e-11
CyclicControl,tabular,209,38,22.115491721508604,0.025157277887364122,0.2639478779574489,0.03,0.03,1.0,0.2829545147453896,0.008513805670009537,0.008513704400526234,0.0,0,8.847605981188167e-11
CyclicControl,tabular,209,39,22.18377918242218,0.025417531884442027,0.2618284084390965,0.03,0.03,1.0,0.2828821924054737,0.008461664932907426,0.008461563187209253,0.0,0,8.812843510508372e-11
CyclicControl,tabular,209,40,22.245060471504367,0.02569069080120529,0.259719843088263,0.03,0.03,1.0,0.28281032417628016,0.008410539814523804,0.008410437468731824,0.0,0,8.777172044727166e-11
CyclicControl,tabular,209,41,22.29911883077083,0.025976408076669396,0.2576216191543579,0.03,0.03,1.0,0.2827389972768997,0.00836037914836335,0.00836027604860723,0.0,0,8.740611012747479e-11
CyclicControl,tabular,209,42,22.34576561669611,0.026274325429977204,0.25553319180660616,0.03,0.03,1.0,0.2826682959986364,0.008311130799440819,0.008311026798968113,0.0,0,8.703152087896626e-11
CyclicControl,tabular,209,43,22.384842337810937,0.02658407352285089,0.25345403487629925,0.03,0.03,1.0,0.2825983016263271,0.008262741824272113,0.008262636783366917,0.0,0,8.664796657953389e-11
CyclicControl,tabular,209,44,22.416222396174962,0.026905272629521363,0.2513836415889481,0.03,0.03,1.0,0.2825290923659241,0.008215158591311111,0.008215052377241516,0.0,0,8.62553362068752e-11
CyclicControl,tabular,209,45,22.43981249671594,0.027237533312902427,0.24932152528989726,0.03,0.03,1.0,0.28246074327837845,0.008168326899656214,0.008168219386784137,0.0,0,8.585368527214143e-11
CyclicControl,tabular,209,46,22.455553694859564,0.027580457105782396,0.247267220157521,0.03,0.03,1.0,0.28239332621983076,0.008122192096912978,0.008122083166783645,0.0,0,8.544290275303013e-11
CyclicControl,tabular,209,47,22.463422060332544,0.027933637195805137,0.2452202819016036,0.03,0.03,1.0,0.28232690978811525,0.008076699196254478,0.00807658873789241,0.0,0,8.502312742741935e-11
CyclicControl,tabular,209,48,22.46342894325668,0.02829665911301986,0.24318028844498296,0.03,0.03,1.0,0.2822615592755683,0.00803179299364487,0.00803168090372608,0.0,0,8.459424827300666e-11
CyclicControl,tabular,209,49,22.45562083737541,0.02866910141879064,0.2411468405805528,0.03,0.03,1.0,0.28219733662811536,0.007987418184752043,0.00798730436792594,0.0,0,8.415641794545792e-11
CyclicControl,tabular,209,50,22.440078844157117,0.029050536394860722,0.23911956260360134,0.03,0.03,1.0,0.28213430041060633,0.007943519482381173,0.007943403851444875,0.0,0,8.370962256698533e-11
CyclicControl,tabular,209,51,22.41691775026723,0.029440530731389938,0.23709810291156486,0.03,0.03,1.0,0.2820725057783506,0.007900041733691548,0.007899924209981424,0.0,0,8.325401479325478e-11
CyclicControl,tabular,209,52,22.386284739194934,0.029838646212792946,0.23508213456909788,0.03,0.03,1.0,0.2820120044547968,0.007856930037945548,0.007856810551605253,0.0,0,8.278955299090285e-11
CyclicControl,tabular,209,53,22.348357765355335,0.03024444040022851,0.23307135583236493,0.03,0.03,1.0,0.28195284471528664,0.007814129864137792,0.007814008354421809,0.0,0,8.231644532674665e-11
CyclicControl,tabular,209,54,22.303343625525578,0.030657467309609488,0.2310654906302667,0.03,0.03,1.0,0.2818950713768095,0.007771587168736466,0.007771463584149707,0.0,0,8.183469180078617e-11
CyclicControl,tabular,209,55,22.2514757678086,0.031077278084032475,0.2290642889972383,0.03,0.03,1.0,0.281838725793658,0.00772924851267906,0.0077291228113306465,0.0,0,8.998804479354305e-11
CyclicControl,tabular,209,56,22.19301188232126,0.03150342165954534,0.2270675274544276,0.03,0.03,1.0,0.2817838458588957,0.007687061178114574,0.007686933327965995,0.0,0,8.98288388118118e-11
CyclicControl,tabular,209,57,22.12823132039267,0.03193544542320432,0.22507500933542368,0.03,0.03,1.0,0.2817304660115212,0.007644973284407303,0.0076448432632844066,0.0,0,8.926578920487316e-11
CyclicControl,tabular,209,58,22.057432390231373,0.032372895862406104,0.22308656505636293,0.03,0.03,1.0,0.2816786172492109,0.007602933902390613,0.007602801698282424,0.0,0,8.869377454701066e-11
CyclicControl,tabular,209,59,21.980929576828398,0.03281531920450248,0.22110205232235836,0.03,0.03,1.0,0.28162832714651576,0.00756089316762476,0.007560758778754062,0.0,0,8.811296137167801e-11
CyclicControl,tabular,209,60,21.899050732402614,0.0332622620457572,0.2191213562734995,0.03,0.03,1.0,0.28157961987837055,0.007518802391603185,0.007518665826453552,0.0,0,8.752357172348013e-11
CyclicControl,tabular,209,61,21.812134281128973,0.033713271968724,0.21714438956544901,0.03,0.03,1.0,0.28153251624877906,0.007476614170607104,0.007476475448016884,0.0,0,8.692577213587072e-11
CyclicControl,tabular,209,62,21.7205264783814,0.03416789814717811,0.21517109238287646,0.03,0.03,1.0,0.28148703372451517,0.007434282492210897,0.007434141641338932,0.0,0,8.631978465345469e-11
CyclicControl,tabular,209,63,21.62457876048389,0.03462569193776407,0.21320143238684475,0.03,0.03,1.0,0.28144318647368716,0.007391762838676569,0.0073916198990173765,0.0,0,8.570577580968575e-11
CyclicControl,tabular,209,64,21.52464521619719,0.035086207457570746,0.21123540459262458,0.03,0.03,1.0,0.28140098540899955,0.00734901228731763,0.007348867308571205,0.0,0,8.508406479368347e-11
CyclicControl,tabular,209,65,21.421080206078997,0.03554900214688456,0.20927303117791451,0.03,0.03,1.0,0.28136043823553725,0.007305989607064189,0.00730584264905354,0.0,0,8.445476262775031e-11
CyclicControl,tabular,209,66,21.31423615064277,0.03601363731641666,0.20731436122272684,0.03,0.03,1.0,0.281321549502901,0.007262655351241154,0.0072625064837827935,0.0,0,8.381818850100586e-11
CyclicControl,tabular,209,67,21.204461503069478,0.03647967867834766,0.20535947037824687,0.03,0.03,1.0,0.2812843206615047,0.007218971946205327,0.007218821248880403,0.0,0,8.317457833584285e-11
CyclicControl,tabular,209,68,21.092098917259335,0.0369466968605746,0.20340846046706385,0.03,0.03,1.0,0.2812487501228578,0.0071749037752236455,0.007174751337276852,0.0,0,8.252412642129059e-11
CyclicControl,tabular,209,69,20.97748361735643,0.03741426790360036,0.20146145901336343,0.03,0.03,1.0,0.2812148333236341,0.00713041725803687,0.007130263177998808,0.0,0,8.996545175499193e-11
CyclicControl,tabular,209,70,20.860941970646966,0.03788197373954204,0.19951861870515786,0.03,0.03,1.0,0.2811825627933358,0.007085480924798271,0.007085325310349999,0.0,0,8.997237677110803e-11
CyclicControl,tabular,209,71,20.74279026197275,0.03834940265279297,0.19758011678745468,0.03,0.03,1.0,0.28115192822536,0.007040065485394431,0.007039908452878718,0.0,0,8.948279617282395e-11
CyclicControl,tabular,209,72,20.6233336645662,0.03881614972191682,0.1956461543896948,0.03,0.03,1.0,0.2811229165512622,0.006994143892439603,0.006993985566741134,0.0,0,8.873701773381981e-11
CyclicControl,tabular,209,73,20.50286539951132,0.03928181724239657,0.19371695578723203,0.03,0.03,1.0,0.28109551201801936,0.006947691399374983,0.006947531913380489,0.0,0,8.798919926000792e-11
CyclicControl,tabular,209,74,20.381666073860846,0.03974601512991862,0.19179276759708763,0.03,0.03,1.0,0.2810696962680906,0.006900685611926138,0.0069005251062129735,0.0,0,8.723542721522648e-11
CyclicControl,tabular,209,75,20.260003185777403,0.040208361303909576,0.1898738579119652,0.03,0.03,1.0,0.2810454484220696,0.006853106533820763,0.006852945156180401,0.0,0,8.647600691080726e-11
CyclicControl,tabular,209,76,20.138130783873834,0.040668482051098166,0.1879605153734698,0.03,0.03,1.0,0.28102274516372644,0.006804936605889739,0.006804774510952183,0.0,0,8.571127141365764e-11
CyclicControl,tabular,209,77,20.01628926716866,0.04112601236891937,0.18605304818400947,0.03,0.03,1.0,0.28100156082723704,0.006756160739011696,0.006755998087669912,0.0,0,8.49415260351094e-11
CyclicControl,tabular,209,78,19.89470531169216,0.04158059628861961,0.18415178306427915,0.03,0.03,1.0,0.2809818674863918,0.006706766339998976,0.006706603298991198,0.0,0,8.416706220870651e-11
CyclicControl,tabular,209,79,19.773591909726424,0.04203188717797642,0.18225706415326282,0.03,0.03,1.0,0.2809636350455873,0.006656743331125592,0.006656580072411877,0.0,0,8.338821300135635e-11
CyclicControl,tabular,209,80,19.653148507888258,0.04247954802357926,0.18036925185754282,0.03,0.03,1.0,0.2809468313323972,0.006606084162333797,0.006605920862624792,0.0,0,8.260532535775411e-11
CyclicControl,tabular,209,81,19.53356123071204,0.042923251692670875,0.17848872165048824,0.03,0.03,1.0,0.28093142219152173,0.006554783816813375,0.006554620656924803,0.0,0,8.973483067720167e-11
CyclicControl,tabular,209,82,19.41500317701332,0.043362681174584215,0.1766158628246639,0.03,0.03,1.0,0.28091737157992425,0.006502839809222394,0.006502676973488941,0.0,0,8.998662925918666e-11
CyclicControl,tabular,209,83,19.29763477707273,0.043797529801852746,0.17475107720095195,0.03,0.03,1.0,0.2809046416629541,0.006450252176814469,0.0064500898525095,0.0,0,8.915052029934145e-11
CyclicControl,tabular,209,84,19.18160419952694,0.04422750145111362,0.17289477779744988,0.03,0.03,1.0,0.28089319291127446,0.006397023463550644,0.006396861840129553,0.0,0,8.826614439350067e-11
CyclicControl,tabular,209,85,19.067047797760747,0.04465231072395642,0.17104738746180348,0.03,0.03,1.0,0.28088298419839336,0.006343158696571954,0.0063429979651346,0.0,0,8.737903456346174e-11
CyclicControl,tabular,209,86,18.95409058653019,0.04507168310790907,0.16920933747160416,0.03,0.03,1.0,0.2808739728986294,0.006288665355886847,0.0062885057084168805,0.0,0,8.64895793872833e-11
CyclicControl,tabular,209,87,18.842846740482695,0.0454853551177897,0.1673810661057651,0.03,0.03,1.0,0.2808661149853204,0.006233553336517372,0.006233394965235894,0.0,0,8.559808417629711e-11
CyclicControl,tabular,209,88,18.73342010716598,0.0458930744176791,0.16556301719211075,0.03,0.03,1.0,0.2808593651291062,0.00617783490366372,0.006177678000301889,0.0,0,8.470489587519836e-11
CyclicControl,tabular,209,89,18.62590472800458,0.0462945999238081,0.1637556386354655,0.03,0.03,1.0,0.28085367679611095,0.00612152464068258,0.00612136939578356,0.0,0,8.381041693983349e-11
CyclicControl,tabular,209,90,18.520385361572146,0.046689701888677326,0.16195938093132578,0.03,0.03,1.0,0.280849002345859,0.0060646393901230555,0.006064485992314905,0.0,0,8.291498043710988e-11
CyclicControl,tabular,209,91,18.416938004281043,0.047078161966757154,0.16017469566937392,0.03,0.03,1.0,0.2808452931287665,0.006007198187874929,0.0060070468231697705,0.0,0,8.980084731380344e-11
CyclicControl,tabular,209,92,18.315630404348678,0.04745977326214277,0.15840203403317266,0.03,0.03,1.0,0.28084249958304586,0.005949222190648168,0.005949073041725317,0.0,0,8.996561828844563e-11
CyclicControl,tabular,209,93,18.216522565576078,0.04783434035855987,0.1566418453006313,0.03,0.03,1.0,0.2808405713308792,0.005890734596913499,0.005890587842443451,0.0,0,8.914019522521244e-11
CyclicControl,tabular,209,94,18.119667238088738,0.048201679332142235,0.1548945753504838,0.03,0.03,1.0,0.2808394572737123,0.00583176056173304,0.0058316163755886,0.0,0,8.814468599460668e-11
CyclicControl,tabular,209,95,18.025110393743002,0.04856161774742073,0.15316066518164528,0.03,0.03,1.0,0.28083910568653003,0.005772327105183717,0.005772185655918971,0.0,0,8.714995392011815e-11
CyclicControl,tabular,209,96,17.932891684393656,0.04891399463698376,0.15144054944989382,0.03,0.03,1.0,0.2808394643109787,0.005712463015705077,0.005712324465700136,0.0,0,8.615638757980548e-11
CyclicControl,tabular,209,97,17.843044881655672,0.04925866046528167,0.1497346550283496,0.03,0.03,1.0,0.28084048044721205,0.005652198747306186,0.005652063252281514,0.0,0,8.516429228500044e-11
CyclicControl,tabular,209,98,17.755598297172604,0.04959547707707134,0.1480433995970476,0.03,0.03,1.0,0.2808421010443316,0.005591566312353635,0.005591434020682962,0.0,0,8.417402885818603e-11
CyclicControl,tabular,209,99,17.67057518273789,0.049924317630998985,0.1463671902685787,0.03,0.03,1.0,0.2808442727893158,0.00553059916940718,0.005530470221518535,0.0,0,8.318593036626964e-11
CyclicControl,tabular,209,100,17.58799410989824,0.050245066518842245,0.14470642225375974,0.03,0.03,1.0,0.28084694219431666,0.005469332106754238,0.005469206634672208,0.0,0,8.987549593442168e-11
FrequencyHopping,tabular,200,1,3.9515924872963266,-0.009282255725689243,0.09069204988531032,0.03,0.03,1.0,0.18991710517600394,0.004608316141691755,0.004608922524819814,0.0,0,8.522804684218954e-11
FrequencyHopping,tabular,200,2,3.964459972007484,-0.008829743329405455,0.09057107578828161,0.03,0.03,1.0,0.1899331509964185,0.0044305401125227855,0.004431286364339648,0.0,0,8.510370186343152e-11
FrequencyHopping,tabular,200,3,3.977837530634085,-0.008360751230083851,0.09047504791187544,0.03,0.03,1.0,0.18995209972570717,0.004259823616213418,0.004260686215105558,0.0,0,8.497424985876023e-11
FrequencyHopping,tabular,200,4,3.991727326305863,-0.007875551140347945,0.0904030711252446,0.03,0.03,1.0,0.18997399559335182,0.004096809787922831,0.0040977642198012365,0.0,0,8.483991287278059e-11
FrequencyHopping,tabular,200,5,4.0061314773089425,-0.007374432926714426,0.0903540963995697,0.03,0.03,1.0,0.1899988806534014,0.0039419831056050625,0.003943005117220899,0.0,0,8.470091295009752e-11
FrequencyHopping,tabular,200,6,4.0210520524481455,-0.006857704252183548,0.09032696564145182,0.03,0.03,1.0,0.19002679467275738,0.0037956741740029767,0.0037967408337709063,0.0,0,8.455725009071102e-11
FrequencyHopping,tabular,200,7,4.036491066024691,-0.006325690182521591,0.0903204538703184,0.03,0.03,1.0,0.1900577750201601,0.0036580706453447575,0.003659161135803446,0.0,0,8.44089242946211e-11
FrequencyHopping,tabular,200,8,4.052450472433717,-0.00577873275631591,0.09033330573594567,0.03,0.03,1.0,0.1900918565561725,0.0035292324809263463,0.003530328583297715,0.0,0,8.425660169564253e-11
FrequencyHopping,tabular,200,9,4.068932160386971,-0.005217190518978752,0.09036426446977774,0.03,0.03,1.0,0.1901290715244658,0.003409109640055644,0.003410195958011286,0.0,0,8.409917207075068e-11
FrequencyHopping,tabular,200,10,4.085937946766542,-0.004641438020995288,0.09041209274438522,0.03,0.03,1.0,0.1901694494447209,0.003297560578514076,0.0032986245190667063,0.0,0,8.393730155376034e-11
FrequencyHopping,tabular,200,11,4.103469570116744,-0.004051865280820746,0.09047558582462312,0.03,0.03,1.0,0.19021301700746523,0.0031943701753304613,0.003195401772966955,0.0,0,8.377054605546164e-11
FrequencyHopping,tabular,200,12,4.12152868378194,-0.0034488772129510755,0.0905535783119249,0.03,0.03,1.0,0.1902597979711682,0.0030992662056248455,0.0031002578435168626,0.0,0,8.359934966506444e-11
FrequencyHopping,tabular,200,13,4.140116848699493,-0.002832893021816598,0.0906449460455816,0.03,0.03,1.0,0.19030981306193223,0.0030119338282816543,0.003012879910645694,0.0,0,8.342282420414904e-11
FrequencyHopping,tabular,200,14,4.159235525858069,-0.0022043455622621096,0.09074860486438796,0.03,0.03,1.0,0.19036307987610865,0.0029320278858367137,0.0029329245077491795,0.0,0,8.324230194034499e-11
FrequencyHopping,tabular,200,15,4.178886068432726,-0.0015636806675080293,0.09086350773728213,0.03,0.03,1.0,0.19041961278618078,0.002859183061359178,0.002860027701527601,0.0,0,8.305645060602274e-11
FrequencyHopping,tabular,200,16,4.199069713609958,-0.0009113564456080367,0.09098864147334407,0.027390221177991045,0.03,1.0,0.20490963514523652,0.0027936101712101127,0.0027942059614403103,0.0,0,8.286593633499706e-11
FrequencyHopping,tabular,200,17,4.218610393090938,-0.00029045990484195355,0.0910962410873184,0.016196804598260936,0.03,1.0,0.3036148521092025,0.0027539540655497755,0.0027540581517770946,0.0,0,8.267431184094676e-11
FrequencyHopping,tabular,200,18,4.233397015645632,0.00015448475487830335,0.09109411621054386,0.010027544971234587,0.03,1.0,0.4132754087192672,0.00274022299850186,0.00274024205492851,0.0,0,8.249512184477226e-11
FrequencyHopping,tabular,200,19,4.245438965894527,0.0005004846008261415,0.09102969088288226,0.006594096728210292,0.03,1.0,0.5172073724981362,0.0027335816003407794,0.0027335847741050134,0.0,0,8.232392545437506e-11
FrequencyHopping,tabular,200,20,4.255915257293496,0.0007908348313871104,0.09093007545634135,0.0046718312644828,0.03,1.0,0.6019430297405644,0.0027288327776645964,0.0027288327770098597,0.0,0,8.215761404528621e-11
FrequencyHopping,tabular,200,21,4.265504662857714,0.0010498824996329232,0.09081061903778442,0.003593346392978743,0.03,1.0,0.6628663124116687,0.0027245318327556375,0.002724531166157229,0.0,0,8.199485534987616e-11
FrequencyHopping,tabular,200,22,4.274595438449358,0.0012913654648712268,0.09068000480091376,0.0029896930827444162,0.03,1.0,0.7026710306982284,0.00272029609418605,0.0027202952878611075,0.0,0,8.183320687749074e-11
FrequencyHopping,tabular,200,23,4.283409326796676,0.001523064508431188,0.09054315340816244,0.00265481174800605,0.03,1.0,0.7268859629483203,0.0027160405879163335,0.002716039755377153,0.0,0,8.167289067273487e-11
FrequencyHopping,tabular,200,24,4.292073052137042,0.001749401927437839,0.09040285997298225,0.002472772149801134,0.03,1.0,0.740763844112601,0.0027117581636082887,0.0027117573276531637,0.0,0,8.151324060179377e-11
FrequencyHopping,tabular,200,25,4.300659159108978,0.0019728992062580082,0.09026071609250508,0.0023779968535865173,0.03,1.0,0.7482026523783148,0.0027074577835268596,0.0027074569468641396,0.0,0,8.13538125754576e-11
FrequencyHopping,tabular,200,26,4.309209271627866,0.0021949982612875407,0.09011763009261209,0.0023332329463582207,0.03,1.0,0.7517703996549013,0.002703148732891508,0.002703147894246083,0.0,0,8.997758094153596e-11
FrequencyHopping,tabular,200,27,4.317747337066037,0.0024165259288766922,0.08997412135531846,0.002317241930641198,0.03,1.0,0.7530558366556024,0.0026988376580362222,0.002698836815543615,0.0,0,8.998357614586894e-11
FrequencyHopping,tabular,200,28,4.3262871761102915,0.002637957567803233,0.08983048724826581,0.002317876928351632,0.03,1.0,0.753009111297827,0.002694528787393207,0.002694527939819169,0.0,0,8.986478228223405e-11
FrequencyHopping,tabular,200,29,4.334836794451832,0.002859567125732748,0.08968689808419583,0.002328170475814284,0.03,1.0,0.7521882817937762,0.002690224670395574,0.0026902238171477855,0.0,0,8.96887009105285e-11
FrequencyHopping,tabular,200,30,4.343400850533652,0.0030815128196279356,0.08954345126923613,0.0023441148275243446,0.03,1.0,0.7509181273374533,0.002685926797878912,0.0026859259381719625,0.0,0,8.951284158342787e-11
FrequencyHopping,tabular,200,31,4.351982071210652,0.0033038861885770414,0.08940020226897438,0.0023633981159544657,0.03,1.0,0.749386914428565,0.0026816360189139093,0.0026816351525491555,0.0,0,8.933720430093217e-11
FrequencyHopping,tabular,200,32,4.36058206570706,0.0035267402471460462,0.08925718234339408,0.0023846835602083687,0.03,1.0,0.747703618782544,0.002677352803897809,0.002677351930375549,0.0,0,8.916156701843647e-11
FrequencyHopping,tabular,200,33,4.369201795131351,0.0037501056979231317,0.08911440876991916,0.0024071956154868525,0.03,1.0,0.7459313997312681,0.0026730773996534603,0.0026730765188349714,0.0,0,8.898659586975555e-11
FrequencyHopping,tabular,200,34,4.377841843536995,0.003974000276292451,0.08897189070359302,0.002430483492480422,0.03,1.0,0.7441068993567264,0.002668809923262543,0.0026688090349955562,0.0,0,8.881118063186477e-11
FrequencyHopping,tabular,200,35,4.3865025752433064,0.004198434165301633,0.08882963258128873,0.002454284340585943,0.03,1.0,0.7422514416648596,0.002664550415820529,0.002664549519989956,0.0,0,8.863598743857892e-11
FrequencyHopping,tabular,200,36,4.395184226142613,0.0044234131332992754,0.08868763608914643,0.002478444480768683,0.03,1.0,0.7403774795882799,0.0026602988739010854,0.0026602979704959395,0.0,0,8.8461016289898e-11
FrequencyHopping,tabular,200,37,4.4038869568929435,0.00464894035876111,0.08854590130504825,0.002502873875319546,0.03,1.0,0.7384923141849045,0.002656055268643229,0.0026560543573266315,0.0,0,8.828582309661215e-11
FrequencyHopping,tabular,200,38,4.412610884016444,0.004875017495258515,0.0884044273608775,0.0025275195717807467,0.03,1.0,0.7366002565061908,0.0026518195551296043,0.0026518186359869578,0.0,0,8.811107399253615e-11
FrequencyHopping,tabular,200,39,4.421356098071526,0.005101645292587884,0.08826321283361693,0.00255235038082637,0.03,1.0,0.7347038705965133,0.0026475916803349,0.0026475907531493537,0.0,0,8.793632488846015e-11
FrequencyHopping,tabular,200,40,4.430122674347619,0.0053288239615257565,0.08812225597457646,0.002577347619154042,0.03,1.0,0.7328047198608617,0.0026433715852998657,0.00264337065011766,0.0,0,8.776157578438415e-11
FrequencyHopping,tabular,200,41,4.438910679022896,0.00555655338334643,0.0879815548374907,0.0026025005341257135,0.03,1.0,0.7309037377032818,0.002639159208166318,0.0026391582649774037,0.0,0,8.7587270769518e-11
FrequencyHopping,tabular,200,42,4.4477201730884355,0.0057848332428679814,0.08784110736269612,0.002627802569408194,0.03,1.0,0.7290015240529837,0.002634954485598214,0.0026349535341252395,0.0,0,8.741274371004693e-11
FrequencyHopping,tabular,200,43,4.456551214423535,0.006013663098528199,0.08770091142014103,0.002653249842988308,0.03,1.0,0.7270984675383517,0.0026307573523997123,0.002630756392694167,0.0,0,8.72386607397857e-11
FrequencyHopping,tabular,200,44,4.465403859123737,0.00624304242696211,0.08756096484221487,0.0026788400043749076,0.03,1.0,0.7251948358174833,0.0026265677434688583,0.002626566775259409,0.0,0,8.706413368031463e-11
FrequencyHopping,tabular,200,45,4.474278162261922,0.006472970648305767,0.08742126543092033,0.002704571433580409,0.03,1.0,0.72329083789382,0.0026223855924258892,0.002622384615860174,0.0,0,8.68900507100534e-11
FrequencyHopping,tabular,200,46,4.483174178247533,0.00670344713791483,0.08728181097451548,0.002730443513884999,0.03,1.0,0.7213866054892245,0.0026182108335024825,0.0026182098483800154,0.0,0,8.671596773979218e-11
FrequencyHopping,tabular,200,47,4.492091961334442,0.006934471242953805,0.08714259925440837,0.00275645553978347,0.03,1.0,0.7194822749788635,0.0026140434002349055,0.0026140424064893253,0.0,0,8.654210681413588e-11
FrequencyHopping,tabular,200,48,4.5010315655678115,0.007166042280205898,0.08700362804415773,0.0027826070361494774,0.03,1.0,0.7175779639786938,0.0026098832262401814,0.0026098822238442843,0.0,0,8.636824588847958e-11
FrequencyHopping,tabular,200,49,4.509993044897196,0.007398159539414059,0.0868648951137363,0.002808897963941988,0.03,1.0,0.71567375689808,0.0026057302449106244,0.0026057292338790283,0.0,0,8.61946070074282e-11
FrequencyHopping,tabular,200,50,4.518976453399804,0.0076308222902452035,0.08672639823207318,0.0028353281127813344,0.03,1.0,0.7137697495584093,0.002601584390133545,0.0026015833702108804,0.0,0,8.602119017098175e-11
FrequencyHopping,tabular,200,51,4.527981845187698,0.007864029778750963,0.08658813517006259,0.0028618972136519195,0.03,1.0,0.7118660407851273,0.00259744559516135,0.002597444566267315,0.0,0,8.584755128993038e-11
FrequencyHopping,tabular,200,52,4.537009274372917,0.008097781225765167,0.08645010369078276,0.0028886051241516536,0.03,1.0,0.7099627190917926,0.0025933137935251612,0.002593312755593491,0.0,0,8.567413445348393e-11
FrequencyHopping,tabular,200,53,4.546058795130177,0.008332075828517907,0.08631230156291858,0.0029154517634385046,0.03,1.0,0.7080598675393188,0.002589188918593912,0.002589187871639975,0.0,0,8.550049557243256e-11
FrequencyHopping,tabular,200,54,4.555130461726105,0.008566912761137803,0.086174726552668,0.002942436777484096,0.03,1.0,0.7061575874624206,0.0025850709038099263,0.0025850698478393497,0.0,0,8.532752282519596e-11
FrequencyHopping,tabular,200,55,4.564224328370456,0.008802291169316393,0.08603737642645104,0.002969560360434309,0.03,1.0,0.704255940340965,0.002580959683045508,0.0025809586177549804,0.0,0,8.515432803335443e-11
FrequencyHopping,tabular,200,56,4.573340449504128,0.009038210179279806,0.08590024895506199,0.0029968219298206734,0.03,1.0,0.7023550412636984,0.0025768551894112543,0.0025768541148667445,0.0,0,8.498157733072276e-11
FrequencyHopping,tabular,200,57,4.5824788793813465,0.009274668883686023,0.08576334190091295,0.0030242218189594147,0.03,1.0,0.7004549400359125,0.002572757356541037,0.00257275627266651,0.0,0,8.480838253888123e-11
FrequencyHopping,tabular,200,58,4.591639672555408,0.009511666357003476,0.0856266530391836,0.0030517593174173023,0.03,1.0,0.6985557581313296,0.002568666117887394,0.002568665024716754,0.0,0,8.463585388085448e-11
FrequencyHopping,tabular,200,59,4.600822883315052,0.009749201636735757,0.08549018013378484,0.0030794343512927126,0.03,1.0,0.6966575714119412,0.002564581407032699,0.002564580304509123,0.0,0,8.446265908901296e-11
FrequencyHopping,tabular,200,60,4.610028566020768,0.009987273733911279,0.08535392095705419,0.0031072469113171412,0.03,1.0,0.694760450367024,0.002560503157643991,0.0025605020456349603,0.0,0,8.429013043098621e-11
FrequencyHopping,tabular,200,61,4.619256775136524,0.010225881633648789,0.08521787327866459,0.0031351963976704806,0.03,1.0,0.6928645047082154,0.002556431303174607,0.0025564301816447532,0.0,0,8.411737972835454e-11
FrequencyHopping,tabular,200,62,4.6285075649049165,0.010465024284247726,0.08508203487045396,0.0031632828060311896,0.03,1.0,0.6909698022071563,0.002552365777310172,0.0025523646461356186,0.0,0,8.394507311493271e-11
FrequencyHopping,tabular,200,63,4.637780989664886,0.010704700606993345,0.08494640350490412,0.0031915057208229177,0.03,1.0,0.6890764373983924,0.0025483065134101483,0.0025483053726815807,0.0,0,8.377254445690596e-11
FrequencyHopping,tabular,200,64,4.647077103623133,0.010944909488382362,0.08481097695429707,0.003219864814145932,0.03,1.0,0.6871844975098913,0.00254425344551414,0.0025442522949610247,0.0,0,8.360023784348414e-11
FrequencyHopping,tabular,200,65,4.656395960895776,0.011185649781051214,0.08467575299272445,0.0032483597692598955,0.03,1.0,0.6852940677132099,0.0025402065068955144,0.0025402053465477525,0.0,0,8.342793123006231e-11
FrequencyHopping,tabular,200,66,4.66573761550863,0.011426920303375818,0.08454072939639845,0.0032769901778434154,0.03,1.0,0.6834052379344983,0.0025361656313726264,0.00253616446114302,0.0,0,8.325540257203556e-11
FrequencyHopping,tabular,200,67,4.675102121340583,0.011668719837263548,0.08440590393871128,0.0033057553761016616,0.03,1.0,0.6815181134544821,0.002532130752572686,0.0025321295723852444,0.0,0,8.308376209242851e-11
FrequencyHopping,tabular,200,68,4.6844895319749735,0.011911047123061676,0.08427127439474269,0.003334655287559998,0.03,1.0,0.6796327594207835,0.00252810180394942,0.00252810061389952,0.0,0,8.291167752361162e-11
FrequencyHopping,tabular,200,69,4.693899901017715,0.012153900869247572,0.084136838542892,0.0033636893417902593,0.03,1.0,0.6777492721371313,0.0025240787194742856,0.002524077519425072,0.0,0,8.273959295479472e-11
FrequencyHopping,tabular,200,70,4.703333281817105,0.012397279743181838,0.08400259416165845,0.0033928568757239713,0.03,1.0,0.675867752259439,0.002520061432700958,0.0025200602226240765,0.0,0,8.256773043058274e-11
FrequencyHopping,tabular,200,71,4.7127897274034165,0.012641182368859779,0.08386853902601077,0.0034221577733405616,0.03,1.0,0.6739882635668941,0.0025160498775219707,0.0025160486572501917,0.0,0,8.239586790637077e-11
FrequencyHopping,tabular,200,72,4.722269290787156,0.012885607335913344,0.08373467092026576,0.0034515908304339512,0.03,1.0,0.672110938366357,0.0025120439873175106,0.0025120427569944592,0.0,0,8.222422742676372e-11
FrequencyHopping,tabular,200,73,4.731772024340434,0.013130553179898079,0.08360098761811541,0.00348115596594254,0.03,1.0,0.6702358351481573,0.0025080436960356616,0.0025080424555650183,0.0,0,8.205236490255174e-11
FrequencyHopping,tabular,200,74,4.741297980418205,0.013376018401391219,0.08346748690545303,0.0035108524548490678,0.03,1.0,0.6683630521770243,0.002504048937569516,0.0025040476867441708,0.0,0,8.188094646754962e-11
FrequencyHopping,tabular,200,75,4.750847210988014,0.013622001454103316,0.08333416656186587,0.003540679676188364,0.03,1.0,0.6664926793925111,0.002500059645551965,0.0025000583842773594,0.0,0,8.17095280325475e-11
FrequencyHopping,tabular,200,76,4.760419767678839,0.01386850074609154,0.08320102437152643,0.0035706365258202214,0.03,1.0,0.6646248352657529,0.0024960757533959866,0.002496074481916244,0.0,0,8.153810959754537e-11
FrequencyHopping,tabular,200,77,4.770015701495487,0.014115514630651228,0.08306805811316709,0.0036007227584592847,0.03,1.0,0.6627595826558087,0.002492097195224923,0.0024920959134029363,0.0,0,8.136669116254325e-11
FrequencyHopping,tabular,200,78,4.779635063296638,0.0143630414208088,0.08293526557341391,0.003630937492081,0.03,1.0,0.6608970226513949,0.0024881239048562993,0.002488122612540611,0.0,0,8.995715283788286e-11
FrequencyHopping,tabular,200,79,4.789277903422276,0.014611079377545933,0.08280264453823794,0.0036612799568974154,0.03,1.0,0.6590372474974575,0.0024841558159732495,0.002484154513143544,0.0,0,8.996736688970941e-11
FrequencyHopping,tabular,200,80,4.798944271746009,0.01485962671117029,0.08267019279395438,0.0036917492106413943,0.03,1.0,0.6571803581834371,0.0024801928623715123,0.0024801915489942594,0.0,0,8.983658261740857e-11
FrequencyHopping,tabular,200,81,4.808634217563805,0.01510868157768455,0.08253790812577932,0.0037223444361734253,0.03,1.0,0.6553264461013627,0.002476234977867384,0.0024762336539336793,0.0,0,8.964651243559274e-11
FrequencyHopping,tabular,200,82,4.818347789653393,0.015358242080391698,0.08240578832339196,0.003753064863008905,0.03,1.0,0.6534755980154927,0.0024722820965205764,0.002472280761799839,0.0,0,8.945644225377691e-11
FrequencyHopping,tabular,200,83,4.828085036289135,0.015608306270138084,0.0822738311756166,0.00378390930612752,0.03,1.0,0.651627923827961,0.0024683341518425654,0.002468332806455642,0.0,0,8.926637207196109e-11
FrequencyHopping,tabular,200,84,4.837846004988032,0.015858872137433224,0.08214203447115542,0.003814877122617908,0.03,1.0,0.6497834988205002,0.002464391077793783,0.002464389721762883,0.0,0,8.907652393475018e-11
FrequencyHopping,tabular,200,85,4.847630742811332,0.01610993762141106,0.082010396006571,0.0038459669878221194,0.03,1.0,0.6479424371903749,0.0024604528084132106,0.0024604514416572965,0.0,0,8.888689784214421e-11
FrequencyHopping,tabular,200,86,4.857439295952818,0.016361500597268333,0.081878913569855,0.003877178318359876,0.03,1.0,0.6461048069881203,0.0024565192776536656,0.002456517900062405,0.0,0,8.86970497049333e-11
FrequencyHopping,tabular,200,87,4.86727171015821,0.01661355888873962,0.08174758496105605,0.0039085096150418665,0.03,1.0,0.6442707285614163,0.002452590419338108,0.0024525890309909926,0.0,0,8.850742361232733e-11
FrequencyHopping,tabular,200,88,4.8771280301727185,0.016866110251435643,0.08161640797591518,0.003939960240488081,0.03,1.0,0.6424402693916372,0.0024486661676138026,0.0024486647684385243,0.0,0,8.831757547511643e-11
FrequencyHopping,tabular,200,89,4.88700830023278,0.017119152387446,0.08148538041530262,0.003971528666799918,0.03,1.0,0.6406135471441988,0.002444746456557256,0.002444745046520147,0.0,0,8.812817142711538e-11
FrequencyHopping,tabular,200,90,4.896912563524378,0.01737268292913989,0.08135450007931144,0.004003214049740512,0.03,1.0,0.6387906374706988,0.002440831220307002,0.0024408297993356864,0.0,0,8.79385453345094e-11
FrequencyHopping,tabular,200,91,4.906840862571016,0.017626699450650152,0.0812237647758507,0.004035015251672509,0.03,1.0,0.6369716311630342,0.0024369203931467517,0.002436918961123302,0.0,0,8.774914128650835e-11
FrequencyHopping,tabular,200,92,4.916793239044003,0.017881199462197413,0.08109317231034252,0.00406693112559283,0.03,1.0,0.6351566175048992,0.0024330139091111604,0.0024330124661440244,0.0,0,8.755995928311222e-11
FrequencyHopping,tabular,200,93,4.926769733739894,0.018136180409414265,0.08096272049736841,0.004098960091856435,0.03,1.0,0.6333457082599104,0.0024291117027772846,0.002429110248791222,0.0,0,8.737055523511117e-11
FrequencyHopping,tabular,200,94,4.936770386302618,0.018391639665228988,0.08083240714681361,0.004131101563426625,0.03,1.0,0.6315389567087647,0.002425213708490037,0.0024252122435026724,0.0,0,8.718115118711012e-11
FrequencyHopping,tabular,200,95,4.946795235802086,0.01864757454681638,0.08070223008292965,0.004163353999550205,0.03,1.0,0.6297364682929101,0.002421319860912999,0.002421318384892013,0.0,0,8.699174713910907e-11
FrequencyHopping,tabular,200,96,4.956844320143469,0.01890398229837294,0.08057218712684833,0.004195716373753526,0.03,1.0,0.6279383173483803,0.0024174300949184823,0.0024174286077198737,0.0,0,8.680278718031786e-11
FrequencyHopping,tabular,200,97,4.966917676358604,0.019160860099673518,0.08044227611077037,0.004228187178048752,0.03,1.0,0.626144603091862,0.0024135443451496646,0.0024135428467984,0.0,0,8.661338313231681e-11
FrequencyHopping,tabular,200,98,4.977015340295293,0.019418205057160947,0.08031249486398773,0.004260765491489273,0.03,1.0,0.6243553900554155,0.002409662546519975,0.0024096610371633354,0.0,0,8.642442317352561e-11
FrequencyHopping,tabular,200,99,4.987137346955143,0.019676014213802873,0.08018284123139097,0.0042934500678045,0.03,1.0,0.6225707589809137,0.002405784634620365,0.002405783114060034,0.0,0,8.623501912552456e-11
FrequencyHopping,tabular,200,100,4.997283730277526,0.01993428454295942,0.08005331306095709,0.004326239652344554,0.03,1.0,0.6207907890804822,0.002401910544493984,0.002401909012866188,0.0,0,8.604628121133828e-11
FrequencyHopping,tabular,201,1,3.4589871794571008,0.004132092335145776,0.08915620178624462,0.03,0.03,1.0,0.19141537148708268,0.00522280196405459,0.00522148310516668,0.0,0,8.26214652249746e-11
FrequencyHopping,tabular,201,2,3.466696706483119,0.004318909932001485,0.08904609615080217,0.03,0.03,1.0,0.19144160391296583,0.00510484534171834,0.005103606511497993,0.0,0,8.246425764468768e-11
FrequencyHopping,tabular,201,3,3.4748292747067238,0.004516259544886435,0.08894132041218361,0.03,0.03,1.0,0.19147083122224678,0.004981183107296394,0.004980046123978399,0.0,0,8.23021650830924e-11
FrequencyHopping,tabular,201,4,3.483388143736487,0.004724231614994625,0.08884272076483679,0.03,0.03,1.0,0.19150308460180593,0.00485251860221408,0.0048515022416708575,0.0,0,8.213563162939863e-11
FrequencyHopping,tabular,201,5,3.492376603145432,0.004942902903383,0.08875112550575937,0.03,0.03,1.0,0.19153839445410453,0.00471965857343312,0.004718778055728734,0.0,0,8.196376910518666e-11
FrequencyHopping,tabular,201,6,3.5017979705430102,0.005172336239752462,0.08866735327750508,0.03,0.03,1.0,0.1915767903305391,0.0045834901899415035,0.00458275692100818,0.0,0,8.178724364427126e-11
FrequencyHopping,tabular,201,7,3.511655589440121,0.005412580288688435,0.0885922216151025,0.03,0.03,1.0,0.1916183008622688,0.004444957044158395,0.004444378498922763,0.0,0,8.160561115744258e-11
FrequencyHopping,tabular,201,8,3.5219528269048244,0.00566366933471877,0.08852655285072064,0.03,0.03,1.0,0.19166295368856914,0.004305035042286103,0.004304614849536481,0.0,0,8.141931573391048e-11
FrequencyHopping,tabular,201,9,3.5326930710059714,0.0059256230875543705,0.08847117485591971,0.03,0.03,1.0,0.19171077538278397,0.00416470916085512,0.004164447239363378,0.0,0,8.997513845088179e-11
FrequencyHopping,tabular,201,10,3.543879728042511,0.006198446508849927,0.0884269152996553,0.03,0.03,1.0,0.19176179137594956,0.004024951372452545,0.004024844177672682,0.0,0,8.998091161060984e-11
FrequencyHopping,tabular,201,11,3.555516219555934,0.006482129661817333,0.0883945893729643,0.03,0.03,1.0,0.19181602587819807,0.0038867002732595355,0.0038867410615028852,0.0,0,8.981149157705204e-11
FrequencyHopping,tabular,201,12,3.5676059791237313,0.0067766475849802554,0.08837498212699302,0.03,0.03,1.0,0.191873501798045,0.003750842558570834,0.0037510217822389613,0.0,0,8.958256358937433e-11
FrequencyHopping,tabular,201,13,3.5801524489317256,0.007081960191348137,0.08836882744670538,0.03,0.03,1.0,0.19193424065970152,0.003618196991925365,0.003618502686556724,0.0,0,8.934830653117842e-11
FrequencyHopping,tabular,201,14,3.59315907612354,0.007398012194217158,0.08837678608238919,0.03,0.03,1.0,0.19199826251854998,0.003489500997196773,0.0034899193091453284,0.0,0,8.910849835785939e-11
FrequencyHopping,tabular,201,15,3.606629308925581,0.007724733060788086,0.08839942507131715,0.03,0.03,1.0,0.1920655858749567,0.0033654005312109144,0.0033659162673704834,0.0,0,8.8863805203232e-11
FrequencyHopping,tabular,201,16,3.6205665925462656,0.008062036994702568,0.08843720045875747,0.03,0.03,1.0,0.1921362275865966,0.0032464433760682563,0.003247040591072059,0.0,0,8.861311684427164e-11
FrequencyHopping,tabular,201,17,3.6349743648486745,0.008409822948561017,0.08849044453607124,0.03,0.03,1.0,0.19221020277949477,0.0031330760055673147,0.0031337385754712788,0.0,0,8.835732145939801e-11
FrequencyHopping,tabular,201,18,3.649856051796091,0.008767974667402065,0.0885593581653632,0.03,0.03,1.0,0.19228752475799973,0.0030256438836577947,0.003026356024995236,0.0,0,8.809597495940125e-11
FrequencyHopping,tabular,201,19,3.6652150626703985,0.009136360764033957,0.0886440081700135,0.03,0.03,1.0,0.19236820491392337,0.0029243948202419285,0.0029251415451734264,0.0,0,8.782929938888628e-11
FrequencyHopping,tabular,201,20,3.681054785063891,0.009514834827039697,0.08874432932982623,0.03,0.03,1.0,0.1924522526350974,0.0028294849159217843,0.0028302523788483747,0.0,0,8.755751679245805e-11
FrequencyHopping,tabular,201,21,3.697378579645479,0.009903235562164018,0.08886013027881168,0.028092578712237054,0.03,1.0,0.20295938697004473,0.002741337955441938,0.0027419713486283026,0.0,0,8.728018308090668e-11
FrequencyHopping,tabular,201,22,3.7134966915933694,0.010287337372964934,0.08897211376672765,0.01417197448920461,0.03,1.0,0.33556551564208703,0.002687289165949791,0.0026873638494990804,0.0,0,8.700440368158979e-11
FrequencyHopping,tabular,201,23,3.724815241435625,0.010575770674079173,0.0889543645707147,0.007439000343370167,0.03,1.0,0.4904151661867411,0.002673033964065447,0.002673042927691327,0.0,0,8.678036067522044e-11
FrequencyHopping,tabular,201,24,3.733692126160507,0.010816878999810361,0.08887075675658718,0.004175332561448834,0.03,1.0,0.6316484913786179,0.002667018499751052,0.002667019348432831,0.0,0,8.658207484302238e-11
FrequencyHopping,tabular,201,25,3.7413575297917254,0.011034776424464175,0.08875453895322849,0.0025929912727667257,0.03,1.0,0.7341344098285693,0.0026625533673778788,0.002662553120381439,0.0,0,8.639711168711983e-11
FrequencyHopping,tabular,201,26,3.7484303883483285,0.011241403949970525,0.0886223966609534,0.001828085893075848,0.03,1.0,0.7966087671215751,0.0026582837094921204,0.0026582832899531006,0.0,0,8.621903191396996e-11
FrequencyHopping,tabular,201,27,3.7552174607630664,0.011442659972945109,0.08848258083566929,0.0014616905685468865,0.03,1.0,0.8304583510840279,0.002653982239087727,0.002653981785307069,0.0,0,8.604428280989396e-11
FrequencyHopping,tabular,201,28,3.7618698934947985,0.011641457506312465,0.0883391484610696,0.0012900557146991495,0.03,1.0,0.8473220816662521,0.002649638707735885,0.002649638244868191,0.0,0,8.587086597344751e-11
FrequencyHopping,tabular,201,29,3.768462033047055,0.011839236373821624,0.08819409098798081,0.0012138369885258888,0.03,1.0,0.8550298217217309,0.0026452717905310797,0.002645271324723586,0.0,0,8.569855936002568e-11
FrequencyHopping,tabular,201,30,3.7750304606610006,0.01203670913389306,0.0880483860524306,0.0011844881669849775,0.03,1.0,0.8580321903314938,0.0026408962361945273,0.0026408957692583,0.0,0,8.552669683581371e-11
FrequencyHopping,tabular,201,31,3.7815932010127526,0.01223422892044726,0.087902513996585,0.001178236327800433,0.03,1.0,0.8586703610105962,0.0026365206041157646,0.0026365201363556245,0.0,0,8.535527840081159e-11
FrequencyHopping,tabular,201,32,3.788159154739177,0.012431970976500622,0.08775671105065719,0.001183416310207221,0.03,1.0,0.8581318880456893,0.0026321494069297654,0.0026321489390088715,0.0,0,8.518408201041439e-11
FrequencyHopping,tabular,201,33,3.7947327303872753,0.01263002236183121,0.0876110934513119,0.0011942928101862768,0.03,1.0,0.8570091558020384,0.0026277849329983606,0.002627784464756422,0.0,0,8.501310766462211e-11
FrequencyHopping,tabular,201,34,3.801316121294555,0.012828426353085823,0.08746571835489547,0.001208040689410666,0.03,1.0,0.8555955289288404,0.0026234283192805474,0.002623427850521054,0.0,0,8.484191127422491e-11
FrequencyHopping,tabular,201,35,3.8079104265323753,0.013027204457220727,0.08732061377975109,0.001223265358978537,0.03,1.0,0.8540359624614408,0.0026190801225747153,0.002619079653240597,0.0,0,8.467138101764249e-11
FrequencyHopping,tabular,201,36,3.814516203521377,0.013226367340366625,0.08717579332715442,0.0012392778063641924,0.03,1.0,0.8524020061851394,0.0026147406106585276,0.0026147401407921045,0.0,0,8.450040667185021e-11
FrequencyHopping,tabular,201,37,3.8211337413539574,0.013425920271382208,0.08703126347637813,0.0012557367693706734,0.03,1.0,0.8507290490332915,0.0026104099079982826,0.0026104094376058207,0.0,0,8.432965437066287e-11
FrequencyHopping,tabular,201,38,3.8277631958652734,0.013625865830043014,0.08688702716366237,0.001272473320446431,0.03,1.0,0.8490345995210622,0.002606088068280815,0.0026060875970157493,0.0,0,8.415934615868537e-11
FrequencyHopping,tabular,201,39,3.8344046567525862,0.013826205261879209,0.0867430855621687,0.0012894039454589678,0.03,1.0,0.8473273313360339,0.0026017751091129077,0.0026017746369666472,0.0,0,8.398903794670787e-11
FrequencyHopping,tabular,201,40,3.84105818093147,0.014026939155817694,0.08659943897231237,0.0013064876605118438,0.03,1.0,0.8456115350310808,0.0025974710308477892,0.0025974705579676627,0.0,0,8.381895177933529e-11
FrequencyHopping,tabular,201,41,3.8477238091921566,0.014228067784698236,0.08645608725623699,0.0013237044326878506,0.03,1.0,0.8438893499806752,0.0025931758256596883,0.0025931753518284584,0.0,0,8.364886561196272e-11
FrequencyHopping,tabular,201,42,3.8544015744269093,0.01442959127427836,0.08631303005910418,0.0013410450499346175,0.03,1.0,0.8421618103609074,0.0025888894810113675,0.0025888890060890013,0.0,0,8.347900148919507e-11
FrequencyHopping,tabular,201,43,3.8610915058960362,0.014631509691510619,0.08617026691917218,0.0013585054938596852,0.03,1.0,0.8404294223792266,0.0025846119821133036,0.0025846115061933794,0.0,0,8.330869327721757e-11
FrequencyHopping,tabular,201,44,3.8677936312824963,0.014833823087102781,0.08602779732431731,0.0013760843637840834,0.03,1.0,0.8386924279752241,0.002580343313898314,0.0025803428366499848,0.0,0,8.313927324365977e-11
FrequencyHopping,tabular,201,45,3.874507977732967,0.015036531517091643,0.08588562073587047,0.001393781723151514,0.03,1.0,0.8369509230407451,0.00257608346013724,0.002576082981571526,0.0,0,8.296940912089212e-11
FrequencyHopping,tabular,201,46,3.8812345724457313,0.015239635055077052,0.08574373660608092,0.0014115983664238613,0.03,1.0,0.8352049318518051,0.002571832404653637,0.002571831924869983,0.0,0,8.279998908733432e-11
FrequencyHopping,tabular,201,47,3.8879734429684647,0.015443133798363855,0.08560214438936287,0.0014295354355720743,0.03,1.0,0.8334544457790576,0.0025675901317869327,0.002567589650582347,0.0,0,8.263079109838145e-11
FrequencyHopping,tabular,201,48,3.89472461734382,0.015647027870852533,0.08546084353746597,0.001447594302959228,0.03,1.0,0.8316994353093837,0.0025633566257411114,0.0025633561429432294,0.0,0,8.246137106482365e-11
FrequencyHopping,tabular,201,49,3.901488124209121,0.015851317424992926,0.0853198335096339,0.001465776480392382,0.03,1.0,0.8299398592638395,0.0025591318704171156,0.002559131386207225,0.0,0,8.22923951204757e-11
FrequencyHopping,tabular,201,50,3.9082639928602263,0.01605600264296605,0.08517911377482479,0.00148408371777062,0.03,1.0,0.8281756556154583,0.0025549158509881073,0.0025549153650648027,0.0,0,8.212341917612775e-11
FrequencyHopping,tabular,201,51,3.915052253356964,0.016261083738873222,0.08503868380610458,0.0015025174726261473,0.03,1.0,0.8264067926143193,0.0025507085518072918,0.002550708064341878,0.0,0,8.19544432317798e-11
FrequencyHopping,tabular,201,52,3.9218529364109203,0.016466560955897373,0.08489854308626477,0.0015210798379871483,0.03,1.0,0.8246331799726212,0.0025465099584058327,0.002546509469190994,0.0,0,8.178591137664171e-11
FrequencyHopping,tabular,201,53,3.9286660736559647,0.016672434572331425,0.0847586911102649,0.001539772555359187,0.03,1.0,0.8228547635885431,0.0025423200562745773,0.0025423195651674835,0.0,0,8.161671338768883e-11
FrequencyHopping,tabular,201,54,3.9354916975128034,0.016878704898231792,0.084619127380825,0.001558597435297847,0.03,1.0,0.8210714851819866,0.002538138831054795,0.002538138338086471,0.0,0,8.144840357715566e-11
FrequencyHopping,tabular,201,55,3.9423298412265706,0.017085372276036296,0.08447985141323278,0.001577556666996016,0.03,1.0,0.8192832533730965,0.0025339662690195266,0.002533965774168978,0.0,0,8.127987172201756e-11
FrequencyHopping,tabular,201,56,3.9491805390343098,0.017292437084248387,0.08434086273744201,0.0015966521394941413,0.03,1.0,0.8174900078779475,0.0025298023568358203,0.0025298018600219407,0.0,0,8.999045952862161e-11
FrequencyHopping,tabular,201,57,3.9560438260506734,0.017499899734532486,0.08420216088999011,0.001615886178508047,0.03,1.0,0.8156916503372359,0.002525647081540827,0.0025256465826966057,0.0,0,8.993694677883468e-11
FrequencyHopping,tabular,201,58,3.9629197384612236,0.01770776067602152,0.08406374543058481,0.0016352607481279588,0.03,1.0,0.813888119148355,0.0025215004305570647,0.0025214999296623297,0.0,0,8.97499852214878e-11
FrequencyHopping,tabular,201,59,3.9698083133825253,0.017916020391765767,0.08392561592486247,0.001654778460986516,0.03,1.0,0.8120792955608683,0.0025173623919040175,0.002517361888829006,0.0,0,8.956324570874585e-11
FrequencyHopping,tabular,201,60,3.9767095891464965,0.018124679405227977,0.0837877719591984,0.0016744415229696288,0.03,1.0,0.8102651018862659,0.002513232954113605,0.0025132324487506796,0.0,0,8.937672824060883e-11
FrequencyHopping,tabular,201,61,3.9836236051423755,0.018333738276305453,0.0836502131329464,0.0016942523077370943,0.03,1.0,0.808445448146192,0.002509112105656016,0.0025091115982669443,0.0,0,8.91902107724718e-11
FrequencyHopping,tabular,201,62,3.990550401900021,0.018543197603017095,0.08351293906466717,0.0017142135404161038,0.03,1.0,0.8066202156946847,0.0025049998366611518,0.0025049993269696813,0.0,0,8.900369330433477e-11
FrequencyHopping,tabular,201,63,3.9974900212525966,0.018753058025150114,0.0833759493905406,0.0017343277110374907,0.03,1.0,0.8047893110670578,0.0025008961369215356,0.0025008956248979697,0.0,0,8.88176199254076e-11
FrequencyHopping,tabular,201,64,4.004442506251433,0.018963320221952334,0.08323924376389957,0.0017545976067977532,0.03,1.0,0.8029526174951872,0.002496800997130529,0.0024968004827370383,0.0,0,8.86313245018755e-11
FrequencyHopping,tabular,201,65,4.011407901307187,0.019173984915240107,0.08310282185796103,0.0017750260075780335,0.03,1.0,0.8011100228437692,0.0024927144085221385,0.0024927138917589797,0.0,0,8.844547316755325e-11
FrequencyHopping,tabular,201,66,4.018386252202538,0.019385052869424275,0.08296668336696955,0.001795615675943388,0.03,1.0,0.7992614204834187,0.0024886363631827875,0.00248863584393888,0.0,0,8.825939978862607e-11
FrequencyHopping,tabular,201,67,4.025377606100671,0.019596524891396017,0.08283082800422115,0.001816369794786757,0.03,1.0,0.7974066703248212,0.00248456685349092,0.00248456633186378,0.0,0,8.807377049890874e-11
FrequencyHopping,tabular,201,68,4.032382011742538,0.01980840183500926,0.08269525550813617,0.0018372914685964917,0.03,1.0,0.7955456438324799,0.002480505872762035,0.0024805053487770845,0.0,0,8.788814120919142e-11
FrequencyHopping,tabular,201,69,4.039399519431435,0.0200206846004068,0.08255996563716339,0.001858383828559856,0.03,1.0,0.7936782145969712,0.002476453415568583,0.00247645288883791,0.0,0,8.770251191947409e-11
FrequencyHopping,tabular,201,70,4.046430181062878,0.02023337413441177,0.08242495817629703,0.001879650201181006,0.03,1.0,0.7918042435968765,0.002472409476050391,0.0024724089467969,0.0,0,8.751710467436169e-11
FrequencyHopping,tabular,201,71,4.053474050228078,0.020446471432701528,0.08229023292947168,0.0019010940005006105,0.03,1.0,0.7899235890063667,0.0024683740500160045,0.00246837351819873,0.0,0,8.733191947385421e-11
FrequencyHopping,tabular,201,72,4.06053118227202,0.02065997754087057,0.08215578973563842,0.00192271872743558,0.03,1.0,0.7880361064296917,0.0024643471340741983,0.0024643465995213276,0.0,0,8.714651222874181e-11
FrequencyHopping,tabular,201,73,4.067601634352017,0.02087389355548675,0.08202162844943572,0.0019445281314120564,0.03,1.0,0.7861416351026286,0.0024603287250639814,0.0024603281879320704,0.0,0,8.696132702823434e-11
FrequencyHopping,tabular,201,74,4.074685465567913,0.021088220626907437,0.0818877489623171,0.0019665259101534615,0.03,1.0,0.7842400242369759,0.002456318821447996,0.0024563182815793283,0.0,0,8.677658591693671e-11
FrequencyHopping,tabular,201,75,4.081782736962366,0.021302959958878386,0.08175415118516494,0.001988716065717558,0.03,1.0,0.7823311024229658,0.002452317422145896,0.0024523168795187456,0.0,0,8.659140071642923e-11
FrequencyHopping,tabular,201,76,4.08889351167777,0.021518112811981467,0.08162083506545459,0.0020111025993759277,0.03,1.0,0.7804147042605604,0.0024483245270685828,0.0024483239816766034,0.0,0,8.640665960513161e-11
FrequencyHopping,tabular,201,77,4.096017854980908,0.021733680503798227,0.08148780057847249,0.0020336897529133827,0.03,1.0,0.7784906498949837,0.002444340137207743,0.0024443395890421105,0.0,0,8.622236258304383e-11
FrequencyHopping,tabular,201,78,4.103155834394601,0.02194966441170799,0.08135504773401081,0.002056481676680078,0.03,1.0,0.7765587735260907,0.0024403642545297614,0.0024403637035455006,0.0,0,8.603739942714128e-11
FrequencyHopping,tabular,201,79,4.110307519684083,0.02216606597204191,0.08122257656831833,0.002079482960208824,0.03,1.0,0.7746188786665479,0.002436396882002864,0.002436396328194146,0.0,0,8.585265831584366e-11
FrequencyHopping,tabular,201,80,4.117472983079127,0.022382886685084293,0.08109038715445882,0.0021026982077796594,0.03,1.0,0.7726707745185329,0.0024324380235928823,0.0024324374670121607,0.0,0,8.566880538296573e-11
FrequencyHopping,tabular,201,81,4.124652299310188,0.022600128115437823,0.08095847960235547,0.0021261323874669676,0.03,1.0,0.770714246993888,0.0024284876847564525,0.002428487125266443,0.0,0,8.54840642716681e-11
FrequencyHopping,tabular,201,82,4.131845545801153,0.022817791896275374,0.08082685405562673,0.0021497902648200296,0.03,1.0,0.76874910631317,0.0024245458716120097,0.0024245453092677227,0.0,0,8.529998929418525e-11
FrequencyHopping,tabular,201,83,4.139052802611014,0.02303587972728211,0.08069551069590508,0.002173676915067751,0.03,1.0,0.7667751444395915,0.0024206125917687242,0.0024206120265777287,0.0,0,8.51159143167024e-11
FrequencyHopping,tabular,201,84,4.146274152604884,0.023254393378277602,0.08056444974313681,0.0021977977910351445,0.03,1.0,0.7647921301767993,0.0024166878540735617,0.0024166872859539,0.0,0,8.493183933921955e-11
FrequencyHopping,tabular,201,85,4.1535096816582255,0.023473334693672257,0.08043367145633695,0.0022221583642545563,0.03,1.0,0.762799839195401,0.0024127716685714254,0.002412771097489941,0.0,0,8.47477643617367e-11
FrequencyHopping,tabular,201,86,4.160759478701919,0.023692705592908554,0.08030317613824112,0.002246764280816174,0.03,1.0,0.7607980414539101,0.0024088640466598662,0.0024088634725660807,0.0,0,8.456391142885877e-11
FrequencyHopping,tabular,201,87,4.168023635838608,0.023912508072637277,0.08017296413089792,0.0022716214196407273,0.03,1.0,0.7587864968805333,0.0024049650010009847,0.0024049644239247936,0.0,0,8.438028054058577e-11
FrequencyHopping,tabular,201,88,4.175302248487306,0.024132744209567344,0.08004303582143102,0.0022967359211516244,0.03,1.0,0.756764953578769,0.0024010745457150595,0.0024010739657398528,0.0,0,8.419642760770785e-11
FrequencyHopping,tabular,201,89,4.182595415543221,0.024353416163665143,0.07991339164491462,0.002322114167148683,0.03,1.0,0.7547331499996646,0.002397192696675622,0.002397192113655189,0.0,0,8.401279671943485e-11
FrequencyHopping,tabular,201,90,4.189903239530873,0.024574526181153293,0.07978403208065421,0.0023477625748627748,0.03,1.0,0.7526908317985523,0.002393319470752781,0.0023933188848273,0.0,0,8.38296099203717e-11
FrequencyHopping,tabular,201,91,4.197225826665154,0.024796076595125314,0.07965495765622777,0.0023736880691807615,0.03,1.0,0.7506377146837339,0.0023894548869710626,0.0023894542979929767,0.0,0,8.36459790320987e-11
FrequencyHopping,tabular,201,92,4.204563287130292,0.025018069831615808,0.07952616895239295,0.0023998975897192936,0.03,1.0,0.7485735241819931,0.002385598965399369,0.002385598373511044,0.0,0,8.346257018843062e-11
FrequencyHopping,tabular,201,93,4.21191573513604,0.025240508410001878,0.07939766659735836,0.0024263985481602535,0.03,1.0,0.7464979600166991,0.002381751728193961,0.0023817511333794616,0.0,0,8.327938338936747e-11
FrequencyHopping,tabular,201,94,4.219283289186034,0.02546339494869883,0.0792694512801062,0.0024531984360339136,0.03,1.0,0.7444107275678585,0.0023779131992847894,0.0023779126014442653,0.0,0,8.309619659030432e-11
FrequencyHopping,tabular,201,95,4.226666072168628,0.025686732166321127,0.07914152373865724,0.0024803051212550758,0.03,1.0,0.7423115151952099,0.002374083404137441,0.0023740828032587924,0.0,0,8.291323183584609e-11
FrequencyHopping,tabular,201,96,4.2340642115869525,0.025910522886284267,0.07901388477243865,0.002507726765512776,0.03,1.0,0.740200001415142,0.002370262370322213,0.0023702617663241554,0.0,0,8.273004503678294e-11
FrequencyHopping,tabular,201,97,4.2414778397540704,0.026134770040471392,0.07888653523842049,0.002535471884018763,0.03,1.0,0.738075851011844,0.0023664501269605623,0.0023664495200212965,0.0,0,8.254708028232471e-11
FrequencyHopping,tabular,201,98,4.248907094019215,0.0263594766736105,0.07875947605923139,0.002563549045802471,0.03,1.0,0.7359387385599043,0.0023626467056726726,0.0023626460957701934,0.0,0,8.236411552786649e-11
FrequencyHopping,tabular,201,99,4.256352116857284,0.026584645944099938,0.07863270821445445,0.002591967751266911,0.03,1.0,0.733788282433739,0.002358852139883859,0.00235885152708315,0.0,0,8.218137281801319e-11
FrequencyHopping,tabular,201,100,4.26381305637186,0.026810281135246344,0.07850623275700297,0.002620737235819469,0.03,1.0,0.7316241365351069,0.002355066465353671,0.0023550658496325205,0.0,0,8.199840806355496e-11
FrequencyHopping,tabular,202,1,3.298442175841132,0.11275941816022263,0.09444662060335007,0.03,0.03,1.0,0.19346867779710564,0.004441574225805194,0.004441807084538452,0.0,0,8.580824939485865e-11
FrequencyHopping,tabular,202,2,3.3096766504632895,0.11283610268950177,0.09462239711527376,0.03,0.03,1.0,0.19349145385680103,0.004350027992190267,0.004350283991650716,0.0,0,8.551648278398716e-11
FrequencyHopping,tabular,202,3,3.321232792676765,0.1129119911504915,0.09480873458411754,0.03,0.03,1.0,0.19351695880660805,0.004262135914808758,0.004262414095518752,0.0,0,8.521960914720239e-11
FrequencyHopping,tabular,202,4,3.3331088965310345,0.11298706026400036,0.09500467779161026,0.03,0.03,1.0,0.19354519256955816,0.004178002691337706,0.004178301999214984,0.0,0,8.49180725737142e-11
FrequencyHopping,tabular,202,5,3.3453032015711752,0.11306127753139887,0.09520920698881108,0.03,0.03,1.0,0.19357615203591566,0.004097723377898876,0.004098042608199348,0.0,0,8.461165101891766e-11
FrequencyHopping,tabular,202,6,3.3578138920961527,0.11313460164967117,0.09542124886746661,0.03,0.03,1.0,0.19360983102915985,0.004021382427452186,0.004021720179556709,0.0,0,8.429990039360291e-11
FrequencyHopping,tabular,202,7,3.3706390964390986,0.11320698293869523,0.09563968886171503,0.03,0.03,1.0,0.19364622027837697,0.0039490525004122244,0.0039494071441317224,0.0,0,8.398348683158474e-11
FrequencyHopping,tabular,202,8,3.383776886275759,0.11327836377935553,0.09586338439612208,0.03,0.03,1.0,0.19368530739713077,0.003880793147747787,0.0038811628157888745,0.0,0,8.366263237746807e-11
FrequencyHopping,tabular,202,9,3.3972252759672346,0.11334867906106585,0.09609117865992944,0.03,0.03,1.0,0.1937270768688561,0.0038166495090961455,0.003817032109613816,0.0,0,8.333600476362335e-11
FrequencyHopping,tabular,202,10,3.410982221942938,0.11341785663727952,0.09632191445380078,0.03,0.03,1.0,0.19377151003880733,0.0037566511445055765,0.0037570443850916124,0.0,0,8.300493625768013e-11
FrequencyHopping,tabular,202,11,3.425045622129479,0.11348581778755566,0.09655444765932497,0.03,0.03,1.0,0.193818585112571,0.0037008110824702438,0.003701212516988406,0.0,0,8.266920481503348e-11
FrequencyHopping,tabular,202,12,3.439413315431076,0.11355247768475797,0.09678765991572025,0.03,0.03,1.0,0.19386827716113364,0.0036491251960107315,0.003649532275442624,0.0,0,8.232881043568341e-11
FrequencyHopping,tabular,202,13,3.4540830812668157,0.11361774586596295,0.09702047009554349,0.03,0.03,1.0,0.19392055813247663,0.003601571930470146,0.0036019820705714967,0.0,0,8.198330903042006e-11
FrequencyHopping,tabular,202,14,3.469052639169795,0.11368152670567691,0.09725184433233558,0.03,0.03,1.0,0.19397539686965445,0.0035581124534415044,0.0035585230906307608,0.0,0,8.163336673305821e-11
FrequencyHopping,tabular,202,15,3.484319648453038,0.11374371988996909,0.09748080430880268,0.03,0.03,1.0,0.194032759135289,0.0035186911740918603,0.003519099833806605,0.0,0,8.982703469939679e-11
FrequencyHopping,tabular,202,16,3.4998817079466513,0.11380422089015632,0.09770643371755927,0.03,0.03,1.0,0.19409260764239814,0.003483236662598004,0.0034836410118317396,0.0,0,8.991007938163875e-11
FrequencyHopping,tabular,202,17,3.5157363558104655,0.113862921434701,0.09792788282930731,0.03,0.03,1.0,0.19415490209145775,0.003451662885575321,0.0034520607814629845,0.0,0,8.95059582006752e-11
FrequencyHopping,tabular,202,18,3.531881069425977,0.11391970997801609,0.09814437121348218,0.03,0.03,1.0,0.1942195992135799,0.0034238707096489367,0.00342426024646314,0.0,0,8.909628590458851e-11
FrequencyHopping,tabular,202,19,3.5483132653710836,0.1139744721649053,0.09835518873161364,0.03,0.03,1.0,0.19428665281967056,0.003399749640996536,0.00340012916293686,0.0,0,8.868172862719348e-11
FrequencyHopping,tabular,202,20,3.565030299480728,0.11402709128941449,0.09855969495852213,0.03,0.03,1.0,0.194356013855415,0.00337917964208724,0.0033795477762814663,0.0,0,8.826184227928024e-11
FrequencyHopping,tabular,202,21,3.5820294669960187,0.11407744874690309,0.09875731723826275,0.03,0.03,1.0,0.1944276304619255,0.003362033072209538,0.0033623887198959146,0.0,0,8.783707095005866e-11
FrequencyHopping,tabular,202,22,3.5993080028041184,0.11412542447820681,0.09894754763586366,0.03,0.03,1.0,0.1945014480418664,0.003348176570266552,0.003348518908697029,0.0,0,8.740741463952872e-11
FrequencyHopping,tabular,202,23,3.61686308177056,0.11417089740480098,0.09912993898477662,0.03,0.03,1.0,0.19457740933086032,0.0033374728940098576,0.003337801368970883,0.0,0,8.697287334769044e-11
FrequencyHopping,tabular,202,24,3.634691819165185,0.11421374585394638,0.09930410029446168,0.03,0.03,1.0,0.1946554544739634,0.0033297826552517204,0.0033300969551248727,0.0,0,8.65334470745438e-11
FrequencyHopping,tabular,202,25,3.6527912711825055,0.1142538479728357,0.0994696917410498,0.03,0.03,1.0,0.19473552110698825,0.003324965882395406,0.0033252659136138174,0.0,0,8.608935786469374e-11
FrequencyHopping,tabular,202,26,3.671158435556447,0.11429108213084357,0.09962641941636541,0.03,0.03,1.0,0.1948175444424351,0.0033228834047000443,0.003323169265635917,0.0,0,8.56401616289304e-11
FrequencyHopping,tabular,202,27,3.689790252269268,0.1143253273090228,0.09977403003836871,0.03,0.03,1.0,0.1949014573597877,0.003323398041834656,0.0033236699899021893,0.0,0,8.518652450106856e-11
FrequencyHopping,tabular,202,28,3.708683604353461,0.11435646347607945,0.09991230575990828,0.03,0.03,1.0,0.19498719049991414,0.003326375572857677,0.0033266339964568292,0.0,0,8.472800239189837e-11
FrequencyHopping,tabular,202,29,3.7278353187851727,0.11438437195010345,0.10004105917987838,0.03,0.03,1.0,0.19507467236330606,0.003331685510563401,0.0033319308912949097,0.0,0,8.426503939062968e-11
FrequencyHopping,tabular,202,30,3.7472421674669043,0.1144089357454104,0.10016012866128632,0.03,0.03,1.0,0.19516382941188476,0.003339201644893832,0.003339434537817265,0.0,0,8.379719140805264e-11
FrequencyHopping,tabular,202,31,3.766900868296634,0.11443003990392671,0.10026937403235792,0.03,0.03,1.0,0.19525458617408697,0.0033488024352972164,0.003349023428325326,0.0,0,8.332534662258695e-11
FrequencyHopping,tabular,202,32,3.786808086320048,0.11444757181060002,0.10036867267976257,0.03,0.03,1.0,0.19534686535294793,0.0033603711792711062,0.0033605808819914262,0.0,0,8.284839481120798e-11
FrequencyHopping,tabular,202,33,3.806960434961748,0.11446142149240887,0.1004579160915231,0.03,0.03,1.0,0.1954405879368832,0.003373796076933929,0.00337399509011993,0.0,0,8.236766824154529e-11
FrequencyHopping,tabular,202,34,3.827354477330823,0.1144714819006008,0.10053700683607669,0.03,0.03,1.0,0.19553567331287666,0.0033889701273455185,0.003389159030582789,0.0,0,8.188183464596932e-11
FrequencyHopping,tabular,202,35,3.8479867275955737,0.11447764917586237,0.10060585598365979,0.03,0.03,1.0,0.19563203938177148,0.0034057909446162686,0.003405970275272896,0.0,0,8.978506826906596e-11
FrequencyHopping,tabular,202,36,3.868853652421498,0.11447982289619704,0.10066438094271657,0.03,0.03,1.0,0.1957296026753618,0.0034241604592140876,0.0034243307130887857,0.0,0,8.98865426535167e-11
FrequencyHopping,tabular,202,37,3.889951672466178,0.11447790630734894,0.10071250368561824,0.03,0.03,1.0,0.19582827847498427,0.0034439846022910237,0.0034441462115761823,0.0,0,8.93329854534386e-11
FrequencyHopping,tabular,202,38,3.9112771639240935,0.11447180653568405,0.10075014935014837,0.03,0.03,1.0,0.19592798093130587,0.0034651728980753813,0.003465326237305666,0.0,0,8.877498736126199e-11
FrequencyHopping,tabular,202,39,3.9328264601138807,0.11446143478349736,0.10077724514486741,0.03,0.03,1.0,0.1960286231850033,0.0034876380703520787,0.0034877834542734742,0.0,0,8.821232633238196e-11
FrequencyHopping,tabular,202,40,3.954595853100058,0.11444670650679145,0.10079371956842609,0.03,0.03,1.0,0.19613011748804057,0.003511295637554741,0.003511433316178536,0.0,0,8.764522441140343e-11
FrequencyHopping,tabular,202,41,3.976581595340821,0.11442754157561257,0.10079950185709619,0.03,0.03,1.0,0.19623237532524165,0.003536063503136404,0.0035361936665481153,0.0,0,8.70736815983264e-11
FrequencyHopping,tabular,202,42,3.998779901352952,0.11440386441711986,0.10079452165657754,0.03,0.03,1.0,0.19633530753587158,0.003561861574914579,0.0035619843572245458,0.0,0,8.64979199377558e-11
FrequencyHopping,tabular,202,43,4.021186949384742,0.11437560414158407,0.10077870886516793,0.03,0.03,1.0,0.19643882443493615,0.003588611407303682,0.003588726893696048,0.0,0,8.591749534048176e-11
FrequencyHopping,tabular,202,44,4.043798883087235,0.11434269465160053,0.10075199361623266,0.03,0.03,1.0,0.19654283593391997,0.003616235887334197,0.0036163441130792062,0.0,0,8.533329598492401e-11
FrequencyHopping,tabular,202,45,4.066611813173951,0.1143050747348326,0.10071430637437206,0.03,0.03,1.0,0.19664725166068742,0.0036446589340478745,0.003644759897609484,0.0,0,8.474487778187267e-11
FrequencyHopping,tabular,202,46,4.089621819059106,0.11426268814064963,0.10066557811095889,0.03,0.03,1.0,0.19675198107828196,0.003673805259852675,0.0036738989255151733,0.0,0,8.415268482053762e-11
FrequencyHopping,tabular,202,47,4.1128249504639,0.11421548364108577,0.10060574054195914,0.03,0.03,1.0,0.1968569336023632,0.0037036001609243386,0.0037036864591331042,0.0,0,8.355605096710406e-11
FrequencyHopping,tabular,202,48,4.136217228980624,0.11416341507656769,0.10053472640092487,0.03,0.03,1.0,0.1969620187170337,0.003733969326260321,0.0037340481676888526,0.0,0,8.295630848920155e-11
FrequencyHopping,tabular,202,49,4.159794649584058,0.11410644138691577,0.10045246973490185,0.03,0.03,1.0,0.197067146088815,0.003764838708630879,0.0037649099833310107,0.0,0,8.235212511920054e-11
FrequencyHopping,tabular,202,50,4.183553182079771,0.11404452662814693,0.10035890620995191,0.03,0.03,1.0,0.19717222567854312,0.003796134402430485,0.0037961979861003137,0.0,0,8.174438903552073e-11
FrequencyHopping,tabular,202,51,4.20748877247895,0.11397763997564513,0.10025397341616449,0.03,0.03,1.0,0.1972771678509685,0.0038277825588825362,0.0038278383144736416,0.0,0,8.998224387823939e-11
FrequencyHopping,tabular,202,52,4.231597344289492,0.11390575571429509,0.10013761116671738,0.03,0.03,1.0,0.197381883481846,0.0038597093170898342,0.0038597570975595907,0.0,0,8.946532403797391e-11
FrequencyHopping,tabular,202,53,4.25587479971337,0.1138288532161992,0.10000976178370369,0.03,0.03,1.0,0.19748628406232865,0.0038918407528894853,0.003891880404790049,0.0,0,8.877876211954572e-11
FrequencyHopping,tabular,202,54,4.280317020740451,0.11374691690661795,0.09987037037894053,0.03,0.03,1.0,0.1975902818004746,0.003924102844170998,0.003924134209590147,0.0,0,8.808798135362395e-11
FrequencyHopping,tabular,202,55,4.304919870129345,0.11365993621879684,0.09971938510959788,0.03,0.03,1.0,0.19769378971969886,0.003956421447767385,0.00395644436356668,0.0,0,8.739409196323322e-11
FrequencyHopping,tabular,202,56,4.329679192266225,0.11356790553835476,0.09955675744176551,0.03,0.03,1.0,0.19779672175401494,0.003988722278045848,0.003988736578254715,0.0,0,8.669687190376862e-11
FrequencyHopping,tabular,202,57,4.3545908138929885,0.11347082413792212,0.09938244239647842,0.03,0.03,1.0,0.19789899283991724,0.004020930899637448,0.004020936411843534,0.0,0,8.599609913062523e-11
FrequencyHopping,tabular,202,58,4.379650544696708,0.11336869610272898,0.09919639880128228,0.03,0.03,1.0,0.19800051900477308,0.0040529727044127445,0.004052969258822259,0.0,0,8.529177364380303e-11
FrequencyHopping,tabular,202,59,4.404854177752763,0.11326153024783935,0.0989985895444967,0.03,0.03,1.0,0.1981012174516103,0.004084772924322645,0.0040847603414226885,0.0,0,8.458478362172173e-11
FrequencyHopping,tabular,202,60,4.430197489814797,0.11314934002774876,0.09878898184606522,0.03,0.03,1.0,0.19820100664018772,0.004116256600580624,0.004116234701099453,0.0,0,8.387468497517148e-11
FrequencyHopping,tabular,202,61,4.455676241445297,0.11303214343903659,0.09856754754046237,0.03,0.03,1.0,0.19829980636426572,0.0041473485904572355,0.004147317190512423,0.0,0,8.316192179336213e-11
FrequencyHopping,tabular,202,62,4.481286176981147,0.11290996291678734,0.09833426339178608,0.03,0.03,1.0,0.19839753782498804,0.004177973554485105,0.004177932465051493,0.0,0,8.244604998708382e-11
FrequencyHopping,tabular,202,63,4.5070230243295395,0.11278282522547091,0.09808911144121302,0.03,0.03,1.0,0.19849412370032113,0.004208055946647606,0.004208004974938007,0.0,0,8.98749963340606e-11
FrequencyHopping,tabular,202,64,4.532882494590188,0.11265076134497101,0.09783207939775274,0.03,0.03,1.0,0.19858948821048764,0.004237520010264822,0.004237458958295859,0.0,0,8.994627265224153e-11
FrequencyHopping,tabular,202,65,4.558860281500793,0.1125138063524371,0.09756316107547569,0.03,0.03,1.0,0.19868355717936187,0.004266289771294322,0.004266218436570712,0.0,0,8.920464367179193e-11
FrequencyHopping,tabular,202,66,4.584952060703437,0.11237199930062745,0.09728235688923892,0.03,0.03,1.0,0.19877625809179952,0.004294289037987299,0.0042942072135858655,0.0,0,8.839906584512391e-11
FrequencyHopping,tabular,202,67,4.611153488830622,0.11222538309338607,0.09698967441718054,0.03,0.03,1.0,0.19886752014688183,0.004321441402601134,0.0043213488801521205,0.0,0,8.759104552780173e-11
FrequencyHopping,tabular,202,68,4.637460202410464,0.11207400435888422,0.09668512903789894,0.03,0.03,1.0,0.1989572743070808,0.00434767025781882,0.00434756682631221,0.0,0,8.678080476443029e-11
FrequencyHopping,tabular,202,69,4.663867816591511,0.11191791332124322,0.0963687446383199,0.03,0.03,1.0,0.19904545334334547,0.004372898816254574,0.0043727842633556335,0.0,0,8.596856559961452e-11
FrequencyHopping,tabular,202,70,4.690371923688677,0.11175716367111779,0.0960405544162879,0.03,0.03,1.0,0.1991319918761371,0.004397050143195888,0.004396924258256885,0.0,0,8.515521621177413e-11
FrequencyHopping,tabular,202,71,4.716968091552628,0.11159181243581504,0.0957006017726525,0.03,0.03,1.0,0.19921682641244046,0.0044200472074458815,0.004419909783282883,0.0,0,8.434009046709434e-11
FrequencyHopping,tabular,202,72,4.743651861765908,0.1114219198494878,0.09534894129659133,0.03,0.03,1.0,0.1992998953787936,0.004441812949830452,0.004441663783679273,0.0,0,8.352341041018008e-11
FrequencyHopping,tabular,202,73,4.770418747670242,0.11124754922391583,0.09498563985974595,0.03,0.03,1.0,0.1993811391503907,0.004462270362536099,0.0044621092660139805,0.0,0,8.270562013024119e-11
FrequencyHopping,tabular,202,74,4.797264232230015,0.11106876682037135,0.09461077780442695,0.03,0.03,1.0,0.19946050007631613,0.004481342615495147,0.004481169411232333,0.0,0,8.992895317305738e-11
FrequencyHopping,tabular,202,75,4.8241837657383,0.1108856417230252,0.09422445024702686,0.03,0.03,1.0,0.19953792250098282,0.0044989531840082825,0.004498767714476326,0.0,0,8.993250588673618e-11
FrequencyHopping,tabular,202,76,4.851172763372415,0.11069824571432824,0.09382676848000981,0.03,0.03,1.0,0.19961335278185097,0.004515026026206022,0.004514828155733008,0.0,0,8.91644535983005e-11
FrequencyHopping,tabular,202,77,4.878226602607001,0.11050665315277491,0.09341786148033826,0.03,0.03,1.0,0.1996867393035164,0.004529485779522174,0.0045292754036447835,0.0,0,8.825318253968817e-11
FrequencyHopping,tabular,202,78,4.905340620493528,0.11031094085342105,0.0929978775051632,0.03,0.03,1.0,0.19975803248826252,0.004542258009216361,0.00454203505622397,0.0,0,8.734180045877338e-11
FrequencyHopping,tabular,202,79,4.932510110816002,0.11011118797149796,0.0925669857889333,0.03,0.03,1.0,0.19982718480317538,0.004553269476356711,0.004553033920272065,0.0,0,8.643108451167336e-11
FrequencyHopping,tabular,202,80,4.9597303211333115,0.1099074758894445,0.09212537830535772,0.03,0.03,1.0,0.1998941507639292,0.004562448471913438,0.004562200332623778,0.0,0,8.552025754227088e-11
FrequencyHopping,tabular,202,81,4.986996449719811,0.10969988810763043,0.09167327159439465,0.03,0.03,1.0,0.1999588869353569,0.004569725169924814,0.004569464524697198,0.0,0,8.461054079589303e-11
FrequencyHopping,tabular,202,82,5.0143036424161345,0.10948851013903019,0.09121090862931336,0.03,0.03,1.0,0.20002135192892356,0.004575032040765,0.004574759031571229,0.0,0,8.370215631714473e-11
FrequencyHopping,tabular,202,83,5.041646989403217,0.10927342940807126,0.09073856069115593,0.03,0.03,1.0,0.20008150639722191,0.004578304305362968,0.004578019146482926,0.0,0,8.279510410602597e-11
FrequencyHopping,tabular,202,84,5.069021521913247,0.10905473515383975,0.09025652924139482,0.03,0.03,1.0,0.20013931302562143,0.004579480435280964,0.004579183420012289,0.0,0,8.982703469939679e-11
FrequencyHopping,tabular,202,85,5.096422208891712,0.10883251833781683,0.0897651477291761,0.03,0.03,1.0,0.20019473652119665,0.004578502693560841,0.004578194202706665,0.0,0,8.998435330198618e-11
FrequencyHopping,tabular,202,86,5.1238439536256655,0.10860687155627244,0.08926478331423016,0.03,0.03,1.0,0.20024774359907024,0.0045753177186803875,0.00457499822841112,0.0,0,8.898304315607675e-11
FrequencyHopping,tabular,202,87,5.1512815903536895,0.10837788895742091,0.08875583845403545,0.03,0.03,1.0,0.20029830296630277,0.004569877145957796,0.004569547234205551,0.0,0,8.798461959003134e-11
FrequencyHopping,tabular,202,88,5.178729880873811,0.10814566616341696,0.08823875229835298,0.03,0.03,1.0,0.20034638530347035,0.004562138260265185,0.004561798611516954,0.0,0,8.698963771536228e-11
FrequencyHopping,tabular,202,89,5.2061835111660235,0.10791030019723885,0.08771400184288125,0.03,0.03,1.0,0.20039196324406386,0.004552064670506038,0.004551716080919754,0.0,0,8.599843059897694e-11
FrequencyHopping,tabular,202,90,5.23363708804663,0.10767188941448151,0.08718210278473304,0.03,0.03,1.0,0.20043501135184894,0.004539627000974316,0.0045392703818565305,0.0,0,8.501133130778271e-11
FrequencyHopping,tabular,202,91,5.261085135872157,0.10743053344005511,0.08664361001394227,0.03,0.03,1.0,0.20047550609632894,0.004524803588578542,0.004524439966596128,0.0,0,8.402878393098945e-11
FrequencyHopping,tabular,202,92,5.288522093310858,0.10718633310976292,0.08609911768381329,0.03,0.03,1.0,0.20051342582644502,0.004507581166654119,0.004507211685845558,0.0,0,8.305134358010946e-11
FrequencyHopping,tabular,202,93,5.315942310200424,0.10693939041670401,0.08554925880449038,0.03,0.03,1.0,0.20054875074265416,0.004487955537102538,0.004487581452363498,0.0,0,8.99597063508395e-11
FrequencyHopping,tabular,202,94,5.343340044510675,0.10668980846242823,0.0849947042952659,0.03,0.03,1.0,0.20058146286752068,0.0044659321927179845,0.00446555486683653,0.0,0,8.999045952862161e-11
FrequencyHopping,tabular,202,95,5.370709459430475,0.10643769141274484,0.08443616145955013,0.03,0.03,1.0,0.20061154601495565,0.004441526893753387,0.0044411477898482765,0.0,0,8.905742809872663e-11
FrequencyHopping,tabular,202,96,5.398044620598252,0.10618314445807392,0.08387437182424407,0.03,0.03,1.0,0.20063898575823996,0.004414766174651964,0.0044143868426318456,0.0,0,8.799772022172192e-11
FrequencyHopping,tabular,202,97,5.425339493495917,0.10592627377819834,0.08331010833468877,0.03,0.03,1.0,0.2006637693969557,0.004385687753254993,0.004385309819127214,0.0,0,8.694556186128466e-11
FrequencyHopping,tabular,202,98,5.4525879410259135,0.10566718651126873,0.08274417187296157,0.03,0.03,1.0,0.200685885922965,0.004354340844388539,0.00435396599230764,0.0,0,8.590173017353209e-11
FrequencyHopping,tabular,202,99,5.479783721291523,0.10540599072688918,0.08217738710979416,0.03,0.03,1.0,0.20070532598554633,0.004320786343131708,0.004320416298351892,0.0,0,8.486655822537159e-11
FrequencyHopping,tabular,202,100,5.506920485600515,0.10514279540310008,0.08161059770776524,0.03,0.03,1.0,0.20072208185582496,0.004285096879171132,0.0042847333842712665,0.0,0,8.384060112831548e-11
FrequencyHopping,tabular,203,1,3.0769951024910744,-0.0002937379545835527,0.09582762242369425,0.010789908484894377,0.03,1.0,0.4030224254641478,0.002885930477444007,0.002885911131460972,0.0,0,8.454392741441552e-11
FrequencyHopping,tabular,203,2,3.084226753807703,-0.00027328464139405613,0.0957093713675472,0.005040865965521335,0.03,1.0,0.5909821358453204,0.0028728906264024693,0.0028728893683600543,0.0,0,8.437384124704295e-11
FrequencyHopping,tabular,203,3,3.090600683121158,-0.00017357793525019606,0.09555462525002723,0.0024376129881486038,0.03,1.0,0.7492172903557863,0.0028662206359723512,0.0028662207811427365,0.0,0,8.421086050702797e-11
FrequencyHopping,tabular,203,4,3.0965719278707917,-3.83916403658198e-05,0.09538316700014038,0.0012628389065339877,0.03,1.0,0.8521979695910645,0.0028606288289080937,0.0028606286995391805,0.0,0,8.40514324806918e-11
FrequencyHopping,tabular,203,5,3.1023642842512453,0.00011300114286397541,0.09520427486501282,0.0007383428997900557,0.03,1.0,0.9079197708260364,0.0028551578464672826,0.0028551574538118185,0.0,0,8.389422490040488e-11
FrequencyHopping,tabular,203,6,3.1080837120308047,0.0002720213814711418,0.09502226093383026,0.000510167881616453,0.03,1.0,0.934502603939963,0.002849672612977426,0.0028496720837294376,0.0,0,8.373679527551303e-11
FrequencyHopping,tabular,203,7,3.1137795806033357,0.00043483121676418673,0.09483911923700017,0.00041708473364040913,0.03,1.0,0.9457971114226023,0.002844174021339268,0.0028441734351072334,0.0,0,8.358069791825073e-11
FrequencyHopping,tabular,203,8,3.1194747361142894,0.0005997101027696391,0.094655769447749,0.0003856135975453289,0.03,1.0,0.9496735293380161,0.002838675420765217,0.0028386748168580667,0.0,0,8.342460056098844e-11
FrequencyHopping,tabular,203,9,3.125179725681871,0.0007658860943411352,0.09447263508837178,0.0003822598250247886,0.03,1.0,0.9500818035605326,0.002833185567088509,0.0028331849647866836,0.0,0,8.326872524833107e-11
FrequencyHopping,tabular,203,10,3.1308994206792815,0.0009330128198306517,0.09428991092766958,0.00039175480309852514,0.03,1.0,0.9488975152087857,0.0028277089974819087,0.002827708405497509,0.0,0,8.311307198027862e-11
FrequencyHopping,tabular,203,11,3.136636079087852,0.001100934930178962,0.09410768636615163,0.00040713814588641507,0.03,1.0,0.946989235991735,0.0028222478860792538,0.0028222473076044974,0.0,0,8.295719666762125e-11
FrequencyHopping,tabular,203,12,3.1423907567978584,0.0012695828324711192,0.09392600226255654,0.0004252362077963638,0.03,1.0,0.9447547333340865,0.0028168032369966386,0.002816802673586416,0.0,0,8.280176544417372e-11
FrequencyHopping,tabular,203,13,3.148163956932812,0.0014389254399547993,0.09374487710358537,0.0004446008234208546,0.03,1.0,0.9423753677457571,0.002811375501964751,0.0028113749547162836,0.0,0,8.26463342207262e-11
FrequencyHopping,tabular,203,14,3.1539559282977163,0.001608948966821939,0.09356431904574691,0.00046457063138165836,0.03,1.0,0.9399337042246894,0.0028059648777618885,0.0028059643463869133,0.0,0,8.24911250418836e-11
FrequencyHopping,tabular,203,15,3.1597668026062027,0.0017796474053584743,0.09338433144262526,0.0004848427738079336,0.03,1.0,0.9374673907981032,0.0028005714415292398,0.0028005709256595512,0.0,0,8.233547177383116e-11
FrequencyHopping,tabular,203,16,3.1655966575109447,0.0019510182519901166,0.09320491540544262,0.00050527736531701,0.03,1.0,0.9349937292776046,0.0027951952135780588,0.0027951947135727018,0.0,0,8.218048463959349e-11
FrequencyHopping,tabular,203,17,3.171445545472878,0.002123060592082767,0.09302607096561832,0.000525809260591633,0.03,1.0,0.932520730333825,0.0027898361902858565,0.0027898357051414635,0.0,0,8.202527546075089e-11
FrequencyHopping,tabular,203,18,3.1773135070996754,0.0022957742341393594,0.09284779762237516,0.0005464072341087386,0.03,1.0,0.9300522042659696,0.0027844943516840003,0.002784493881566652,0.0,0,8.187051037111814e-11
FrequencyHopping,tabular,203,19,3.1832005772345537,0.002469159321114743,0.09267009457729625,0.000567055396028009,0.03,1.0,0.9275900673882946,0.0027791696722259643,0.0027791692167333792,0.0,0,8.171596732609032e-11
FrequencyHopping,tabular,203,20,3.189106787716752,0.0026432161553802333,0.09249296085670489,0.0005877450323206133,0.03,1.0,0.9251353511212458,0.002773862121511936,0.002773861680011036,0.0,0,8.15614242810625e-11
FrequencyHopping,tabular,203,21,3.1950321686727796,0.0028179451165606436,0.09231639537115033,0.0006084703402680419,0.03,1.0,0.9226887241514033,0.0027685716643709953,0.0027685712369223126,0.0,0,8.140665919142975e-11
FrequencyHopping,tabular,203,22,3.200976749025855,0.0029933466261046564,0.09214039691536335,0.0006292275754134249,0.03,1.0,0.9202506009749383,0.002763298264723773,0.0027632978504856798,0.0,0,8.125233819100686e-11
FrequencyHopping,tabular,203,23,3.206940556861008,0.00316942112287601,0.09196496421050027,0.0006500130936239682,0.03,1.0,0.9178213754451665,0.0027580418817008357,0.0027580414807819587,0.0,0,8.999534450992996e-11
FrequencyHopping,tabular,203,24,3.2129236194140227,0.003346169058000802,0.091790095878308,0.0006708241435781791,0.03,1.0,0.9154013297181317,0.0027528024739919377,0.002752802085601802,0.0,0,8.993761291264946e-11
FrequencyHopping,tabular,203,25,3.218925963222012,0.0035235908832472753,0.09161579047703983,0.0006916575042234433,0.03,1.0,0.912990793511922,0.0027475799959537366,0.00274757962012262,0.0,0,8.976641652225226e-11
FrequencyHopping,tabular,203,26,3.224947614003045,0.0037016870516583377,0.0914420464697252,0.0007125105863902833,0.03,1.0,0.9105900169530492,0.002742374401024215,0.002742374037176809,0.0,0,8.959544217645998e-11
FrequencyHopping,tabular,203,27,3.230988596758319,0.003880458008846854,0.09126886224427588,0.0007333806465233331,0.03,1.0,0.908199261922845,0.002737185639387775,0.0027371852871280744,0.0,0,8.942446783066771e-11
FrequencyHopping,tabular,203,28,3.2370489357165555,0.004059904191227481,0.0910962361137524,0.0007542647426181707,0.03,1.0,0.9058188066907441,0.0027320136590928542,0.0027320133180730455,0.0,0,8.925371552948036e-11
FrequencyHopping,tabular,203,29,3.2431286542674203,0.004240026024446814,0.09092416630247513,0.0007751605137714167,0.03,1.0,0.9034488577236458,0.0027268584056043535,0.0027268580754780114,0.0,0,8.908296322829301e-11
FrequencyHopping,tabular,203,30,3.2492277750572107,0.004420823915762939,0.09075265096427643,0.0007960650599892732,0.03,1.0,0.9010896768716042,0.0027217198222184865,0.002721719502692288,0.0,0,8.891243297171059e-11
FrequencyHopping,tabular,203,31,3.2553463198517085,0.004602298255353619,0.09058168817539514,0.0008169755879030069,0.03,1.0,0.8987415080001095,0.0027165978497145373,0.002716597540516119,0.0,0,8.874234680433801e-11
FrequencyHopping,tabular,203,32,3.261484309531852,0.00478444941240205,0.09041127592599452,0.0008378898069170366,0.03,1.0,0.8964045334949539,0.002711492426904985,0.002711492127423165,0.0,0,8.857181654775559e-11
FrequencyHopping,tabular,203,33,3.267641764175506,0.004967277728578896,0.09024141213636039,0.0008588050686472994,0.03,1.0,0.8940789706681389,0.002706403490112949,0.002706403199630447,0.0,0,8.840128629117316e-11
FrequencyHopping,tabular,203,34,3.2738187029569534,0.005150783518007166,0.09007209464745314,0.0008797185018958317,0.03,1.0,0.891765056042143,0.0027013309724666632,0.0027013306909726698,0.0,0,8.823142216840552e-11
FrequencyHopping,tabular,203,35,3.280015144072067,0.005334967065946481,0.08990332121936451,0.0009006278316527344,0.03,1.0,0.8894629554288879,0.0026962748055778278,0.0026962745328948934,0.0,0,8.806155804563787e-11
FrequencyHopping,tabular,203,36,3.2862311048416015,0.005519828621954005,0.08973508954737142,0.0009215303905456834,0.03,1.0,0.8871728730443238,0.0026912349189885114,0.0026912346546130728,0.0,0,8.789191596747514e-11
FrequencyHopping,tabular,203,37,3.292466601600552,0.005705368399998855,0.08956739723560148,0.0009424236698343721,0.03,1.0,0.884894990978436,0.002686211239583821,0.002686210983055659,0.0,0,8.772182980010257e-11
FrequencyHopping,tabular,203,38,3.298721649706592,0.005891586574783062,0.08940024182286788,0.0009633052835291876,0.03,1.0,0.8826294735809576,0.002681203691837234,0.0026812034428715936,0.0,0,8.75526318111497e-11
FrequencyHopping,tabular,203,39,3.3049962635417027,0.006078483278486784,0.0892336207722555,0.0009841726587297144,0.03,1.0,0.8803765010183925,0.0026762121984397567,0.002676211956512242,0.0,0,8.738276768838205e-11
FrequencyHopping,tabular,203,40,3.3112904564445524,0.006266058599490266,0.08906753147127633,0.0010050231767135117,0.03,1.0,0.8781362538442912,0.0026712366792699363,0.0026712364440442116,0.0,0,8.72137917440341e-11
FrequencyHopping,tabular,203,41,3.3176042406729254,0.006454312580122234,0.08890197123585519,0.0010258548423824423,0.03,1.0,0.8759088420444375,0.002666277052392892,0.002666276823575009,0.0,0,8.704459375508122e-11
FrequencyHopping,tabular,203,42,3.3239376275194963,0.006643245210720753,0.08873693730836463,0.001046664875350577,0.03,1.0,0.8736944553029392,0.0026613332336726846,0.0026613330107714273,0.0,0,8.687561781073327e-11
FrequencyHopping,tabular,203,43,3.3302906271071335,0.0068328564319256055,0.08857242685990085,0.001067450995366718,0.03,1.0,0.8714932261824053,0.0026564051365667697,0.0026564049193302797,0.0,0,8.67064198217804e-11
FrequencyHopping,tabular,203,44,3.3366632484759853,0.0070231461294973175,0.0884084369894178,0.0010882110830418117,0.03,1.0,0.8693052669292702,0.002651492672594058,0.002651492460747029,0.0,0,8.65378879666423e-11
FrequencyHopping,tabular,203,45,3.3430554995956436,0.0072141141314208835,0.08824496473088805,0.00110894235205201,0.03,1.0,0.8671307559682983,0.002646595751335051,0.0026465955444312517,0.0,0,8.636891202229435e-11
FrequencyHopping,tabular,203,46,3.3494673871828495,0.007405760209231713,0.08808200704287783,0.0011296426514346538,0.03,1.0,0.8649698016486387,0.0026417142800092084,0.002641714077630475,0.0,0,8.620038016715625e-11
FrequencyHopping,tabular,203,47,3.3558989168224636,0.007598084072541936,0.08791956081717345,0.00115031004128312,0.03,1.0,0.8628224875898333,0.002636848163908377,0.0026368479656277977,0.0,0,8.603207035662308e-11
FrequencyHopping,tabular,203,48,3.362350092992853,0.007791085366232996,0.08775762288151245,0.0011709418010872942,0.03,1.0,0.8606889748227158,0.0026319973062820692,0.002631997111718798,0.0,0,8.586353850148498e-11
FrequencyHopping,tabular,203,49,3.3688209188536993,0.007984763672215296,0.08759618999267804,0.0011915359225872584,0.03,1.0,0.8585693478036956,0.002627161608396485,0.0026271614171684554,0.0,0,8.569545073555673e-11
FrequencyHopping,tabular,203,50,3.3753113963887036,0.008179118504118385,0.08743525885259729,0.0012120900111647738,0.03,1.0,0.8564637276671128,0.0026223409691024367,0.0026223407811936106,0.0,0,8.552736296962848e-11
FrequencyHopping,tabular,203,51,3.3818215262863314,0.008374149307223078,0.08727482608150705,0.0012326021772424817,0.03,1.0,0.8543721813809576,0.0026175352864618207,0.002617535101205215,0.0,0,8.535949724830516e-11
FrequencyHopping,tabular,203,52,3.388351308036148,0.008569855454552711,0.08711488825465796,0.0012530699526723406,0.03,1.0,0.8522948318979372,0.0026127444555606246,0.002612744272725065,0.0,0,8.519140948237691e-11
FrequencyHopping,tabular,203,53,3.394900739761236,0.008766236247575636,0.0869554418763907,0.0012734913171866787,0.03,1.0,0.850231754209829,0.0026079683703914233,0.0026079681894028983,0.0,0,8.502376580565851e-11
FrequencyHopping,tabular,203,54,3.4014698183009267,0.008963290912664219,0.08679648338887347,0.0012938641141606027,0.03,1.0,0.8481830346252914,0.0026032069221105084,0.002603206742980868,0.0,0,8.485590008433519e-11
FrequencyHopping,tabular,203,55,3.408058539150999,0.00916101860005833,0.08663800918089493,0.001314186279442965,0.03,1.0,0.8461487478488017,0.002598460001644176,0.0025984598236163947,0.0,0,8.468870049682664e-11
FrequencyHopping,tabular,203,56,3.414666896460282,0.009359418381974008,0.08648001557802765,0.0013344556596918027,0.03,1.0,0.8441289751735936,0.0025937274963342928,0.002593727319510686,0.0,0,8.452172295392302e-11
FrequencyHopping,tabular,203,57,3.4212948829817043,0.009558489251408207,0.08632249885378585,0.0013546703319808223,0.03,1.0,0.8421237729749885,0.002589009293684406,0.002589009117362595,0.0,0,8.43538572325997e-11
FrequencyHopping,tabular,203,58,3.4279424901043156,0.00975823011994336,0.08616545522213137,0.0013748281400578915,0.03,1.0,0.8401332186009787,0.002584305277717484,0.002584305102013129,0.0,0,8.418687968969607e-11
FrequencyHopping,tabular,203,59,3.4346097077677413,0.009958639817123908,0.0860088808438686,0.0013949272057337812,0.03,1.0,0.838157360176899,0.00257961533251241,0.0025796151568686643,0.0,0,8.401990214679245e-11
FrequencyHopping,tabular,203,60,3.441296524507076,0.010159717088271672,0.08585277182816542,0.0014149655514025504,0.03,1.0,0.8361962538274658,0.002574939339771505,0.0025749391636946672,0.0,0,8.385336869309867e-11
FrequencyHopping,tabular,203,61,3.4480029274017463,0.010361460593565498,0.08569712423180942,0.0014349412032657301,0.03,1.0,0.834249953564617,0.002570277179262923,0.0025702770026529986,0.0,0,8.368639115019505e-11
FrequencyHopping,tabular,203,62,3.4547289020503587,0.010563868906811135,0.08554193406273836,0.0014548521540270717,0.03,1.0,0.8323185149309841,0.002565628730083032,0.002565628552545718,0.0,0,8.351985769650128e-11
FrequencyHopping,tabular,203,63,3.4614744325356526,0.010766940514329845,0.08538719728179434,0.0014746965821024493,0.03,1.0,0.8304019740488752,0.00256099386940717,0.0025609936906225705,0.0,0,8.33533242428075e-11
FrequencyHopping,tabular,203,64,3.468239501447492,0.01097067381339992,0.0852329097962734,0.0014944726723746153,0.03,1.0,0.8285003651136778,0.0025563724729815167,0.002556372292763287,0.0,0,8.318679078911373e-11
FrequencyHopping,tabular,203,65,3.4750240898595783,0.011175067111262309,0.08507906747680094,0.0015141784842906724,0.03,1.0,0.8266137329404869,0.002551764415790408,0.0025517642335408652,0.0,0,8.30207014246298e-11
FrequencyHopping,tabular,203,66,3.481828177270454,0.011380118624394966,0.08492566614316521,0.0015338123378518147,0.03,1.0,0.8247420963748163,0.0025471695705205784,0.002547169386178716,0.0,0,8.285461206014588e-11
FrequencyHopping,tabular,203,67,3.488651741648219,0.011585826477078306,0.08477270157796202,0.0015533723807247678,0.03,1.0,0.8228854894978014,0.0025425878094813958,0.002542587622642145,0.0,0,8.268852269566196e-11
FrequencyHopping,tabular,203,68,3.4954947593593038,0.011792188700880401,0.0846201695172133,0.0015728567656827818,0.03,1.0,0.821043944738256,0.002538019003125788,0.002538018813723397,0.0,0,8.252265537578296e-11
FrequencyHopping,tabular,203,69,3.5023572051443086,0.011999203233780446,0.08446806566457798,0.001592263848794759,0.03,1.0,0.8192174744957075,0.0025334630214012064,0.0025334628290052397,0.0,0,8.235701010050889e-11
FrequencyHopping,tabular,203,70,3.5092390521488666,0.01220686791908488,0.08431638568147104,0.0016115920089601163,0.03,1.0,0.8174060883064513,0.0025289197325866963,0.0025289195369573303,0.0,0,8.219114278062989e-11
FrequencyHopping,tabular,203,71,3.5161402719062704,0.012415180504779298,0.08416512519351382,0.001630839418485818,0.03,1.0,0.8156098140822543,0.0025243890041884345,0.0025243888050523466,0.0,0,8.202571954996074e-11
FrequencyHopping,tabular,203,72,3.52306083425576,0.012624138643121252,0.08401427979428666,0.0016500044767150067,0.03,1.0,0.813828657923041,0.002519870702422832,0.0025198704996629573,0.0,0,8.186029631929159e-11
FrequencyHopping,tabular,203,73,3.5300007073813005,0.01283373988975054,0.08386384504232014,0.0016690857322534773,0.03,1.0,0.8120626117119636,0.0025153646932125034,0.0025153644862536684,0.0,0,8.169487308862244e-11
FrequencyHopping,tabular,203,74,3.5369598578307224,0.013043981703099509,0.08371381646814502,0.001688081419365082,0.03,1.0,0.8103116956483845,0.002510870840678967,0.002510870629387041,0.0,0,8.152967190255822e-11
FrequencyHopping,tabular,203,75,3.543938250403522,0.013254861444188755,0.08356418956751988,0.0017069898889408776,0.03,1.0,0.8085759186003153,0.0025063890083951417,0.002506388792706593,0.0,0,8.136469276109892e-11
FrequencyHopping,tabular,203,76,3.550935848159622,0.01346637637601143,0.08341495981366576,0.0017258098288088692,0.03,1.0,0.8068552584689148,0.002501919059312157,0.002501918839041828,0.0,0,8.997247391562269e-11
FrequencyHopping,tabular,203,77,3.557952612493348,0.013678523663028127,0.08326612265406874,0.0017445397528316946,0.03,1.0,0.8051497087930395,0.0024974608558782133,0.002497460630559001,0.0,0,8.998002343219014e-11
FrequencyHopping,tabular,203,78,3.564988503061983,0.01389130037103105,0.08311767350666077,0.0017631780013000532,0.03,1.0,0.8034592784145862,0.002493014258970984,0.0024930140285792657,0.0,0,8.985590049803704e-11
FrequencyHopping,tabular,203,79,3.572043477712465,0.014104703466869347,0.08296960777333107,0.00178172326192954,0.03,1.0,0.8017839447179714,0.0024885791299559964,0.0024885788939317255,0.0,0,8.967315778818374e-11
FrequencyHopping,tabular,203,80,3.579117492560411,0.014318729818167125,0.08282192082892381,0.0018001740717183187,0.03,1.0,0.8001236985423087,0.0024841553280864456,0.0024841550866352424,0.0,0,8.949041507833044e-11
FrequencyHopping,tabular,203,81,3.586210501924737,0.014533376193209728,0.08267460803380589,0.0018185290961910687,0.03,1.0,0.7984785192241189,0.0024797427136118186,0.002479742466306556,0.0,0,8.930789441308207e-11
FrequencyHopping,tabular,203,82,3.593322458344344,0.01474863926086429,0.0825276647280937,0.0018367870077171716,0.03,1.0,0.7968483855721731,0.00247534114549574,0.002475340892051925,0.0,0,8.912581783704354e-11
FrequencyHopping,tabular,203,83,3.6004533125596594,0.014964515590561663,0.08238108623757068,0.0018549462325691973,0.03,1.0,0.795233298103425,0.002470950481980573,0.0024709502224165014,0.0,0,8.894307512719024e-11
FrequencyHopping,tabular,203,84,3.6076030134176587,0.015181001652123615,0.08223486787105605,0.001873005951972454,0.03,1.0,0.7936331911051839,0.0024665705817351175,0.0024665703156550034,0.0,0,8.876099855115172e-11
FrequencyHopping,tabular,203,85,3.61477150807953,0.015398093816301575,0.0820890049307188,0.001890964420985302,0.03,1.0,0.7920480803758307,0.002462201302190402,0.0024622010296095898,0.0,0,8.857892197511319e-11
FrequencyHopping,tabular,203,86,3.6219587417211714,0.015615788354275786,0.0819434927032292,0.001908820881249976,0.03,1.0,0.7904778957043181,0.002457842501379062,0.002457842221896822,0.0,0,8.839728948828451e-11
FrequencyHopping,tabular,203,87,3.629164657813738,0.015834081438589977,0.08179832646835195,0.0019265737329519222,0.03,1.0,0.7889226405496426,0.002453494036182235,0.002453493749783764,0.0,0,8.821565700145584e-11
FrequencyHopping,tabular,203,88,3.636389197847866,0.01605296914261416,0.08165350149578199,0.0019442219272002496,0.03,1.0,0.7873822707618795,0.0024491557638355913,0.0024491554704220153,0.0,0,8.803380247002224e-11
FrequencyHopping,tabular,203,89,3.643632301483464,0.016272447441276074,0.08150901305270519,0.0019617644623417573,0.03,1.0,0.7858567387118965,0.0024448275415502236,0.0024448272407826543,0.0,0,8.785239202779849e-11
FrequencyHopping,tabular,203,90,3.650893906547566,0.01649251221152719,0.08136485640256597,0.001979200103444162,0.03,1.0,0.7843460173478494,0.002440509225903822,0.0024405089177557127,0.0,0,8.767142567478459e-11
FrequencyHopping,tabular,203,91,3.6581739489443033,0.01671315923239153,0.08122102680221399,0.0019965277982436224,0.03,1.0,0.7828500644144315,0.002436200674013587,0.0024362003581788194,0.0,0,8.749023727716576e-11
FrequencyHopping,tabular,203,92,3.6654723626946026,0.016934384185597534,0.08107751951299536,0.0020137465413468726,0.03,1.0,0.7813688342729886,0.0024319017422043294,0.002431901418865401,0.0,0,8.730904887954694e-11
FrequencyHopping,tabular,203,93,3.672789079934717,0.01715618265612672,0.08093432979479065,0.0020308553181389685,0.03,1.0,0.7799022827221376,0.002427612287925492,0.002427611956731246,0.0,0,8.712808252653303e-11
FrequencyHopping,tabular,203,94,3.6801240308974608,0.01737855013270764,0.08079145290849077,0.0020478531212075805,0.03,1.0,0.7784503656056097,0.002423332168060469,0.002423331828798725,0.0,0,8.694733821812406e-11
FrequencyHopping,tabular,203,95,3.6874771438988385,0.01760148200836116,0.08064888412321336,0.0020647389488927053,0.03,1.0,0.7770130389503062,0.0024190612395045526,0.0024190608921714762,0.0,0,8.676681595432001e-11
FrequencyHopping,tabular,203,96,3.6948483453244974,0.017824973580975612,0.08050661870880882,0.0020815119973583034,0.03,1.0,0.7755902429195901,0.0024147993597731184,0.0024147990042160394,0.0,0,8.658607164591103e-11
FrequencyHopping,tabular,203,97,3.7022375596793315,0.018049020054370927,0.08036465194602993,0.002098171329072079,0.03,1.0,0.7741819297332557,0.0024105463863465727,0.0024105460225112285,0.0,0,8.640577142671191e-11
FrequencyHopping,tabular,203,98,3.709644709530452,0.018273616538702183,0.08022297912463339,0.0021147160592724945,0.03,1.0,0.772788047987928,0.002406302177188728,0.002406301804916744,0.0,0,8.622569325211771e-11
FrequencyHopping,tabular,203,99,3.717069715510595,0.018498758051275377,0.0800815955414258,0.002131145426911082,0.03,1.0,0.7714085368658129,0.0024020665906181347,0.0024020662097108403,0.0,0,8.604561507752351e-11
FrequencyHopping,tabular,203,100,3.724512496345988,0.01872443951762297,0.07994049650987822,0.002147458534128685,0.03,1.0,0.7700433477941174,0.00239783948488079,0.0023978390954131346,0.0,0,8.586598099213916e-11
FrequencyHopping,tabular,204,1,3.0817710985857345,0.042651836340291696,0.08598760964844132,0.03,0.03,1.0,0.19120402093222916,0.004013804135960172,0.004014472745763609,0.0,0,8.93489726649932e-11
FrequencyHopping,tabular,204,2,3.0932726515495874,0.04293315595453454,0.08617555148855427,0.03,0.03,1.0,0.19125648369185988,0.0037642814841821275,0.003765149999930051,0.0,0,8.913825233491934e-11
FrequencyHopping,tabular,204,3,3.105260133462553,0.043228590761624344,0.08641098763140231,0.03,0.03,1.0,0.19131270923343383,0.0035239047914508454,0.003524945957720238,0.0,0,8.892220293432729e-11
FrequencyHopping,tabular,204,4,3.117735399081997,0.04353801970025639,0.08669100594679291,0.03,0.03,1.0,0.19137275150577904,0.0032936687303135492,0.003294853825613897,0.0,0,8.870015832940226e-11
FrequencyHopping,tabular,204,5,3.1307002752230737,0.04386129030185837,0.08701235423660414,0.03,0.03,1.0,0.19143666231129533,0.003074374572310688,0.0030756746172202476,0.0,0,8.847189647553932e-11
FrequencyHopping,tabular,204,6,3.1441565521986616,0.04419821893176255,0.08737155282594333,0.03,0.03,1.0,0.19150449107288087,0.002866631932093701,0.002868018762879121,0.0,0,8.823874964036804e-11
FrequencyHopping,tabular,204,7,3.158105974993381,0.04454859110715132,0.08776499853666575,0.018940208849408537,0.03,1.0,0.2729136161738165,0.0026909569891679264,0.002691315741522926,0.0,0,8.799938555625886e-11
FrequencyHopping,tabular,204,8,3.169172858121314,0.04484285517853618,0.08797337948243111,0.006436795501165827,0.03,1.0,0.5248904263348233,0.0026449443987937235,0.0026449567490076653,0.0,0,8.778355820027173e-11
FrequencyHopping,tabular,204,9,3.1765441254391344,0.04506419843286398,0.08794679320118792,0.0028906699983054646,0.03,1.0,0.7109975249595308,0.0026388274860779317,0.0026388277153319706,0.0,0,8.759837299976425e-11
FrequencyHopping,tabular,204,10,3.182836343761532,0.04526432885323433,0.08785188055853155,0.0019068583481122987,0.03,1.0,0.7885563563416114,0.002635229457333436,0.00263522893437651,0.0,0,8.742251367266363e-11
FrequencyHopping,tabular,204,11,3.1888312648321326,0.04545857904825562,0.08773790580005603,0.0016402537770282323,0.03,1.0,0.8125725573212218,0.00263166168886915,0.0026316610649701477,0.0,0,8.724954092542703e-11
FrequencyHopping,tabular,204,12,3.194750646210372,0.045651347739890706,0.08761877657655903,0.001573475078097307,0.03,1.0,0.8188143175283427,0.002628055227264905,0.0026280545800692057,0.0,0,8.707790044581998e-11
FrequencyHopping,tabular,204,13,3.2006565681312265,0.04584388560515746,0.0874983745371205,0.0015624085288183972,0.03,1.0,0.819852608112584,0.0026244389307655547,0.002624438274887453,0.0,0,8.690625996621293e-11
FrequencyHopping,tabular,204,14,3.2065663535238116,0.04603654698423791,0.0873777799302311,0.0015669034230480362,0.03,1.0,0.8194214633074194,0.002620824456274296,0.002620823795970395,0.0,0,8.673461948660588e-11
FrequencyHopping,tabular,204,15,3.212484813103627,0.046229431344684054,0.08725729183901576,0.0015757499764442176,0.03,1.0,0.8185804669114183,0.002617215257105134,0.002617214593393591,0.0,0,8.656342309620868e-11
FrequencyHopping,tabular,204,16,3.2184132549797995,0.04642256556992036,0.08713699121654095,0.0015858101628818848,0.03,1.0,0.8176270618969599,0.0026136122359317593,0.0026136115686434813,0.0,0,8.639222670581148e-11
FrequencyHopping,tabular,204,17,3.2243520042137477,0.04661595581185976,0.08701689797401269,0.0015962029423806487,0.03,1.0,0.8166446690508058,0.0026100155611342214,0.0026100148910084275,0.0,0,8.622125236001921e-11
FrequencyHopping,tabular,204,18,3.2303011090078186,0.04680960226904601,0.0868970149221382,0.0016066808052311776,0.03,1.0,0.8156566657467968,0.002606425197644804,0.0026064245243426765,0.0,0,8.605027801422693e-11
FrequencyHopping,tabular,204,19,3.2362605393889887,0.04700350341342583,0.08677734008433191,0.0016171738058187311,0.03,1.0,0.8146696317699748,0.0026028410518924845,0.002602840375457882,0.0,0,8.587952571303958e-11
FrequencyHopping,tabular,204,20,3.242230243020739,0.047197657196728075,0.08665787016256532,0.0016276626994210122,0.03,1.0,0.8136853621185804,0.002599263015675185,0.0025992623361701384,0.0,0,8.570899545645716e-11
FrequencyHopping,tabular,204,21,3.2482101611778718,0.047392061401997816,0.08653860153582382,0.0016381421202629413,0.03,1.0,0.8127043450521774,0.0025956909779635776,0.002595690295135622,0.0,0,8.553846519987474e-11
FrequencyHopping,tabular,204,22,3.254200233129071,0.04758671374179166,0.08641953050643192,0.0016486107128737926,0.03,1.0,0.8117266923784968,0.0025921248267931607,0.0025921241409294637,0.0,0,8.536771289868739e-11
FrequencyHopping,tabular,204,23,3.2602003974067957,0.04778161188751431,0.08630065338917081,0.0016590685576143814,0.03,1.0,0.810752381993832,0.0025885644520657436,0.0025885637632772074,0.0,0,8.519740468670989e-11
FrequencyHopping,tabular,204,24,3.2662105922648337,0.047976753480829706,0.08618196655139077,0.0016695160270178645,0.03,1.0,0.8097813649817936,0.002585009745391463,0.002585009053269749,0.0,0,8.502731851933731e-11
FrequencyHopping,tabular,204,25,3.272230755772894,0.048172136136652666,0.0860634663971016,0.001679953077931446,0.03,1.0,0.8088136310858403,0.002581460598590572,0.0025814599033111563,0.0,0,8.485701030735981e-11
FrequencyHopping,tabular,204,26,3.2782608256837324,0.048367757440345764,0.08594514936997033,0.0016903803545144605,0.03,1.0,0.807849106966063,0.0025779169051332916,0.0025779162071106754,0.0,0,8.468759027380202e-11
FrequencyHopping,tabular,204,27,3.284300739655724,0.04856361495409314,0.08582701197417109,0.0017007982420642984,0.03,1.0,0.8068877436246878,0.0025743785612939206,0.0025743778599673917,0.0,0,8.451728206182452e-11
FrequencyHopping,tabular,204,28,3.2903504351712187,0.04875970621556219,0.08570905074934965,0.0017112069105092486,0.03,1.0,0.8059295121465312,0.0025708454629695754,0.0025708447585048866,0.0,0,8.434763998366179e-11
FrequencyHopping,tabular,204,29,3.29640984946806,0.04895602873672254,0.08559126228725455,0.0017216069214770159,0.03,1.0,0.8049743481072298,0.002567317508123243,0.0025673168006794533,0.0,0,8.417799790549907e-11
FrequencyHopping,tabular,204,30,3.3024789196680877,0.0491525800079295,0.08547364322231132,0.0017319985979928107,0.03,1.0,0.8040222093308945,0.0025637945965530182,0.0025637938859970344,0.0,0,8.40087999165462e-11
FrequencyHopping,tabular,204,31,3.3085575827014027,0.049349357496595726,0.08535619024314656,0.0017423822379564237,0.03,1.0,0.8030730562556314,0.0025602766288796127,0.0025602759152429932,0.0,0,8.383982397219825e-11
FrequencyHopping,tabular,204,32,3.3146457752996192,0.04954635864762575,0.0852389000744469,0.0017527582397569672,0.03,1.0,0.8021268405289644,0.002556763507130465,0.002556762790603795,0.0,0,8.367018189403552e-11
FrequencyHopping,tabular,204,33,3.3207434340301867,0.049743580884986295,0.08512176949331263,0.0017631270545601806,0.03,1.0,0.8011835094212825,0.002553255135342686,0.0025532544157353954,0.0,0,8.350098390508265e-11
FrequencyHopping,tabular,204,34,3.3268504953155116,0.04994102161289865,0.08500479532377314,0.0017734889954153397,0.03,1.0,0.8002430230837393,0.002549751418245284,0.002549750695612696,0.0,0,8.33320079607347e-11
FrequencyHopping,tabular,204,35,3.3329668953894402,0.050138678215257214,0.08488797443182428,0.0017838443298592852,0.03,1.0,0.7993053460724554,0.002546252262047831,0.002546251536561739,0.0,0,8.31634761055966e-11
FrequencyHopping,tabular,204,36,3.33909257028381,0.0503365480558219,0.08477130373175656,0.0017941936018727417,0.03,1.0,0.7983704184124535,0.002542757574847546,0.0025427568463012307,0.0,0,8.299450016124865e-11
FrequencyHopping,tabular,204,37,3.3452274559212873,0.050534628481474636,0.08465478018201411,0.0018045371024849777,0.03,1.0,0.7974382032696685,0.002539267265702854,0.002539266534050677,0.0,0,8.28264123953204e-11
FrequencyHopping,tabular,204,38,3.3513714880339274,0.050732916820517115,0.08453840078684882,0.0018148751375834076,0.03,1.0,0.7965086627678982,0.002535781244528622,0.0025357805101240416,0.0,0,8.265765849557738e-11
FrequencyHopping,tabular,204,39,3.357524602169707,0.05093141038339943,0.08442216259618718,0.0018252081316380835,0.03,1.0,0.7955817487594369,0.0025322994238376286,0.0025322986863973718,0.0,0,8.248957072964913e-11
FrequencyHopping,tabular,204,40,3.3636867337336507,0.051130106464497616,0.08430606270450891,0.00183553644696625,0.03,1.0,0.7946574190111458,0.002528821716537242,0.0025288209760871982,0.0,0,8.232148296372088e-11
FrequencyHopping,tabular,204,41,3.3698578179691823,0.05132900234214282,0.0841900982498145,0.0018458603250236594,0.03,1.0,0.7937356423448193,0.0025253480366914465,0.0025253472935140575,0.0,0,8.215317315318771e-11
FrequencyHopping,tabular,204,42,3.376037789919714,0.05152809527800797,0.08407426641049431,0.0018561804322992947,0.03,1.0,0.7928163502036756,0.002521878300877774,0.0025218775546289596,0.0,0,8.198552947646931e-11
FrequencyHopping,tabular,204,43,3.3822265845723916,0.05172738252198574,0.08395856442231509,0.0018664968404085048,0.03,1.0,0.7918995271295033,0.0025184124257400984,0.0025184116765739617,0.0,0,8.181744171054106e-11
FrequencyHopping,tabular,204,44,3.388424136661625,0.051926861306827644,0.08384298954863256,0.0018768099946283646,0.03,1.0,0.7909851248391676,0.002514950329754904,0.002514949577774539,0.0,0,8.165002007842759e-11
FrequencyHopping,tabular,204,45,3.3946303807957103,0.052126528852446015,0.08372753910744768,0.0018871201777356454,0.03,1.0,0.7900731097227245,0.002511491932674394,0.002511491177937142,0.0,0,8.148237640170919e-11
FrequencyHopping,tabular,204,46,3.4008452514044625,0.05232638236483406,0.08361221045360967,0.001897427964100449,0.03,1.0,0.7891634228580183,0.0025080371558411315,0.002508036398177982,0.0,0,8.131495476959572e-11
FrequencyHopping,tabular,204,47,3.407068682839357,0.0525264190396781,0.08349700098638779,0.0019077336072633058,0.03,1.0,0.7882560338810563,0.002504585921398043,0.0025045851608558323,0.0,0,8.99087471140092e-11
FrequencyHopping,tabular,204,48,3.4133006092678966,0.05272663605962188,0.08338190815599944,0.0019180372657618178,0.03,1.0,0.7873509209496984,0.002501138152857773,0.0025011373895305056,0.0,0,8.997846911995566e-11
FrequencyHopping,tabular,204,49,3.419540964643269,0.05292703059373127,0.08326692943657621,0.001928339613499996,0.03,1.0,0.7864480174878609,0.0024976937752147874,0.00249769300912539,0.0,0,8.979283983023834e-11
FrequencyHopping,tabular,204,50,3.4257896828807013,0.053127599803513344,0.08315206236484407,0.0019386407848082149,0.03,1.0,0.7855473043655222,0.002494252714837095,0.002494251945796444,0.0,0,8.960787667433578e-11
FrequencyHopping,tabular,204,51,3.4320466976772424,0.053328340837739185,0.08303730450349711,0.0019489412739975881,0.03,1.0,0.7846487313701742,0.0024908148986977773,0.002490814126918206,0.0,0,8.942246942922338e-11
FrequencyHopping,tabular,204,52,3.438311942635879,0.05352925083680446,0.0829226534654004,0.0019592413128979628,0.03,1.0,0.7837522714057843,0.0024873802555826644,0.002487379481111107,0.0,0,8.923706218411098e-11
FrequencyHopping,tabular,204,53,3.4445853511786373,0.05373032693041484,0.0828081069012665,0.0019695413114185598,0.03,1.0,0.7828578822077069,0.0024839487156128165,0.002483947938316522,0.0,0,8.905232107281336e-11
FrequencyHopping,tabular,204,54,3.450866856609376,0.05393156624001972,0.08269366250158727,0.001979841672478333,0.03,1.0,0.7819655224524208,0.0024805202094703837,0.0024805194295207666,0.0,0,8.88673579169108e-11
FrequencyHopping,tabular,204,55,3.4571563921138377,0.05413296587926426,0.0825793179997758,0.0019901426551161136,0.03,1.0,0.7810751635099992,0.0024770946696665392,0.0024770938870624093,0.0,0,8.868306089482303e-11
FrequencyHopping,tabular,204,56,3.4634538907127626,0.05433452295287768,0.08246507116882462,0.002000444768584847,0.03,1.0,0.780186755516903,0.002473672030010098,0.0024736712444837217,0.0,0,8.849854182813033e-11
FrequencyHopping,tabular,204,57,3.4697592853499537,0.05453623455996794,0.08235091981912968,0.002010748142304431,0.03,1.0,0.779300281508106,0.0024702522246175473,0.0024702514364411954,0.0,0,8.83138007168327e-11
FrequencyHopping,tabular,204,58,3.4760725087643416,0.054738097790209904,0.08223686180321987,0.0020210532475769165,0.03,1.0,0.7784156954538343,0.002466835189681011,0.002466834398775042,0.0,0,8.812994778395478e-11
FrequencyHopping,tabular,204,59,3.482393493609679,0.054940109728156404,0.08212289500874048,0.00203136051005873,0.03,1.0,0.7775329555864035,0.0024634208620500433,0.002463420068523625,0.0,0,8.7945650761867e-11
FrequencyHopping,tabular,204,60,3.488722172441517,0.05514226745323218,0.08200901736826749,0.0020416701605620495,0.03,1.0,0.7766520370299391,0.00246000918026205,0.0024600083839247944,0.0,0,8.776157578438415e-11
FrequencyHopping,tabular,204,61,3.4950584776524445,0.055344568037934236,0.08189522684562967,0.0020519825906353075,0.03,1.0,0.7757729014687694,0.0024566000831791972,0.0024565992843006423,0.0,0,8.757794489611115e-11
FrequencyHopping,tabular,204,62,3.501402341529963,0.055547008550116905,0.08178152144816542,0.002062298170416102,0.03,1.0,0.7748955127055982,0.0024531935114967983,0.0024531927100652773,0.0,0,8.739453605244307e-11
FrequencyHopping,tabular,204,63,3.5077536962516853,0.055749586053192086,0.08166789921695283,0.0020726173064853407,0.03,1.0,0.7740198317565941,0.0024497894071714987,0.002449788602945757,0.0,0,8.7211127208775e-11
FrequencyHopping,tabular,204,64,3.5141124739005902,0.055952297607005014,0.08155435823552493,0.002082940179477597,0.03,1.0,0.7731458389781442,0.002446387712477599,0.002446386905555542,0.0,0,8.702771836510692e-11
FrequencyHopping,tabular,204,65,3.5204786063889815,0.0561551402655639,0.08144089661642484,0.00209326730088801,0.03,1.0,0.7722734870707959,0.002442988371286718,0.0024429875617644203,0.0,0,8.684453156604377e-11
FrequencyHopping,tabular,204,66,3.526852025576162,0.05635811108137205,0.0813275125144508,0.002103598940001276,0.03,1.0,0.7714027494294736,0.0024395913287237592,0.002439590516520873,0.0,0,8.666156681158554e-11
FrequencyHopping,tabular,204,67,3.53323266318674,0.05656120710296562,0.08121420411925095,0.0021139354313753564,0.03,1.0,0.770533594195094,0.002436196530581721,0.0024361957157648106,0.0,0,8.647860205712732e-11
FrequencyHopping,tabular,204,68,3.5396204508359275,0.0567644253760709,0.08110096965493474,0.0021242772691270053,0.03,1.0,0.7696659764458705,0.0024328039240781156,0.0024328031066152,0.0,0,8.629585934727402e-11
FrequencyHopping,tabular,204,69,3.5460153200881854,0.05696776294594772,0.08098780738399203,0.0021346246574329756,0.03,1.0,0.7687998757738251,0.0024294134571198277,0.0024294126371917635,0.0,0,8.611378277123549e-11
FrequencyHopping,tabular,204,70,3.5524172023583165,0.057171216854256815,0.08087471560029869,0.0021449779852980525,0.03,1.0,0.7679352565671355,0.0024260250791517226,0.002426024256693582,0.0,0,8.593104006138219e-11
FrequencyHopping,tabular,204,71,3.5588260289789253,0.057374784141660015,0.08076169263636634,0.0021553376016686795,0.03,1.0,0.7670720868235985,0.0024226387403834104,0.002422637915312942,0.0,0,8.574896348534367e-11
FrequencyHopping,tabular,204,72,3.5652417311890905,0.057578461847706645,0.08064873685480478,0.002165703988503821,0.03,1.0,0.7662103237964715,0.0024192543919943853,0.002419253564388768,0.0,0,8.556710895391006e-11
FrequencyHopping,tabular,204,73,3.571664240184165,0.05778224701286565,0.08053584665841385,0.0021760772760193395,0.03,1.0,0.7653499541223179,0.002415871986301491,0.0024158711561206303,0.0,0,8.538525442247646e-11
FrequencyHopping,tabular,204,74,3.5780934869943675,0.05798613667448792,0.08042302047486238,0.0021864579756501806,0.03,1.0,0.7644909331383342,0.0024124914766466706,0.002412490643835641,0.0,0,8.520362193564779e-11
FrequencyHopping,tabular,204,75,3.5845294026222088,0.05819012787189765,0.08031025677265324,0.0021968464269737625,0.03,1.0,0.7636332306746352,0.002409112817176862,0.00240911198179683,0.0,0,8.502176740421419e-11
FrequencyHopping,tabular,204,76,3.5909719179846866,0.05839421764460457,0.08019755404944373,0.0022072429349196013,0.03,1.0,0.7627768196459044,0.0024057359634004987,0.002405735125329045,0.0,0,8.484035696199044e-11
FrequencyHopping,tabular,204,77,3.597420963903801,0.0585984030321859,0.08008491083942859,0.002217647759749013,0.03,1.0,0.7619216768378811,0.0024023608710724165,0.002402360030581807,0.0,0,8.465894651976669e-11
FrequencyHopping,tabular,204,78,3.603876471093412,0.05880268107400936,0.0799723257008833,0.002228061494305685,0.03,1.0,0.7610677520759365,0.0023989874978616026,0.0023989866547973193,0.0,0,8.447798016675279e-11
FrequencyHopping,tabular,204,79,3.610338370280604,0.059007048813817325,0.07985979722987535,0.002238484445706877,0.03,1.0,0.7602150188784482,0.0023956158016845293,0.0023956149561754625,0.0,0,8.429701381373889e-11
FrequencyHopping,tabular,204,80,3.6168065921070687,0.05921150329642115,0.07974732405868767,0.0022489167098527735,0.03,1.0,0.759363468140438,0.002392245741735967,0.002392244893788753,0.0,0,8.411626950532991e-11
FrequencyHopping,tabular,204,81,3.623281067056324,0.05941604156522378,0.07963490483884339,0.002259359015874948,0.03,1.0,0.7585130394794961,0.0023888772782976386,0.0023888764276775998,0.0,0,8.393574724152586e-11
FrequencyHopping,tabular,204,82,3.629761725683167,0.059620660670710666,0.07952253826302158,0.002269811501280227,0.03,1.0,0.7576637208898338,0.0023855103719132554,0.002385509518844975,0.0,0,8.375500293311688e-11
FrequencyHopping,tabular,204,83,3.636248498405057,0.05982535766309958,0.07941022304837064,0.0022802744591554243,0.03,1.0,0.75681548789646,0.0023821449846716694,0.002382144129103647,0.0,0,8.357470271391776e-11
FrequencyHopping,tabular,204,84,3.642741315560603,0.060030129594586715,0.07929795794496819,0.002290748585321258,0.03,1.0,0.7559682837910222,0.002378781079502772,0.0023787802212633657,0.0,0,8.339462453932356e-11
FrequencyHopping,tabular,204,85,3.6492401075575485,0.06023497352494749,0.07918574173115811,0.0023012338992964582,0.03,1.0,0.7551221066976361,0.0023754186195488526,0.002375417758995635,0.0,0,8.321454636472936e-11
FrequencyHopping,tabular,204,86,3.6557448046326346,0.06043988651291403,0.07907357321648156,0.0023117309331409826,0.03,1.0,0.7542769136475953,0.0023720575700404197,0.0023720567068472587,0.0,0,8.303491227934501e-11
FrequencyHopping,tabular,204,87,3.6622553370390922,0.060644865623165595,0.07896145123863496,0.0023222399543051946,0.03,1.0,0.7534326832081885,0.002368697895942116,0.002368697030246558,0.0,0,8.285527819396066e-11
FrequencyHopping,tabular,204,88,3.6687716349544255,0.06084990792308965,0.07884937466051678,0.002332761425601731,0.03,1.0,0.7525893785298,0.002365339563382524,0.0023653386954016753,0.0,0,8.267564410857631e-11
FrequencyHopping,tabular,204,89,3.675293628554129,0.06105501048562995,0.0787373423798976,0.002343295831118617,0.03,1.0,0.7517469613838973,0.0023619825402282305,0.0023619816695599205,0.0,0,8.249623206779688e-11
FrequencyHopping,tabular,204,90,3.6818212480228123,0.06126017038985272,0.07862535331997211,0.0023538431841921797,0.03,1.0,0.750905431279031,0.0023586267935809787,0.0023586259205956583,0.0,0,8.231726411622731e-11
FrequencyHopping,tabular,204,91,3.688354423386533,0.06146538471482137,0.0785134064287818,0.0023644042305139903,0.03,1.0,0.7500647296495554,0.0023552722929585574,0.0023552714173742384,0.0,0,8.21380741200528e-11
FrequencyHopping,tabular,204,92,3.694893084781842,0.061670650549686463,0.07840150068569862,0.0023749791133139374,0.03,1.0,0.7492248461040516,0.002351919007437876,0.002351918129472441,0.0,0,8.195910616848323e-11
FrequencyHopping,tabular,204,93,3.701437162240199,0.06187596498579578,0.07828963509234343,0.0023855683239249826,0.03,1.0,0.7483857428568019,0.0023485669077540354,0.002348566027328136,0.0,0,8.178036026151858e-11
FrequencyHopping,tabular,204,94,3.7079865858178573,0.062081325121605906,0.07817780868547564,0.0023961722673983893,0.03,1.0,0.7475473892468115,0.0023452159651774257,0.0023452150822129703,0.0,0,8.160183639915886e-11
FrequencyHopping,tabular,204,95,3.7145412855678384,0.062286728061746933,0.07806602051926292,0.0024067910561510466,0.03,1.0,0.7467097778761476,0.0023418661513933594,0.002341865266097365,0.0,0,8.142353458140406e-11
FrequencyHopping,tabular,204,96,3.7211011914361554,0.06249217091318264,0.07795426967680541,0.0024174255272565205,0.03,1.0,0.7458728445868625,0.0023385174397081436,0.002338516551806169,0.0,0,8.999889722360876e-11
FrequencyHopping,tabular,204,97,3.727666233530335,0.06269765079537147,0.07784255526984696,0.0024280757366197123,0.03,1.0,0.7450365869038923,0.002335169803334545,0.002335168912936725,0.0,0,8.999889722360876e-11
FrequencyHopping,tabular,204,98,3.7342363418368554,0.06290316482973848,0.07773087643366816,0.0024387421373485182,0.03,1.0,0.7442009713645189,0.002331823216627189,0.002331822323795807,0.0,0,8.987699473550492e-11
FrequencyHopping,tabular,204,99,3.7408114463699165,0.06310871014529587,0.07761923232859624,0.0024494251739913763,0.03,1.0,0.7433659654690153,0.0023284776549758607,0.00232847675951664,0.0,0,8.96798191263315e-11
FrequencyHopping,tabular,204,100,3.7473914771718486,0.06331428387871672,0.07750762213957207,0.0024601251421464934,0.03,1.0,0.74253154858182,0.0023251330937783714,0.002325132195884594,0.0,0,8.948219942794822e-11
FrequencyHopping,tabular,205,1,3.096762937118805,0.09194686151301343,0.0877651753336095,0.03,0.03,1.0,0.1902357034962501,0.004118051953248466,0.0041178779433537205,0.0,0,8.77442563052e-11
FrequencyHopping,tabular,205,2,3.1088565587589674,0.09147798270947032,0.08772382356820874,0.03,0.03,1.0,0.19017957587477846,0.004003423425817555,0.004003270151440974,0.0,0,8.764478032219358e-11
FrequencyHopping,tabular,205,3,3.121296491610558,0.09102179605066799,0.08768636604865598,0.03,0.03,1.0,0.19012554654304206,0.0038894565455168013,0.0038893185618602555,0.0,0,8.754064140248374e-11
FrequencyHopping,tabular,205,4,3.1340827800597912,0.09057836928233268,0.08765321923156488,0.03,0.03,1.0,0.19007369306857452,0.003776230254975368,0.0037761013441848235,0.0,0,8.743139545686063e-11
FrequencyHopping,tabular,205,5,3.1472154657693543,0.09014774718511873,0.0876247517188733,0.03,0.03,1.0,0.1900240917720312,0.003663785248412113,0.0036636589230230054,0.0,0,8.731704248532424e-11
FrequencyHopping,tabular,205,6,3.160694584208927,0.0897299518558816,0.08760129551768081,0.03,0.03,1.0,0.18997681758004356,0.003552123312903749,0.0035519933386953806,0.0,0,8.719802657708442e-11
FrequencyHopping,tabular,205,7,3.1745201611973344,0.0893249830213912,0.08758315971088004,0.03,0.03,1.0,0.18993194387958298,0.003441209893372667,0.0034410707883476555,0.0,0,8.707412568753625e-11
FrequencyHopping,tabular,205,8,3.1886922094561005,0.08893281838427058,0.08757064517334046,0.03,0.03,1.0,0.1898895423740881,0.0033309796584248836,0.0033308271297660674,0.0,0,8.694489572746988e-11
FrequencyHopping,tabular,205,9,3.203210725174395,0.08855341400084475,0.08756405886735097,0.03,0.03,1.0,0.18984968294162116,0.003221344617970126,0.0032211759168514487,0.0,0,8.681078078609517e-11
FrequencyHopping,tabular,205,10,3.2180756845852447,0.08818670469052291,0.08756372637482857,0.03,0.03,1.0,0.189812433495314,0.003112204207047707,0.003112018379626713,0.0,0,8.667200290801702e-11
FrequencyHopping,tabular,205,11,3.2332870405533387,0.08783260447625116,0.08757000151833338,0.03,0.03,1.0,0.18977785984637388,0.0030034566544208715,0.00300325466818685,0.0,0,8.65281180040256e-11
FrequencyHopping,tabular,205,12,3.24884471917454,0.08749100705549594,0.08758327221434214,0.03,0.03,1.0,0.18974602556991021,0.0028950108875915137,0.0028947956412495035,0.0,0,8.637934811872583e-11
FrequencyHopping,tabular,205,13,3.2647486163875654,0.08716178630112537,0.08760396203091325,0.03,0.03,1.0,0.18971699187385616,0.002786798250695163,0.0027865744893158517,0.0,0,8.622635938593248e-11
FrequencyHopping,tabular,205,14,3.2809985945983433,0.08684479679149759,0.0876325271944367,0.02301195688975433,0.03,1.0,0.23382511743007492,0.0026839141152710092,0.0026837951237308477,0.0,0,8.606804158262094e-11
FrequencyHopping,tabular,205,15,3.2945647627304204,0.08664843335351725,0.08762345803940974,0.009834876039514603,0.03,1.0,0.4165684627921141,0.002638177917278896,0.0026381616323039037,0.0,0,8.590750333326014e-11
FrequencyHopping,tabular,205,16,3.3025309283114983,0.08666236818198235,0.08753174831872546,0.0043858148245279945,0.03,1.0,0.6155340814741059,0.0026272803503937536,0.002627277363001612,0.0,0,8.574896348534367e-11
FrequencyHopping,tabular,205,17,3.3081264201925524,0.08676160632418993,0.08740499758677078,0.002128243838964719,0.03,1.0,0.7674007636560929,0.0026219337429702672,0.002621932680163086,0.0,0,8.559264408347644e-11
FrequencyHopping,tabular,205,18,3.312733201955511,0.08689553273873821,0.08726366032937305,0.0011934408408574388,0.03,1.0,0.8547233630444974,0.0026173690296257346,0.002617368258326147,0.0,0,8.543743490463385e-11
FrequencyHopping,tabular,205,19,3.316932046249965,0.08704341444432384,0.08711635687429498,0.0008076985263425782,0.03,1.0,0.8968346696612124,0.0026128703321510256,0.0026128696047216238,0.0,0,8.52826698150011e-11
FrequencyHopping,tabular,205,20,3.3209652640023535,0.08719671735885884,0.08696669054047979,0.0006499845178384656,0.03,1.0,0.9152719348112254,0.0026083575833281032,0.0026083568638521903,0.0,0,8.512857085918313e-11
FrequencyHopping,tabular,205,21,3.3249336400468414,0.08735192226339149,0.08681616221738464,0.0005869902211881202,0.03,1.0,0.92284968583747,0.0026038348840561098,0.0026038341684224697,0.0,0,8.497447190336516e-11
FrequencyHopping,tabular,205,22,3.328879033693313,0.08750757729939343,0.08666539609755164,0.000563349141765701,0.03,1.0,0.9257258799294907,0.0025993103506090306,0.0025993096389931303,0.0,0,8.482059499215211e-11
FrequencyHopping,tabular,205,23,3.332818816836251,0.08766308374700305,0.08651465158180383,0.0005560672847888295,0.03,1.0,0.926615249523603,0.002594788449570862,0.0025947877424430388,0.0,0,8.466694012554399e-11
FrequencyHopping,tabular,205,24,3.3367601945275016,0.08781819506123223,0.08636403645010393,0.0005555964202692532,0.03,1.0,0.9266725919824906,0.002590271221220006,0.002590270518857851,0.0,0,8.451350730354079e-11
FrequencyHopping,tabular,205,25,3.340706152718988,0.08797281008268854,0.08621359548027785,0.0005579725739482837,0.03,1.0,0.9263818333537275,0.0025857595438700926,0.0025857588461464243,0.0,0,8.436029652614252e-11
FrequencyHopping,tabular,205,26,3.3446579270896053,0.08812688766847673,0.08606334728218368,0.0005615500379919395,0.03,1.0,0.9259445387352698,0.002581253786939784,0.0025812530938360556,0.0,0,8.420686370413932e-11
FrequencyHopping,tabular,205,27,3.348616027171402,0.08828041146104286,0.08591329959779515,0.000565645960122584,0.03,1.0,0.9254444074522982,0.002576754104200123,0.0025767534160763272,0.0,0,8.40540970159509e-11
FrequencyHopping,tabular,205,28,3.3525806613338673,0.08843337534189472,0.08576345565134424,0.00056997657275352,0.03,1.0,0.9249162158205869,0.0025722605607894473,0.0025722598772841554,0.0,0,8.390088623855263e-11
FrequencyHopping,tabular,205,29,3.356551912773077,0.08858577743742928,0.08561381678449109,0.0005744245276675639,0.03,1.0,0.9243743411077224,0.002567773182732702,0.00256777250397211,0.0,0,8.374856363957406e-11
FrequencyHopping,tabular,205,30,3.360529812828405,0.08873761763445652,0.08546438355370167,0.000578940679555162,0.03,1.0,0.9238248058432024,0.0025632919815403894,0.002563291307221105,0.0,0,8.359601899599056e-11
FrequencyHopping,tabular,205,31,3.364514371003845,0.08888889656726967,0.08531515618424024,0.000583504525351342,0.03,1.0,0.9232701274057546,0.0025588169610533695,0.002558816291274857,0.0,0,8.344347435240707e-11
FrequencyHopping,tabular,205,32,3.3685055875630643,0.08903961519467034,0.08516613475616497,0.0005881077512029183,0.03,1.0,0.9227113333668622,0.002554348122745717,0.0025543474574774017,0.0,0,8.329137379803342e-11
FrequencyHopping,tabular,205,33,3.372503458883019,0.08918977462105858,0.08501731929038137,0.0005927466105472881,0.03,1.0,0.9221488933677598,0.002549885466700563,0.0025498848058151946,0.0,0,8.313927324365977e-11
FrequencyHopping,tabular,205,34,3.376507979459567,0.08933937602925479,0.08486870976744942,0.0005974193647005511,0.03,1.0,0.9215830320275458,0.0025454289921139077,0.0025454283355854646,0.0,0,8.298761677849598e-11
FrequencyHopping,tabular,205,35,3.3805191427884806,0.08948842065090783,0.08472030615692683,0.0006021253777148579,0.03,1.0,0.9210138397630239,0.0025409786978603925,0.0025409780456389086,0.0,0,8.283596031333218e-11
FrequencyHopping,tabular,205,36,3.3845369418478537,0.08963690975035825,0.08457210841299467,0.0006068640696140701,0.03,1.0,0.9204413999101572,0.002536534582396214,0.002536533934438756,0.0,0,8.268452589277331e-11
FrequencyHopping,tabular,205,37,3.3885613691239476,0.08978484462322216,0.08442411648075243,0.0006116352460519992,0.03,1.0,0.9198657490309261,0.0025320966439441954,0.002532096000199102,0.0,0,8.253309147221444e-11
FrequencyHopping,tabular,205,38,3.3925924167793933,0.08993222659061721,0.08427633029609582,0.0006164386883538814,0.03,1.0,0.9192869265448462,0.0025276648808188395,0.002527664240943528,0.0,0,8.238187909626049e-11
FrequencyHopping,tabular,205,39,3.396630076643161,0.09007905699905341,0.08412874978476204,0.0006212740534168623,0.03,1.0,0.918704986741755,0.0025232392899311304,0.002523238654295712,0.0,0,8.223133285412132e-11
FrequencyHopping,tabular,205,40,3.400674340157393,0.09022533722163374,0.0839813748657603,0.0006261412904879975,0.03,1.0,0.918119948645462,0.0025188198694278134,0.0025188192378367003,0.0,0,8.20803425227723e-11
FrequencyHopping,tabular,205,41,3.404725198504382,0.09037106865372299,0.08383420545335918,0.000631039942836595,0.03,1.0,0.9175318799701242,0.002514406616411865,0.0025144059887858283,0.0,0,8.192935219142328e-11
FrequencyHopping,tabular,205,42,3.4087826424319108,0.09051625271787672,0.08368724145125794,0.0006359701591057204,0.03,1.0,0.916940775692699,0.002509999527801101,0.0025099989041632575,0.0,0,8.177902799388903e-11
FrequencyHopping,tabular,205,43,3.4128466625149443,0.0906608908554649,0.08354048275658332,0.0006409314890469594,0.03,1.0,0.9163467025472485,0.002505598600536551,0.0025055979808412676,0.0,0,8.162870379635478e-11
FrequencyHopping,tabular,205,44,3.416917248897989,0.09080498453411188,0.08339392925987843,0.0006459237593419003,0.03,1.0,0.9157496939480848,0.0025012038314602913,0.002501203215476089,0.0,0,8.147860164342546e-11
FrequencyHopping,tabular,205,45,3.420994391415331,0.09094853524361672,0.08324758084540251,0.0006509468010030237,0.03,1.0,0.9151497827200332,0.0024968152165145436,0.002496814604419084,0.0,0,8.132827744589122e-11
FrequencyHopping,tabular,205,46,3.4250780795935327,0.09109154449548976,0.08310143739074238,0.0006560003695210371,0.03,1.0,0.9145470106130811,0.002492432752298316,0.002492432143942125,0.0,0,8.997469436167194e-11
FrequencyHopping,tabular,205,47,3.4291683026197153,0.09123401382350563,0.08295549876501385,0.000661084361022781,0.03,1.0,0.9139414025239277,0.0024880564350513086,0.0024880558301112465,0.0,0,8.997691480772119e-11
FrequencyHopping,tabular,205,48,3.4332650494026473,0.0913759447815026,0.08280976483584501,0.0006661983526964375,0.03,1.0,0.9133330212101678,0.0024836862601068242,0.002483685658777768,0.0,0,8.98661145498636e-11
FrequencyHopping,tabular,205,49,3.437368308437008,0.09151733894698023,0.08266423546037238,0.000671342172045841,0.03,1.0,0.9127218994894366,0.002479322223376725,0.0024793216256009387,0.0,0,8.97002472299846e-11
FrequencyHopping,tabular,205,50,3.441478067911697,0.09165819791748755,0.08251891048881577,0.0006765158181046994,0.03,1.0,0.9121080497713452,0.0024749643203180413,0.00247496372610323,0.0,0,8.953460195471052e-11
FrequencyHopping,tabular,205,51,3.4455943157837257,0.09179852330812419,0.08237378977341558,0.0006817188984158425,0.03,1.0,0.9114915308206946,0.0024706125464467902,0.002470611955645685,0.0,0,8.936873463483153e-11
FrequencyHopping,tabular,205,52,3.4497170396118806,0.0919383167560007,0.08222887315385563,0.0006869511985165107,0.03,1.0,0.9108723801416599,0.002466266896681793,0.002466266309434584,0.0,0,8.92035334487673e-11
FrequencyHopping,tabular,205,53,3.4538462266338956,0.09207757991758268,0.08208416046691092,0.000692212427462445,0.03,1.0,0.9102506441510699,0.00246192736615585,0.002461926782418855,0.0,0,8.903833226270308e-11
FrequencyHopping,tabular,205,54,3.4579818637349873,0.09221631446920206,0.08193965154323912,0.0006975025646731215,0.03,1.0,0.9096263372365115,0.0024575939500857684,0.002457593369584732,0.0,0,8.887313107663886e-11
FrequencyHopping,tabular,205,55,3.4621239375638337,0.0923545221033817,0.08179534621199913,0.000702821238008637,0.03,1.0,0.908999515170894,0.0024532666429490655,0.0024532660656340077,0.0,0,8.870859602438941e-11
FrequencyHopping,tabular,205,56,3.466272434384078,0.09249220453269563,0.08165124429360127,0.0007081681892228959,0.03,1.0,0.908370220119993,0.002448945439068651,0.0024489448651241474,0.0,0,8.854383892753503e-11
FrequencyHopping,tabular,205,57,3.470427340124081,0.09262936348794709,0.08150734560614659,0.0007135433515823447,0.03,1.0,0.9077384716225112,0.0024446303333019235,0.0024446297625608793,0.0,0,8.837974796449544e-11
FrequencyHopping,tabular,205,58,3.4745886404591975,0.0927660007155048,0.08136364996366163,0.0007189462977784923,0.03,1.0,0.9071043314535541,0.002440321320051615,0.0024403207523144843,0.0,0,8.821543495685091e-11
FrequencyHopping,tabular,205,59,3.478756320660175,0.09290211798116772,0.08122015717506592,0.0007243769228446028,0.03,1.0,0.9064678233972512,0.002436018393072469,0.0024360178285016687,0.0,0,8.805134399381132e-11
FrequencyHopping,tabular,205,60,3.4829303657309767,0.0930377170659432,0.0810768670429729,0.0007298349949772538,0.03,1.0,0.9058289860087588,0.0024317215470256765,0.0024317209853372823,0.0,0,8.788747507537664e-11
FrequencyHopping,tabular,205,61,3.4871107603562046,0.09317279976716282,0.08093377937063995,0.0007353202480340743,0.03,1.0,0.9051878617129531,0.0024274307752892204,0.0024274302167097694,0.0,0,8.77238282015469e-11
FrequencyHopping,tabular,205,62,3.4912974888879393,0.09330736789847287,0.08079089395739425,0.0007408323626983466,0.03,1.0,0.9045444989697827,0.0024231460720650117,0.002423145516495362,0.0,0,8.756018132771715e-11
FrequencyHopping,tabular,205,63,3.495490535324836,0.09344142329002128,0.08064821059338145,0.0007463712775469389,0.03,1.0,0.9038989160252502,0.0024188674312428486,0.002418866878511672,0.0,0,8.739697854309725e-11
FrequencyHopping,tabular,205,64,3.4996898834219854,0.09357496778512667,0.08050572906999065,0.0007519365695762638,0.03,1.0,0.9032511731176814,0.002414594846231954,0.0024145942964091116,0.0,0,8.72342198476872e-11
FrequencyHopping,tabular,205,65,3.5038955165401564,0.09370800324400017,0.08036344917627947,0.0007575281778707106,0.03,1.0,0.9026012881933008,0.0024103283105266927,0.002410327763675113,0.0,0,8.70710170630673e-11
FrequencyHopping,tabular,205,66,3.5081074177994256,0.09384053153925481,0.08022137069552127,0.0007631457903871802,0.03,1.0,0.9019493082683648,0.0024060678179967454,0.0024060672739107947,0.0,0,8.690825836765725e-11
FrequencyHopping,tabular,205,67,3.5123255699750278,0.09397255455836245,0.08007949340730347,0.0007687891504792652,0.03,1.0,0.9012952737483283,0.0024018133617121945,0.0024018128203970868,0.0,0,8.674572171685213e-11
FrequencyHopping,tabular,205,68,3.51654995552221,0.09410407420262411,0.07993781709398906,0.0007744580011177719,0.03,1.0,0.9006392249179462,0.0023975649353352546,0.0023975643965730153,0.0,0,8.658340711065193e-11
FrequencyHopping,tabular,205,69,3.520780556577579,0.09423509238678832,0.07979634152672777,0.0007801520853862535,0.03,1.0,0.8999812018824032,0.0023933225314521508,0.002393321995507458,0.0,0,8.642109250445174e-11
FrequencyHopping,tabular,205,70,3.5250173549607884,0.0943656110386514,0.07965506648184295,0.0007858713111168161,0.03,1.0,0.8993212255978977,0.0023890861438187697,0.0023890856104817892,0.0,0,8.625922198746139e-11
FrequencyHopping,tabular,205,71,3.5292603322446716,0.09449563209691274,0.0795139917277865,0.0007916152165875388,0.03,1.0,0.8986593594777798,0.0023848557651333898,0.002384855234512928,0.0,0,8.609735147047104e-11
FrequencyHopping,tabular,205,72,3.5335094696027154,0.09462515751479156,0.07937311703570815,0.0007973836873982504,0.03,1.0,0.8979956267282361,0.0023806313886196935,0.0023806308606109106,0.0,0,8.593592504269054e-11
FrequencyHopping,tabular,205,73,3.537764747955583,0.09475418925588548,0.0792324421702073,0.0008031764997016579,0.03,1.0,0.8973300630345908,0.002376413007382155,0.002376412481760015,0.0,0,8.577472065951497e-11
FrequencyHopping,tabular,205,74,3.54202614792694,0.09488272929500469,0.07909196689565023,0.0008089933342494632,0.03,1.0,0.8966627148589094,0.00237220061406762,0.0023722000908499297,0.0,0,8.56135162763394e-11
FrequencyHopping,tabular,205,75,3.5462936498055235,0.09501077961880322,0.0789516909749266,0.0008148339272000435,0.03,1.0,0.8959936221106025,0.002367994201580391,0.002367993680717051,0.0,0,8.54520898485589e-11
FrequencyHopping,tabular,205,76,3.5505672335699647,0.09513834222480502,0.07881161416682936,0.0008206981327616441,0.03,1.0,0.8953228110387761,0.0023637937624648637,0.002363793244107848,0.0,0,8.529132955459318e-11
FrequencyHopping,tabular,205,77,3.554846878939347,0.0952654191198181,0.07867173623261614,0.0008265855791995228,0.03,1.0,0.8946503335555488,0.0023595992895905013,0.0023595987737679014,0.0,0,8.513079130523238e-11
FrequencyHopping,tabular,205,78,3.5591325652813453,0.09539201232192179,0.07853205692927023,0.0008324961642258043,0.03,1.0,0.8939762106402597,0.002355410776041336,0.0023554102624256945,0.0,0,8.496980896666173e-11
FrequencyHopping,tabular,205,79,3.563424271725444,0.09551812385732505,0.07839257601128802,0.0008384295005051508,0.03,1.0,0.8933004956051137,0.0023512282137800457,0.002351227702652947,0.0,0,8.480993685111571e-11
FrequencyHopping,tabular,205,80,3.5677219770468884,0.09564375576293319,0.07825329323464247,0.0008443854158347407,0.03,1.0,0.8926232170743228,0.0023470515960239764,0.0023470510871048678,0.0,0,8.464984269096476e-11
FrequencyHopping,tabular,205,81,3.572025659757367,0.09576891008379072,0.0781142083499109,0.000850363607683363,0.03,1.0,0.891944418321859,0.0023428809150313526,0.0023428804083300836,0.0,0,8.448974853081381e-11
FrequencyHopping,tabular,205,82,3.5763352980530696,0.09589358887405072,0.07797532111215588,0.0008563639029320829,0.03,1.0,0.891264127764576,0.0023387161633923563,0.0023387156588920988,0.0,0,8.433032050447764e-11
FrequencyHopping,tabular,205,83,3.580650869869759,0.0960177941953332,0.07783663127096663,0.0008623859058085483,0.03,1.0,0.8905823988543792,0.0023345573333660905,0.002334556831188994,0.0,0,8.417067043353654e-11
FrequencyHopping,tabular,205,84,3.584972352793183,0.0961415281185803,0.0776981385753217,0.000868429614775837,0.03,1.0,0.8898992402866026,0.002330404418093138,0.0023304039178124736,0.0,0,8.401102036259545e-11
FrequencyHopping,tabular,205,85,3.5892997242226774,0.09626479271983851,0.07755984277675321,0.000874494491322609,0.03,1.0,0.8892147212400753,0.002326257409394844,0.0023262569111626163,0.0,0,8.385203642546912e-11
FrequencyHopping,tabular,205,86,3.5936329611528763,0.09638759008518046,0.07742174361982102,0.0008805803749104359,0.03,1.0,0.8885288680021302,0.0023221162997375503,0.0023221158036330625,0.0,0,8.36930524883428e-11
FrequencyHopping,tabular,205,87,3.5979720403307756,0.09650992230663981,0.07728384085484707,0.0008866871460764288,0.03,1.0,0.8878417021293159,0.002317981081507823,0.0023179805876147874,0.0,0,8.35342905958214e-11
FrequencyHopping,tabular,205,88,3.6023169382741074,0.09663179148152864,0.07714613422895589,0.0008928145011843039,0.03,1.0,0.8871532657399099,0.002313851747517719,0.0023138512555567203,0.0,0,8.33755287033e-11
FrequencyHopping,tabular,205,89,3.6066676311978907,0.09675319971389278,0.07700862348464232,0.0008989620518113804,0.03,1.0,0.886463610226751,0.002309728289623338,0.0023097277997381482,0.0,0,8.321721089998846e-11
FrequencyHopping,tabular,205,90,3.6110240949821075,0.0968741491149497,0.07687130837350509,0.0009051296256664816,0.03,1.0,0.8857727625450884,0.0023056107006192966,0.0023056102125642575,0.0,0,8.305889309667691e-11
FrequencyHopping,tabular,205,91,3.6153863052618562,0.09699464180070373,0.07673418863597403,0.0009113170390366081,0.03,1.0,0.8850807507968541,0.0023014989725379147,0.0023014984863583,0.0,0,8.290079733797029e-11
FrequencyHopping,tabular,205,92,3.6197542374244653,0.09711467989176596,0.0765972640173862,0.000917523969855113,0.03,1.0,0.8843876183652409,0.0022973930976612216,0.002297392613427318,0.0,0,8.274314566847352e-11
FrequencyHopping,tabular,205,93,3.624127866555245,0.09723426551432213,0.07646053426595412,0.0009237501013984287,0.03,1.0,0.8836934078058555,0.00229329306853283,0.0022932925861052222,0.0,0,8.258549399897674e-11
FrequencyHopping,tabular,205,94,3.6285071674419136,0.09735340079973823,0.07632399912202992,0.0009299952894636228,0.03,1.0,0.8829981422791975,0.002289198877362317,0.0022891983966966123,0.0,0,8.242784232947997e-11
FrequencyHopping,tabular,205,95,3.632892114646514,0.09747208788267277,0.07618765833127261,0.0009362593051871317,0.03,1.0,0.8823018542256348,0.0022851105162997438,0.0022851100374670086,0.0,0,8.227063474919305e-11
FrequencyHopping,tabular,205,96,3.6372826824729665,0.09759032890156709,0.07605151163792012,0.0009425417914330538,0.03,1.0,0.881604590120975,0.002281027977935828,0.002281027500799837,0.0,0,8.211364921351105e-11
FrequencyHopping,tabular,205,97,3.641678844917394,0.0977081259994796,0.07591555878581069,0.0009488424761618019,0.03,1.0,0.8809063867728788,0.0022769512541140663,0.0022769507788840126,0.0,0,8.195666367782906e-11
FrequencyHopping,tabular,205,98,3.6460805757047665,0.09782548132299441,0.07577979951964853,0.0009551612017062454,0.03,1.0,0.8802072681627624,0.002272880337903683,0.00227287986411695,0.0,0,8.180012223135691e-11
FrequencyHopping,tabular,205,99,3.650487848337035,0.0979423970209146,0.0756442335819063,0.0009614976480863327,0.03,1.0,0.8795072760409106,0.0022688152209062815,0.002268814748745518,0.0,0,8.164335874027984e-11
FrequencyHopping,tabular,205,100,3.654900636029769,0.09805887524540804,0.07550886071593377,0.0009678516724109054,0.03,1.0,0.8788064324357167,0.0022647558954090015,0.0022647554250461166,0.0,0,8.148703933841261e-11
FrequencyHopping,tabular,206,1,4.150842869678434,0.03365238217322774,0.10007179062234695,0.03,0.03,1.0,0.19670745916968435,0.005192810656160239,0.0051928115527262175,0.0,0,8.2238216236874e-11
FrequencyHopping,tabular,206,2,4.153719277533206,0.034141073927382616,0.09993603660727324,0.03,0.03,1.0,0.19665451111484875,0.0051051411394834895,0.005105167878951988,0.0,0,8.207701185369842e-11
FrequencyHopping,tabular,206,3,4.157058908012222,0.034634794622591,0.0998057355358628,0.03,0.03,1.0,0.1966006664913972,0.005019217529305942,0.005019270042152524,0.0,0,8.19109224892145e-11
FrequencyHopping,tabular,206,4,4.160859754661893,0.03513371408888249,0.09968038113911115,0.03,0.03,1.0,0.19654600180970078,0.004935172850672582,0.00493525017748464,0.0,0,8.174017018802715e-11
FrequencyHopping,tabular,206,5,4.165119652252762,0.035637990273110313,0.09955944647704884,0.03,0.03,1.0,0.19649059419126355,0.004853130710263449,0.004853231043455031,0.0,0,8.156431086092653e-11
FrequencyHopping,tabular,206,6,4.16983627557652,0.03614776895042353,0.09944239135033506,0.03,0.03,1.0,0.1964345212595184,0.004773200363642512,0.0047733211342719795,0.0,0,8.138356655251755e-11
FrequencyHopping,tabular,206,7,4.17500713793932,0.036663183460379424,0.09932867096640319,0.03,0.03,1.0,0.19637786102818514,0.0046954724566289725,0.004695610470025979,0.0,0,8.994538447382183e-11
FrequencyHopping,tabular,206,8,4.180629589365572,0.0371843544685981,0.09921774539120021,0.03,0.03,1.0,0.19632069178752007,0.004620015686656749,0.00462016726864567,0.0,0,8.994827105368586e-11
FrequencyHopping,tabular,206,9,4.186700814526481,0.03771138975475239,0.09910908926662465,0.03,0.03,1.0,0.19626309198877867,0.004546874444246545,0.004547035627020524,0.0,0,8.979195165181864e-11
FrequencyHopping,tabular,206,10,4.1932178304081855,0.03824438402761566,0.09900220125711456,0.03,0.03,1.0,0.19620514012722182,0.004476067578511311,0.004476234263682599,0.0,0,8.956968500228868e-11
FrequencyHopping,tabular,206,11,4.200177483734429,0.038783418767759884,0.09889661279237627,0.03,0.03,1.0,0.19614691462401612,0.004407588195684121,0.00440775630378587,0.0,0,8.934297746066022e-11
FrequencyHopping,tabular,206,12,4.207576448159303,0.039328562098427326,0.0987918956854017,0.03,0.03,1.0,0.196088493707366,0.004341404400015855,0.00434157002832225,0.0,0,8.911027471469879e-11
FrequencyHopping,tabular,206,13,4.215411221245811,0.03987986868498425,0.09868766835952059,0.03,0.03,1.0,0.1960299552932333,0.0042774609188723405,0.00427762046660396,0.0,0,8.8872686987429e-11
FrequencyHopping,tabular,206,14,4.22367812124657,0.04043737966325867,0.0985836004571583,0.03,0.03,1.0,0.19597137686599547,0.004215681425080266,0.004215831681474436,0.0,0,8.86295481450361e-11
FrequencyHopping,tabular,206,15,4.232373283703401,0.041001122596974096,0.09847941579174124,0.03,0.03,1.0,0.19591283535939394,0.004155971360701054,0.004156109584557033,0.0,0,8.838196841054469e-11
FrequencyHopping,tabular,206,16,4.241492657883055,0.04157111146436884,0.0983748935931561,0.03,0.03,1.0,0.19585440703812534,0.004098221162857603,0.004098345118383584,0.0,0,8.812817142711538e-11
FrequencyHopping,tabular,206,17,4.251032003066825,0.042147346674019405,0.09826986815378858,0.03,0.03,1.0,0.19579616738042466,0.004042309654105272,0.004042417651430874,0.0,0,8.787037764079741e-11
FrequencyHopping,tabular,206,18,4.260986884712448,0.04272981510973637,0.09816422701552918,0.03,0.03,1.0,0.19573819096198578,0.003988107563713102,0.003988198450027403,0.0,0,8.760725478396125e-11
FrequencyHopping,tabular,206,19,4.271352670507164,0.04331849020435344,0.09805790784117585,0.03,0.03,1.0,0.1956805513415576,0.0039354809561257705,0.00393555411039026,0.0,0,8.733880285660689e-11
FrequencyHopping,tabular,206,20,4.2821245263314855,0.04391333204208304,0.09795089423002556,0.03,0.03,1.0,0.1956233209485467,0.003884294556837634,0.0038843498572285196,0.0,0,8.706591003715403e-11
FrequencyHopping,tabular,206,21,4.293297412153981,0.04451428748904487,0.09784321063349699,0.03,0.03,1.0,0.19556657097295305,0.003834414831102272,0.003834452635623542,0.0,0,8.678791019178789e-11
FrequencyHopping,tabular,206,22,4.304866077877709,0.04512129035146778,0.09773491664262224,0.03,0.03,1.0,0.19551037125794732,0.0037857128507480667,0.0037857339444014038,0.0,0,8.650480332050847e-11
FrequencyHopping,tabular,206,23,4.316825059160113,0.0457342615609661,0.09762610082203471,0.03,0.03,1.0,0.19545479019539633,0.003738066821993421,0.003738072374086965,0.0,0,8.621703351252563e-11
FrequencyHopping,tabular,206,24,4.329168673228384,0.04635310938621451,0.09751687430948897,0.03,0.03,1.0,0.1953998946246197,0.0036913643149672102,0.0036913558279840775,0.0,0,8.592460076783937e-11
FrequencyHopping,tabular,206,25,4.341891014713498,0.04697772967025304,0.09740736435099873,0.03,0.03,1.0,0.19534574973465907,0.0036455041466426285,0.003645483414889572,0.0,0,8.56268389526349e-11
FrequencyHopping,tabular,206,26,4.3549859515264835,0.04760800609257026,0.09729770796359505,0.03,0.03,1.0,0.1952924189703114,0.0036003979558435835,0.003600367010949901,0.0,0,8.532485828993686e-11
FrequencyHopping,tabular,206,27,4.368447120801447,0.04824381045504125,0.09718804582117269,0.03,0.03,1.0,0.19523996394217696,0.0035559714379172617,0.0035559324931526692,0.0,0,8.501799264593046e-11
FrequencyHopping,tabular,206,28,4.382267924930651,0.04888500299072442,0.0970785165591792,0.03,0.03,1.0,0.19518844434094465,0.003512165242613296,0.0035121206517794157,0.0,0,8.47069081544305e-11
FrequencyHopping,tabular,206,29,4.396441527717525,0.049531432694446396,0.0969692515278453,0.03,0.03,1.0,0.19513791785612197,0.0034689355851672443,0.003468887791887143,0.0,0,8.439071663701725e-11
FrequencyHopping,tabular,206,30,4.41096085067446,0.050182937674053206,0.09686037016132243,0.03,0.03,1.0,0.19508844009939935,0.003426254545937787,0.0034262060357930224,0.0,0,8.40700842275055e-11
FrequencyHopping,tabular,206,31,4.425818569492814,0.050839345521146266,0.09675197596340501,0.03,0.03,1.0,0.19504006453282097,0.0033841100815153844,0.003384063340873489,0.0,0,8.374478888129033e-11
FrequencyHopping,tabular,206,32,4.441007110713394,0.051500473700071665,0.09664415320368436,0.03,0.03,1.0,0.19499284240190456,0.0033425057772038117,0.0033424632483938232,0.0,0,8.341549673218651e-11
FrequencyHopping,tabular,206,33,4.456518648626401,0.05216612995388346,0.09653696433253867,0.03,0.03,1.0,0.19494682267384675,0.0033014603348038253,0.0033014243807814037,0.0,0,8.308109755716941e-11
FrequencyHopping,tabular,206,34,4.472345102430409,0.052836112725979864,0.0964304481286149,0.03,0.03,1.0,0.19490205198091712,0.003261006848227533,0.003260979707655265,0.0,0,8.274270157926367e-11
FrequencyHopping,tabular,206,35,4.488478133680756,0.05351021159606001,0.09632461857218555,0.03,0.03,1.0,0.19485857456912767,0.0032211918364276073,0.0032211756006710335,0.0,0,8.239986470925942e-11
FrequencyHopping,tabular,206,36,4.504909144058157,0.05418820772904571,0.09621946439064555,0.03,0.03,1.0,0.19481643225224482,0.0031820741283880858,0.0031820707024070582,0.0,0,8.205303103636652e-11
FrequencyHopping,tabular,206,37,4.52162927348915,0.05486987433557782,0.09611494924763875,0.03,0.03,1.0,0.1947756643711866,0.0031437235491743923,0.003143734631750439,0.0,0,8.170175647137512e-11
FrequencyHopping,tabular,206,38,4.538629398650198,0.05555497714270289,0.09601101248442045,0.03,0.03,1.0,0.19473630775882952,0.0031062194939234754,0.0031062465531845884,0.0,0,8.990030941902205e-11
FrequencyHopping,tabular,206,39,4.555900131887959,0.05624327487334414,0.09590757033745012,0.03,0.03,1.0,0.19469839671022524,0.003069649378502324,0.003069693634474291,0.0,0,8.998468636889356e-11
FrequencyHopping,tabular,206,40,4.573431820588368,0.05693451973317686,0.09580451753123942,0.03,0.03,1.0,0.19466196295821075,0.0030341070109900993,0.00303416941923329,0.0,0,8.958034314332508e-11
FrequencyHopping,tabular,206,41,4.591214547027606,0.05762845790350832,0.09570172913084818,0.03,0.03,1.0,0.1946270356543732,0.0029996908866767504,0.0029997721381447295,0.0,0,8.917178107026302e-11
FrequencyHopping,tabular,206,42,4.609238128738052,0.05832483003880405,0.09559906257105011,0.03,0.03,1.0,0.19459364135531068,0.0029665024858610235,0.0029666029838522068,0.0,0,8.875855606049754e-11
FrequencyHopping,tabular,206,43,4.627492119422335,0.05902337176751059,0.09549635975369952,0.03,0.03,1.0,0.1945618040141147,0.0029346444966875094,0.002934764370667642,0.0,0,8.834111220323848e-11
FrequencyHopping,tabular,206,44,4.645965810448599,0.05972381419485093,0.09539344912061765,0.026440711224356192,0.03,1.0,0.2150858264463652,0.002905021142651198,0.002905107950456731,0.0,0,8.7919005409276e-11
FrequencyHopping,tabular,206,45,4.663097278885024,0.06035742632395306,0.09527327101258587,0.020531163371985614,0.03,1.0,0.2608106744027886,0.0028835013425898208,0.0028835377900673365,0.0,0,8.752110147725034e-11
FrequencyHopping,tabular,206,46,4.677762611501923,0.06087827616771095,0.09512495392006715,0.016120786289357734,0.03,1.0,0.3100038347302921,0.0028687738593422326,0.002868787757585256,0.0,0,8.716716237699984e-11
FrequencyHopping,tabular,206,47,4.690531431486417,0.06131457942319656,0.09495594020191289,0.012784971826567727,0.03,1.0,0.361597962538394,0.002857651726161446,0.002857655857373409,0.0,0,8.68483063243275e-11
FrequencyHopping,tabular,206,48,4.701833887113482,0.06168671887765476,0.09477152769306052,0.01023426100374567,0.03,1.0,0.41433402230910765,0.002848475548172382,0.0028484756674054257,0.0,0,8.655542949043138e-11
FrequencyHopping,tabular,206,49,4.7119964346980865,0.06200966640688739,0.09457555635578041,0.008266627690991719,0.03,1.0,0.46686528352024514,0.002840359323687906,0.0028403579602327422,0.0,0,8.628386893860807e-11
FrequencyHopping,tabular,206,50,4.721268484109984,0.06229458111146198,0.09437085453367633,0.0067380604113292265,0.03,1.0,0.5178800509866024,0.002832820940794086,0.002832819164438005,0.0,0,8.602896173215413e-11
FrequencyHopping,tabular,206,51,4.729841896064288,0.06254988531412646,0.09415953479913197,0.005543966456702734,0.03,1.0,0.5662192400494188,0.002825594818789172,0.0028255930495506565,0.0,0,8.578693311278585e-11
FrequencyHopping,tabular,206,52,4.737865216758149,0.06278200371199073,0.09394319408877472,0.004607125510211265,0.03,1.0,0.610966695103281,0.002818533949657145,0.002818532327856893,0.0,0,8.555489650063919e-11
FrequencyHopping,tabular,206,53,4.745454118228307,0.06299588092681584,0.09372305180044282,0.0038697125002700276,0.03,1.0,0.651498027804388,0.002811557306286534,0.0028115558569181687,0.0,0,8.533107553887476e-11
FrequencyHopping,tabular,206,54,4.752699119194941,0.06319535055479662,0.09350004689380187,0.0032878970100240794,0.03,1.0,0.6874858277880456,0.0028046209587941308,0.002804619664967367,0.0,0,8.5114137959863e-11
FrequencyHopping,tabular,206,55,4.759671348297579,0.06338340273634756,0.09327490738910704,0.002828113955675249,0.03,1.0,0.7188689557236834,0.002797701924621067,0.002797700757775745,0.0,0,8.490275149597437e-11
FrequencyHopping,tabular,206,56,4.766426888080914,0.06356238112929753,0.09304820093171129,0.002464438764946877,0.03,1.0,0.7457993399009829,0.002790789010141518,0.0027907879423740845,0.0,0,8.469491774576454e-11
FrequencyHopping,tabular,206,57,4.773010079776939,0.06373412989971289,0.09282037211516547,0.0021767050928516115,0.03,1.0,0.7685804276932796,0.0027838775709728932,0.002783876579197875,0.0,0,8.449108079844336e-11
FrequencyHopping,tabular,206,58,4.77945605814717,0.0639001047014838,0.09259177040499278,0.001949136074766514,0.03,1.0,0.7876080565678705,0.0027769665042569284,0.0027769655698610674,0.0,0,8.429013043098621e-11
FrequencyHopping,tabular,206,59,4.785792711261964,0.06406145737261154,0.09236267126271347,0.001769329478278596,0.03,1.0,0.803320947123616,0.002770056521960934,0.0027700556309719904,0.0,0,8.409117846497338e-11
FrequencyHopping,tabular,206,60,4.792042204197519,0.06421910108938444,0.09213329227492073,0.00162750103341018,0.03,1.0,0.8161629541330832,0.0027631491741143665,0.002763148315970021,0.0,0,8.38944469450098e-11
FrequencyHopping,tabular,206,61,4.798222171628653,0.06437376091847516,0.09190380559516154,0.0015159068900964792,0.03,1.0,0.8265576567224702,0.0027562463042379187,0.0027562454713856432,0.0,0,8.36992697372807e-11
FrequencyHopping,tabular,206,62,4.804346653792957,0.0645260132089337,0.09167434757509918,0.0014284052845040254,0.03,1.0,0.834892749955504,0.002749349760679175,0.002749348946983421,0.0,0,8.350520275257622e-11
FrequencyHopping,tabular,206,63,4.810426835309513,0.06467631650496279,0.0914450262914368,0.0013601155550293103,0.03,1.0,0.841512530976747,0.0027424612504586506,0.0027424604517618523,0.0,0,8.331291212471115e-11
FrequencyHopping,tabular,206,64,4.816471629099838,0.06482503586082451,0.09121592744409934,0.0013071542028590924,0.03,1.0,0.8467157616017228,0.0027355822802570045,0.0027355814930101197,0.0,0,8.3120843541451e-11
FrequencyHopping,tabular,206,65,4.822488139463358,0.06497246204794854,0.09098711898657408,0.0012664278883669877,0.03,1.0,0.8507571404534999,0.00272871413946585,0.002728713361227486,0.0,0,8.292988518121547e-11
FrequencyHopping,tabular,206,66,4.82848202979158,0.06511882675753237,0.09075865479162282,0.001235470507469531,0.03,1.0,0.8538508452957871,0.0027218579094500793,0.0027218571386926627,0.0,0,8.273959295479472e-11
FrequencyHopping,tabular,206,67,4.834457814873602,0.06526431465336648,0.0905305775430354,0.0012123159326129847,0.03,1.0,0.8561749263595982,0.0027150144849817062,0.0027150137198541646,0.0,0,8.255018890679366e-11
FrequencyHopping,tabular,206,68,4.840419094074067,0.06540907296559913,0.09030292102776283,0.0011953951025222432,0.03,1.0,0.8578762294661516,0.0027081845954809564,0.00270818383515925,0.0,0,8.236122894800246e-11
FrequencyHopping,tabular,206,69,4.846368736599661,0.06555321909920844,0.09007571196208985,0.0011834561242334996,0.03,1.0,0.8590749748073947,0.002701368832263356,0.0027013680757896896,0.0,0,8.217293512302604e-11
FrequencyHopping,tabular,206,70,4.852309029477539,0.065696846701932,0.08984897142720882,0.0011755002232640614,0.03,1.0,0.8598690264917382,0.002694567669940753,0.002694566916392027,0.0,0,8.198508538725946e-11
FrequencyHopping,tabular,206,71,4.858241795613121,0.06584003049908096,0.08962271602779293,0.0011707301884276218,0.03,1.0,0.860337735215862,0.0026877814861779423,0.0026877807351757266,0.0,0,8.179745769609781e-11
FrequencyHopping,tabular,206,72,4.864168487758684,0.06598283013752654,0.08939695880236798,0.0011685099650958662,0.03,1.0,0.8605451858860258,0.00268101058062142,0.0026810098315084296,0.0,0,8.161071818335586e-11
FrequencyHopping,tabular,206,73,4.870090263586394,0.06612529325386246,0.0891717099455791,0.00116833221364073,0.03,1.0,0.8605429761037385,0.0026742551878092915,0.0026742544404390056,0.0,0,8.142442275982376e-11
FrequencyHopping,tabular,206,74,4.876008045595286,0.06626745792074434,0.08894697739506574,0.0011697923610349045,0.03,1.0,0.8603725474768978,0.002667515490829222,0.0026675147449999326,0.0,0,8.996470235445031e-11
FrequencyHopping,tabular,206,75,4.881922568893357,0.06640935459668429,0.08872276729054995,0.001172567789466067,0.03,1.0,0.8600671260247932,0.0026607916310792123,0.0026607908863474083,0.0,0,8.999290201927579e-11
FrequencyHopping,tabular,206,76,4.8878344192629495,0.06655100767831121,0.08849908433364861,0.0011764009773510265,0.03,1.0,0.8596533405458022,0.0026540837153955763,0.002654082971802474,0.0,0,8.985212573975332e-11
FrequencyHopping,tabular,206,77,4.893744063366471,0.06669243673132624,0.08827593208611262,0.0011810873199815776,0.03,1.0,0.8591524112878005,0.002647391824401631,0.002647391081654682,0.0,0,8.964673448019767e-11
FrequencyHopping,tabular,206,78,4.899651873253657,0.06683365748888336,0.08805331320375087,0.0011864633851938428,0.03,1.0,0.8585813239244382,0.002640716016532198,0.0026407152745140383,0.0,0,8.944134322064201e-11
FrequencyHopping,tabular,206,79,4.905558145422377,0.06697468262748613,0.08783122961196765,0.0011923991830203597,0.03,1.0,0.8579536088805049,0.002634056332994843,0.002634055591584916,0.0,0,8.923684013950606e-11
FrequencyHopping,tabular,206,80,4.911463116270605,0.06711552239579176,0.08760968266436908,0.0011987912616884583,0.03,1.0,0.857280045450839,0.0026274128012494197,0.00262741206021766,0.0,0,8.903211501376518e-11
FrequencyHopping,tabular,206,81,4.917366974343584,0.0672561851127452,0.08738867324901145,0.0012055571651480867,0.03,1.0,0.8565692310838939,0.002620785437281186,0.002620784696705458,0.0,0,8.882850011104892e-11
FrequencyHopping,tabular,206,82,4.923269870012924,0.06739667756103718,0.08716820188985341,0.0012126315487509922,0.03,1.0,0.8558279831886816,0.002614174248502229,0.0026141735083275996,0.0,0,8.862466316372775e-11
FrequencyHopping,tabular,206,83,4.929171923347203,0.06753700530699314,0.08694826881516793,0.0012199622810098614,0.03,1.0,0.8550617426943067,0.002607579235298158,0.002607578495402052,0.0,0,8.842149235022134e-11
FrequencyHopping,tabular,206,84,4.93507323018803,0.06767717294731407,0.08672887401928175,0.0012275082597687202,0.03,1.0,0.8542748024929874,0.002601000392187144,0.0026009996524882784,0.0,0,8.821854358131986e-11
FrequencyHopping,tabular,206,85,4.940973867205491,0.06781718431440253,0.0865100173080724,0.0012352364791913019,0.03,1.0,0.8534706111850886,0.0025944377091959145,0.0025944369696084824,0.0,0,8.801603890162824e-11
FrequencyHopping,tabular,206,86,4.946873895615365,0.06795704262711368,0.08629169833602734,0.0012431209719600594,0.03,1.0,0.8526518853375569,0.002587891172434063,0.002587890433078277,0.0,0,8.781397831114646e-11
FrequencyHopping,tabular,206,87,4.952773364395658,0.0680967506212708,0.08607391663839614,0.0012511412606136542,0.03,1.0,0.8518207708378427,0.002581360765519686,0.0025813600262820646,0.0,0,8.761191772066468e-11
FrequencyHopping,tabular,206,88,4.958672312792927,0.06823631065129512,0.08585667164918709,0.0012592809408817117,0.03,1.0,0.8509789897551597,0.00257484646935067,0.0025748457302161576,0.0,0,8.741052326399767e-11
FrequencyHopping,tabular,206,89,4.964570772184175,0.06837572476559663,0.08563996272551444,0.0012675271163291974,0.03,1.0,0.8501279003827557,0.002568348263026943,0.0025683475239004494,0.0,0,8.72093508519356e-11
FrequencyHopping,tabular,206,90,4.970468767673367,0.06851499477124254,0.08542378915894489,0.001275869861362971,0.03,1.0,0.8492685540082613,0.0025618661239945337,0.0025618653848273887,0.0,0,8.700884457368829e-11
FrequencyHopping,tabular,206,91,4.9763663194379255,0.06865412228850572,0.08520815018931982,0.0012843011663827124,0.03,1.0,0.8484018030847439,0.002555400028464371,0.002555399289139615,0.0,0,8.680856034004591e-11
FrequencyHopping,tabular,206,92,4.982263443602461,0.06879310878614875,0.08499304501276006,0.0012928144854752832,0.03,1.0,0.8475283480785034,0.002548949951427552,0.002548949211951923,0.0,0,8.660872019561339e-11
FrequencyHopping,tabular,206,93,4.988160152907172,0.06893195560836834,0.08477847279082518,0.0013014053522278158,0.03,1.0,0.8466486772998538,0.0025425158669539244,0.0025425151274192093,0.0,0,8.640910209578578e-11
FrequencyHopping,tabular,206,94,4.9940564576370265,0.06907066401247458,0.08456443265236202,0.0013100697704511262,0.03,1.0,0.8457632290439788,0.002536097748786631,0.002536097009040006,0.0,0,8.621015012977296e-11
FrequencyHopping,tabular,206,95,4.999952365843857,0.0692092351777043,0.08435092370553954,0.0013188048439268319,0.03,1.0,0.8448723293990568,0.0025296955694437263,0.0025296948295672195,0.0,0,8.60109761191552e-11
FrequencyHopping,tabular,206,96,5.005847883839036,0.06934767022512087,0.08413794503289718,0.0013276085887394115,0.03,1.0,0.8439762118769178,0.0025233093014910336,0.0025233085613352024,0.0,0,8.581246824235222e-11
FrequencyHopping,tabular,206,97,5.011743016600016,0.06948597023403005,0.08392549570346297,0.0013364791442795683,0.03,1.0,0.8430750963710686,0.002516938916639941,0.002516938176110761,0.0,0,8.56144044547591e-11
FrequencyHopping,tabular,206,98,5.017637767832274,0.06962413624434521,0.0837135747680684,0.001345415300377208,0.03,1.0,0.8421691371751294,0.00251058438617139,0.002510583645340514,0.0,0,8.54165627117709e-11
FrequencyHopping,tabular,206,99,5.023532140257938,0.06976216926821241,0.08350218126254028,0.0013544162831973612,0.03,1.0,0.8412584447120701,0.0025042456811699837,0.002504244940024214,0.0,0,8.521894301338762e-11
FrequencyHopping,tabular,206,100,5.029426135809265,0.06990007029777967,0.08329131421651037,0.001363481407884345,0.03,1.0,0.8403431201311533,0.0024979227724176334,0.0024979220308932737,0.0,0,8.502221149342404e-11
FrequencyHopping,tabular,207,1,4.1080583645882465,0.029369219225353193,0.09517278810241558,0.0,0.03,1.0,1.0,0.002854368532516416,0.002854368020955844,0.0,0,8.243850047051637e-11
FrequencyHopping,tabular,207,2,4.113850596462822,0.029603418251008727,0.09498739121337474,0.0,0.03,1.0,1.0,0.002848808671876535,0.002848808162574823,0.0,0,8.22808488010196e-11
FrequencyHopping,tabular,207,3,4.11964094192927,0.029837037524976125,0.094802230421831,0.0,0.03,1.0,1.0,0.0028432558867175217,0.002843255379577636,0.0,0,8.212408530994253e-11
FrequencyHopping,tabular,207,4,4.125429382510149,0.03007007746971197,0.09461730606952212,0.0,0.03,1.0,1.0,0.002837710187022724,0.002837709682255163,0.0,0,8.196709977426053e-11
FrequencyHopping,tabular,207,5,4.131215899967647,0.030302538520096286,0.09443261849774176,0.0,0.03,1.0,1.0,0.0028321715837194006,0.00283217108084699,0.0,0,8.181033628318346e-11
FrequencyHopping,tabular,207,6,4.137000476301824,0.030534421123252293,0.09424816803930147,0.0,0.03,1.0,1.0,0.002826640086013521,0.002826639585387758,0.0,0,8.165401688131624e-11
FrequencyHopping,tabular,207,7,4.142783093748961,0.03076572573837189,0.09406395502608023,0.0,0.03,1.0,1.0,0.002821115704457977,0.002821115205819069,0.0,0,8.149769747944902e-11
FrequencyHopping,tabular,207,8,4.1485637347798034,0.030996452836542777,0.09387997978614893,0.0,0.03,1.0,1.0,0.0028155984485351837,0.0028155979520101404,0.0,0,8.134160012218672e-11
FrequencyHopping,tabular,207,9,4.154342382097869,0.031226602900572234,0.09369624264198295,0.0,0.03,1.0,1.0,0.00281008832814722,0.002810087833705621,0.0,0,8.996492439905523e-11
FrequencyHopping,tabular,207,10,4.160119018637704,0.03145617642482188,0.09351274391569131,0.0,0.03,1.0,1.0,0.0028045853527665088,0.002804584860455872,0.0,0,8.997602662930149e-11
FrequencyHopping,tabular,207,11,4.165893627563164,0.031685173915035246,0.09332948391905793,0.0,0.03,1.0,1.0,0.0027990895321532427,0.002799089041828573,0.0,0,8.986100752395032e-11
FrequencyHopping,tabular,207,12,4.171666192265689,0.03191359588816935,0.09314646296876283,0.0,0.03,1.0,1.0,0.002793600875428126,0.0027936003871606996,0.0,0,8.96887009105285e-11
FrequencyHopping,tabular,207,13,4.177436696362548,0.03214144287223439,0.09296368136931799,0.0,0.03,1.0,1.0,0.0027881193921421854,0.002788118905777681,0.0,0,8.951683838631652e-11
FrequencyHopping,tabular,207,14,4.1832051236951155,0.03236871540612661,0.09278113942928767,0.0,0.03,1.0,1.0,0.00278264509101378,0.002782644606781126,0.0,0,8.934497586210455e-11
FrequencyHopping,tabular,207,15,4.188971458327117,0.03259541403946681,0.0925988374473663,0.0,0.03,1.0,1.0,0.002777177981689194,0.0027771774992808584,0.0,0,8.917355742710242e-11
FrequencyHopping,tabular,207,16,4.194735684542892,0.03282153933244153,0.0924167757208827,0.0,0.03,1.0,1.0,0.002771718072735574,0.0027717175922186144,0.0,0,8.90021389921003e-11
FrequencyHopping,tabular,207,17,4.2004977868456335,0.03304709185564288,0.09223495454468988,0.0,0.03,1.0,1.0,0.0027662653730504694,0.0027662648944235535,0.0,0,8.88309426017031e-11
FrequencyHopping,tabular,207,18,4.206257749955644,0.03327207218991385,0.09205337420873372,0.0,0.03,1.0,1.0,0.00276081989136423,0.0027608194146289122,0.0,0,8.866019030051575e-11
FrequencyHopping,tabular,207,19,4.212015558808575,0.03349648092619082,0.09187203500016228,0.0,0.03,1.0,1.0,0.0027553816363712347,0.0027553811614657864,0.0,0,8.848966004393333e-11
FrequencyHopping,tabular,207,20,4.217771198553673,0.033720318665351585,0.09169093720060584,0.0,0.03,1.0,1.0,0.002749950616363517,0.002749950143442037,0.0,0,8.83191297873509e-11
FrequencyHopping,tabular,207,21,4.223524654552014,0.03394358601806374,0.09151008109087311,0.0,0.03,1.0,1.0,0.0027445268399342027,0.002744526368949618,0.0,0,8.814926566458325e-11
FrequencyHopping,tabular,207,22,4.229275912374756,0.03416628360463415,0.09132946694659916,0.0,0.03,1.0,1.0,0.00273911031549523,0.0027391098463389607,0.0,0,8.79794015418156e-11
FrequencyHopping,tabular,207,23,4.235024957801349,0.03438841205485944,0.09114909503931123,0.0,0.03,1.0,1.0,0.0027337010512173965,0.0027337005837950734,0.0,0,8.78099815082578e-11
FrequencyHopping,tabular,207,24,4.240771776817814,0.0346099720078792,0.09096896563856038,0.0,0.03,1.0,1.0,0.0027282990550703268,0.002728298589407041,0.0,0,8.764100556390986e-11
FrequencyHopping,tabular,207,25,4.246516355614925,0.03483096411203258,0.09078907901288735,0.0,0.03,1.0,1.0,0.002722904335018317,0.0027229038711833464,0.0,0,8.747158553035206e-11
FrequencyHopping,tabular,207,26,4.252258680586496,0.03505138902471211,0.09060943542101851,0.0,0.03,1.0,1.0,0.0027175168990309917,0.0027175164369881433,0.0,0,8.730327571981888e-11
FrequencyHopping,tabular,207,27,4.257998738327561,0.03527124741222211,0.0904300351209475,0.0,0.03,1.0,1.0,0.0027121367548101905,0.002712136294632961,0.0,0,8.713452182007586e-11
FrequencyHopping,tabular,207,28,4.263736515632663,0.03549053994963721,0.0902508783710565,0.0,0.03,1.0,1.0,0.0027067639103861563,0.0027067634518067596,0.0,0,8.696598996493776e-11
FrequencyHopping,tabular,207,29,4.2694719994940336,0.035709267320665476,0.09007196542148987,0.0,0.03,1.0,1.0,0.002701398372940478,0.0027013979160908086,0.0,0,8.679834628821936e-11
FrequencyHopping,tabular,207,30,4.275205177099861,0.03592743021750778,0.08989329652032696,0.00018911711638812493,0.03,1.0,0.9738019543517077,0.0026960439288603445,0.002696043489630373,0.0,0,8.663070261150096e-11
FrequencyHopping,tabular,207,31,4.281054095874091,0.03614625165520056,0.08971634668619721,0.0005973362166439903,0.03,1.0,0.9216782094036328,0.0026907711577046365,0.0026907707217982413,0.0,0,8.646217075636287e-11
FrequencyHopping,tabular,207,32,4.287155292959739,0.03636717832421062,0.08954282203040842,0.000774466771495999,0.03,1.0,0.9007546960632481,0.002685592853203202,0.002685592407024817,0.0,0,8.629297276740999e-11
FrequencyHopping,tabular,207,33,4.293364266506138,0.036588767880257465,0.08937091628108407,0.0008536120496318898,0.03,1.0,0.8917072568346118,0.002680451037419717,0.002680450584658045,0.0,0,8.612310864464234e-11
FrequencyHopping,tabular,207,34,4.299619770664534,0.03681040785654208,0.08919986369771982,0.0008911839201357295,0.03,1.0,0.8874734531390334,0.0026753281241980926,0.002675327668167249,0.0,0,8.595346656647962e-11
FrequencyHopping,tabular,207,35,4.305895801456717,0.037031837845627566,0.08902933907811716,0.0009111056988397498,0.03,1.0,0.8852429771421431,0.002670217912867583,0.0026702174550632396,0.0,0,8.578315835450212e-11
FrequencyHopping,tabular,207,36,4.312181295763745,0.03725294715026706,0.0888592040454772,0.0009235284531467018,0.03,1.0,0.8838562850123537,0.0026651179949769978,0.002665117535979533,0.0,0,8.561373832094432e-11
FrequencyHopping,tabular,207,37,4.31847153064279,0.037473688816203284,0.08868939952185739,0.0009327616732342843,0.03,1.0,0.882827399291879,0.0026600273822488746,0.002660026922555847,0.0,0,8.544431828738652e-11
FrequencyHopping,tabular,207,38,4.3247644754329375,0.037694043050461576,0.08851990010938504,0.0009406360591226899,0.03,1.0,0.8819511967702927,0.002654945655415158,0.002654945195067482,0.0,0,8.527512029843365e-11
FrequencyHopping,tabular,207,39,4.331059243517771,0.03791400164197926,0.08835069472379331,0.000947929511648802,0.03,1.0,0.8811408363384655,0.002649872629451264,0.0026498721683818616,0.0,0,8.51061443540857e-11
FrequencyHopping,tabular,207,40,4.337355434560467,0.03813356131963771,0.08818177836558139,0.0009549729253727844,0.03,1.0,0.8803594693978405,0.0026448082173782853,0.002644807755700418,0.0,0,8.493739045434268e-11
FrequencyHopping,tabular,207,41,4.343652855132498,0.03835272092153321,0.08801314861921483,0.0009619073221995182,0.03,1.0,0.8795914207422513,0.0026397523738813282,0.0026397519116179158,0.0,0,8.476885859920458e-11
FrequencyHopping,tabular,207,42,4.349951400006167,0.03857148018811696,0.08784480417197704,0.0009687926377918021,0.03,1.0,0.878830037079537,0.0026347050711290677,0.00263470460829085,0.0,0,8.460032674406648e-11
FrequencyHopping,tabular,207,43,4.356251001442543,0.03878983924481003,0.08767674417494709,0.000975654635306477,0.03,1.0,0.8780724603517501,0.002629666288980101,0.002629665825179206,0.0,0,8.443246102274315e-11
FrequencyHopping,tabular,207,44,4.36255160781276,0.03900779838325892,0.0875089679742036,0.0009825042348682463,0.03,1.0,0.877317477836741,0.002624636009254208,0.002624635544818954,0.0,0,8.42643732568149e-11
FrequencyHopping,tabular,207,45,4.368853174309077,0.039225357965919076,0.0873414750042989,0.0009893462457422428,0.03,1.0,0.8765645532662264,0.0026196142162672243,0.0026196137509897355,0.0,0,8.409672958009651e-11
FrequencyHopping,tabular,207,46,4.3751556591197724,0.0394425183866944,0.0871742647262641,0.0009961829527475408,0.03,1.0,0.8758134295750493,0.002614600893979,0.0026146004280021007,0.0,0,8.392930794798303e-11
FrequencyHopping,tabular,207,47,4.381459021848781,0.03965928005467467,0.08700733661904936,0.0010030152374589847,0.03,1.0,0.875064004354063,0.002609596027110726,0.0026095955603151477,0.0,0,8.376210836047449e-11
FrequencyHopping,tabular,207,48,4.387763222637008,0.039875643384986864,0.08684069016589024,0.0010098436513805026,0.03,1.0,0.8743162117792621,0.002604599600018237,0.0026045991323908613,0.0,0,8.359535286217579e-11
FrequencyHopping,tabular,207,49,4.394068221956043,0.0400916087966999,0.08667432484760207,0.0010166684296385915,0.03,1.0,0.8735700208192418,0.002599611597389791,0.0025996111287187595,0.0,0,8.342837531927216e-11
FrequencyHopping,tabular,207,50,4.400373980410266,0.0403071767107519,0.0865082401438344,0.0010234899741543852,0.03,1.0,0.8728253825437267,0.002594632003391553,0.002594631533709535,0.0,0,8.326161982097346e-11
FrequencyHopping,tabular,207,51,4.4066804588420565,0.04052234755113458,0.08634243553393706,0.001030308363736805,0.03,1.0,0.8720822833166021,0.002589660802217091,0.002589660331719257,0.0,0,8.309530841188462e-11
FrequencyHopping,tabular,207,52,4.412987618129497,0.0407371217427352,0.08617691049794818,0.0010371237554333802,0.03,1.0,0.8713407011194543,0.0025846979784419936,0.002584697507017397,0.0,0,8.292921904740069e-11
FrequencyHopping,tabular,207,53,4.4192954192359775,0.04095149971188277,0.08601166451169817,0.0010439364038554236,0.03,1.0,0.8706006035358653,0.0025797435164003324,0.0025797430439142843,0.0,0,8.276357377212662e-11
FrequencyHopping,tabular,207,54,4.425603823271935,0.04116548188704695,0.08584669704604364,0.0010507463484370452,0.03,1.0,0.8698619815309926,0.0025747974000251478,0.0025747969265914605,0.0,0,8.259770645224762e-11
FrequencyHopping,tabular,207,55,4.431912791360181,0.041379068697381005,0.08568200757645972,0.0010575538663457147,0.03,1.0,0.8691248005446178,0.0025698596137108775,0.002569859139213815,0.0,0,8.243183913236862e-11
FrequencyHopping,tabular,207,56,4.43822228478573,0.041592260574375296,0.08551759557073879,0.0010643590414323072,0.03,1.0,0.8683890469880692,0.0025649301413617465,0.0025649296658620813,0.0,0,8.226685999090932e-11
FrequencyHopping,tabular,207,57,4.444532264874799,0.041805057950547904,0.08535346050101422,0.0010711620682215693,0.03,1.0,0.8676546954830003,0.0025600089672348256,0.002560008490656518,0.0,0,8.210188084945003e-11
FrequencyHopping,tabular,207,58,4.450842693064813,0.0420174612602242,0.085189601834601,0.0010779631335717762,0.03,1.0,0.8669217216241901,0.002555096075409917,0.0025550955976063605,0.0,0,8.193712375259565e-11
FrequencyHopping,tabular,207,59,4.4571535309001,0.04222947093950545,0.08502601904073481,0.0010847623587772687,0.03,1.0,0.8661901081580013,0.00255019144975066,0.002550190970716848,0.0,0,8.177214461113635e-11
FrequencyHopping,tabular,207,60,4.4634647399910685,0.04244108742582881,0.08486271158268943,0.0010915599101654597,0.03,1.0,0.8654598331260893,0.002545295074309102,0.0025452945940032112,0.0,0,8.160805364809676e-11
FrequencyHopping,tabular,207,61,4.469776282043026,0.042652311158295035,0.0846996789265142,0.0010983559347978724,0.03,1.0,0.864730876751942,0.002540406932690424,0.0025404064513290248,0.0,0,8.144374064045223e-11
FrequencyHopping,tabular,207,62,4.476088118844507,0.042863142577545345,0.08453692053592698,0.0011051506493492307,0.03,1.0,0.864003211973391,0.002535527009228627,0.0025355265266833182,0.0,0,8.127987172201756e-11
FrequencyHopping,tabular,207,63,4.482400212311543,0.0430735821262672,0.08437443587593352,0.0011119441177246886,0.03,1.0,0.8632768281080173,0.0025306552877562916,0.002530654803928334,0.0,0,8.999734291137429e-11
FrequencyHopping,tabular,207,64,4.488712524391934,0.04328363024813428,0.0842122244054666,0.0011187365787240471,0.03,1.0,0.8625516959953945,0.0025257917519339993,0.0025257912669649496,0.0,0,8.994738287526616e-11
FrequencyHopping,tabular,207,65,4.495025017175828,0.04349328738904237,0.08405028559057559,0.0011255281867466225,0.03,1.0,0.8618277955820477,0.00252093638593968,0.00252093589962743,0.0,0,8.976575038843748e-11
FrequencyHopping,tabular,207,66,4.501337652843002,0.04370255399653705,0.0838886188903265,0.0011323191204583134,0.03,1.0,0.861105104369084,0.0025160891735849936,0.0025160886858279774,0.0,0,8.958456199081866e-11
FrequencyHopping,tabular,207,67,4.507650393678614,0.04391143051999063,0.08372722376792652,0.001139109484116202,0.03,1.0,0.860383607838165,0.002511250098389486,0.0025112496093517844,0.0,0,8.940337359319983e-11
FrequencyHopping,tabular,207,68,4.513963202026749,0.04411991741008622,0.08356609968397377,0.0011458993894107327,0.03,1.0,0.8596632907700673,0.0025064191444854637,0.0025064186540524336,0.0,0,8.92230733740007e-11
FrequencyHopping,tabular,207,69,4.520276040295588,0.044328015118869406,0.08340524609696809,0.0011526891672914575,0.03,1.0,0.8589441149856009,0.002501596295503176,0.0025015958037555297,0.0,0,8.90421070209868e-11
FrequencyHopping,tabular,207,70,4.526588871095925,0.04453572410132413,0.08324466247006113,0.0011594788233403664,0.03,1.0,0.8582260766855231,0.0024967815353198514,0.0024967810422718006,0.0,0,8.886225089099753e-11
FrequencyHopping,tabular,207,71,4.532901657036637,0.04474304481306398,0.08308434826163058,0.001166268631976216,0.03,1.0,0.8575091439173522,0.0024919748480262322,0.002491974353456161,0.0,0,8.868217271640333e-11
FrequencyHopping,tabular,207,72,4.539214360894488,0.04494997771225441,0.08292430293287412,0.001173058664038183,0.03,1.0,0.8567933062181684,0.0024871762170508237,0.0024871757211213374,0.0,0,8.850253863101898e-11
FrequencyHopping,tabular,207,73,4.5455269454863005,0.045156523258162114,0.08276452594594419,0.0011798490812192227,0.03,1.0,0.8560785436933396,0.0024823856265386523,0.0024823851290989296,0.0,0,8.832290454563463e-11
FrequencyHopping,tabular,207,74,4.55183937372662,0.04536268191180836,0.08260501675859677,0.0011866401501813325,0.03,1.0,0.855364825621779,0.0024776030599691174,0.0024776025611950026,0.0,0,8.814327046025028e-11
FrequencyHopping,tabular,207,75,4.558151608694306,0.04556845413672988,0.08244577483463855,0.001193431898603498,0.03,1.0,0.8546521463455021,0.0024728285015766316,0.0024728280013062154,0.0,0,8.796452455328563e-11
FrequencyHopping,tabular,207,76,4.564463613482332,0.04577384039726526,0.08228679963342422,0.0012002245241202194,0.03,1.0,0.8539404825700151,0.0024680619350925036,0.0024680614332621698,0.0,0,8.778555660171605e-11
FrequencyHopping,tabular,207,77,4.570775351305333,0.0459788411597719,0.08212809061561854,0.0012070183197945988,0.03,1.0,0.8532298012397722,0.002463303344313758,0.0024633028409339897,0.0,0,8.760703273935633e-11
FrequencyHopping,tabular,207,78,4.577086785560175,0.04618345689333286,0.08196964724694888,0.001213813279877731,0.03,1.0,0.8525201004540793,0.0024585527129475883,0.0024585522082087863,0.0,0,8.74285088769966e-11
FrequencyHopping,tabular,207,79,4.583397879637985,0.04638768806759058,0.08181146898783576,0.0012206096693055076,0.03,1.0,0.8518113503207974,0.002453810025342082,0.002453809518984551,0.0,0,8.725065114845165e-11
FrequencyHopping,tabular,207,80,4.589708597095248,0.04659153515470697,0.08165355529976548,0.0012274075870118023,0.03,1.0,0.851103538269833,0.002449075265082692,0.002449074757183478,0.0,0,8.70727934199067e-11
FrequencyHopping,tabular,207,81,4.5960189015495345,0.04679499862815928,0.08149590565107445,0.001234207238399271,0.03,1.0,0.850396640827052,0.0024443484163049387,0.002444347906764177,0.0,0,8.68953797805716e-11
FrequencyHopping,tabular,207,82,4.602328756747054,0.046998078963513275,0.08133851950311577,0.0012410087311875062,0.03,1.0,0.8496906447127092,0.0024396294626907226,0.0024396289516561698,0.0,0,8.671774409663158e-11
FrequencyHopping,tabular,207,83,4.608638126501477,0.04720077663770888,0.08118139632092847,0.0012478122662728062,0.03,1.0,0.8489855271491017,0.002434918388404706,0.002434917875849374,0.0,0,8.654077454650633e-11
FrequencyHopping,tabular,207,84,4.6149469747531,0.04740309212973738,0.08102453557206069,0.0012546180476582483,0.03,1.0,0.8482812651770727,0.0024302151777597703,0.0024302146633936594,0.0,0,8.636380499638108e-11
FrequencyHopping,tabular,207,85,4.62125526557119,0.047605025920667024,0.08086793672332782,0.0012614262012258421,0.03,1.0,0.8475778439768841,0.002425519814209234,0.0024255192982951534,0.0,0,8.618705749086075e-11
FrequencyHopping,tabular,207,86,4.627562963105131,0.04780657849306538,0.08071159924137872,0.0012682368595440085,0.03,1.0,0.8468752481313039,0.002420832282122934,0.002420831764630371,0.0,0,8.60109761191552e-11
FrequencyHopping,tabular,207,87,4.633870031589034,0.04800775033104502,0.0805555225965704,0.0012750501893425078,0.03,1.0,0.8461734588259203,0.0024161525656101967,0.002416152046506914,0.0,0,8.583467270284473e-11
FrequencyHopping,tabular,207,88,4.640176435363706,0.04820854192050307,0.08039970625804971,0.0012818664867742776,0.03,1.0,0.8454724441676947,0.0024114806487580483,0.0024114801280297193,0.0,0,8.56588133757441e-11
FrequencyHopping,tabular,207,89,4.646482138958663,0.048408953750077637,0.08024414969851623,0.0012886857636536533,0.03,1.0,0.844772201393793,0.0024068165159801033,0.0024068159934276245,0.0,0,8.548339813785333e-11
FrequencyHopping,tabular,207,90,4.652787106913151,0.04860898630904924,0.08008885238763863,0.0012955082244700254,0.03,1.0,0.8440727081762486,0.0024021601507880903,0.0024021596267886913,0.0,0,8.530776085535763e-11
FrequencyHopping,tabular,207,91,4.6590913038981085,0.04880864008874491,0.07993381380011488,0.001302334130082606,0.03,1.0,0.8433739366050517,0.0023975115383479215,0.002397511012482312,0.0,0,8.513256766207178e-11
FrequencyHopping,tabular,207,92,4.665394694752107,0.04900791558295709,0.07977903341005455,0.0013091634702532804,0.03,1.0,0.8426758863947651,0.0023928706622444976,0.0023928701347117887,0.0,0,8.495781855799578e-11
FrequencyHopping,tabular,207,93,4.671697244310709,0.04920681328592858,0.07962451069447596,0.0013159965118134922,0.03,1.0,0.8419785292414051,0.002388237506933153,0.002388236977757918,0.0,0,8.478284740931485e-11
FrequencyHopping,tabular,207,94,4.677998917581698,0.04940533369438827,0.07947024512841017,0.0013228335223525061,0.03,1.0,0.8412818369390431,0.0023836120570680905,0.0023836115260693624,0.0,0,8.46085423944487e-11
FrequencyHopping,tabular,207,95,4.6842996797458865,0.04960347730756041,0.07931623619290562,0.0013296745224905906,0.03,1.0,0.8405858063449303,0.0023789942965900127,0.002378993763919368,0.0,0,8.443423737958256e-11
FrequencyHopping,tabular,207,96,4.690599496001663,0.04980124462532268,0.07916248336521381,0.001336519721686121,0.03,1.0,0.8398904153293812,0.0023743842103344736,0.002374383675869618,0.0,0,8.426037645392626e-11
FrequencyHopping,tabular,207,97,4.696898331684591,0.04999863614959038,0.07900898612851481,0.0013433693384199948,0.03,1.0,0.8391956409918329,0.0023697817824258685,0.002369781246304825,0.0,0,8.408629348366503e-11
FrequencyHopping,tabular,207,98,4.703196152273414,0.0501956523843804,0.07885574396609973,0.0013502234627518217,0.03,1.0,0.838501473452086,0.0023651869977957315,0.0023651864598182026,0.0,0,8.391309869182351e-11
FrequencyHopping,tabular,207,99,4.709492923309463,0.050392293834841936,0.07870275636008284,0.001357082331981102,0.03,1.0,0.8378078881438455,0.0023605998406212927,0.002360599300905708,0.0,0,8.373968185537706e-11
FrequencyHopping,tabular,207,100,4.715788610489882,0.05058856100834186,0.07855002279696377,0.0013639460574284934,0.03,1.0,0.8371148732467979,0.0023560202958970043,0.0023560197542658035,0.0,0,8.356670910814046e-11
FrequencyHopping,tabular,208,1,3.6020912008485833,0.035493676365668435,0.09502981678115585,0.03,0.03,1.0,0.19371088711175252,0.00480697752068448,0.0048066607378529635,0.0,0,8.548117769180408e-11
FrequencyHopping,tabular,208,2,3.608223326658596,0.03507533108625676,0.09493575159942313,0.03,0.03,1.0,0.1937111963214617,0.004686605946763949,0.004686298592072369,0.0,0,8.536416018500859e-11
FrequencyHopping,tabular,208,3,3.614817421161549,0.03466536402045791,0.09483731531585438,0.03,0.03,1.0,0.1937107329680928,0.004565951629847451,0.004565667602543622,0.0,0,8.52418136076949e-11
FrequencyHopping,tabular,208,4,3.62187702051365,0.03426430199232419,0.09473526974027591,0.03,0.03,1.0,0.19370955610730214,0.004445158380467607,0.004444912057974149,0.0,0,8.511458204907285e-11
FrequencyHopping,tabular,208,5,3.629405730546556,0.03387265764113092,0.09463060796129907,0.03,0.03,1.0,0.19370772659764907,0.00432445955112159,0.004324264766260022,0.0,0,8.498202141993261e-11
FrequencyHopping,tabular,208,6,3.6374072236012704,0.03349092882425432,0.09452450236800969,0.03,0.03,1.0,0.1937053070171745,0.004204172773118607,0.0042040417844841915,0.0,0,8.484413172027416e-11
FrequencyHopping,tabular,208,7,3.645885235133713,0.03311959803359906,0.09441824353012551,0.03,0.03,1.0,0.19370236157480672,0.004084688439387353,0.004084631030265129,0.0,0,8.470113499470244e-11
FrequencyHopping,tabular,208,8,3.6548435600789264,0.032759131826949096,0.09431317416430662,0.03,0.03,1.0,0.19369895601665393,0.00396645289638715,0.003966475688271354,0.0,0,8.455303124321745e-11
FrequencyHopping,tabular,208,9,3.6642860489598323,0.03240998027563622,0.09421062298876626,0.03,0.03,1.0,0.19369515752723715,0.0038499478154203387,0.0038500538650387828,0.0,0,8.44000425104241e-11
FrequencyHopping,tabular,208,10,3.6742166037258017,0.032072576429931596,0.09411184335846867,0.03,0.03,1.0,0.19369103462575038,0.003735667594191883,0.0037358563053826455,0.0,0,8.424261288553225e-11
FrequencyHopping,tabular,208,11,3.684639173304983,0.0317473358036061,0.09401796095378501,0.03,0.03,1.0,0.19368665705743307,0.003624096763699779,0.0036243640978952385,0.0,0,8.408007623472713e-11
FrequencyHopping,tabular,208,12,3.6955577488538696,0.031434655879072626,0.09392993374691683,0.03,0.03,1.0,0.1936820956801759,0.003515689212041836,0.0035160281594992515,0.0,0,8.391198846879888e-11
FrequencyHopping,tabular,208,13,3.706976358686429,0.03113491563458905,0.09384852599627624,0.03,0.03,1.0,0.19367742234647936,0.0034108507163299814,0.003411251939131832,0.0,0,8.373901572156228e-11
FrequencyHopping,tabular,208,14,3.7188990628642906,0.03084847509495052,0.09377429653936176,0.03,0.03,1.0,0.19367270978091522,0.003309925720504277,0.0033103782952894623,0.0,0,8.356071390380748e-11
FrequencyHopping,tabular,208,15,3.7313299474288106,0.030575674907123554,0.09370760032981762,0.03,0.03,1.0,0.19366803145325243,0.0032131888165635946,0.003213680975701072,0.0,0,8.337708301553448e-11
FrequencyHopping,tabular,208,16,3.7442731182547613,0.030316835942273756,0.09364860114695617,0.03,0.03,1.0,0.19366346144742622,0.0031208408154904184,0.0031213606406708116,0.0,0,8.318878919055805e-11
FrequencyHopping,tabular,208,17,3.7577326945048752,0.030072258925591715,0.09359729280677964,0.03,0.03,1.0,0.19365907432655483,0.0030330089895034998,0.003033544988233272,0.0,0,8.299538833966835e-11
FrequencyHopping,tabular,208,18,3.771712801663559,0.029842224095343588,0.09355352602451461,0.03,0.03,1.0,0.1936549449942155,0.0029497507228429323,0.0029502922848441138,0.0,0,8.27962143290506e-11
FrequencyHopping,tabular,208,19,3.7862175641273965,0.02962699089251121,0.09351703821196544,0.02730465963307692,0.03,1.0,0.20877617974597615,0.002871713981074696,0.0028721104609477077,0.0,0,8.259282147093927e-11
FrequencyHopping,tabular,208,20,3.8004248232343505,0.029458753459013873,0.09347230576202126,0.014934692830586904,0.03,1.0,0.3254188086145431,0.002822857174655046,0.002822906915598722,0.0,0,8.238787430059347e-11
FrequencyHopping,tabular,208,21,3.8111255282200367,0.029447131412368495,0.09336236549799537,0.00826921614437212,0.03,1.0,0.4655782379511884,0.0028058837080129446,0.0028058872687999337,0.0,0,8.220135683245644e-11
FrequencyHopping,tabular,208,22,3.819806843917686,0.02951745545452347,0.09321632970905602,0.004660472025969218,0.03,1.0,0.6071676863008989,0.0027974454791786715,0.0027974441625511215,0.0,0,8.202638568377552e-11
FrequencyHopping,tabular,208,23,3.827357502458786,0.02963124053044262,0.09305056312277626,0.002702822081298659,0.03,1.0,0.7271349632325513,0.0027912332247597223,0.002791231901939639,0.0,0,8.185807587324234e-11
FrequencyHopping,tabular,208,24,3.8342853832564137,0.029768244057200865,0.0928741287211099,0.0016411291314714265,0.03,1.0,0.8144113046607133,0.002785547953622477,0.002785546892810853,0.0,0,8.16935408209929e-11
FrequencyHopping,tabular,208,25,3.8408746617487175,0.029917686627347135,0.09269201373187652,0.0010668840483557174,0.03,1.0,0.8709581629476326,0.0027799544714475896,0.0027799535508234996,0.0,0,8.153167030400255e-11
FrequencyHopping,tabular,208,26,3.847282655592461,0.030073787166689653,0.09250695433032918,0.0007582073342452524,0.03,1.0,0.9047263012461921,0.0027743572715593612,0.002774356415103041,0.0,0,8.137046592082697e-11
FrequencyHopping,tabular,208,27,3.8535959617745217,0.03023343307122721,0.09232044931187788,0.0005943169819601201,0.03,1.0,0.9237414468353348,0.0027687457298589575,0.002768744903645093,0.0,0,8.999112566243639e-11
FrequencyHopping,tabular,208,28,3.859862095823047,0.03039494505761146,0.09213331884972975,0.0005093856039215743,0.03,1.0,0.9339116731782305,0.0027631262464744076,0.0027631254362108226,0.0,0,8.999756495597921e-11
FrequencyHopping,tabular,208,29,3.8661070765564474,0.0305574163075323,0.0919460114070958,0.0004675138780076973,0.03,1.0,0.9390059537217149,0.002757505903219578,0.002757505102453539,0.0,0,8.987965927076402e-11
FrequencyHopping,tabular,208,30,3.87234512825591,0.030720357062295544,0.09175877196010429,0.0004491183655463536,0.03,1.0,0.9412583046322032,0.0027518896139920577,0.002751888819704895,0.0,0,8.970268972063877e-11
FrequencyHopping,tabular,208,31,3.8785840130924343,0.03088350293917966,0.09157173415587083,0.0004435148929867169,0.03,1.0,0.9419420886315408,0.0027462803608367154,0.002746279571312904,0.0,0,8.952660834893322e-11
FrequencyHopping,tabular,208,32,3.8848279555450103,0.03104671139638338,0.09138497073368779,0.000444873972861813,0.03,1.0,0.9417679667613253,0.0027406798501785627,0.0027406790647348522,0.0,0,8.935052697722767e-11
FrequencyHopping,tabular,208,33,3.891079244137202,0.031209905771943016,0.09119852112412508,0.0004500156752471338,0.03,1.0,0.941127934946734,0.0027350890287414715,0.002735088246867967,0.0,0,8.917466765012705e-11
FrequencyHopping,tabular,208,34,3.897339108461089,0.03137304501516865,0.09101240654283416,0.00045720492304599213,0.03,1.0,0.9402369218845665,0.002729508409530355,0.0027295076309163946,0.0,0,8.899880832302642e-11
FrequencyHopping,tabular,208,35,3.9036081987746765,0.0315361073251462,0.09082663824612203,0.0004654955189987711,0.03,1.0,0.9392123014904574,0.002723938263575344,0.0027239374881431466,0.0,0,8.882361512974057e-11
FrequencyHopping,tabular,208,36,3.9098868485376497,0.031699081296206,0.0906412220419095,0.000474371609536763,0.03,1.0,0.9381180298550647,0.002718378728933917,0.0027183779564714516,0.0,0,8.864842193645472e-11
FrequencyHopping,tabular,208,37,3.91617521797926,0.03186196113002587,0.09045616076082119,0.00048355186878176217,0.03,1.0,0.9369889248100565,0.0027128298702711793,0.0027128291006941474,0.0,0,8.84734507877738e-11
FrequencyHopping,tabular,208,38,3.922473372524521,0.03202474404907471,0.09027145560684957,0.0004928832151198502,0.03,1.0,0.9358438817308169,0.0027072917121853885,0.002707290945551888,0.0,0,8.829847963909288e-11
FrequencyHopping,tabular,208,39,3.9287813257820328,0.03218742889511287,0.09008710689065724,0.000502282300870062,0.03,1.0,0.934693150698903,0.002701764257916887,0.00270176349403517,0.0,0,8.812439666883165e-11
FrequencyHopping,tabular,208,40,3.9350990629724363,0.032350015373826604,0.08990311443670684,0.0005117039756275195,0.03,1.0,0.9335422560183052,0.0026962474986002537,0.0026962467372393384,0.0,0,8.79500916539655e-11
FrequencyHopping,tabular,208,41,3.9414265537927946,0.032512503645072834,0.08971947779785605,0.000521123894122102,0.03,1.0,0.9323941539184507,0.002690741418387477,0.0026907406596858863,0.0,0,8.777578663909935e-11
FrequencyHopping,tabular,208,42,3.94776375944034,0.032674894101883394,0.08953619638569776,0.0005305288612916677,0.03,1.0,0.9312504273919439,0.002685245998309307,0.0026852452423204998,0.0,0,8.760170366883813e-11
FrequencyHopping,tabular,208,43,3.9541106363846295,0.03283718725307021,0.08935326952648204,0.0005399121308462033,0.03,1.0,0.930111868195135,0.0026797612176310084,0.002679760464235015,0.0,0,8.742806478778675e-11
FrequencyHopping,tabular,208,44,3.9604671385574104,0.032999383656493554,0.08917069650519194,0.0005492699814684973,0.03,1.0,0.9289788973098844,0.002674287054249659,0.0026742863033488717,0.0,0,8.725442590673538e-11
FrequencyHopping,tabular,208,45,3.9668332183798904,0.03316148388781071,0.08898847657669018,0.0005586010092942655,0.03,1.0,0.9278516540399959,0.0026688234854071744,0.002668822736984655,0.0,0,8.708123111489385e-11
FrequencyHopping,tabular,208,46,3.973208827556997,0.033323488517589914,0.08880660898472614,0.0005679043703418739,0.03,1.0,0.9267302094117322,0.002663370487850757,0.002663369742099464,0.0,0,8.690825836765725e-11
FrequencyHopping,tabular,208,47,3.97959391726756,0.03348539810566025,0.08862509296705401,0.0005771800722447853,0.03,1.0,0.925614532162227,0.0026579280391450786,0.0026579272955722377,0.0,0,8.673528562042065e-11
FrequencyHopping,tabular,208,48,3.9859884384593256,0.033647213193236866,0.08844392775181342,0.0005864280830019867,0.03,1.0,0.9245045959866847,0.0026524961150485586,0.002652495373994368,0.0,0,8.656297900699883e-11
FrequencyHopping,tabular,208,49,3.992392341834819,0.03380893430341236,0.08826311256532327,0.0005956489587496552,0.03,1.0,0.9234003049359116,0.0026470746926701458,0.0026470739539445898,0.0,0,8.639000625976223e-11
FrequencyHopping,tabular,208,50,3.9988055780580507,0.033970561936167945,0.08808264663306975,0.0006048429832149697,0.03,1.0,0.9223015961624339,0.002641663748553139,0.002641663012024509,0.0,0,8.621792169094533e-11
FrequencyHopping,tabular,208,51,4.005228097660258,0.03413209657115726,0.08790252917635355,0.0006140106818538493,0.03,1.0,0.9212083787679479,0.002636263258658945,0.0026362625246254545,0.0,0,8.604605916673336e-11
FrequencyHopping,tabular,208,52,4.011659851126283,0.03429353866593691,0.08772275941636432,0.0006231525382224312,0.03,1.0,0.9201205675707786,0.0026308732002095383,0.002630872468287304,0.0,0,8.587419664252138e-11
FrequencyHopping,tabular,208,53,4.018100788881494,0.034454888656737126,0.0875433365782996,0.0006322689187606298,0.03,1.0,0.9190380918918857,0.0026254935492277293,0.0026254928194531235,0.0,0,8.570255616291433e-11
FrequencyHopping,tabular,208,54,4.024550861251839,0.03461614695983586,0.08736425987787566,0.0006413606084435371,0.03,1.0,0.9179608324953656,0.0026201242822014507,0.002620123554489151,0.0,0,8.553135977251713e-11
FrequencyHopping,tabular,208,55,4.031010018614037,0.034777313968421444,0.08718552853483885,0.0006504278480777638,0.03,1.0,0.916888734916785,0.002614765375288369,0.0026147646498586585,0.0,0,8.535994133751501e-11
FrequencyHopping,tabular,208,56,4.03747821120425,0.03493839005759632,0.08700714177083402,0.0006594713143590674,0.03,1.0,0.9158216941748479,0.0026094168054522854,0.0026094160819343237,0.0,0,8.518896699172274e-11
FrequencyHopping,tabular,208,57,4.043955389274699,0.03509937558109813,0.08682909880139977,0.000668491443359907,0.03,1.0,0.9147596342382028,0.0026040785486146573,0.0026040778271434473,0.0,0,8.501799264593046e-11
FrequencyHopping,tabular,208,58,4.050441503009833,0.03526027087371562,0.08665139884563855,0.0006774888052748356,0.03,1.0,0.9137024640902224,0.002598750581147365,0.002598749861810079,0.0,0,8.484812852316281e-11
FrequencyHopping,tabular,208,59,4.056936502576045,0.0354210762505718,0.08647404112380741,0.00068646378491548,0.03,1.0,0.9126501149966441,0.0025934328798800374,0.0025934321623746204,0.0,0,8.467737622197546e-11
FrequencyHopping,tabular,208,60,4.063440338056944,0.0355817920090045,0.086297024849602,0.0006954170212956118,0.03,1.0,0.9116024893228286,0.002588125420779593,0.0025881247051922074,0.0,0,8.450706800999797e-11
FrequencyHopping,tabular,208,61,4.069952959546404,0.035742418426906945,0.08612034924454504,0.0007043490016315976,0.03,1.0,0.9105595077914239,0.0025828281803100114,0.0025828274666535034,0.0,0,8.433764797644017e-11
FrequencyHopping,tabular,208,62,4.076474317095995,0.035902955764345594,0.08594401352409742,0.0007132600503579654,0.03,1.0,0.9095211105492143,0.002577541134935645,0.0025775404231422883,0.0,0,8.416778385367252e-11
FrequencyHopping,tabular,208,63,4.083004360657775,0.036063404265164675,0.08576801690670655,0.0007221509034110832,0.03,1.0,0.9084871908413835,0.0025722642611589208,0.002572263551063436,0.0,0,8.399836382011472e-11
FrequencyHopping,tabular,208,64,4.089543040234782,0.0362237641541705,0.08559235861093084,0.0007310218950138912,0.03,1.0,0.907457688936769,0.0025669975350814233,0.0025669968267925114,0.0,0,8.382894378655692e-11
FrequencyHopping,tabular,208,65,4.096090305737629,0.03638403564060856,0.08541703785341914,0.0007398735119853765,0.03,1.0,0.9064325280802452,0.002561740933252447,0.0025617402267670286,0.0,0,8.36601898868139e-11
FrequencyHopping,tabular,208,66,4.102646107041299,0.03654421891732043,0.08524205385348482,0.0007487063068602973,0.03,1.0,0.9054116246124639,0.0025564944320840095,0.002556493727366105,0.0,0,8.349099189786102e-11
FrequencyHopping,tabular,208,67,4.109210394010943,0.03670431416061813,0.08506740582926442,0.0007575208114476636,0.03,1.0,0.9043948979094236,0.002551258008255806,0.002551257305058341,0.0,0,8.332246004272292e-11
FrequencyHopping,tabular,208,68,4.115783116496325,0.036864321530818714,0.08489309299994918,0.0007663173825472149,0.03,1.0,0.9033822879221037,0.00254603163774514,0.002546030936272814,0.0,0,8.315415023218975e-11
FrequencyHopping,tabular,208,69,4.122364224269568,0.037024241173859794,0.08471911458514114,0.0007750965594790821,0.03,1.0,0.9023737143215996,0.0025408152973770744,0.0025408145974863405,0.0,0,8.29860624662615e-11
FrequencyHopping,tabular,208,70,4.128953667093584,0.03718407322029339,0.08454546980660727,0.0007838587714927155,0.03,1.0,0.9013691098981715,0.002535608963505651,0.002535608265184175,0.0,0,8.281797470033325e-11
FrequencyHopping,tabular,208,71,4.135551394683509,0.03734381778642177,0.0843721578795198,0.0007926045854049797,0.03,1.0,0.900368392395137,0.002530412612532418,0.0025304119158333638,0.0,0,8.265033102361485e-11
FrequencyHopping,tabular,208,72,4.142157356759103,0.03750347497365632,0.08419917803160759,0.0008013344474839733,0.03,1.0,0.8993714938183905,0.0025252262212392147,0.002525225525972008,0.0,0,8.248246530229153e-11
FrequencyHopping,tabular,208,73,4.148771503002269,0.03766304486971571,0.084026529480552,0.0008100486860539264,0.03,1.0,0.8983783599926648,0.0025200497660025425,0.0025200490721766222,0.0,0,8.231504367017806e-11
FrequencyHopping,tabular,208,74,4.155393783015012,0.03782252754972927,0.08385421144837535,0.0008187479631362632,0.03,1.0,0.8973888996219576,0.0025148832233666952,0.00251488253098775,0.0,0,8.214762203806458e-11
FrequencyHopping,tabular,208,75,4.1620241464446455,0.03798192307426845,0.08368222316121887,0.0008274325276422529,0.03,1.0,0.8964030684927891,0.0025097265698807865,0.002509725878959701,0.0,0,8.198086653976588e-11
FrequencyHopping,tabular,208,76,4.168662542832499,0.03814123149247465,0.08351056383993916,0.0008361031088758472,0.03,1.0,0.8954207689124535,0.00250457978249289,0.0025045790928037714,0.0,0,8.181411104146719e-11
FrequencyHopping,tabular,208,77,4.175308921794105,0.038300452839141005,0.08333923271236499,0.0008447599030401972,0.03,1.0,0.8944419635387475,0.002499442837306142,0.0024994421490642793,0.0,0,8.164757758777341e-11
FrequencyHopping,tabular,208,78,4.181963232822645,0.03845958713857714,0.08316822900164,0.0008534035357173726,0.03,1.0,0.8934665674045301,0.0024943157115446843,0.002494315024520688,0.0,0,8.148126617868456e-11
FrequencyHopping,tabular,208,79,4.188625425450617,0.03861863440205296,0.08299755193580394,0.0008620343595809383,0.03,1.0,0.89249452657766,0.0024891983815840957,0.0024891976958059114,0.0,0,8.131539885880557e-11
FrequencyHopping,tabular,208,80,4.195295449149744,0.0387775946298959,0.08282720074263006,0.0008706528110090777,0.03,1.0,0.8915257782301292,0.002484090824094507,0.002484090139669881,0.0,0,8.991274391689785e-11
FrequencyHopping,tabular,208,81,4.2019732533638505,0.03893646781121225,0.08265717464843725,0.0008792594563321014,0.03,1.0,0.8905602456033158,0.0024789930161499456,0.0024789923329315844,0.0,0,8.998202183363446e-11
FrequencyHopping,tabular,208,82,4.208658787559549,0.039095253923376136,0.0824874728865943,0.0008878545540503417,0.03,1.0,0.8895978865780463,0.0024739049343692294,0.0024739042523487242,0.0,0,8.979839094536146e-11
FrequencyHopping,tabular,208,83,4.2153520011121435,0.03925395293423221,0.0823180946848523,0.0008964386998170818,0.03,1.0,0.8886386221186627,0.0024688265556107253,0.0024688258747673775,0.0,0,8.961476005708846e-11
FrequencyHopping,tabular,208,84,4.222052843434288,0.03941256480027292,0.08214903927589168,0.0009050122589958188,0.03,1.0,0.8876823991639546,0.0024637578567814015,0.0024637571770955713,0.0,0,8.943135121342038e-11
FrequencyHopping,tabular,208,85,4.228761263890956,0.039571089468342896,0.08198030589326999,0.0009135757549478396,0.03,1.0,0.8867291476732065,0.0024586988147703034,0.002458698136186044,0.0,0,8.924816441435723e-11
FrequencyHopping,tabular,208,86,4.23547721186094,0.039729526874957774,0.08181189377088893,0.0009221294334403921,0.03,1.0,0.8857788285918042,0.0024536494066452704,0.0024536487290860443,0.0,0,8.906519965989901e-11
FrequencyHopping,tabular,208,87,4.242200636633187,0.039887876948208764,0.08164380214348288,0.0009306738863651951,0.03,1.0,0.8848313652422231,0.002448609609254943,0.0024486089327115934,0.0,0,8.888245695004571e-11
FrequencyHopping,tabular,208,88,4.248931487539902,0.04004613960596921,0.0814760302487616,0.0009392094207974262,0.03,1.0,0.8838867126511527,0.0024435793995892445,0.0024435787241048335,0.0,0,8.870038037400718e-11
FrequencyHopping,tabular,208,89,4.255669713849946,0.04020431475782898,0.0813085773246236,0.000947736578108896,0.03,1.0,0.8829448006183199,0.00243855875501752,0.002438558080364528,0.0,0,8.851808175336373e-11
FrequencyHopping,tabular,208,90,4.262415264859908,0.0403624023039899,0.08114144260861211,0.0009562556450282604,0.03,1.0,0.8820055871842729,0.0024335476522575217,0.002433546978586998,0.0,0,8.83360051773252e-11
FrequencyHopping,tabular,208,91,4.269168089798427,0.040520402136966345,0.0809746253428556,0.0009647671782402991,0.03,1.0,0.8810690013676962,0.0024285460686206874,0.0024285453958992065,0.0,0,8.815459473510145e-11
FrequencyHopping,tabular,208,92,4.275928137931286,0.0406783141403087,0.08080812476883859,0.0009732715371017339,0.03,1.0,0.8801349941090811,0.0024235539815086146,0.002423553309591764,0.0,0,8.79731842928777e-11
FrequencyHopping,tabular,208,93,4.282695358487535,0.04083613818995877,0.08064194013164272,0.0009817690337794087,0.03,1.0,0.8792035218095333,0.0024185713677997442,0.002418570696805178,0.0,0,8.779177385065395e-11
FrequencyHopping,tabular,208,94,4.289469700642742,0.04099387415470989,0.08047607067225293,0.0009902601948266476,0.03,1.0,0.8782745180367288,0.002413598204921207,0.002413597534852263,0.0,0,8.761080749764005e-11
FrequencyHopping,tabular,208,95,4.2962511136032795,0.04115152189528223,0.08031051564175717,0.0009987454269609055,0.03,1.0,0.8773479297645288,0.0024086344705469558,0.0024086338011219954,0.0,0,8.743006318923108e-11
FrequencyHopping,tabular,208,96,4.303039546561965,0.04130908126521483,0.08014527428407137,0.0010072251042083007,0.03,1.0,0.8764237078690957,0.002403680141523166,0.0024036794729485056,0.0,0,8.724954092542703e-11
FrequencyHopping,tabular,208,97,4.309834948687031,0.04146655211125704,0.07998034584939528,0.001015699569776134,0.03,1.0,0.8755018068896148,0.002398735195531471,0.0023987345277656225,0.0,0,8.706946275083283e-11
FrequencyHopping,tabular,208,98,4.3166372691116655,0.04162393427372794,0.07981572958911665,0.0010241693230624834,0.03,1.0,0.8745821649637295,0.002393799610075496,0.002393798943032266,0.0,0,8.688894048702878e-11
FrequencyHopping,tabular,208,99,4.323446456996411,0.04178122758593992,0.07965142475494513,0.0010326346660827098,0.03,1.0,0.8736647417837667,0.0023888733628453637,0.0023888726963401385,0.0,0,8.670930640164443e-11
FrequencyHopping,tabular,208,100,4.330262461454023,0.041938431875411374,0.07948743060187669,0.001041096080550978,0.03,1.0,0.8727494781584054,0.0023839564309795624,0.002383955765172363,0.0,0,8.6529894360865e-11
FrequencyHopping,tabular,209,1,3.7367904208635228,0.004964725187475962,0.09141472920457527,0.03,0.03,1.0,0.19294344497628158,0.0051523130636132826,0.00515237484756792,0.0,0,8.742073731582423e-11
FrequencyHopping,tabular,209,2,3.745642957182278,0.0055253372447350135,0.09121117717169058,0.03,0.03,1.0,0.19291427912107956,0.005033367071284764,0.0050334743183853,0.0,0,8.729328371259726e-11
FrequencyHopping,tabular,209,3,3.7549406872485878,0.0061018106999758855,0.09102585247870998,0.03,0.03,1.0,0.1928871747595276,0.004916694889620281,0.0049168368421042,0.0,0,8.716027899424716e-11
FrequencyHopping,tabular,209,4,3.7646845721532136,0.006693966318566476,0.09085900012972825,0.03,0.03,1.0,0.1928622175955036,0.004802508025325072,0.004802674662413464,0.0,0,8.702194520537887e-11
FrequencyHopping,tabular,209,5,3.7748754434382734,0.0073016031980148504,0.09071073768257554,0.03,0.03,1.0,0.19283949192856026,0.004690956312791294,0.004691138610423362,0.0,0,8.687806030138745e-11
FrequencyHopping,tabular,209,6,3.785514000175154,0.007924498898418269,0.0905810629701187,0.03,0.03,1.0,0.19281908047985605,0.004582134568032652,0.004582324670403537,0.0,0,8.67286242822729e-11
FrequencyHopping,tabular,209,7,3.79660080578603,0.008562409620811859,0.09046986410430335,0.03,0.03,1.0,0.1928010642171551,0.004476090107970313,0.0044762814030145925,0.0,0,8.657452532645493e-11
FrequencyHopping,tabular,209,8,3.8081362846196254,0.0092150704341569,0.09037693116271672,0.03,0.03,1.0,0.19278552217936523,0.0043728305959805465,0.004373017734699669,0.0,0,8.641465321090891e-11
FrequencyHopping,tabular,209,9,3.820120718292452,0.009882195551556878,0.09030196895014608,0.03,0.03,1.0,0.19277253130110064,0.0042723318657649145,0.004272510716894828,0.0,0,8.625034020326439e-11
FrequencyHopping,tabular,209,10,3.8325542418077583,0.010563478656113345,0.09024461013149576,0.03,0.03,1.0,0.19276216623776377,0.0041745453832558645,0.0041747129606009015,0.0,0,8.608025403589181e-11
FrequencyHopping,tabular,209,11,3.8454368394651794,0.011258593276663953,0.0902044281586023,0.03,0.03,1.0,0.19275449919166435,0.004079405196460088,0.004079559556234846,0.0,0,8.590528288721089e-11
FrequencyHopping,tabular,209,12,3.8587683405750317,0.01196719321345099,0.09018094943434862,0.03,0.03,1.0,0.1927495997397011,0.0039868342219648014,0.00398697438100637,0.0,0,8.572498266801176e-11
FrequencyHopping,tabular,209,13,3.872548414992154,0.01268891301358814,0.09017366427610529,0.03,0.03,1.0,0.1927475346631379,0.0038967499459265998,0.0038968757787620767,0.0,0,8.553935337829444e-11
FrequencyHopping,tabular,209,14,3.886776568485064,0.013423368495989034,0.09018203634459931,0.03,0.03,1.0,0.1927483677800201,0.0038090695085164343,0.0038091816535301692,0.0,0,8.534839501805891e-11
FrequencyHopping,tabular,209,15,3.901452137957334,0.014170157325225882,0.09020551028509072,0.03,0.03,1.0,0.19275215978077773,0.003723714242903134,0.003723814053260277,0.0,0,8.515210758730518e-11
FrequencyHopping,tabular,209,16,3.916574286538983,0.014928859633577334,0.09024351741091508,0.03,0.03,1.0,0.19275896806756682,0.003640613846322495,0.003640703327722594,0.0,0,8.495026904142833e-11
FrequencyHopping,tabular,209,17,3.932141998566819,0.015699038690327887,0.09029547937638993,0.03,0.03,1.0,0.1927688465979009,0.003559710163424832,0.003559791924755862,0.0,0,8.474354551424312e-11
FrequencyHopping,tabular,209,18,3.9481540744735293,0.016480241617154157,0.09036080975891592,0.03,0.03,1.0,0.19278184573311907,0.0034809606473085617,0.0034810378486915816,0.0,0,8.453171496114464e-11
FrequencyHopping,tabular,209,19,3.964609125606584,0.017272000148258825,0.09043891368402113,0.03,0.03,1.0,0.1927980120922385,0.003404341453178295,0.0034044177488692373,0.0,0,8.431499942673781e-11
FrequencyHopping,tabular,209,20,3.981505568998836,0.018073831433668364,0.09052918559715462,0.03,0.03,1.0,0.19281738841172588,0.0033298500985696196,0.0033299295437789755,0.0,0,8.409184459878816e-11
FrequencyHopping,tabular,209,21,3.998841622113797,0.018885238883942345,0.09063100548259984,0.03,0.03,1.0,0.19284001341171636,0.003257507500873749,0.003257594431823163,0.0,0,8.386402683413507e-11
FrequencyHopping,tabular,209,22,4.0166152975895955,0.019705713054321554,0.09074373392418122,0.03,0.03,1.0,0.19286592166919173,0.0031873592219087443,0.0031874581007862446,0.0,0,8.363132408817364e-11
FrequencyHopping,tabular,209,23,4.034824398006415,0.020534732566160507,0.09086670647989736,0.03,0.03,1.0,0.19289514349861825,0.0031194756959090457,0.003119590938598593,0.0,0,8.339307022708908e-11
FrequencyHopping,tabular,209,24,4.053466510703297,0.02137176506329885,0.09099922805021476,0.03,0.03,1.0,0.19292770484052438,0.0030539513250093463,0.0030540870745883186,0.0,0,8.314970934009125e-11
FrequencyHopping,tabular,209,25,4.072539002670798,0.022216268200851114,0.09114056785258784,0.03,0.03,1.0,0.19296362715847704,0.0029909022231725565,0.002991062139466205,0.0,0,8.290168551638999e-11
FrequencyHopping,tabular,209,26,4.092039015546982,0.02306769066372851,0.09128995572789123,0.03,0.03,1.0,0.19300292734489463,0.0029304626829701847,0.002930649728634549,0.0,0,8.264788853296068e-11
FrequencyHopping,tabular,209,27,4.111963460744652,0.02392547321204249,0.09144658036354114,0.03,0.03,1.0,0.19304561763610378,0.002872780413507598,0.0028729966650755667,0.0,0,8.238965065743287e-11
FrequencyHopping,tabular,209,28,4.132309014738515,0.02478904975039896,0.09160958992286972,0.029400863710121235,0.03,1.0,0.19625433127546807,0.002818040065314133,0.0028182701815784306,0.0,0,8.2125639622177e-11
FrequencyHopping,tabular,209,29,4.1527770574225835,0.025644426595616204,0.09177087809045803,0.01811770941457435,0.03,1.0,0.2838531615387585,0.0027786342380381225,0.002778680069197348,0.0,0,8.185896405166204e-11
FrequencyHopping,tabular,209,30,4.167947390625152,0.02625044274213622,0.09179935518159876,0.011713529000138181,0.03,1.0,0.38010131285856086,0.002764025288484201,0.0027640326581586105,0.0,0,8.162759357333016e-11
FrequencyHopping,tabular,209,31,4.179992223860021,0.026713768802333344,0.09175091225062104,0.008031940583132013,0.03,1.0,0.4720984094174458,0.002756765777733989,0.002756765532940131,0.0,0,8.1417761421676e-11
FrequencyHopping,tabular,209,32,4.190199103946226,0.027094701836265937,0.09165780521745992,0.005899504213513842,0.03,1.0,0.5490569372357781,0.0027516210882997153,0.0027516195398091803,0.0,0,8.996203781919121e-11
FrequencyHopping,tabular,209,33,4.1993265815014675,0.027427782874811894,0.09153868640019436,0.004659226717660335,0.03,1.0,0.6065599544129128,0.0027470171811208423,0.0027470155436992716,0.0,0,8.997402822785716e-11
FrequencyHopping,tabular,209,34,4.20782070940004,0.02773297320160721,0.0914043793545316,0.0039368067901794125,0.03,1.0,0.6459608537641294,0.0027425011719164594,0.002742499631322337,0.0,0,8.983125354689037e-11
FrequencyHopping,tabular,209,35,4.215943780098121,0.028021878108803706,0.09126118633145941,0.0035166300796268804,0.03,1.0,0.671320732925981,0.002737960200574538,0.0027379587509936965,0.0,0,8.962963704561844e-11
FrequencyHopping,tabular,209,36,4.223850167705768,0.028301274059683246,0.09111278827800273,0.0032735764538726043,0.03,1.0,0.686916968032103,0.002733378816100348,0.0027333774286593115,0.0,0,8.943024099039576e-11
FrequencyHopping,tabular,209,37,4.231630849947354,0.028575130770848695,0.09096134110425647,0.003134665025700203,0.03,1.0,0.6961566844744079,0.002728765100393706,0.0027287637514319396,0.0,0,8.923173311359278e-11
FrequencyHopping,tabular,209,38,4.239339523575295,0.02884577960155604,0.09080811081740858,0.0030571620548951314,0.03,1.0,0.7014166065202075,0.002724129676124324,0.002724128350741095,0.0,0,8.90341134152095e-11
FrequencyHopping,tabular,209,39,4.247007929538124,0.029114592365475932,0.09065384277613386,0.0030159684486697758,0.03,1.0,0.70424037016976,0.002719480835609468,0.0027194795239930958,0.0,0,8.8837159850641e-11
FrequencyHopping,tabular,209,40,4.254654857183949,0.029382377356466597,0.09049897700602605,0.002996303752162873,0.03,1.0,0.7055913751145904,0.002714824187923473,0.002714822884535728,0.0,0,8.864065037528235e-11
FrequencyHopping,tabular,209,41,4.2622914420711435,0.029649611122195586,0.09034377407320937,0.002989444147224567,0.03,1.0,0.7060575629917992,0.0027101633117856973,0.0027101620131484427,0.0,0,8.844458498913355e-11
FrequencyHopping,tabular,209,42,4.269924288689345,0.029916574493993146,0.09018838886282188,0.0029902295585289332,0.03,1.0,0.7059933416049401,0.002705500431001118,0.002705499135106759,0.0,0,8.824874164758967e-11
FrequencyHopping,tabular,209,43,4.2775573141805685,0.030183432605947327,0.09003291388760548,0.0029956022089800815,0.03,1.0,0.7056109212051318,0.002700836915024883,0.002700835620616182,0.0,0,8.805289830604579e-11
FrequencyHopping,tabular,209,44,4.285192839200006,0.03045028208135066,0.08987740479410311,0.0030037465787276143,0.03,1.0,0.705036976826644,0.0026961736083240245,0.002696172314964329,0.0,0,8.785727700910684e-11
FrequencyHopping,tabular,209,45,4.292832234232085,0.0307171789026534,0.08972189538565267,0.0030135836653864363,0.03,1.0,0.7043469775229747,0.0026915110391001504,0.0026915097460866733,0.0,0,8.766187775677281e-11
FrequencyHopping,tabular,209,46,4.3004763037509335,0.030984154926701417,0.08956640651743841,0.0030244706495815123,0.03,1.0,0.7035859186869907,0.0026868495440604797,0.002686848251315599,0.0,0,8.746670054904371e-11
FrequencyHopping,tabular,209,47,4.308125514264973,0.03125122765990286,0.08941095135064359,0.0030360251868943216,0.03,1.0,0.7027805625753549,0.002682189346693616,0.0026821880541070264,0.0,0,8.727174538591953e-11
FrequencyHopping,tabular,209,48,4.315780130828811,0.031518406092075305,0.08925553847027867,0.0030480196878162067,0.03,1.0,0.701946835863843,0.0026775306028130777,0.00267752931023324,0.0,0,8.70763461335855e-11
FrequencyHopping,tabular,209,49,4.32344029833297,0.03178569416012936,0.08910017374752499,0.003060318942701589,0.03,1.0,0.701094202504791,0.0026728734276759655,0.002672872135225157,0.0,0,8.68820571042761e-11
FrequencyHopping,tabular,209,50,4.331106090141886,0.032053092814111034,0.08894486143585789,0.0030728432113185204,0.03,1.0,0.7002282523232595,0.00266821791340324,0.002668216620969721,0.0,0,8.668754603036177e-11
FrequencyHopping,tabular,209,51,4.3387775373702775,0.03232060125665883,0.08878960483604814,0.0030855461618753024,0.03,1.0,0.6993522471322886,0.00266356413777339,0.002663562845470091,0.0,0,8.649325700105237e-11
FrequencyHopping,tabular,209,52,4.346454646562151,0.03258821768869801,0.08863440668620548,0.0030984012007719604,0.03,1.0,0.6984680766804809,0.0026589121712791066,0.0026589108788641624,0.0,0,8.629896797174297e-11
FrequencyHopping,tabular,209,53,4.354137410160722,0.03285593974937678,0.08847926940284134,0.0031113937640631487,0.03,1.0,0.6975767974635101,0.00265426207923267,0.0026542607869111112,0.0,0,8.610467894243357e-11
FrequencyHopping,tabular,209,54,4.361825812909828,0.03312376478367257,0.08832419520878876,0.0031245169659466195,0.03,1.0,0.6966789370280354,0.0026496139251638365,0.0026496126330322056,0.0,0,8.591105604693894e-11
FrequencyHopping,tabular,209,55,4.369519835958857,0.033391690012740664,0.08816918623913983,0.0031377682383267463,0.03,1.0,0.6957747271398534,0.002644967771804434,0.002644966479778965,0.0,0,8.571721110683939e-11
FrequencyHopping,tabular,209,56,4.3772194591800435,0.03365971262924324,0.08801424457668405,0.003151147577637397,0.03,1.0,0.6948642254276816,0.002640323681204472,0.0026403223894748695,0.0,0,8.552381025594968e-11
FrequencyHopping,tabular,209,57,4.384924662552872,0.03392782985355609,0.08785937228785734,0.003164656979056349,0.03,1.0,0.6939473555661771,0.002635681716326261,0.0026356804247187338,0.0,0,8.533063144966491e-11
FrequencyHopping,tabular,209,58,4.392635427253784,0.03419603897728516,0.08770457144475774,0.003178299113904891,0.03,1.0,0.6930239975586947,0.0026310419399776857,0.0026310406486245164,0.0,0,8.51372305987752e-11
FrequencyHopping,tabular,209,59,4.400351736031193,0.034464337377352994,0.08754984412852052,0.0031920780499065265,0.03,1.0,0.6920939402652476,0.002626404416146037,0.002626403125079113,0.0,0,8.494449588170028e-11
FrequencyHopping,tabular,209,60,4.408073573980641,0.03473272254596786,0.08739519244388427,0.0032059975329655674,0.03,1.0,0.6911569970694716,0.0026217692095453497,0.0026217679187603427,0.0,0,8.47513170754155e-11
FrequencyHopping,tabular,209,61,4.415800928380436,0.03500119208249554,0.08724061852114495,0.0032200623511781084,0.03,1.0,0.6902129150511789,0.002617136385844842,0.0026171350953159145,0.0,0,8.45588044029455e-11
FrequencyHopping,tabular,209,62,4.4235337892785696,0.03526974371544026,0.08708612451779896,0.0032342769042358944,0.03,1.0,0.6892614706979417,0.0026125060113637738,0.002612504721258624,0.0,0,8.43662917304755e-11
FrequencyHopping,tabular,209,63,4.431272149293543,0.0355383752927744,0.08693171261722199,0.0032486466546604417,0.03,1.0,0.6883023737562404,0.002607878153711866,0.002607876864076264,0.0,0,8.417422314721534e-11
FrequencyHopping,tabular,209,64,4.439016004217075,0.03580708480423393,0.08677738504112575,0.003263176394179505,0.03,1.0,0.6873353824203339,0.0026032528818824867,0.002603251592403044,0.0,0,8.398148843014042e-11
FrequencyHopping,tabular,209,65,4.446765352659655,0.0360758703653535,0.08662314403548033,0.0032778714670494173,0.03,1.0,0.6863602224284425,0.0025986302645608405,0.002598628975645445,0.0,0,8.378964189148519e-11
FrequencyHopping,tabular,209,66,4.454520196372414,0.03634473022840213,0.08646899188063939,0.0032927376102773395,0.03,1.0,0.6853765980890869,0.002594010373046957,0.0025940090844416286,0.0,0,8.359779535282996e-11
FrequencyHopping,tabular,209,67,4.462280540482664,0.03661366278973456,0.08631493088907538,0.0033077802932063188,0.03,1.0,0.6843842358326114,0.0025893932785377664,0.002589391990356571,0.0,0,8.340594881417474e-11
FrequencyHopping,tabular,209,68,4.470046393362319,0.03688266658259542,0.08616096340451351,0.003323005666567749,0.03,1.0,0.6833828222265009,0.0025847790539157635,0.002584777766068802,0.0,0,8.321454636472936e-11
FrequencyHopping,tabular,209,69,4.477817767025315,0.03715174029067965,0.08600709180904831,0.00333841943186403,0.03,1.0,0.68237207808947,0.002580167772622188,0.0025801664853020156,0.0,0,8.302314391528398e-11
FrequencyHopping,tabular,209,70,4.485594676894685,0.037420882736885146,0.08585331851129752,0.0033540280849976675,0.03,1.0,0.6813516776307418,0.002575559509687824,0.0025755582228801366,0.0,0,8.283196351044353e-11
FrequencyHopping,tabular,209,71,4.493377142264802,0.03769009289920633,0.0856996459592918,0.0033698379954721623,0.03,1.0,0.680321308714508,0.0025709543411111683,0.002570953054714442,0.0,0,8.264078310560308e-11
FrequencyHopping,tabular,209,72,4.5011651862496995,0.03795936990644375,0.08554607663358027,0.0033858558320543244,0.03,1.0,0.6792806454293835,0.0025663523440207954,0.0025663510579203574,0.0,0,8.245004678997248e-11
FrequencyHopping,tabular,209,73,4.508958835969919,0.03822871304314708,0.08539261304983947,0.0034020882013699283,0.03,1.0,0.6782293716478309,0.0025617535958404676,0.002561752310601184,0.0,0,8.225931047434187e-11
FrequencyHopping,tabular,209,74,4.516758122536664,0.0384981217466272,0.08523925775772989,0.003418542664238097,0.03,1.0,0.6771671160586663,0.0025571581771172466,0.002557156892186274,0.0,0,8.206857415871127e-11
FrequencyHopping,tabular,209,75,4.524563081609311,0.0387675956259931,0.08508601334881183,0.003435225918924322,0.03,1.0,0.676093569029046,0.0025525661674343893,0.0025525648832305237,0.0,0,8.18780598876856e-11
FrequencyHopping,tabular,209,76,4.532373752929257,0.03903713444166041,0.08493288244770802,0.0034521459287276944,0.03,1.0,0.6750083466359862,0.002547977649214804,0.002547976365480764,0.0,0,8.168798970586977e-11
FrequencyHopping,tabular,209,77,4.540190181054879,0.039306738130952174,0.08477986771494583,0.0034693105954076283,0.03,1.0,0.6739110760828537,0.0025433927054081215,0.0025433914220347464,0.0,0,8.149747543484409e-11
FrequencyHopping,tabular,209,78,4.548012415349304,0.039576406804843305,0.08462697185489532,0.003486727353150215,0.03,1.0,0.6728014213899576,0.002538811419762018,0.0025388101371495164,0.0,0,8.130740525302826e-11
FrequencyHopping,tabular,209,79,4.555840509736346,0.03984614073589736,0.08447419760682084,0.0035044050590105134,0.03,1.0,0.6716789640630122,0.0025342338785033125,0.002534232596451025,0.0,0,8.998668477033789e-11
FrequencyHopping,tabular,209,80,4.56367452353056,0.0401159403869319,0.08432154775217526,0.0035223524277430214,0.03,1.0,0.6705433028702144,0.0025296601683560713,0.002529658886891939,0.0,0,8.992007138886038e-11
FrequencyHopping,tabular,209,81,4.571514521380947,0.04038580640579219,0.08416902511685365,0.0035405780165710904,0.03,1.0,0.6693940547855085,0.0025250903778825003,0.0025250890969097384,0.0,0,8.970935105878652e-11
FrequencyHopping,tabular,209,82,4.579360573204636,0.040655739619755084,0.08401663256470959,0.0035590914912700597,0.03,1.0,0.6682307760954308,0.002520524596856643,0.0025205233162941543,0.0,0,8.949907481792252e-11
FrequencyHopping,tabular,209,83,4.587212754844063,0.04092574105704314,0.08386437301142191,0.003577902020555747,0.03,1.0,0.6670530634130056,0.002515962916262204,0.0025159616362968595,0.0,0,8.928835448784866e-11
FrequencyHopping,tabular,209,84,4.595071147808617,0.04119581193376014,0.08371224940779687,0.003597019767654708,0.03,1.0,0.6658604610379041,0.0025114054291139687,0.00251140414975759,0.0,0,8.907852233619451e-11
FrequencyHopping,tabular,209,85,4.60293583986981,0.04146595367270636,0.08356026475598854,0.003616455312052009,0.03,1.0,0.664652497860577,0.0025068522297072345,0.0025068509510035586,0.0,0,8.88682460953305e-11
FrequencyHopping,tabular,209,86,4.610806925328284,0.041736167909655064,0.0834084221108089,0.003636219147745001,0.03,1.0,0.6634287188257879,0.0025023034144329367,0.0025023021361887388,0.0,0,8.865863598828128e-11
FrequencyHopping,tabular,209,87,4.618684504993346,0.04200645648881609,0.08325672457082378,0.0036563223951777734,0.03,1.0,0.6621886414748895,0.0024977590806149635,0.00249775780298922,0.0,0,8.844880383662712e-11
FrequencyHopping,tabular,209,88,4.626568686572251,0.042276821473378225,0.08310517529139805,0.0036767769111256585,0.03,1.0,0.6609317501665997,0.002493219327954368,0.002493218050923396,0.0,0,8.823941577418282e-11
FrequencyHopping,tabular,209,89,4.634459585125638,0.042547265158207136,0.08295377747921107,0.003697594598611806,0.03,1.0,0.6596575390510443,0.0024886842578967366,0.002488682981357293,0.0,0,8.802980566713359e-11
FrequencyHopping,tabular,209,90,4.642357323126577,0.042817790067754886,0.08280253439695295,0.003718788018626544,0.03,1.0,0.6583654753626986,0.002484153973625539,0.0024841526975953876,0.0,0,8.782063964929421e-11
FrequencyHopping,tabular,209,91,4.650262030873953,0.0430883989667996,0.08265144936503432,0.0037403702183085178,0.03,1.0,0.6570550107982153,0.0024796285801917993,0.0024796273048530715,0.0,0,8.761147363145483e-11
FrequencyHopping,tabular,209,92,4.658173846808821,0.043359094867380654,0.08250052576547207,0.0037623550196000883,0.03,1.0,0.6557255650459628,0.002475108185253085,0.002475106910508895,0.0,0,8.740252965822037e-11
FrequencyHopping,tabular,209,93,4.666092918000355,0.04362988104164779,0.08234976704238894,0.0037847565853956783,0.03,1.0,0.6543765529396393,0.002470592898191965,0.0024705916241081205,0.0,0,8.719358568498592e-11
FrequencyHopping,tabular,209,94,4.674019400382511,0.0439007610253712,0.08219917670843069,0.0038075898574321454,0.03,1.0,0.6530073591260419,0.0024660828309752596,0.0024660815574775174,0.0,0,8.698486375635639e-11
FrequencyHopping,tabular,209,95,4.681953459247189,0.04417173863048276,0.08204875834287861,0.00383087004825989,0.03,1.0,0.6516173694665763,0.0024615780976808737,0.002461576824843714,0.0,0,8.677636387233179e-11
FrequencyHopping,tabular,209,96,4.689895269443965,0.044442817946752526,0.08189851559506911,0.003854613568573533,0.03,1.0,0.6502059170090175,0.0024570788150541758,0.0024570775428902625,0.0,0,8.656786398830718e-11
FrequencyHopping,tabular,209,97,4.697845016123055,0.0447140033626883,0.0817484521921763,0.003878837538637903,0.03,1.0,0.6487723125928071,0.0024525851026746103,0.002452583831004551,0.0,0,8.63595861488875e-11
FrequencyHopping,tabular,209,98,4.705802895197367,0.04498529957593118,0.08159857193850151,0.0039035593430648443,0.03,1.0,0.6473158722145976,0.0024480970822728177,0.0024480958112742535,0.0,0,8.615130830946782e-11
FrequencyHopping,tabular,209,99,4.713769113546456,0.045256711594132554,0.08144887872384432,0.0039287979385438905,0.03,1.0,0.6458358416675397,0.00244361487924914,0.0024436136087973015,0.0,0,8.594347455925799e-11
FrequencyHopping,tabular,209,100,4.72174388998949,0.045528244762829274,0.08129937652366914,0.003954572331411395,0.03,1.0,0.6443314873216899,0.0024391386212610877,0.002439137351596621,0.0,0,8.573519671983831e-11
