environment,mode,seed,method,step,current_return,hard_br_return,hard_exploitability,regularized_gap,field_norm,hard_br_residual,hard_br_iterations,soft_br_residual,soft_br_iterations
CyclicControl,neural,40,QP+G,0,-0.04088501394024287,-0.6785245803877038,1.0524587160640213,0.5913720828524114,0.4422803856547468,8.737455203799982e-13,238,8.539108309335575e-11,189
CyclicControl,neural,40,QP+G,5,-0.007162361445014174,-0.20921986530853443,0.4349217895404929,0.13866178808911783,0.18652218966200848,8.333334022836425e-13,228,8.726801226099923e-11,175
CyclicControl,neural,40,QP+G,10,-0.0009677315605784757,-0.06645757911655448,0.20168054655818593,0.042670460143148764,0.08191653806198212,8.455736111301349e-13,223,8.427424730284017e-11,166
CyclicControl,neural,40,QP+G,15,-0.0002073037237666281,-0.07312476182416108,0.1598605985794641,0.02226960647836193,0.037887649090654875,8.266443085602759e-13,219,8.879824479890441e-11,158
CyclicControl,neural,40,QP+G,20,-0.0001546867634420867,-0.07391678081973453,0.15469254072881283,0.017795991532529032,0.020470823904565574,8.553990848980675e-13,218,8.605957266261122e-11,155
CyclicControl,neural,40,QP+G,25,-0.00013977191567300944,-0.07427710353518305,0.1560501362180345,0.01677278762377306,0.014759019239936187,8.659878369954299e-13,218,8.666612046070998e-11,154
CyclicControl,neural,40,QP+G,30,-0.00013501427329708134,-0.07448806267344395,0.15658080377392647,0.016502202375694917,0.013324782281847351,8.693740172205366e-13,218,8.442866891722467e-11,154
CyclicControl,neural,40,QP+G,35,-0.00013348247716186344,-0.07457193723106352,0.15671356039772077,0.016401291772835884,0.013007262621788465,8.699013731572336e-13,218,8.369385913475913e-11,154
CyclicControl,neural,40,QP+G,40,-0.0001327922740111009,-0.07457209911682924,0.15666166687321126,0.016342192574048182,0.01292861535752203,8.693601394327288e-13,218,8.333420759010224e-11,154
CyclicControl,neural,40,QP+G,45,-0.00013229856940115376,-0.07452280216537725,0.15652507744738575,0.01629488681649198,0.012897988581144172,8.684303276496053e-13,218,8.308567202297557e-11,154
CyclicControl,neural,40,QP+G,50,-0.00013184729783391501,-0.07444606659879424,0.15634973758934373,0.016251448518279477,0.012876825818729185,8.673894935640192e-13,218,8.287633773695902e-11,154
CyclicControl,neural,40,QP+G,55,-0.00013140512197593458,-0.074354758660662,0.15615669154841688,0.016209467328932897,0.01285750496029942,8.663070261150096e-13,218,8.268270096367658e-11,154
CyclicControl,neural,40,QP+G,60,-0.00013096561515951564,-0.07425598161556517,0.1559556089581508,0.01616811524408328,0.012838547745696647,8.652245586660001e-13,218,8.249591114395383e-11,154
CyclicControl,neural,41,QP+G,0,-0.02947827835436645,-0.4144462975348892,1.1463252885644828,0.5854211970591852,0.396096270091797,8.482103908136196e-13,239,8.626166447811556e-11,190
CyclicControl,neural,41,QP+G,5,-0.0031495013812560596,-0.1198862959095803,0.4557185499441969,0.1340768135789283,0.16329734378340147,8.13626943596546e-13,232,8.287344421820109e-11,178
CyclicControl,neural,41,QP+G,10,-0.0009812525891692468,-0.09954527579774931,0.2595596828609847,0.04593633476205436,0.0692941349046616,8.104350524007486e-13,225,8.868970141628907e-11,165
CyclicControl,neural,41,QP+G,15,-0.000794571281647955,-0.09710087121614802,0.2024678525985484,0.029784906744921832,0.03227930580746889,8.1347428793066e-13,221,8.195948260347752e-11,159
CyclicControl,neural,41,QP+G,20,-0.0007414158676477783,-0.09582113257411691,0.18618322807984983,0.026619187129677528,0.01913551575138483,8.218425939787721e-13,220,8.408701686335451e-11,158
CyclicControl,neural,41,QP+G,25,-0.0007255410168608836,-0.09575568377047389,0.18357485416115765,0.02590682018617363,0.015546621341208303,8.212874824664596e-13,220,8.392695219350266e-11,158
CyclicControl,neural,41,QP+G,30,-0.0007204480610399769,-0.09568410156795876,0.18233350748634058,0.02569769170147422,0.01477226729724075,8.206629820151079e-13,220,8.382982676080619e-11,158
CyclicControl,neural,41,QP+G,35,-0.0007180324274641597,-0.09559954218503053,0.1816797157850101,0.02560327110158976,0.01460999710030822,8.199413370491015e-13,220,8.372946953827398e-11,158
CyclicControl,neural,41,QP+G,40,-0.0007162283624366947,-0.09550978346014857,0.18128209857173094,0.02553854045783796,0.014566202822159119,8.191641809318639e-13,220,8.361369582821077e-11,158
CyclicControl,neural,41,QP+G,45,-0.0007145574012284888,-0.09542063737897839,0.1809981269579236,0.025482593726860424,0.014544774169842803,8.184009026024341e-13,220,8.348643477928963e-11,158
CyclicControl,neural,41,QP+G,50,-0.0007129156877861396,-0.09533426731879494,0.1807654694957341,0.025429588870925876,0.014527552483736555,8.1766537984862e-13,220,8.33528836230446e-11,158
CyclicControl,neural,41,QP+G,55,-0.0007112820035920067,-0.09525076029457125,0.180556378524622,0.025377693609408888,0.014511128460408832,8.169576126704214e-13,220,8.321640251884865e-11,158
CyclicControl,neural,41,QP+G,60,-0.0007096523963209551,-0.09516946932605963,0.18035829583246094,0.025326280835788827,0.014494866953948622,8.162498454922229e-13,220,8.307874700685947e-11,158
CyclicControl,neural,42,QP+G,0,-0.00307818542376061,-0.3867418447102892,0.4933760159924804,0.18997726127615824,0.2241180495252982,8.431033649003439e-13,233,8.303352450056423e-11,182
CyclicControl,neural,42,QP+G,5,-0.0005103434925623027,-0.21208494894467916,0.27404604022906226,0.05970127255550304,0.09617101233761625,8.699707620962727e-13,227,8.198744461118679e-11,171
CyclicControl,neural,42,QP+G,10,-0.00014438323164054243,-0.15238121443880875,0.21250239101107357,0.03037984007413795,0.044018843690808176,8.575640197960865e-13,224,8.178726793039992e-11,164
CyclicControl,neural,42,QP+G,15,1.4217966487242546e-05,-0.12852257784753016,0.18305369299869956,0.023479252124171186,0.02425967592886761,8.929246231303978e-13,222,8.538681220415789e-11,161
CyclicControl,neural,42,QP+G,20,3.923550622767057e-05,-0.11877066428561642,0.16719413770394354,0.021674433384485416,0.01821524110972422,8.251732630526476e-13,222,8.838652726383955e-11,160
CyclicControl,neural,42,QP+G,25,1.9228174282256842e-05,-0.11494993579927673,0.1594112972722611,0.021090443763277972,0.01676359403374051,8.873596302194642e-13,221,8.643346802172935e-11,160
CyclicControl,neural,42,QP+G,30,-9.715891617616443e-06,-0.11336493303634267,0.15750828650927495,0.020816594905424996,0.016421846120987415,8.751194213729718e-13,221,8.53991669047538e-11,160
CyclicControl,neural,42,QP+G,35,-3.9435926736395656e-05,-0.11249141237714201,0.1571012535123471,0.020622280981947728,0.016309700854123577,8.683886942861818e-13,221,8.454761543652545e-11,160
CyclicControl,neural,42,QP+G,40,-6.865529860556651e-05,-0.11176634901323282,0.1566649415864637,0.020446040103750028,0.01624437976961108,8.627820680118248e-13,221,8.369720541634429e-11,160
CyclicControl,neural,42,QP+G,45,-9.724052066801032e-05,-0.11101279866171619,0.1560859970466988,0.02027198286565168,0.016189319420359106,8.569672749203505e-13,221,8.279910437836158e-11,160
CyclicControl,neural,42,QP+G,50,-0.00012516751025878805,-0.11019156663724339,0.15538425284203322,0.020096864752437608,0.01613700277166487,8.506251258921793e-13,221,8.184415992151806e-11,160
CyclicControl,neural,42,QP+G,55,-0.00015240660154903867,-0.1093043145517436,0.1547727744848304,0.019920704635735836,0.01608575451947621,8.437833765029268e-13,221,8.981638696670124e-11,159
CyclicControl,neural,42,QP+G,60,-0.00017892383433975735,-0.10836033983453654,0.15417526831096273,0.01974411986029334,0.016035131509860835,8.364836601160164e-13,221,8.86394187216144e-11,159
CyclicControl,neural,43,QP+G,0,0.016345614197341964,-0.5510538825665362,0.8702926223607643,0.40505152338109096,0.30808239512603297,8.759659664292485e-13,236,8.116479710551516e-11,186
CyclicControl,neural,43,QP+G,5,0.003054781939321411,-0.23183640736314687,0.4156314089199433,0.1013717489919343,0.14193033050334095,8.559819519859957e-13,228,8.26983689861116e-11,171
CyclicControl,neural,43,QP+G,10,0.00020835405623996012,-0.09755089741305137,0.21868134144351103,0.0306597579074774,0.06427243619551959,8.415490526658687e-13,222,8.953280131174246e-11,159
CyclicControl,neural,43,QP+G,15,-0.00034060821272818007,-0.07324983007042322,0.16183822005289356,0.015883145542346308,0.02956614616226583,8.442829768640081e-13,219,8.855442074073849e-11,153
CyclicControl,neural,43,QP+G,20,-0.00044539744964155515,-0.06241174046498026,0.13558351401579197,0.012725949126690497,0.015359851671033924,8.609363222333855e-13,217,8.932262915428701e-11,151
CyclicControl,neural,43,QP+G,25,-0.00045949452925353636,-0.05899488050996921,0.12712838440941795,0.012002014702032654,0.01057683511651314,8.907319326567631e-13,216,8.70864517651948e-11,151
CyclicControl,neural,43,QP+G,30,-0.00045651338225418997,-0.05694124743528893,0.12417937175174379,0.011810447220591245,0.009352431492587462,8.790329575347755e-13,216,8.75291306448589e-11,151
CyclicControl,neural,43,QP+G,35,-0.0004511596405963518,-0.0557579222541689,0.12324088918500625,0.01174353875864156,0.009078011594182188,8.822317876244767e-13,216,8.835897638559409e-11,151
CyclicControl,neural,43,QP+G,40,-0.00044554100436672766,-0.05533713984318788,0.12331855588132962,0.011708305027863092,0.009006804675865305,8.887474090002456e-13,216,8.923382432274307e-11,151
CyclicControl,neural,43,QP+G,45,-0.00043982116138576154,-0.05480635273258397,0.12327954515630736,0.011681491040244829,0.008976348172943798,8.951728247552637e-13,216,8.108418884239521e-11,152
CyclicControl,neural,43,QP+G,50,-0.00043398191753028553,-0.05423131695881709,0.12314018166632679,0.011656887826826785,0.008954009929328948,8.107958748837518e-13,217,8.183534232208967e-11,152
CyclicControl,neural,43,QP+G,55,-0.0004280144438168136,-0.053639692128802534,0.12293596295227985,0.011632868920607175,0.008933305685673566,8.15347789284715e-13,217,8.256466517420069e-11,152
CyclicControl,neural,43,QP+G,60,-0.00042191933816685637,-0.05304202331510051,0.12269321131415685,0.011609082414750392,0.008912941479796349,8.195250034148671e-13,217,8.327427376136898e-11,152
CyclicControl,neural,44,QP+G,0,-0.007749912765835717,-0.9807203269006173,1.198285556009474,0.7118698487293761,0.4620910658330043,8.285594432777543e-13,242,8.741585233451588e-11,194
CyclicControl,neural,44,QP+G,5,-0.004492657704528055,-0.36917562778930985,0.5315852809962303,0.1658638946011357,0.19133878986396213,8.943956686380261e-13,232,8.497780257243903e-11,179
CyclicControl,neural,44,QP+G,10,-0.00063691790872759,-0.14788341825800355,0.2775270622150099,0.04859693196846496,0.07956168324979324,8.323342015614799e-13,224,8.199188550328529e-11,165
CyclicControl,neural,44,QP+G,15,0.00030213872278474154,-0.12016775347968438,0.21850746967936185,0.028975789806407134,0.03650072733540623,8.349154700937333e-13,222,8.351904931536147e-11,160
CyclicControl,neural,44,QP+G,20,0.0004253744633328127,-0.11323223014372655,0.19254856452187744,0.025663798256282663,0.022403889126330834,8.740785872873857e-13,221,8.829287821698895e-11,159
CyclicControl,neural,44,QP+G,25,0.0004149192024775728,-0.11264671158900826,0.18837868518712497,0.02513665604985497,0.01898797143867832,8.695544284620382e-13,221,8.873300705314335e-11,159
CyclicControl,neural,44,QP+G,30,0.0004056230288124423,-0.11352147910933973,0.18825847908299406,0.02504212609153906,0.018315303319379018,8.762990333366361e-13,221,8.883365917866648e-11,159
CyclicControl,neural,44,QP+G,35,0.0004041312409722029,-0.11379716000457825,0.1880855438406177,0.024976618461818083,0.018169743965593527,8.784223348712317e-13,221,8.858258571109445e-11,159
CyclicControl,neural,44,QP+G,40,0.0004028921356275002,-0.11373125750450966,0.18777422248960787,0.024901611229397304,0.018115860495595663,8.779227345101503e-13,221,8.826156472352409e-11,159
CyclicControl,neural,44,QP+G,45,0.0004016809094239903,-0.11354082176095677,0.18742742337590057,0.02481915117868048,0.018078463421359894,8.76451689002522e-13,221,8.791003168473477e-11,159
CyclicControl,neural,44,QP+G,50,0.0004004743022799315,-0.11330665077123803,0.18707562489367757,0.024733116011802163,0.01804417478456336,8.74661454375314e-13,221,8.754662619847586e-11,159
CyclicControl,neural,44,QP+G,55,0.0003992708963534056,-0.11305811141736519,0.1867262046905056,0.0246456856129829,0.018010566181925813,8.727185640822199e-13,221,8.717942340252804e-11,159
CyclicControl,neural,44,QP+G,60,0.0003980707404517604,-0.11280552937934296,0.18637995310411115,0.02455787496983427,0.017977172625952515,8.707756737891259e-13,221,8.681176437430604e-11,159
CyclicControl,neural,45,QP+G,0,-0.003034287148446015,-0.5444277221668828,0.7573368560295957,0.32657396576366216,0.2969458922568231,8.654188476953095e-13,236,8.245815141805224e-11,186
CyclicControl,neural,45,QP+G,5,-0.0023307728859790523,-0.2050208156754264,0.3372601510048188,0.07930280889875682,0.12956584562016246,8.412159857584811e-13,227,8.363387066223638e-11,171
CyclicControl,neural,45,QP+G,10,-0.0009360739048039763,-0.09040196560297671,0.18886557687119787,0.02667522401560575,0.05652248855256706,8.44518899256741e-13,220,8.314386852614764e-11,159
CyclicControl,neural,45,QP+G,15,-0.0005801760160124613,-0.0727078708625607,0.14929429048326587,0.016467806427495048,0.02670528784908128,8.11004041700869e-13,218,8.178161793603866e-11,155
CyclicControl,neural,45,QP+G,20,-0.000529766732433635,-0.07799824910610684,0.14331598427389353,0.014516644632075863,0.0161632276530439,8.259365413820774e-13,218,8.419570943218879e-11,154
CyclicControl,neural,45,QP+G,25,-0.0005283463802506574,-0.07990457637591614,0.14199575321252325,0.014092943995926227,0.013333487790780044,8.461287226424474e-13,218,8.188504041495293e-11,154
CyclicControl,neural,45,QP+G,30,-0.0005298855699073953,-0.08004234248390824,0.14227442887282696,0.013937779043126566,0.012713963966770865,8.475858903622679e-13,218,8.864156110510724e-11,153
CyclicControl,neural,45,QP+G,35,-0.0005301227155130866,-0.079365986587658,0.14223566875231525,0.013824064541644527,0.012567316613907798,8.404388296412435e-13,218,8.623110558936276e-11,153
CyclicControl,neural,45,QP+G,40,-0.0005294162945419292,-0.07832343828644239,0.14200984937331018,0.013713607219637257,0.012512017378454634,8.293921105462232e-13,218,8.377891349414801e-11,153
CyclicControl,neural,45,QP+G,45,-0.000528019047432381,-0.07711770255346098,0.14166596962119862,0.013601907916522086,0.012473947751827552,8.166245457630339e-13,218,8.131535809280388e-11,153
CyclicControl,neural,45,QP+G,50,-0.0005259969543938169,-0.0758382276468083,0.14124273924952901,0.013489772849877657,0.012438914550587222,8.923001226790461e-13,217,8.762422384900326e-11,152
CyclicControl,neural,45,QP+G,55,-0.0005233674401168402,-0.074523368962741,0.1407620445720786,0.01337829710466237,0.012404162393062646,8.76826389273333e-13,217,8.492414410588012e-11,152
CyclicControl,neural,45,QP+G,60,-0.000520141499925011,-0.07318911470212144,0.1402359467292573,0.013268184508848587,0.012369152314914613,8.611306112626949e-13,217,8.22589730706258e-11,152
CyclicControl,neural,46,QP+G,0,-0.04123301142954973,-0.638779524457907,1.2853846756625782,0.6956437466297898,0.453064256245867,8.326672684688674e-13,238,8.908929149953337e-11,188
CyclicControl,neural,46,QP+G,5,-0.00397480414964042,-0.15265085645787388,0.4770051759059323,0.15059237056960184,0.17880656154326677,8.730793865652231e-13,231,8.804330875467059e-11,177
CyclicControl,neural,46,QP+G,10,-0.0002469233481062785,-0.1357517681501472,0.27576728043701465,0.058897883336104837,0.07607523712212108,8.754386104925516e-13,223,8.59953358522958e-11,165
CyclicControl,neural,46,QP+G,15,0.00026320364876950193,-0.13125431183555933,0.2244068560786227,0.04379823067927378,0.036436652360569324,8.208156376809939e-13,223,8.656630620662575e-11,164
CyclicControl,neural,46,QP+G,20,0.0003760336891810797,-0.13249095522056567,0.22685831061679854,0.04170632013936047,0.022597887792800704,8.283651542484449e-13,223,8.667091003222716e-11,164
CyclicControl,neural,46,QP+G,25,0.0003992573354348841,-0.13634709315735263,0.23372236828187634,0.04157532396191972,0.018881926960654886,8.524847494584264e-13,223,8.700676290551712e-11,164
CyclicControl,neural,46,QP+G,30,0.00040079532328727105,-0.13687266487044336,0.23461683875322026,0.04158461413468082,0.018585534258424418,8.558154185323019e-13,223,8.705402024244968e-11,164
CyclicControl,neural,46,QP+G,35,0.00040083685933551194,-0.13688924281481052,0.23464481936158477,0.04158493489435476,0.01857700267573135,8.558709296835332e-13,223,8.705540455178351e-11,164
CyclicControl,neural,46,QP+G,40,0.0004008387793229007,-0.1368900133317335,0.23464611952315023,0.04158494982481519,0.018576607332333624,8.559264408347644e-13,223,8.70554704712756e-11,164
CyclicControl,neural,46,QP+G,45,0.0004008388698763215,-0.13689004968133867,0.2346461808583338,0.04158495052921582,0.018576588684380127,8.558986852591488e-13,223,8.70554704712756e-11,164
CyclicControl,neural,46,QP+G,50,0.00040083887415110874,-0.13689005139732774,0.23464618375383817,0.041584950562469164,0.018576587804054974,8.558986852591488e-13,223,8.70554704712756e-11,164
CyclicControl,neural,46,QP+G,55,0.00040083887435300616,-0.13689005147837313,0.2346461838905911,0.041584950564039776,0.018576587762477635,8.558986852591488e-13,223,8.70554704712756e-11,164
CyclicControl,neural,46,QP+G,60,0.00040083887436249467,-0.13689005148218167,0.2346461838970178,0.04158495056411361,0.018576587760523827,8.559264408347644e-13,223,8.70554704712756e-11,164
CyclicControl,neural,47,QP+G,0,0.004240351849628015,-0.6083391387937963,1.3268712141819718,0.7667894374439163,0.5346433149169293,8.325562461664049e-13,239,8.271638929358005e-11,191
CyclicControl,neural,47,QP+G,5,-0.0008639256348863566,-0.2913557842676456,0.5344993762019816,0.18587804155270302,0.21889181171576166,8.713585408770541e-13,230,8.132544637717842e-11,177
CyclicControl,neural,47,QP+G,10,0.0004030556962899873,-0.11600938234222503,0.25744601295751707,0.05150758937999598,0.09563191516439852,8.844869281432466e-13,223,8.101699172646804e-11,166
CyclicControl,neural,47,QP+G,15,0.0007047560675484377,-0.08385527545457654,0.18135983828274466,0.024005718899914305,0.043084886765539995,8.363310044501304e-13,220,8.390000152957988e-11,158
CyclicControl,neural,47,QP+G,20,0.0007281924900455729,-0.0787801870522108,0.1631996813426853,0.018895655250144465,0.022000542943323514,8.93951579428176e-13,218,8.620021710314951e-11,155
CyclicControl,neural,47,QP+G,25,0.0007319578815195347,-0.07721395274335043,0.1583589659299121,0.017986464468024245,0.014984855476047066,8.593403766354868e-13,218,8.950267436913517e-11,154
CyclicControl,neural,47,QP+G,30,0.0007272127551213412,-0.07712940188601504,0.1571348882104857,0.017771947924862426,0.01325789269295116,8.472667012426882e-13,218,8.68330407577389e-11,154
CyclicControl,neural,47,QP+G,35,0.0007211946311384278,-0.07740129170412247,0.1559671787573897,0.017647009394578313,0.012896055516109787,8.320150124419001e-13,218,8.476252512379379e-11,154
CyclicControl,neural,47,QP+G,40,0.0007152011895965957,-0.07790845403476915,0.15496140513887272,0.017530491430211924,0.012808772367456533,8.249234628721069e-13,218,8.268975087988295e-11,154
CyclicControl,neural,47,QP+G,45,0.0007089656836051228,-0.07853924561473218,0.1540728504112867,0.017415970400718413,0.012772448162467118,8.315986788076657e-13,218,8.954535203609115e-11,153
CyclicControl,neural,47,QP+G,50,0.0007023767210357954,-0.07922333100940535,0.1532448689641579,0.01730425449202635,0.012745129464674468,8.388428840433448e-13,218,8.722213402923007e-11,153
CyclicControl,neural,47,QP+G,55,0.000695420271839782,-0.07992326370795781,0.15243903817613366,0.017195585925376348,0.012719140863747777,8.462536227327178e-13,218,8.667074870294389e-11,153
CyclicControl,neural,47,QP+G,60,0.0006881040767401774,-0.08062117981125609,0.15183030991323554,0.017089720849456154,0.012693111779352352,8.536504836342829e-13,218,8.786782065839382e-11,153
CyclicControl,neural,48,QP+G,0,0.004118032258207498,-0.14088002363661237,0.5387521857926567,0.2278287579194374,0.281348242620071,8.675282714420973e-13,233,8.649936322768781e-11,183
CyclicControl,neural,48,QP+G,5,0.0012023613160294841,-0.10113809774201785,0.2445968989774742,0.052604776184266296,0.10671978956942792,8.969214260190483e-13,223,8.791917194272969e-11,167
CyclicControl,neural,48,QP+G,10,0.00031502509660630545,-0.08778282973014276,0.149813488901697,0.018190384869658863,0.04137127648562688,8.366363157819023e-13,219,8.562827009950258e-11,156
CyclicControl,neural,48,QP+G,15,5.580611537630229e-05,-0.08181869390405418,0.12401362771670026,0.012915879090052682,0.01739779392790168,8.664596817808956e-13,218,8.573330760597297e-11,155
CyclicControl,neural,48,QP+G,20,1.1387633042761365e-05,-0.08410336305677109,0.1255475415415094,0.01230684197665401,0.00979087735045299,8.906902992933396e-13,218,8.402787840533499e-11,155
CyclicControl,neural,48,QP+G,25,3.1913678994686762e-06,-0.08464260205479618,0.12661488858695907,0.012256785035115327,0.008854340843798592,8.964079478701592e-13,218,8.388288848248937e-11,155
CyclicControl,neural,48,QP+G,30,-2.9530700058705373e-06,-0.08479693114100405,0.1271561405831223,0.012235508908858581,0.008835818521115495,8.980316490436735e-13,218,8.37291069810675e-11,155
CyclicControl,neural,48,QP+G,35,-4.7546295532065466e-06,-0.0848867201199144,0.12737888279412724,0.012234241885369063,0.008828597609010046,8.989753386146049e-13,218,8.369698684118632e-11,155
CyclicControl,neural,48,QP+G,40,-4.7546295532065466e-06,-0.0848867201199144,0.12737888279412724,0.012234241885369063,0.008828597609010046,8.989753386146049e-13,218,8.369698684118632e-11,155
CyclicControl,neural,48,QP+G,45,-4.7546295532065466e-06,-0.0848867201199144,0.12737888279412724,0.012234241885369063,0.008828597609010046,8.989753386146049e-13,218,8.369698684118632e-11,155
CyclicControl,neural,48,QP+G,50,-4.7546295532065466e-06,-0.0848867201199144,0.12737888279412724,0.012234241885369063,0.008828597609010046,8.989753386146049e-13,218,8.369698684118632e-11,155
CyclicControl,neural,48,QP+G,55,-4.7546295532065466e-06,-0.0848867201199144,0.12737888279412724,0.012234241885369063,0.008828597609010046,8.989753386146049e-13,218,8.369698684118632e-11,155
CyclicControl,neural,48,QP+G,60,-4.7546295532065466e-06,-0.0848867201199144,0.12737888279412724,0.012234241885369063,0.008828597609010046,8.989753386146049e-13,218,8.369698684118632e-11,155
CyclicControl,neural,49,QP+G,0,-0.006328067430073097,-0.19005050300060872,0.6872884070716478,0.2625407411523423,0.23469922375356775,8.781864124784988e-13,235,8.372103010856335e-11,184
CyclicControl,neural,49,QP+G,5,-0.0011979833758752104,-0.1371224538893678,0.35381014461022947,0.0729319584056573,0.10235514841781794,8.890110869685941e-13,227,8.559670333641023e-11,170
CyclicControl,neural,49,QP+G,10,-0.000996942774610932,-0.1323069855926494,0.2323224350880599,0.036786777726383536,0.045708484189672036,8.272826867994354e-13,223,8.980080221099307e-11,161
CyclicControl,neural,49,QP+G,15,-0.0011759305172292255,-0.1324041267709001,0.2115608194507306,0.031118020582396305,0.02478695285760483,8.278933094629792e-13,223,8.656663233463924e-11,161
CyclicControl,neural,49,QP+G,20,-0.001229436419043546,-0.13264918009714793,0.21774672841934622,0.03027844828864611,0.01904874009509857,8.294198661218388e-13,223,8.36230008849359e-11,161
CyclicControl,neural,49,QP+G,25,-0.0012387249808185063,-0.1321182658363038,0.22174181466526155,0.03004800613477595,0.017874637053199974,8.26116952623579e-13,223,8.131370229924606e-11,161
CyclicControl,neural,49,QP+G,30,-0.0012392037069752042,-0.1309496398088398,0.2225548763751123,0.029847752709346517,0.017638091634948404,8.188172362366686e-13,223,8.796612049888353e-11,160
CyclicControl,neural,49,QP+G,35,-0.0012378951636420497,-0.12940995693256405,0.2221718275239975,0.02963115069797451,0.01756443502143955,8.99114116492683e-13,222,8.558901851141165e-11,160
CyclicControl,neural,49,QP+G,40,-0.001235682066183271,-0.12768432734517457,0.22140355677359644,0.029408797323682775,0.01751696097402379,8.871237078267313e-13,222,8.320738542622053e-11,160
CyclicControl,neural,49,QP+G,45,-0.0012326100866377906,-0.12587268330222845,0.2205239811627085,0.02918881180159638,0.017472683034445984,8.745226764972358e-13,222,8.982160154547003e-11,159
CyclicControl,neural,49,QP+G,50,-0.0012286743250548766,-0.12402212493994827,0.21962001423562075,0.02897452048412523,0.017427864677506417,8.616302116237762e-13,222,8.721996389016162e-11,159
CyclicControl,neural,49,QP+G,55,-0.0012238809626144878,-0.12215278023699018,0.21912236000905086,0.028766949395133058,0.01738196847507283,8.486544800234697e-13,222,8.465469644725054e-11,159
CyclicControl,neural,49,QP+G,60,-0.0012182413993482824,-0.12027258867842083,0.21859530162501323,0.028566277019579187,0.01733497352521389,8.355816039085084e-13,222,8.212896335235698e-11,159
CyclicControl,neural,40,noG,0,-0.04088501394024287,-0.6785245803877038,1.0524587160640213,0.5913720828524114,0.4422803856547468,8.737455203799982e-13,238,8.539108309335575e-11,189
CyclicControl,neural,40,noG,5,-0.035667427267309745,-0.45695559646962086,0.9283789901290467,0.5038088246796015,0.43533135265670914,8.325562461664049e-13,235,8.609446489060701e-11,187
CyclicControl,neural,40,noG,10,-0.015385647254522582,-0.19219786482824436,0.7270000632875695,0.40601454672090775,0.4243710135885806,8.499867476530198e-13,236,8.242734272911889e-11,189
CyclicControl,neural,40,noG,15,0.003312395162039363,-0.08941509570459882,0.6345840809696978,0.38610587641611654,0.4148013574168508,8.665290707199347e-13,236,8.430395270764279e-11,189
CyclicControl,neural,40,noG,20,0.004170789469459545,-0.09632872700603086,0.6410682435134757,0.38648865799253435,0.4142344034515046,8.657519146026971e-13,236,8.420020236599157e-11,189
CyclicControl,neural,40,noG,25,0.004188711551507285,-0.0964732494251392,0.6412028065590174,0.3864977011614916,0.4142223447856413,8.658629369051596e-13,236,8.419781538648863e-11,189
CyclicControl,neural,40,noG,30,0.004189087413072582,-0.09647628042962758,0.6412056282581613,0.3864978912733547,0.4142220917937248,8.657519146026971e-13,236,8.419781538648863e-11,189
CyclicControl,neural,40,noG,35,0.004189095296366115,-0.09647634400173513,0.6412056874401209,0.3864978952609495,0.41422208648744735,8.657519146026971e-13,236,8.41977598753374e-11,189
CyclicControl,neural,40,noG,40,0.004189095461709446,-0.09647634533508964,0.6412056886813968,0.3864978953445848,0.4142220863761536,8.657519146026971e-13,236,8.419770436418617e-11,189
CyclicControl,neural,40,noG,45,0.0041890954651855015,-0.09647634536312132,0.641205688707493,0.38649789534634277,0.414222086373814,8.657519146026971e-13,236,8.41977598753374e-11,189
CyclicControl,neural,40,noG,50,0.004189095465255565,-0.0964763453636861,0.6412056887080191,0.3864978953463796,0.41422208637376706,8.658629369051596e-13,236,8.419770436418617e-11,189
CyclicControl,neural,40,noG,55,0.004189095465266185,-0.09647634536377173,0.6412056887080987,0.386497895346383,0.41422208637376,8.657519146026971e-13,236,8.41977598753374e-11,189
CyclicControl,neural,40,noG,60,0.004189095465266185,-0.09647634536377173,0.6412056887080987,0.386497895346383,0.41422208637376,8.657519146026971e-13,236,8.41977598753374e-11,189
CyclicControl,neural,41,noG,0,-0.02947827835436645,-0.4144462975348892,1.1463252885644828,0.5854211970591852,0.396096270091797,8.482103908136196e-13,239,8.626166447811556e-11,190
CyclicControl,neural,41,noG,5,-0.011363106068836648,-0.1419012658739389,0.9694201518352085,0.5426971439486536,0.39750796552068446,8.630873793435967e-13,240,8.438216791972764e-11,192
CyclicControl,neural,41,noG,10,0.0009421231860471276,-0.0873996373481419,0.9222488023738974,0.5360701746755425,0.3976166916384691,8.708589405159728e-13,240,8.54938342342848e-11,192
CyclicControl,neural,41,noG,15,0.004820035548190227,-0.09767086218093107,0.9279390321520335,0.5358168870327894,0.39730694170080594,8.659739592076221e-13,240,8.477807345030897e-11,192
CyclicControl,neural,41,noG,20,0.0066370462275562765,-0.1033739119483971,0.9303400345011955,0.5358757788603554,0.39711804697157604,8.624212455288216e-13,240,8.426426223451244e-11,192
CyclicControl,neural,41,noG,25,0.007705373092372772,-0.10761410427545132,0.9322793780476255,0.5359477181169247,0.39699572957371365,8.602007994795713e-13,240,8.390710348749053e-11,192
CyclicControl,neural,41,noG,30,0.008427953154246264,-0.11220318234405102,0.935156647052257,0.5360083921625995,0.3969087508463,8.583134203377085e-13,240,8.364131609539527e-11,192
CyclicControl,neural,41,noG,35,0.008966401465469414,-0.11563934567409911,0.9372336889838071,0.5360586379742167,0.39684188882031807,8.568701304056958e-13,240,8.343048474301895e-11,192
CyclicControl,neural,41,noG,40,0.0093981191355863,-0.11840537103992577,0.9388575350488153,0.5361014458894591,0.3967871045979502,8.557599073810707e-13,240,8.32535151928937e-11,192
CyclicControl,neural,41,noG,45,0.009765415527145,-0.12076679634426309,0.9402098967195684,0.5361393044533731,0.39673972307402955,8.546496843564455e-13,240,8.30974178356314e-11,192
CyclicControl,neural,41,noG,50,0.010094219514317677,-0.12315796402766449,0.9416682497212356,0.5361740979143379,0.3966967403018353,8.537615059367454e-13,240,8.295275577552275e-11,192
CyclicControl,neural,41,noG,55,0.010402390787001878,-0.12548329347184128,0.9430936818804511,0.536207312059082,0.3966559968696544,8.528733275170453e-13,240,8.281347829708352e-11,192
CyclicControl,neural,41,noG,60,0.01070401073138785,-0.12776721037746946,0.9444725381137404,0.5362402351472434,0.3966157162830871,8.517631044924201e-13,240,8.267347917367829e-11,192
CyclicControl,neural,42,noG,0,-0.00307818542376061,-0.3867418447102892,0.4933760159924804,0.18997726127615824,0.2241180495252982,8.431033649003439e-13,233,8.303352450056423e-11,182
CyclicControl,neural,42,noG,5,-0.00307818542376061,-0.3867418447102892,0.4933760159924804,0.18997726127615824,0.2241180495252982,8.431033649003439e-13,233,8.303352450056423e-11,182
CyclicControl,neural,42,noG,10,-0.00307818542376061,-0.3867418447102892,0.4933760159924804,0.18997726127615824,0.2241180495252982,8.431033649003439e-13,233,8.303352450056423e-11,182
CyclicControl,neural,42,noG,15,-0.00307818542376061,-0.3867418447102892,0.4933760159924804,0.18997726127615824,0.2241180495252982,8.431033649003439e-13,233,8.303352450056423e-11,182
CyclicControl,neural,42,noG,20,-0.00307818542376061,-0.3867418447102892,0.4933760159924804,0.18997726127615824,0.2241180495252982,8.431033649003439e-13,233,8.303352450056423e-11,182
CyclicControl,neural,42,noG,25,-0.00307818542376061,-0.3867418447102892,0.4933760159924804,0.18997726127615824,0.2241180495252982,8.431033649003439e-13,233,8.303352450056423e-11,182
CyclicControl,neural,42,noG,30,-0.00307818542376061,-0.3867418447102892,0.4933760159924804,0.18997726127615824,0.2241180495252982,8.431033649003439e-13,233,8.303352450056423e-11,182
CyclicControl,neural,42,noG,35,-0.00307818542376061,-0.3867418447102892,0.4933760159924804,0.18997726127615824,0.2241180495252982,8.431033649003439e-13,233,8.303352450056423e-11,182
CyclicControl,neural,42,noG,40,-0.00307818542376061,-0.3867418447102892,0.4933760159924804,0.18997726127615824,0.2241180495252982,8.431033649003439e-13,233,8.303352450056423e-11,182
CyclicControl,neural,42,noG,45,-0.00307818542376061,-0.3867418447102892,0.4933760159924804,0.18997726127615824,0.2241180495252982,8.431033649003439e-13,233,8.303352450056423e-11,182
CyclicControl,neural,42,noG,50,-0.00307818542376061,-0.3867418447102892,0.4933760159924804,0.18997726127615824,0.2241180495252982,8.431033649003439e-13,233,8.303352450056423e-11,182
CyclicControl,neural,42,noG,55,-0.00307818542376061,-0.3867418447102892,0.4933760159924804,0.18997726127615824,0.2241180495252982,8.431033649003439e-13,233,8.303352450056423e-11,182
CyclicControl,neural,42,noG,60,-0.00307818542376061,-0.3867418447102892,0.4933760159924804,0.18997726127615824,0.2241180495252982,8.431033649003439e-13,233,8.303352450056423e-11,182
CyclicControl,neural,43,noG,0,0.016345614197341964,-0.5510538825665362,0.8702926223607643,0.40505152338109096,0.30808239512603297,8.759659664292485e-13,236,8.116479710551516e-11,186
CyclicControl,neural,43,noG,5,0.016345614197341964,-0.5510538825665362,0.8702926223607643,0.40505152338109096,0.30808239512603297,8.759659664292485e-13,236,8.116479710551516e-11,186
CyclicControl,neural,43,noG,10,0.016345614197341964,-0.5510538825665362,0.8702926223607643,0.40505152338109096,0.30808239512603297,8.759659664292485e-13,236,8.116479710551516e-11,186
CyclicControl,neural,43,noG,15,0.016345614197341964,-0.5510538825665362,0.8702926223607643,0.40505152338109096,0.30808239512603297,8.759659664292485e-13,236,8.116479710551516e-11,186
CyclicControl,neural,43,noG,20,0.016345614197341964,-0.5510538825665362,0.8702926223607643,0.40505152338109096,0.30808239512603297,8.759659664292485e-13,236,8.116479710551516e-11,186
CyclicControl,neural,43,noG,25,0.016345614197341964,-0.5510538825665362,0.8702926223607643,0.40505152338109096,0.30808239512603297,8.759659664292485e-13,236,8.116479710551516e-11,186
CyclicControl,neural,43,noG,30,0.016345614197341964,-0.5510538825665362,0.8702926223607643,0.40505152338109096,0.30808239512603297,8.759659664292485e-13,236,8.116479710551516e-11,186
CyclicControl,neural,43,noG,35,0.016345614197341964,-0.5510538825665362,0.8702926223607643,0.40505152338109096,0.30808239512603297,8.759659664292485e-13,236,8.116479710551516e-11,186
CyclicControl,neural,43,noG,40,0.016345614197341964,-0.5510538825665362,0.8702926223607643,0.40505152338109096,0.30808239512603297,8.759659664292485e-13,236,8.116479710551516e-11,186
CyclicControl,neural,43,noG,45,0.016345614197341964,-0.5510538825665362,0.8702926223607643,0.40505152338109096,0.30808239512603297,8.759659664292485e-13,236,8.116479710551516e-11,186
CyclicControl,neural,43,noG,50,0.016345614197341964,-0.5510538825665362,0.8702926223607643,0.40505152338109096,0.30808239512603297,8.759659664292485e-13,236,8.116479710551516e-11,186
CyclicControl,neural,43,noG,55,0.016345614197341964,-0.5510538825665362,0.8702926223607643,0.40505152338109096,0.30808239512603297,8.759659664292485e-13,236,8.116479710551516e-11,186
CyclicControl,neural,43,noG,60,0.016345614197341964,-0.5510538825665362,0.8702926223607643,0.40505152338109096,0.30808239512603297,8.759659664292485e-13,236,8.116479710551516e-11,186
CyclicControl,neural,44,noG,0,-0.007749912765835717,-0.9807203269006173,1.198285556009474,0.7118698487293761,0.4620910658330043,8.285594432777543e-13,242,8.741585233451588e-11,194
CyclicControl,neural,44,noG,5,-0.02321244278160152,-0.9301580808257357,1.1847888087276701,0.7025933945686017,0.46542949859492727,8.731904088676856e-13,241,8.982925514544604e-11,193
CyclicControl,neural,44,noG,10,-0.038080420900240566,-0.7799211612412518,1.1904290231408492,0.6831040364299005,0.4679027225486352,8.135714324453147e-13,240,8.474027035632048e-11,191
CyclicControl,neural,44,noG,15,-0.036219247581726136,-0.5296727560496219,1.184296089841979,0.6358726796564175,0.4644101096949574,8.428813202954188e-13,238,8.700579146037057e-11,189
CyclicControl,neural,44,noG,20,-0.016980877438616107,-0.23985958480230607,1.0499179299248174,0.5944119119532899,0.4580509215515912,8.448797217397441e-13,240,8.431066955694178e-11,192
CyclicControl,neural,44,noG,25,-0.00944473903671525,-0.19878788126042476,1.0321971721849392,0.5938729989344713,0.45549403055794024,8.691936059790351e-13,240,8.75292061053301e-11,192
CyclicControl,neural,44,noG,30,-0.008539900247517513,-0.19499287138697094,1.0303974365362147,0.5941507029638758,0.45514857289011496,8.713030297258229e-13,240,8.779921234491894e-11,192
CyclicControl,neural,44,noG,35,-0.008427235838089244,-0.19452006147658432,1.0301619600595322,0.5941897917648681,0.4551050258161386,8.715250743307479e-13,240,8.783140881263307e-11,192
CyclicControl,neural,44,noG,40,-0.008413116236301409,-0.19446080167647278,1.0301322719123636,0.5941947597280792,0.4550995600342688,8.717471189356729e-13,240,8.783540561552172e-11,192
CyclicControl,neural,44,noG,45,-0.008411345210851602,-0.19445336862096557,1.0301285453354956,0.5941953839461624,0.4550988743298652,8.715250743307479e-13,240,8.783596072703403e-11,192
CyclicControl,neural,44,noG,50,-0.008411123047054414,-0.19445243619046262,1.0301280778164879,0.5941954622673885,0.45509878831059686,8.716360966332104e-13,240,8.783584970473157e-11,192
CyclicControl,neural,44,noG,55,-0.008411095177639615,-0.19445231922137368,1.0301280191677136,0.594195472092692,0.45509877751984773,8.716360966332104e-13,240,8.783596072703403e-11,192
CyclicControl,neural,44,noG,60,-0.00841109168152861,-0.19445230454805057,1.0301280118104401,0.5941954733252409,0.4550987761661894,8.716360966332104e-13,240,8.783584970473157e-11,192
CyclicControl,neural,45,noG,0,-0.003034287148446015,-0.5444277221668828,0.7573368560295957,0.32657396576366216,0.2969458922568231,8.654188476953095e-13,236,8.245815141805224e-11,186
CyclicControl,neural,45,noG,5,-0.010377978716123115,-0.4556224692828695,0.6889099499567063,0.29758709917187093,0.2943408437384161,8.941181128818698e-13,234,8.937850459744823e-11,183
CyclicControl,neural,45,noG,10,-0.01239364650120165,-0.39477354534311593,0.7098467463711952,0.29581166229523914,0.29197520301545044,8.608114221431151e-13,233,8.354086866724231e-11,182
CyclicControl,neural,45,noG,15,-0.012586780864249913,-0.38417472768693217,0.7117465671720584,0.29605922581585575,0.2914760626141149,8.377187832309119e-13,233,8.100220494355881e-11,182
CyclicControl,neural,45,noG,20,-0.012616892513085093,-0.38229827182371473,0.7120218610042471,0.29611525975457414,0.291386025677975,8.336109580397988e-13,233,8.951042684834931e-11,181
CyclicControl,neural,45,noG,25,-0.012622140453049546,-0.3819634042583586,0.7120691157196755,0.29612562387743746,0.2913699093993395,8.328893130737924e-13,233,8.942288576285762e-11,181
CyclicControl,neural,45,noG,30,-0.012623074447829301,-0.38190355194062575,0.7120775022974191,0.29612748781138565,0.2913670273427601,8.327782907713299e-13,233,8.940720386263479e-11,181
CyclicControl,neural,45,noG,35,-0.012623241304184282,-0.3818928512718963,0.7120789997894452,0.29612782142109223,0.29136651202701747,8.327782907713299e-13,233,8.940442830507322e-11,181
CyclicControl,neural,45,noG,40,-0.012623271132949069,-0.3818909380614271,0.712079267470676,0.2961278810800855,0.2913664198903377,8.327227796200987e-13,233,8.940392870471214e-11,181
CyclicControl,neural,45,noG,45,-0.012623276466056954,-0.3818905959887005,0.712079315328839,0.29612789174719767,0.2913664034166981,8.327227796200987e-13,233,8.94038454379853e-11,181
CyclicControl,neural,45,noG,50,-0.012623277419588571,-0.3818905348276313,0.7120793238856024,0.2961278936544425,0.2913664004712834,8.327227796200987e-13,233,8.940381768240968e-11,181
CyclicControl,neural,45,noG,55,-0.012623277590075255,-0.381890523892328,0.712079325415508,0.2961278939954487,0.2913663999446574,8.327227796200987e-13,233,8.940378992683407e-11,181
CyclicControl,neural,45,noG,60,-0.012623277620557642,-0.3818905219371359,0.7120793256890493,0.29612789405641915,0.29136639985049845,8.327227796200987e-13,233,8.940381768240968e-11,181
CyclicControl,neural,46,noG,0,-0.04123301142954973,-0.638779524457907,1.2853846756625782,0.6956437466297898,0.453064256245867,8.326672684688674e-13,238,8.908929149953337e-11,188
CyclicControl,neural,46,noG,5,-0.02706257940606647,-0.3368631963317049,1.1260533721996149,0.6035649323405892,0.45078250146335846,8.231193504570911e-13,240,8.867895306963192e-11,191
CyclicControl,neural,46,noG,10,-0.0017520044205860442,-0.13634734535934573,0.9685201741529987,0.5568242785275814,0.44699216140679293,8.681944052568724e-13,240,8.650025140610751e-11,192
CyclicControl,neural,46,noG,15,0.004403051402261026,-0.16045669664158219,0.9878538978314035,0.5569751299981569,0.4453104984151144,8.630873793435967e-13,240,8.580081090059366e-11,192
CyclicControl,neural,46,noG,20,0.005425256306902413,-0.16644051531277285,0.992474661133925,0.5572383675798018,0.4449833078761936,8.615330671091215e-13,240,8.559808417629711e-11,192
CyclicControl,neural,46,noG,25,0.005624057867989857,-0.1676073031382342,0.9933570027705492,0.557296146489332,0.4449181363681726,8.612000002017339e-13,240,8.555567365675643e-11,192
CyclicControl,neural,46,noG,30,0.005663997371270947,-0.16784183880913917,0.9935336277740314,0.5573080040725813,0.4449049832219858,8.610889778992714e-13,240,8.554712493946681e-11,192
CyclicControl,neural,46,noG,35,0.005672074242235106,-0.16788927360034966,0.9935693202723967,0.5573104120893678,0.4449023208506872,8.610889778992714e-13,240,8.554545960492987e-11,192
CyclicControl,neural,46,noG,40,0.005673709787061859,-0.16789887923247418,0.993576546845068,0.5573109001188714,0.4449017816276095,8.612000002017339e-13,240,8.554490449341756e-11,192
CyclicControl,neural,46,noG,45,0.005674041070001022,-0.16790082488160338,0.9935780105584935,0.5573109989871602,0.44490167240277423,8.610889778992714e-13,240,8.55447934711151e-11,192
CyclicControl,neural,46,noG,50,0.005674108175700277,-0.1679012189986824,0.9935783070510338,0.557311019014924,0.4449016502776847,8.613110225041964e-13,240,8.554490449341756e-11,192
CyclicControl,neural,46,noG,55,0.005674121768981289,-0.1679012988331116,0.993578367110038,0.5573110230718767,0.4449016457959042,8.610889778992714e-13,240,8.554501551572002e-11,192
CyclicControl,neural,46,noG,60,0.005674124522577462,-0.1679013150052031,0.9935783792762111,0.5573110238936979,0.4449016448880278,8.610889778992714e-13,240,8.554490449341756e-11,192
CyclicControl,neural,47,noG,0,0.004240351849628015,-0.6083391387937963,1.3268712141819718,0.7667894374439163,0.5346433149169293,8.325562461664049e-13,239,8.271638929358005e-11,191
CyclicControl,neural,47,noG,5,0.020232378557577636,-0.6921033869738904,1.1975330642165412,0.7358246270422069,0.5257764460108054,8.912870441690757e-13,238,8.729256206763125e-11,189
CyclicControl,neural,47,noG,10,0.020415221402434028,-0.692693385783218,1.2418980340606036,0.7182097773253409,0.5175540934481768,8.919531779838508e-13,238,8.166911591445114e-11,190
CyclicControl,neural,47,noG,15,0.015625652325371824,-0.65093412117872,1.2644503038701735,0.7174639237731767,0.5115805910490334,8.382183835919932e-13,238,8.632200509950394e-11,189
CyclicControl,neural,47,noG,20,0.009261297739536805,-0.5731070388935059,1.2407708164699738,0.716666137654888,0.5056649183209058,8.597567102697212e-13,238,8.220629732491602e-11,189
CyclicControl,neural,47,noG,25,0.0040199671407524906,-0.4964197412381625,1.196814522997795,0.7154632963313295,0.5004620657998545,8.115730310009894e-13,239,8.786149585660041e-11,189
CyclicControl,neural,47,noG,30,0.0022074184826188148,-0.4813538798871898,1.1891962262577063,0.7161797635341658,0.49777580739922545,8.202327705930657e-13,239,8.932338202427559e-11,189
CyclicControl,neural,47,noG,35,0.0016952315223058578,-0.4824041202137841,1.1914369441932764,0.7167999488466525,0.49676535412969514,8.215650382226158e-13,239,8.958883634946346e-11,189
CyclicControl,neural,47,noG,40,0.001538201537126629,-0.485419893286454,1.1946752772363263,0.7170568137748435,0.4964170463650599,8.220091274324659e-13,239,8.964640141329028e-11,189
CyclicControl,neural,47,noG,45,0.001487358230453109,-0.48642278504364167,1.1957322614423962,0.7171483250220954,0.49629948007261715,8.220091274324659e-13,239,8.966200004678626e-11,189
CyclicControl,neural,47,noG,50,0.0014705368576376585,-0.48675765512270386,1.196082931770666,0.7171795698615422,0.4962600277879993,8.220091274324659e-13,239,8.966671849464092e-11,189
CyclicControl,neural,47,noG,55,0.001464929061578423,-0.48686963927170945,1.1961999452840648,0.7171900958406048,0.49624681246232666,8.220091274324659e-13,239,8.966827280687539e-11,189
CyclicControl,neural,47,noG,60,0.0014630547272954891,-0.4869071076090018,1.196239067839839,0.7171936263603405,0.4962423883253322,8.220091274324659e-13,239,8.96688279183877e-11,189
CyclicControl,neural,48,noG,0,0.004118032258207498,-0.14088002363661237,0.5387521857926567,0.2278287579194374,0.281348242620071,8.675282714420973e-13,233,8.649936322768781e-11,183
CyclicControl,neural,48,noG,5,0.004118032258207498,-0.14088002363661237,0.5387521857926567,0.2278287579194374,0.281348242620071,8.675282714420973e-13,233,8.649936322768781e-11,183
CyclicControl,neural,48,noG,10,0.004118032258207498,-0.14088002363661237,0.5387521857926567,0.2278287579194374,0.281348242620071,8.675282714420973e-13,233,8.649936322768781e-11,183
CyclicControl,neural,48,noG,15,0.004118032258207498,-0.14088002363661237,0.5387521857926567,0.2278287579194374,0.281348242620071,8.675282714420973e-13,233,8.649936322768781e-11,183
CyclicControl,neural,48,noG,20,0.004118032258207498,-0.14088002363661237,0.5387521857926567,0.2278287579194374,0.281348242620071,8.675282714420973e-13,233,8.649936322768781e-11,183
CyclicControl,neural,48,noG,25,0.004118032258207498,-0.14088002363661237,0.5387521857926567,0.2278287579194374,0.281348242620071,8.675282714420973e-13,233,8.649936322768781e-11,183
CyclicControl,neural,48,noG,30,0.004118032258207498,-0.14088002363661237,0.5387521857926567,0.2278287579194374,0.281348242620071,8.675282714420973e-13,233,8.649936322768781e-11,183
CyclicControl,neural,48,noG,35,0.004118032258207498,-0.14088002363661237,0.5387521857926567,0.2278287579194374,0.281348242620071,8.675282714420973e-13,233,8.649936322768781e-11,183
CyclicControl,neural,48,noG,40,0.004118032258207498,-0.14088002363661237,0.5387521857926567,0.2278287579194374,0.281348242620071,8.675282714420973e-13,233,8.649936322768781e-11,183
CyclicControl,neural,48,noG,45,0.004118032258207498,-0.14088002363661237,0.5387521857926567,0.2278287579194374,0.281348242620071,8.675282714420973e-13,233,8.649936322768781e-11,183
CyclicControl,neural,48,noG,50,0.004118032258207498,-0.14088002363661237,0.5387521857926567,0.2278287579194374,0.281348242620071,8.675282714420973e-13,233,8.649936322768781e-11,183
CyclicControl,neural,48,noG,55,0.004118032258207498,-0.14088002363661237,0.5387521857926567,0.2278287579194374,0.281348242620071,8.675282714420973e-13,233,8.649936322768781e-11,183
CyclicControl,neural,48,noG,60,0.004118032258207498,-0.14088002363661237,0.5387521857926567,0.2278287579194374,0.281348242620071,8.675282714420973e-13,233,8.649936322768781e-11,183
CyclicControl,neural,49,noG,0,-0.006328067430073097,-0.19005050300060872,0.6872884070716478,0.2625407411523423,0.23469922375356775,8.781864124784988e-13,235,8.372103010856335e-11,184
CyclicControl,neural,49,noG,5,-0.0028951722422071993,-0.14491603310450285,0.6576627365104704,0.2608548199081275,0.2348419369866396,8.151257446797899e-13,236,8.80044370710209e-11,184
CyclicControl,neural,49,noG,10,0.00022199482837890737,-0.12361735481664664,0.6379507616532312,0.25951258816529843,0.234959482509118,8.176792576364278e-13,236,8.826839259512553e-11,184
CyclicControl,neural,49,noG,15,0.00247652157359264,-0.13545085618344535,0.6438376810499516,0.25881236997290796,0.2349574968385553,8.978373600143641e-13,235,8.635417381164245e-11,184
CyclicControl,neural,49,noG,20,0.004215312363091711,-0.16010796021941692,0.6591323536623832,0.2583875047157988,0.2349015518364719,8.813505480986805e-13,235,8.347453284152095e-11,184
CyclicControl,neural,49,noG,25,0.005823173374007201,-0.19270040713395414,0.6781501011931849,0.2579746559068695,0.23482450985595765,8.573697307667771e-13,235,8.822617636461416e-11,183
CyclicControl,neural,49,noG,30,0.007683776259428487,-0.24326048499893158,0.7035172150879501,0.257146467144758,0.23477484403013066,8.129052986305396e-13,235,8.899342374135699e-11,182
CyclicControl,neural,49,noG,35,0.009789349919702199,-0.3388994274007393,0.7239840342835024,0.25270698894199234,0.23541161613312603,8.396061623727746e-13,233,8.806577689313144e-11,179
CyclicControl,neural,49,noG,40,0.007889897746158288,-0.43233997345640207,0.6749257115044849,0.23693747229575532,0.23659771768381577,8.484324354185446e-13,234,8.351494495961731e-11,182
CyclicControl,neural,49,noG,45,0.0015127054460924356,-0.47332317155460313,0.5559743215106966,0.223605144914858,0.23768873000515567,8.359979375427429e-13,235,8.832928832802622e-11,183
CyclicControl,neural,49,noG,50,-0.0023356628899689745,-0.4715382634832635,0.5779449769237941,0.2216666462215293,0.23750991057482967,8.328338019225612e-13,235,8.803424655923209e-11,183
CyclicControl,neural,49,noG,55,-0.003975966192446871,-0.46618627883961306,0.5924112271622932,0.22152884289464958,0.23721321656621897,8.234524173644786e-13,235,8.646841576087638e-11,183
CyclicControl,neural,49,noG,60,-0.004910127679998134,-0.46179538728630143,0.5995883234242225,0.22156972068911923,0.23699232085673091,8.156253450408713e-13,235,8.516648497547408e-11,183
CyclicControl,neural,40,GDA,0,-0.04088501394024287,-0.678524580387704,1.0524587160640215,0.5913720828524124,0.4422803856547468,8.737455203799982e-13,238,8.539108309335575e-11,189
CyclicControl,neural,40,GDA,5,-0.035667427267309745,-0.4569555964696208,0.9283789901290465,0.5038088246796004,0.43533135265670914,8.324452238639424e-13,235,8.609452040175825e-11,187
CyclicControl,neural,40,GDA,10,-0.015385647254522582,-0.19219786482824436,0.7270000632875695,0.40601454672090875,0.4243710135885806,8.499867476530198e-13,236,8.242734272911889e-11,189
CyclicControl,neural,40,GDA,15,0.010116630389698195,-0.144578390450624,0.6863841178440342,0.39429998698352425,0.4118138261349555,8.610889778992714e-13,236,8.349426705578367e-11,189
CyclicControl,neural,40,GDA,20,0.02989478473494059,-0.36645200022057045,0.8593365556194094,0.457704845211774,0.40117549475315045,8.70470362457354e-13,235,8.981942967167811e-11,187
CyclicControl,neural,40,GDA,25,0.03659082221220076,-0.5494916493153535,0.9460867520491956,0.5057325931453939,0.39435132678768897,8.734124534726107e-13,236,8.42245717613821e-11,186
CyclicControl,neural,40,GDA,30,0.028656625326299298,-0.6733000275864729,0.9394205933425215,0.4991064273301489,0.3908479667262937,8.668621376273222e-13,238,8.551337415951821e-11,189
CyclicControl,neural,40,GDA,35,0.009950805898287653,-0.7311314752153535,0.8478594428553375,0.4579054194578921,0.38899478178639035,8.47211190091457e-13,239,8.760953074116173e-11,190
CyclicControl,neural,40,GDA,40,-0.012211568981966146,-0.7189527192607413,0.8846976328455274,0.4559524211742423,0.3875097094023482,8.3322237998118e-13,239,8.556932939995932e-11,190
CyclicControl,neural,40,GDA,45,-0.029503340018256247,-0.6356169160155092,1.087221004539662,0.5337170219614114,0.38637910627792227,8.184564137536654e-13,238,8.771616766267698e-11,188
CyclicControl,neural,40,GDA,50,-0.03515513289017875,-0.48471076708803784,1.1759306805101248,0.6136300129975086,0.3868825517125254,8.899547765395255e-13,238,8.588890709759767e-11,189
CyclicControl,neural,40,GDA,55,-0.02649918753598438,-0.282281280968793,1.1395532425267447,0.6384279823321553,0.3905518712165455,8.93951579428176e-13,240,8.815959073871227e-11,192
CyclicControl,neural,40,GDA,60,-0.0066758822720038025,-0.12670301275265106,1.054973026517223,0.6263943494384978,0.39723761745362757,8.713030297258229e-13,241,8.947842466966449e-11,193
CyclicControl,neural,41,GDA,0,-0.02947827835436645,-0.41444629753488915,1.146325288564483,0.5854211970591852,0.396096270091797,8.482103908136196e-13,239,8.62617199892668e-11,190
CyclicControl,neural,41,GDA,5,-0.011363106068836648,-0.1419012658739389,0.9694201518352086,0.5426971439486543,0.39750796552068446,8.633094239485217e-13,240,8.438216791972764e-11,192
CyclicControl,neural,41,GDA,10,0.011803272884270714,-0.13524121167998504,0.9557333749117289,0.5428705935074776,0.3997278344552027,8.557599073810707e-13,240,8.32552915497331e-11,192
CyclicControl,neural,41,GDA,15,0.028742809473871395,-0.29421650319261905,1.0042882876024253,0.5423138070635611,0.4007934584719156,8.227862835497035e-13,239,8.208539403753434e-11,190
CyclicControl,neural,41,GDA,20,0.031193476336551527,-0.45743109228586976,0.9688017651260248,0.49049444096097516,0.3981844013162234,8.129052986305396e-13,236,8.697587094985693e-11,185
CyclicControl,neural,41,GDA,25,0.01833742491847417,-0.5667635048989038,0.8193591409669521,0.41010888867673584,0.3916361698703939,8.109068971862143e-13,237,8.430817155513637e-11,188
CyclicControl,neural,41,GDA,30,-0.0029180479241661694,-0.5962312923115284,0.6830080553036973,0.3737095860958581,0.38335544303274255,8.530953721219703e-13,237,8.113759664141185e-11,189
CyclicControl,neural,41,GDA,35,-0.021967318161187157,-0.5410906738609251,0.7505576717746858,0.38970403437632706,0.37556832563974957,8.600897771771088e-13,236,8.829792452758056e-11,187
CyclicControl,neural,41,GDA,40,-0.030241213157851617,-0.4129439211782614,0.7800106342734555,0.39679338654296153,0.368576280921813,8.10407296825133e-13,234,8.570816278918869e-11,184
CyclicControl,neural,41,GDA,45,-0.02515200559043507,-0.2622118996247836,0.7438161437945291,0.37205540914980006,0.3614559993151082,8.505418591653324e-13,235,8.800526973828937e-11,185
CyclicControl,neural,41,GDA,50,-0.010307976902943598,-0.13915601656794663,0.6883652320193034,0.33864555415966185,0.3538783687831892,8.730793865652231e-13,236,8.498635128972865e-11,187
CyclicControl,neural,41,GDA,55,0.007284690473787983,-0.1245108204406951,0.6922033893343416,0.33881158416593304,0.3467367135419428,8.122391648157645e-13,237,8.700440368158979e-11,187
CyclicControl,neural,41,GDA,60,0.020686076937532497,-0.33885092248086296,0.8738791718082706,0.39259663593417105,0.34146442574400426,8.505418591653324e-13,236,8.557954345178587e-11,186
CyclicControl,neural,42,GDA,0,-0.00307818542376061,-0.3867418447102893,0.49337601599248043,0.18997726127615813,0.2241180495252982,8.430478537491126e-13,233,8.303355225613984e-11,182
CyclicControl,neural,42,GDA,5,-0.008635906112845168,-0.35680989036783634,0.5646983026789656,0.2020880807618318,0.22168969414883485,8.642531135194531e-13,232,8.756051439462453e-11,180
CyclicControl,neural,42,GDA,10,-0.010149217704320606,-0.2928255663907513,0.5753675600006509,0.20155874158029824,0.21950146157835848,8.756884106730922e-13,230,8.186690214628811e-11,177
CyclicControl,neural,42,GDA,15,-0.007155966123737135,-0.2044865109547292,0.53004796871043,0.1850383664348133,0.21671861764627168,8.762990333366361e-13,231,8.638578741226866e-11,179
CyclicControl,neural,42,GDA,20,-0.001190355189275237,-0.1200484764783872,0.4552671000917007,0.16749409262299242,0.21312547692581618,8.121836536645333e-13,232,8.532655138004941e-11,180
CyclicControl,neural,42,GDA,25,0.005060324940352319,-0.13272870971725298,0.444922402709176,0.16510221034711287,0.20938836897892718,8.40327807338781e-13,231,8.757919389701385e-11,179
CyclicControl,neural,42,GDA,30,0.008978094142613217,-0.25979918812581826,0.5188342044553063,0.17638912324404366,0.2064981701128569,8.634759574022155e-13,229,8.260857276010114e-11,177
CyclicControl,neural,42,GDA,35,0.009045919094010991,-0.35886991509279387,0.5525610883995499,0.1859436407587844,0.20500419719536087,8.693601394327288e-13,232,8.134737328191477e-11,179
CyclicControl,neural,42,GDA,40,0.00534480651809085,-0.41848512162899404,0.5358551362489841,0.18497561687869432,0.20467786761898918,8.212874824664596e-13,234,8.646527938083182e-11,181
CyclicControl,neural,42,GDA,45,-0.0005566332637227539,-0.4333194560728963,0.48375042525930034,0.18013756869902234,0.2047977289881178,8.503753257116387e-13,234,8.297204590057561e-11,182
CyclicControl,neural,42,GDA,50,-0.006222545071500214,-0.4019838459255242,0.5565854371770925,0.18280996350087977,0.20475390385932116,8.764655667903298e-13,233,8.133030360291116e-11,181
CyclicControl,neural,42,GDA,55,-0.009287939691582408,-0.3273199108078214,0.6151181369882793,0.19251651088449287,0.20449705574846513,8.810729923425242e-13,231,8.78955658256686e-11,177
CyclicControl,neural,42,GDA,60,-0.008426747359397954,-0.2165602431352519,0.6053346659731854,0.20061271950417026,0.20449216682798033,8.47655279301307e-13,233,8.255657268918526e-11,180
CyclicControl,neural,43,GDA,0,0.016345614197341964,-0.5510538825665362,0.8702926223607643,0.4050515233810904,0.30808239512603297,8.759659664292485e-13,236,8.116474159436393e-11,186
CyclicControl,neural,43,GDA,5,0.010032236305016144,-0.6198271959497071,0.9026350338991537,0.4114195312547455,0.30917157734655476,8.86846152070575e-13,237,8.957773411921721e-11,187
CyclicControl,neural,43,GDA,10,-0.0004090123127568956,-0.6203114013657303,0.843355303087498,0.37903055457702306,0.3103970714024533,8.875122858853501e-13,237,8.14383560587828e-11,188
CyclicControl,neural,43,GDA,15,-0.010469391003451439,-0.5545935877463442,0.7245301346783473,0.3442479215184625,0.3095233268535299,8.815170815523743e-13,236,8.516637395317161e-11,186
CyclicControl,neural,43,GDA,20,-0.01591060573018336,-0.4307046623841113,0.7944060975160891,0.33733838178303305,0.30662159427304025,8.452127886471317e-13,234,8.144265817300322e-11,183
CyclicControl,neural,43,GDA,25,-0.014536704780312954,-0.26651944074726264,0.78363154394798,0.35395119109430895,0.3039179573367164,8.218981051300034e-13,236,8.342737611855e-11,185
CyclicControl,neural,43,GDA,30,-0.0071261991123644074,-0.21661008924958397,0.8250821363328102,0.38034291128853803,0.30370154379988673,8.706368959110478e-13,237,8.710188126315188e-11,187
CyclicControl,neural,43,GDA,35,0.0029103662274340253,-0.2672653598493014,0.8955235447545553,0.3959597444137172,0.3059419049964463,8.988365607365267e-13,237,8.200201628838499e-11,188
CyclicControl,neural,43,GDA,40,0.011051516508830087,-0.28656933105942967,0.8627566356734875,0.3782519529614781,0.3080663402638416,8.242295734817162e-13,237,8.706624310406141e-11,186
CyclicControl,neural,43,GDA,45,0.013718204140930728,-0.28849317488218007,0.7493018778655005,0.3300831938899994,0.3072836515750838,8.13848988201471e-13,235,8.133121953690647e-11,183
CyclicControl,neural,43,GDA,50,0.009905048181255802,-0.3469461547865969,0.644642802046038,0.28444120381569094,0.3031049803075752,8.404943407924748e-13,232,8.713141319560691e-11,182
CyclicControl,neural,43,GDA,55,0.0015835369926176365,-0.4425886536652711,0.6419592159483262,0.2834695378475558,0.2977557075321204,8.6852747216426e-13,234,8.517819782838387e-11,184
CyclicControl,neural,43,GDA,60,-0.007316956185566057,-0.48300784316508966,0.7888914897331318,0.3262713562296997,0.2941195905739119,8.530953721219703e-13,235,8.917946936470855e-11,184
CyclicControl,neural,44,GDA,0,-0.007749912765835717,-0.9807203269006175,1.1982855560094743,0.7118698487293766,0.4620910658330043,8.286704655802168e-13,242,8.741574131221341e-11,194
CyclicControl,neural,44,GDA,5,-0.03162902890119733,-0.8778879893165912,1.1895835777600952,0.6995552025855927,0.4688242131195521,8.240075288767912e-13,241,8.236245019332955e-11,193
CyclicControl,neural,44,GDA,10,-0.04000166101894664,-0.6707206393807537,1.2101867957173242,0.6677159253598768,0.4687058662266081,8.635314685534468e-13,238,8.227307723984723e-11,189
CyclicControl,neural,44,GDA,15,-0.028671796556147357,-0.3858751654159136,1.132393116765928,0.6125595543425737,0.4630463784853192,8.65085780787922e-13,239,8.399420048377237e-11,191
CyclicControl,neural,44,GDA,20,-0.003323537842480095,-0.18651169623074762,1.0388428708784787,0.6054509531137499,0.45732278757711464,8.889555758173628e-13,240,8.117806427065943e-11,193
CyclicControl,neural,44,GDA,25,0.023307580080425237,-0.3384558430378161,1.179943422817802,0.6511994409504971,0.4549759198094689,8.776313009661862e-13,240,8.777500948298211e-11,192
CyclicControl,neural,44,GDA,30,0.03816130276522295,-0.4503287025014862,1.1698735497123325,0.6378431498882385,0.45351166631960566,8.338885137959551e-13,239,8.472134105375062e-11,190
CyclicControl,neural,44,GDA,35,0.03455873349535424,-0.5059902257112484,1.0163314256388127,0.5349284774364111,0.447889938982558,8.112399640936019e-13,236,8.370187876138857e-11,187
CyclicControl,neural,44,GDA,40,0.015129377586535155,-0.5218812200092119,0.7707487772705474,0.41012509821038656,0.43645425642924646,8.29558643999917e-13,236,8.689476915790806e-11,188
CyclicControl,neural,44,GDA,45,-0.010307053790488605,-0.5217973054967247,0.7240475699961624,0.4010325690359055,0.4225935856201922,8.29558643999917e-13,236,8.782796712125673e-11,188
CyclicControl,neural,44,GDA,50,-0.03009758662851439,-0.4744514118964505,0.9364168943069198,0.5045714335227796,0.4115113073173125,8.377187832309119e-13,235,8.570283371867049e-11,187
CyclicControl,neural,44,GDA,55,-0.036088932876847765,-0.397949097572021,1.0584423677161214,0.5858575997127747,0.4059318883965385,8.504308368628699e-13,238,8.137662765861364e-11,189
CyclicControl,neural,44,GDA,60,-0.026529706076956188,-0.28153248848049145,1.0649588518463362,0.5926961294246424,0.40464928488731744,8.172351684265777e-13,240,8.664469142161124e-11,191
CyclicControl,neural,45,GDA,0,-0.003034287148446015,-0.5444277221668828,0.7573368560295957,0.32657396576366293,0.2969458922568231,8.65529869997772e-13,236,8.245809590690101e-11,186
CyclicControl,neural,45,GDA,5,-0.010377978716123115,-0.45562246928286954,0.6889099499567064,0.2975870991718712,0.2943408437384161,8.941736240331011e-13,234,8.937853235302384e-11,183
CyclicControl,neural,45,GDA,10,-0.013251477715393081,-0.3184084229523292,0.7187683009543352,0.3047728569321603,0.29078562117603046,8.729683642627606e-13,233,8.460909750596102e-11,181
CyclicControl,neural,45,GDA,15,-0.010312078796952024,-0.22431723812275153,0.7455157801423397,0.33273415017738894,0.28904688269448475,8.284484209752918e-13,236,8.285946928587862e-11,185
CyclicControl,neural,45,GDA,20,-0.002862340293065288,-0.2581216067809967,0.8358162600485803,0.35382746613443317,0.29019893558868104,8.26561041833429e-13,237,8.76052008713657e-11,186
CyclicControl,neural,45,GDA,25,0.005678884587618256,-0.26873427472876865,0.8331015185355523,0.3468523450222094,0.2924207936930378,8.970602038971265e-13,236,8.35621571937395e-11,186
CyclicControl,neural,45,GDA,30,0.011323171582797944,-0.25339042866907885,0.738066605882685,0.312672406732297,0.29273148284040906,8.559819519859957e-13,235,8.75240435682656e-11,183
CyclicControl,neural,45,GDA,35,0.011399668534660618,-0.3148219747040184,0.6647925926033339,0.2747246518356251,0.28979759065067123,8.47877323906232e-13,232,8.158904107880005e-11,181
CyclicControl,neural,45,GDA,40,0.0058632075452716426,-0.42864238487989537,0.6060846266715211,0.2639731300804217,0.2850758339931807,8.411604746072499e-13,234,8.895242875617271e-11,183
CyclicControl,neural,45,GDA,45,-0.002666511183777449,-0.4931308062775649,0.7058892418697591,0.290773492508236,0.28132931184022125,8.709699628184353e-13,235,8.259648520692053e-11,185
CyclicControl,neural,45,GDA,50,-0.010176560728476482,-0.4933742231665526,0.8046657507674719,0.32077853186927674,0.2798782366649755,8.714695631795166e-13,235,8.74698924402395e-11,184
CyclicControl,neural,45,GDA,55,-0.013190652086310484,-0.4324348912473436,0.8046029170770436,0.3143720775198122,0.27938152137387773,8.485989688722384e-13,234,8.2588436089992e-11,182
CyclicControl,neural,45,GDA,60,-0.01038312835643424,-0.32174443671989666,0.7139006056327262,0.26963381393237307,0.27741611610970984,8.550382624150643e-13,233,8.881359536694333e-11,181
CyclicControl,neural,46,GDA,0,-0.04123301142954973,-0.6387795244579069,1.285384675662578,0.6956437466297904,0.453064256245867,8.326672684688674e-13,238,8.908923598838214e-11,188
CyclicControl,neural,46,GDA,5,-0.02706257940606647,-0.3368631963317049,1.1260533721996149,0.6035649323405884,0.45078250146335846,8.231193504570911e-13,240,8.867895306963192e-11,191
CyclicControl,neural,46,GDA,10,0.0005759525629717612,-0.13903552937472924,0.9711464862387145,0.5575472984006508,0.4469773372252866,8.678613383494849e-13,240,8.650191674064445e-11,192
CyclicControl,neural,46,GDA,15,0.02733415343190817,-0.3060927270405728,1.0714682401663747,0.5815145454254805,0.44321043653283154,8.869571743730376e-13,239,8.508710402921338e-11,191
CyclicControl,neural,46,GDA,20,0.039882656616894205,-0.45082913823864695,1.0501282126812872,0.5654774998746736,0.437989618579891,8.573142196155459e-13,237,8.968864539937726e-11,187
CyclicControl,neural,46,GDA,25,0.03310963076912934,-0.5531626753974692,0.914882642284694,0.49025845334787743,0.42916963733902347,8.790745908981989e-13,236,8.542550000711913e-11,188
CyclicControl,neural,46,GDA,30,0.011994886443811421,-0.6008145448383084,0.7099868670807802,0.42049240847082436,0.4170205895939705,8.593126210598712e-13,237,8.760575598287801e-11,189
CyclicControl,neural,46,GDA,35,-0.012375645637029493,-0.5970774275134612,0.7735780654279878,0.41920310307298897,0.40412017956433915,8.542055951465954e-13,237,8.575362642204709e-11,189
CyclicControl,neural,46,GDA,40,-0.029292502735060028,-0.5509640711018551,0.887289696269645,0.46695266299478433,0.3930419335261082,8.76076988731711e-13,236,8.141587404253414e-11,188
CyclicControl,neural,46,GDA,45,-0.033060196265431246,-0.46522369758989085,0.99792887030437,0.5105454650316665,0.3848929683263037,8.467671008816069e-13,236,8.41771652382306e-11,186
CyclicControl,neural,46,GDA,50,-0.023872632922001955,-0.3486557495932871,1.0219913251019874,0.5187538227767398,0.37963122624809886,8.670841822322473e-13,238,8.650052896186367e-11,189
CyclicControl,neural,46,GDA,55,-0.006114844223830368,-0.21125497923916842,0.9602961741365219,0.4995254034670843,0.3768519135020794,8.680833829544099e-13,239,8.167261311697871e-11,191
CyclicControl,neural,46,GDA,60,0.013714450467723247,-0.20722179416181138,0.9591464934773671,0.5110940832674435,0.37611657349664884,8.713030297258229e-13,239,8.168660192708899e-11,191
CyclicControl,neural,47,GDA,0,0.004240351849628015,-0.6083391387937962,1.3268712141819718,0.7667894374439154,0.5346433149169293,8.325562461664049e-13,239,8.271638929358005e-11,191
CyclicControl,neural,47,GDA,5,0.020232378557577636,-0.6921033869738904,1.1975330642165412,0.735824627042206,0.5257764460108054,8.912870441690757e-13,238,8.729256206763125e-11,189
CyclicControl,neural,47,GDA,10,0.019738540778204458,-0.688275106943258,1.2513397197629703,0.719310079225719,0.5171732284336298,8.861800182558e-13,238,8.14062151022199e-11,190
CyclicControl,neural,47,GDA,15,0.009042295759871952,-0.5762345730091922,1.248676983274767,0.7241394655032971,0.509111022182606,8.659739592076221e-13,238,8.310441224068654e-11,189
CyclicControl,neural,47,GDA,20,0.0004900308648585394,-0.5016058516295091,1.2212411171711803,0.7334897887636307,0.5024896234634582,8.341105584008801e-13,239,8.267897477765018e-11,190
CyclicControl,neural,47,GDA,25,-0.00026173668745241334,-0.6758612993391502,1.351893767078258,0.7708393593854885,0.49797232352070375,8.704148513061227e-13,238,8.811146257059477e-11,189
CyclicControl,neural,47,GDA,30,0.0016328405898047608,-0.8095189893152325,1.3365972047052548,0.7880843498763692,0.4952499806258715,8.444356325298941e-13,240,8.125466965935857e-11,192
CyclicControl,neural,47,GDA,35,-0.0019859931586039136,-0.8668775614305552,1.3063765588544967,0.8003082634499452,0.49355268829712967,8.136824547477772e-13,241,8.991518640755203e-11,192
CyclicControl,neural,47,GDA,40,-0.011547908696743978,-0.8183155541770717,1.4424758470413033,0.8459718267506608,0.492658457897949,8.534284390293578e-13,240,8.290368391783431e-11,192
CyclicControl,neural,47,GDA,45,-0.017998569413377026,-0.6507481778894615,1.4408890757312105,0.8435696254721741,0.49278017532918195,8.240075288767912e-13,240,8.66947069688706e-11,191
CyclicControl,neural,47,GDA,50,-0.01197864221411926,-0.39120455129953136,1.2734170447090334,0.7818122867207501,0.49362349915918163,8.281153540679043e-13,241,8.310774290976042e-11,193
CyclicControl,neural,47,GDA,55,0.005869613185037878,-0.47654153883366246,1.3487549868345348,0.7808502922646927,0.49432390610643634,8.187894806610529e-13,241,8.21087642322027e-11,193
CyclicControl,neural,47,GDA,60,0.023858113105176115,-0.6705750601400023,1.4161367370013394,0.8093790144119329,0.4942932481442363,8.639755577632968e-13,239,8.118344885232887e-11,191
CyclicControl,neural,48,GDA,0,0.004118032258207498,-0.14088002363661237,0.5387521857926567,0.22782875791943724,0.281348242620071,8.674727602908661e-13,233,8.649936322768781e-11,183
CyclicControl,neural,48,GDA,5,0.012859387001851115,-0.2704726393971941,0.645127150269796,0.2507870138834238,0.2773676314678341,8.169021015191902e-13,233,8.210732094227069e-11,182
CyclicControl,neural,48,GDA,10,0.01497385311411726,-0.37780096168316,0.678602170724387,0.25896914048267733,0.2748226655862518,8.238409954230974e-13,233,8.493739045434268e-11,180
CyclicControl,neural,48,GDA,15,0.009743378794507103,-0.4368139762736677,0.6276633275839997,0.23754739113093326,0.27244861607253706,8.572031973130834e-13,234,8.250572447465743e-11,183
CyclicControl,neural,48,GDA,20,-3.1566128339340663e-07,-0.4434169222814044,0.5114644648482312,0.21389499381620852,0.2692917339943353,8.701928067011977e-13,234,8.737774392919562e-11,183
CyclicControl,neural,48,GDA,25,-0.009471006505246989,-0.3980094330413442,0.6174118268237505,0.22564255572966352,0.265786350386375,8.678058271982536e-13,233,8.46429870637877e-11,182
CyclicControl,neural,48,GDA,30,-0.014213851034730541,-0.305125982437777,0.6991591217489874,0.2643562023953147,0.26338683952136527,8.592015987574086e-13,233,8.974440635078906e-11,179
CyclicControl,neural,48,GDA,35,-0.01207807985288016,-0.17377881357472008,0.6909268200633485,0.2924747687295446,0.26324264503586076,8.220091274324659e-13,236,8.782771732107619e-11,184
CyclicControl,neural,48,GDA,40,-0.0041600810046293615,-0.10256604967709242,0.6763926437809158,0.29751468047784313,0.26502098045054673,8.208989044078407e-13,237,8.567879739018736e-11,186
CyclicControl,neural,48,GDA,45,0.005661004593075375,-0.14949102627995076,0.706673806814573,0.2916661296418393,0.2669872825424972,8.857359290459499e-13,236,8.1505135973714e-11,186
CyclicControl,neural,48,GDA,50,0.012520707939466583,-0.2572515758683446,0.7268114761336997,0.28328420073868893,0.2674350496309288,8.293365993949919e-13,235,8.265826911824092e-11,183
CyclicControl,neural,48,GDA,55,0.012984581079961085,-0.4052064167242758,0.7277015792192375,0.27022618955992583,0.26619267263722646,8.836265052991621e-13,233,8.916584137708128e-11,181
CyclicControl,neural,48,GDA,60,0.006862744527453651,-0.4989145398136641,0.6341428127896866,0.26180197415282574,0.2646682981869864,8.811840146449867e-13,235,8.943526474958219e-11,184
CyclicControl,neural,49,GDA,0,-0.006328067430073097,-0.19005050300060872,0.6872884070716477,0.2625407411523424,0.23469922375356775,8.781309013272676e-13,235,8.372108561971459e-11,184
CyclicControl,neural,49,GDA,5,0.0009287355697536976,-0.1261937341826291,0.6427760697201571,0.2620753227935085,0.23648607266941407,8.211209490127658e-13,236,8.890235769776211e-11,184
CyclicControl,neural,49,GDA,10,0.007540934642757523,-0.23498969502269904,0.7090873151221869,0.26415262187093513,0.23835540765853566,8.372746940210618e-13,235,8.448414190453946e-11,183
CyclicControl,neural,49,GDA,15,0.010259257876580738,-0.3631896880884269,0.7348375613670841,0.2587205328227322,0.23984780277399273,8.103517856739018e-13,233,8.434780651711549e-11,179
CyclicControl,neural,49,GDA,20,0.0073837952260494355,-0.4505548942965929,0.6700526335497797,0.2409691344494121,0.2410697876062389,8.842371279627059e-13,234,8.975009624379027e-11,182
CyclicControl,neural,49,GDA,25,3.0016335237119496e-05,-0.4831397718710556,0.561986011404431,0.22920535296939507,0.24232127468941908,8.533174167268953e-13,235,8.24250390163428e-11,184
CyclicControl,neural,49,GDA,30,-0.00812473092563661,-0.45394083080042774,0.6316436880676912,0.23254053825286108,0.24333120695369934,8.907874438079944e-13,234,8.300418685713851e-11,183
CyclicControl,neural,49,GDA,35,-0.012765020446108555,-0.36543551469012536,0.6393356891229187,0.23226472026112852,0.24315568254067418,8.854028621385623e-13,232,8.882475310834081e-11,179
CyclicControl,neural,49,GDA,40,-0.01144166813059513,-0.22986228400976816,0.5756524673406297,0.2181471985223492,0.24112338926806196,8.376632720796806e-13,232,8.716768973293654e-11,180
CyclicControl,neural,49,GDA,45,-0.005007908143981191,-0.12628286592468607,0.5060701344633627,0.2033607466080611,0.23763986350922567,8.280043317654417e-13,233,8.452663569080698e-11,182
CyclicControl,neural,49,GDA,50,0.002987247330200607,-0.14377983235310976,0.5143958410396419,0.20008373889651698,0.23373004184540117,8.977818488631328e-13,232,8.206582635672532e-11,182
CyclicControl,neural,49,GDA,55,0.00846382531979668,-0.22244456791068634,0.5484136424659234,0.20095967413020432,0.22994197172274458,8.772982340587987e-13,231,8.934708528585134e-11,179
CyclicControl,neural,49,GDA,60,0.009011038176170435,-0.2947489836179878,0.556511404628633,0.19392721944033123,0.22605607430559055,8.817391261572993e-13,230,8.599677914222781e-11,177
CyclicControl,neural,40,Adam-GDA,0,-0.04088501394024287,-0.678524580387704,1.0524587160640215,0.5913720828524124,0.4422803856547468,8.737455203799982e-13,238,8.539108309335575e-11,189
CyclicControl,neural,40,Adam-GDA,5,-0.04111945094662285,-0.5985651279298059,1.0017271282431202,0.5588824987615777,0.4388697769825063,8.564260411958458e-13,237,8.620548719306953e-11,187
CyclicControl,neural,40,Adam-GDA,10,-0.040058948030606015,-0.5181554047622154,0.9540353519398562,0.5318817891081398,0.4422320661674896,8.235634396669411e-13,236,8.842343524051444e-11,186
CyclicControl,neural,40,Adam-GDA,15,-0.03761025946550238,-0.4364326119661119,0.912198337990084,0.5106898313572146,0.4520974234136239,8.402167850363185e-13,235,8.154110719971186e-11,188
CyclicControl,neural,40,Adam-GDA,20,-0.03359001703898726,-0.35211359998123126,0.8658503002535736,0.49560423890175653,0.46789329360367876,8.166800569142652e-13,236,8.243788984785283e-11,189
CyclicControl,neural,40,Adam-GDA,25,-0.02773127389391305,-0.2636425644351415,0.8148928534356232,0.4873022191886943,0.48875954875527317,8.761880110341735e-13,236,8.224659842070992e-11,190
CyclicControl,neural,40,Adam-GDA,30,-0.01976491291318735,-0.1793438977833403,0.7700045414864258,0.48674608664290325,0.5131595842218235,8.451017663446692e-13,237,8.980188814788903e-11,190
CyclicControl,neural,40,Adam-GDA,35,-0.009526935696362853,-0.10532985987550862,0.7256946470706471,0.49457237320499153,0.5383826704959144,8.875122858853501e-13,237,8.654549299436098e-11,191
CyclicControl,neural,40,Adam-GDA,40,0.002851262311241147,-0.09617321770553415,0.734586436951131,0.5108246634393253,0.5602742757861304,8.222311720373909e-13,238,8.127409856228951e-11,192
CyclicControl,neural,40,Adam-GDA,45,0.016692736443780193,-0.16915053056489027,0.8229772470614889,0.5354588002296431,0.5740820001586553,8.425482533880313e-13,238,8.205713886155763e-11,192
CyclicControl,neural,40,Adam-GDA,50,0.03074157702761899,-0.26291416651397065,0.9128483784336214,0.5693638264461216,0.5775293482616409,8.375522497772181e-13,238,8.876288593029358e-11,191
CyclicControl,neural,40,Adam-GDA,55,0.043563322240229255,-0.38022754481306315,1.007424443767339,0.6143688363666864,0.5731642040966918,8.980594046192891e-13,237,8.353029379293275e-11,191
CyclicControl,neural,40,Adam-GDA,60,0.05401851783598066,-0.5137708909240277,1.1089001486193741,0.6714628650739372,0.5667814565817787,8.518741267948826e-13,237,8.488748592938578e-11,190
CyclicControl,neural,41,Adam-GDA,0,-0.02947827835436645,-0.41444629753488915,1.146325288564483,0.5854211970591852,0.396096270091797,8.482103908136196e-13,239,8.62617199892668e-11,190
CyclicControl,neural,41,Adam-GDA,5,-0.02576575883289866,-0.3241845877134467,1.1379891018120718,0.6047656948668152,0.4137884565767569,8.488765246283947e-13,240,8.240508275747516e-11,192
CyclicControl,neural,41,Adam-GDA,10,-0.020581632094866204,-0.23475476057019168,1.1292639770947204,0.6376208604193441,0.43928519026808865,8.396616735240059e-13,241,8.55083781559074e-11,193
CyclicControl,neural,41,Adam-GDA,15,-0.013771679083524746,-0.15440864211347757,1.124155309564068,0.6808822844407768,0.46995575250331245,8.191225475684405e-13,242,8.660894224021831e-11,194
CyclicControl,neural,41,Adam-GDA,20,-0.00529046191040379,-0.11790472544338443,1.1477160340538168,0.7260064093446946,0.5013673803991773,8.701928067011977e-13,242,8.49598169594401e-11,195
CyclicControl,neural,41,Adam-GDA,25,0.004516217711723855,-0.11945186053204088,1.1788577958065622,0.7585022140824339,0.5261817191927999,8.950618024528012e-13,242,8.846434695897187e-11,195
CyclicControl,neural,41,Adam-GDA,30,0.014717224640045563,-0.1660832232117067,1.2116527882945125,0.7657715919509076,0.5373743171426899,8.832934383917745e-13,242,8.692835340440297e-11,195
CyclicControl,neural,41,Adam-GDA,35,0.024081985244250786,-0.2491336310188897,1.2378097431209456,0.7475244639012816,0.5338407983999136,8.351097591230427e-13,242,8.93924934075585e-11,194
CyclicControl,neural,41,Adam-GDA,40,0.03163403600162181,-0.3324893450355034,1.2329903977021353,0.7135328253475591,0.5204736775603197,8.453238109495942e-13,241,8.712097709917543e-11,193
CyclicControl,neural,41,Adam-GDA,45,0.036811104978858186,-0.4124861045935081,1.2057277681901417,0.6728339260869687,0.5034923058973754,8.273381979506667e-13,240,8.98563445872469e-11,191
CyclicControl,neural,41,Adam-GDA,50,0.039326886888674535,-0.4841710627306377,1.158703572126151,0.6299336070543217,0.48775368117198903,8.684164498617974e-13,238,8.828143771566488e-11,189
CyclicControl,neural,41,Adam-GDA,55,0.0390017208588265,-0.541928666597528,1.0891465662225646,0.5866486762360024,0.476222425193084,8.697487174913476e-13,236,8.236811233075514e-11,187
CyclicControl,neural,41,Adam-GDA,60,0.03563015567888461,-0.5806353125841326,0.9912171443086715,0.5456469727470217,0.4703902602700971,8.306688670245421e-13,237,8.296852094247242e-11,188
CyclicControl,neural,42,Adam-GDA,0,-0.00307818542376061,-0.3867418447102893,0.49337601599248043,0.18997726127615813,0.2241180495252982,8.430478537491126e-13,233,8.303355225613984e-11,182
CyclicControl,neural,42,Adam-GDA,5,-0.005953672430436461,-0.3630358524207475,0.5489174460961894,0.1914610923356241,0.2119139090844873,8.793521466543552e-13,232,8.978026655448446e-11,180
CyclicControl,neural,42,Adam-GDA,10,-0.007750253578526343,-0.32534166272000425,0.5791139435069363,0.19520361697073446,0.20683883096998557,8.756884106730922e-13,231,8.12286071738555e-11,179
CyclicControl,neural,42,Adam-GDA,15,-0.008267889913262539,-0.27043689428761586,0.5783401249850402,0.1950281125435181,0.20838952788059195,8.287814878826794e-13,231,8.32904578640381e-11,177
CyclicControl,neural,42,Adam-GDA,20,-0.007166136670843604,-0.20749466238053801,0.5547161872754289,0.18984312536721082,0.21516286768766088,8.411604746072499e-13,232,8.919148752895012e-11,179
CyclicControl,neural,42,Adam-GDA,25,-0.004071102410781479,-0.1372333882121302,0.5097513262473351,0.18917956273785969,0.22929961738344248,8.122946759669958e-13,233,8.753572866559978e-11,181
CyclicControl,neural,42,Adam-GDA,30,0.0010430405429970868,-0.11328978702932631,0.49806382524601517,0.20351609031561632,0.2502087360188006,8.389955397092308e-13,233,8.905542969728231e-11,182
CyclicControl,neural,42,Adam-GDA,35,0.007432994224300847,-0.16013195666158353,0.5500920024583874,0.2353006483129118,0.27262957525213904,8.504308368628699e-13,233,8.41679226315506e-11,183
CyclicControl,neural,42,Adam-GDA,40,0.013425581327155125,-0.25276450282091223,0.6397430820663242,0.279569744024549,0.2926718525514278,8.438805210175815e-13,233,8.135819795640487e-11,183
CyclicControl,neural,42,Adam-GDA,45,0.01715994006187208,-0.37076739023639144,0.7392736292380571,0.33184390308886746,0.3130833245618466,8.982814492242142e-13,232,8.985065469424569e-11,181
CyclicControl,neural,42,Adam-GDA,50,0.017620610435928996,-0.4916354470732816,0.834749391347573,0.3908837900633675,0.3380079991579257,8.684164498617974e-13,235,8.420639185935386e-11,185
CyclicControl,neural,42,Adam-GDA,55,0.014925372099908957,-0.6116564232634953,0.9238381672885339,0.4561685784986074,0.3661008655195929,8.750777880095484e-13,237,8.444350774183818e-11,188
CyclicControl,neural,42,Adam-GDA,60,0.01001461225792771,-0.7262993789339491,1.0012776650390682,0.526178922771036,0.39259097478112503,8.417710972707937e-13,239,8.730227651909672e-11,190
CyclicControl,neural,43,Adam-GDA,0,0.016345614197341964,-0.5510538825665362,0.8702926223607643,0.4050515233810904,0.30808239512603297,8.759659664292485e-13,236,8.116474159436393e-11,186
CyclicControl,neural,43,Adam-GDA,5,0.014651362926794845,-0.616331103287697,0.9315562298308733,0.4403566641443513,0.3184690950807938,8.816281038548368e-13,237,8.836603671014132e-11,187
CyclicControl,neural,43,Adam-GDA,10,0.012062654765438907,-0.6683947860590617,0.9823090492012683,0.47252683102116344,0.3341265785122836,8.605338663869588e-13,238,8.196837653073885e-11,189
CyclicControl,neural,43,Adam-GDA,15,0.008987070230677567,-0.6927219350663641,1.0038838715151839,0.48664015393823923,0.3494541354722552,8.918421556813882e-13,238,8.718969990439973e-11,189
CyclicControl,neural,43,Adam-GDA,20,0.005857139754313928,-0.6940541678485443,0.9984655829560832,0.4853361865760796,0.36553326792107577,8.93729534823251e-13,238,8.814221574837688e-11,189
CyclicControl,neural,43,Adam-GDA,25,0.0027971362713990105,-0.6782109584002616,0.9679274476203508,0.47360872286789796,0.3829309570228641,8.733014311701481e-13,238,8.626666048172638e-11,189
CyclicControl,neural,43,Adam-GDA,30,-0.00021375102866373724,-0.6442737931658566,0.9061787964594022,0.4529891823220703,0.3989777347293479,8.29558643999917e-13,238,8.205253143600544e-11,189
CyclicControl,neural,43,Adam-GDA,35,-0.003310140180918304,-0.589167265157331,0.8047674143031938,0.4290343470189368,0.4101801733891223,8.428813202954188e-13,237,8.479644764136651e-11,188
CyclicControl,neural,43,Adam-GDA,40,-0.006641861969452045,-0.5117540563683763,0.7477235259503077,0.41821590687067356,0.4157035051320844,8.134604101428522e-13,236,8.79875616810466e-11,187
CyclicControl,neural,43,Adam-GDA,45,-0.010227528518715346,-0.4762504114336783,0.8058438733891393,0.4415427272058741,0.4185281768851637,8.408829188510936e-13,235,8.630729464442766e-11,187
CyclicControl,neural,43,Adam-GDA,50,-0.01393573024572314,-0.5230338760014854,0.9505537796579102,0.5059784737708979,0.42286967525734986,8.311129562343922e-13,236,8.133682616318083e-11,188
CyclicControl,neural,43,Adam-GDA,55,-0.017409423355880332,-0.5958459510539525,1.1208889206073107,0.5971222961700643,0.43158871077683414,8.524292383071952e-13,237,8.747402802100623e-11,188
CyclicControl,neural,43,Adam-GDA,60,-0.019945434216056983,-0.6401801044526019,1.2589712097139838,0.6904579284681573,0.44571041710718523,8.243405957841787e-13,238,8.27141688475308e-11,189
CyclicControl,neural,44,Adam-GDA,0,-0.007749912765835717,-0.9807203269006175,1.1982855560094743,0.7118698487293766,0.4620910658330043,8.286704655802168e-13,242,8.741574131221341e-11,194
CyclicControl,neural,44,Adam-GDA,5,-0.01382474023358781,-0.9093890778970443,1.1315628504347082,0.6559012426545485,0.4423612940792931,8.535394613318203e-13,241,8.685818730924666e-11,193
CyclicControl,neural,44,Adam-GDA,10,-0.01874126454641144,-0.8317836273131446,1.0696183984184717,0.6044870376629005,0.4268568574447817,8.675282714420973e-13,240,8.428735487342465e-11,192
CyclicControl,neural,44,Adam-GDA,15,-0.02229408677197702,-0.7496136041402327,1.0170419454430155,0.5601412543615458,0.41688712698542096,8.688605390716475e-13,239,8.850459254361454e-11,190
CyclicControl,neural,44,Adam-GDA,20,-0.024336243135267843,-0.6618634685831953,0.9765438923681196,0.5237272517954373,0.4123528417378401,8.523182160047327e-13,238,8.968570330836201e-11,188
CyclicControl,neural,44,Adam-GDA,25,-0.02470182926279269,-0.5685173167714649,0.9767601592401108,0.49849238093380804,0.4134081594664154,8.133493878403897e-13,237,8.706907417277421e-11,186
CyclicControl,neural,44,Adam-GDA,30,-0.023219182920180097,-0.4697284879828105,0.9742363709651713,0.4895467684379671,0.4201685559011458,8.910094884129194e-13,235,8.527101247324254e-11,186
CyclicControl,neural,44,Adam-GDA,35,-0.019754269231698422,-0.36469923156117606,0.9652079827577356,0.502740401994298,0.43207120395968274,8.590905764549461e-13,237,8.584749577877915e-11,188
CyclicControl,neural,44,Adam-GDA,40,-0.01431086204713218,-0.2883753268870192,0.9812138710387894,0.5437412106552756,0.44810758089245095,8.919531779838508e-13,238,8.375694582340998e-11,190
CyclicControl,neural,44,Adam-GDA,45,-0.007156844091108317,-0.2917328387883358,1.068277530613929,0.6132220580437551,0.4671330688802021,8.999467837611519e-13,239,8.773465287603699e-11,191
CyclicControl,neural,44,Adam-GDA,50,0.001178314123466421,-0.3730548373231878,1.2184674275693714,0.7020984151570646,0.4880676076172811,8.817391261572993e-13,240,8.850420396555592e-11,192
CyclicControl,neural,44,Adam-GDA,55,0.009992000519713263,-0.4620860421835902,1.354949431049481,0.7928521738982184,0.5097508184841614,8.382183835919932e-13,241,8.5673912408879e-11,193
CyclicControl,neural,44,Adam-GDA,60,0.01857921658773637,-0.5376738764707817,1.4511123732679079,0.864495342376456,0.5307295721630277,8.573142196155459e-13,241,8.81443806832749e-11,193
CyclicControl,neural,45,Adam-GDA,0,-0.003034287148446015,-0.5444277221668828,0.7573368560295957,0.32657396576366293,0.2969458922568231,8.65529869997772e-13,236,8.245809590690101e-11,186
CyclicControl,neural,45,Adam-GDA,5,-0.004902686701636535,-0.46192843551164403,0.6814065358989346,0.2833637181307982,0.28649576163084134,8.158473896457963e-13,235,8.122502670460108e-11,184
CyclicControl,neural,45,Adam-GDA,10,-0.006198400102018355,-0.3774961591782168,0.609240838972979,0.2541201303534494,0.277141781327244,8.231193504570911e-13,233,8.129855122440688e-11,182
CyclicControl,neural,45,Adam-GDA,15,-0.007155014572645332,-0.3044417937278226,0.5840068257351594,0.2549810918515123,0.2752680253838709,8.197331702319843e-13,231,8.691311559338999e-11,180
CyclicControl,neural,45,Adam-GDA,20,-0.007719720279709123,-0.2965138481703292,0.6601123090842183,0.2863819496645975,0.28052888732032905,8.809064588888305e-13,232,8.3409973372639e-11,180
CyclicControl,neural,45,Adam-GDA,25,-0.007659677407550171,-0.3461836321496796,0.7908143713813384,0.33798249182269674,0.2905780064033656,8.72635297355373e-13,234,8.953335295380782e-11,182
CyclicControl,neural,45,Adam-GDA,30,-0.006553472193708282,-0.3771026381000153,0.8951399706436861,0.39153782414251515,0.3028529029106728,8.234524173644786e-13,236,8.301059839510572e-11,185
CyclicControl,neural,45,Adam-GDA,35,-0.004054566197878116,-0.3826051820751712,0.9595780464436281,0.43188455594541425,0.31652308799999335,8.253397965063414e-13,237,8.900646886189634e-11,186
CyclicControl,neural,45,Adam-GDA,40,-0.0002676285161428944,-0.3694306953080808,0.9830235025867105,0.45198372371652557,0.3309867757814071,8.779643678735738e-13,237,8.86739570660211e-11,187
CyclicControl,neural,45,Adam-GDA,45,0.004250790832336441,-0.3441386788706481,0.9665646541130722,0.45169386054382976,0.3446602213476834,8.903988657493755e-13,237,8.19609935476251e-11,188
CyclicControl,neural,45,Adam-GDA,50,0.008795240969828772,-0.31043811140911853,0.9127719739681739,0.43681540796689,0.3560564344848348,8.617551117140465e-13,237,8.697231823617813e-11,187
CyclicControl,neural,45,Adam-GDA,55,0.012735263239809714,-0.31310873469394773,0.868555668907907,0.4174646079160372,0.36447446471329814,8.82960371484387e-13,236,8.600253842416805e-11,186
CyclicControl,neural,45,Adam-GDA,60,0.015575960681281538,-0.3579937698612593,0.8440894222391293,0.4062762197317479,0.37025882540364613,8.585354649426336e-13,235,8.839384779690818e-11,184
CyclicControl,neural,46,Adam-GDA,0,-0.04123301142954973,-0.6387795244579069,1.285384675662578,0.6956437466297904,0.453064256245867,8.326672684688674e-13,238,8.908923598838214e-11,188
CyclicControl,neural,46,Adam-GDA,5,-0.040020018068154514,-0.5493980907837428,1.2690489105150797,0.6858862900405138,0.459414828363998,8.341105584008801e-13,239,8.547273999681693e-11,190
CyclicControl,neural,46,Adam-GDA,10,-0.03750218498751724,-0.46038026869810356,1.255520320511801,0.6868038379503082,0.47423424010941256,8.293365993949919e-13,240,8.964107234277208e-11,191
CyclicControl,neural,46,Adam-GDA,15,-0.03342811477356074,-0.3700859825283871,1.2426791864082363,0.6985427989473206,0.49687635733930996,8.191225475684405e-13,241,8.33874080896635e-11,193
CyclicControl,neural,46,Adam-GDA,20,-0.027525630955199838,-0.2774460746581275,1.228037102570608,0.7216760224255966,0.5262120324926003,8.923972671937008e-13,241,8.495837366950809e-11,194
CyclicControl,neural,46,Adam-GDA,25,-0.01950987304152573,-0.18129238712277085,1.2069656622607337,0.7555156979234473,0.5601465862728837,8.666400930223972e-13,242,8.513600935344812e-11,195
CyclicControl,neural,46,Adam-GDA,30,-0.00917884996240598,-0.09457925607369425,1.1857661723401853,0.7966757054809507,0.5947957035551634,8.29780688604842e-13,243,8.347911251149753e-11,196
CyclicControl,neural,46,Adam-GDA,35,0.0033566416413932437,-0.11583727993729093,1.252291862090802,0.8378678082648179,0.6240658852512476,8.641976023682219e-13,243,8.822975683386858e-11,196
CyclicControl,neural,46,Adam-GDA,40,0.01732166323833376,-0.1682196794676118,1.3174880049054727,0.8693115440213856,0.6412045394798744,8.737455203799982e-13,243,8.955736152671534e-11,196
CyclicControl,neural,46,Adam-GDA,45,0.031232460921476933,-0.2484232389056799,1.3718834207771293,0.8839904681261724,0.6432157396610549,8.542055951465954e-13,243,8.680112184578093e-11,196
CyclicControl,neural,46,Adam-GDA,50,0.0435114645906069,-0.33362948063569176,1.3972003474860237,0.8807301822646613,0.6335698285324571,8.986145161316017e-13,242,8.940681528457617e-11,195
CyclicControl,neural,46,Adam-GDA,55,0.05317292736411624,-0.4060743604205081,1.3869015607447963,0.8618929823556165,0.6195160459389729,8.285594432777543e-13,242,8.863088041266565e-11,194
CyclicControl,neural,46,Adam-GDA,60,0.059974223794469816,-0.45830439768647796,1.3451159464624023,0.8329576789462578,0.6081901395784188,8.324452238639424e-13,241,8.513201255055947e-11,193
CyclicControl,neural,47,Adam-GDA,0,0.004240351849628015,-0.6083391387937962,1.3268712141819718,0.7667894374439154,0.5346433149169293,8.325562461664049e-13,239,8.271638929358005e-11,191
CyclicControl,neural,47,Adam-GDA,5,0.007429265378293127,-0.6202241508809083,1.25476139248532,0.7275778610477328,0.5235037998212317,8.169021015191902e-13,238,8.214934288375275e-11,190
CyclicControl,neural,47,Adam-GDA,10,0.010222733580254342,-0.6262450671841606,1.1716920024154747,0.6977430685664603,0.516210765441951,8.959499808725013e-13,237,8.322964539786426e-11,189
CyclicControl,neural,47,Adam-GDA,15,0.012700829441214586,-0.6272487587528108,1.1424051755755318,0.6832623649129663,0.5136228785534371,8.975042931069765e-13,237,8.791939398733462e-11,188
CyclicControl,neural,47,Adam-GDA,20,0.014863275400675391,-0.6231130157484228,1.1700874426581156,0.6855347827407756,0.5154706561179452,8.912870441690757e-13,237,8.790806971248344e-11,188
CyclicControl,neural,47,Adam-GDA,25,0.016583512024998977,-0.612558086436668,1.222695895080144,0.7013507378222208,0.5207830989595544,8.762990333366361e-13,237,8.236478166168126e-11,189
CyclicControl,neural,47,Adam-GDA,30,0.017593293976848154,-0.5930815272506829,1.2566731566636071,0.7243214577586925,0.5281954439969414,8.544276397515205e-13,238,8.728684441905443e-11,189
CyclicControl,neural,47,Adam-GDA,35,0.01759601925158379,-0.5610332076196671,1.266751548739272,0.7494703522253795,0.5369318532833245,8.177902799388903e-13,239,8.318729038947481e-11,190
CyclicControl,neural,47,Adam-GDA,40,0.016486992352846296,-0.5642079217140967,1.3011124211630323,0.7755415159848636,0.5466450013593694,8.539835505416704e-13,239,8.722672584227098e-11,190
CyclicControl,neural,47,Adam-GDA,45,0.01455357256791143,-0.5783155886897066,1.336790701150528,0.8054203542940465,0.5571984821845771,8.788525462932739e-13,239,8.132083895162623e-11,191
CyclicControl,neural,47,Adam-GDA,50,0.012482573440219798,-0.6039925427828969,1.374975567184384,0.8450832913394597,0.5692394347016418,8.933964679158635e-13,239,8.313100208212632e-11,191
CyclicControl,neural,47,Adam-GDA,55,0.01104207037715297,-0.6883414789204854,1.461026464904045,0.9004583216662609,0.5847171571259091,8.953948693601887e-13,239,8.352479818896086e-11,191
CyclicControl,neural,47,Adam-GDA,60,0.010657241275075138,-0.8126903835212842,1.5716152896311164,0.9712334581651678,0.6056156545428905,8.475442569988445e-13,240,8.557043962298394e-11,192
CyclicControl,neural,48,Adam-GDA,0,0.004118032258207498,-0.14088002363661237,0.5387521857926567,0.22782875791943724,0.281348242620071,8.674727602908661e-13,233,8.649936322768781e-11,183
CyclicControl,neural,48,Adam-GDA,5,0.007701113756681502,-0.20808492338995213,0.6074510581685383,0.22924946748455627,0.2631929313885708,8.708034293647415e-13,233,8.542241913822579e-11,182
CyclicControl,neural,48,Adam-GDA,10,0.009703894057030264,-0.28699445847449123,0.6847919121310375,0.24720058564373854,0.25900863906293514,8.673617379884035e-13,233,8.491798930698735e-11,181
CyclicControl,neural,48,Adam-GDA,15,0.010123015388019962,-0.349235031616421,0.7399452392972153,0.26901345910598123,0.26709541786714786,8.519296379461139e-13,233,8.4422940860307e-11,180
CyclicControl,neural,48,Adam-GDA,20,0.009239590367992552,-0.3858928576507558,0.7558811787382276,0.2803949552308661,0.28208713811569375,8.414380303634061e-13,233,8.970529874474664e-11,180
CyclicControl,neural,48,Adam-GDA,25,0.00708214052625859,-0.39886681698151283,0.7204631794974208,0.27444743649913284,0.29828377019746194,8.696932063401164e-13,233,8.321465738703182e-11,182
CyclicControl,neural,48,Adam-GDA,30,0.0033030781057084672,-0.39229611728750147,0.6360514959084562,0.2633841517030143,0.31460811400293115,8.553713293224519e-13,233,8.205766621749433e-11,183
CyclicControl,neural,48,Adam-GDA,35,-0.002129603589441021,-0.3710128192276656,0.5700512253788476,0.2720374406564613,0.33213533640584886,8.987810495852955e-13,232,8.762407466278432e-11,183
CyclicControl,neural,48,Adam-GDA,40,-0.008623812599930045,-0.37480431153225613,0.6663084291031951,0.3188657999740484,0.35036024508091423,8.170131238216527e-13,233,8.245859550726209e-11,184
CyclicControl,neural,48,Adam-GDA,45,-0.014997603280665142,-0.3906002335041502,0.8261909500621082,0.4026987823087957,0.3690901174605354,8.547051955076768e-13,234,8.406150775464027e-11,184
CyclicControl,neural,48,Adam-GDA,50,-0.0197342804014602,-0.42527793724756224,1.002444710598294,0.5050609765243124,0.38989729498775716,8.256728634137289e-13,237,8.899048165034174e-11,186
CyclicControl,neural,48,Adam-GDA,55,-0.021405390547043587,-0.4349231549096068,1.143500866593155,0.6038735405603858,0.4153344772140239,8.212319713152283e-13,239,8.150397023953815e-11,190
CyclicControl,neural,48,Adam-GDA,60,-0.01913280894736387,-0.4223339118875705,1.2415497229006731,0.6815058537862193,0.44639287455067184,8.544276397515205e-13,240,8.289735564659395e-11,192
CyclicControl,neural,49,Adam-GDA,0,-0.006328067430073097,-0.19005050300060872,0.6872884070716477,0.2625407411523424,0.23469922375356775,8.781309013272676e-13,235,8.372108561971459e-11,184
CyclicControl,neural,49,Adam-GDA,5,-0.003615915722633837,-0.13068346697216052,0.7204687973716634,0.31536770395204733,0.26440312826075263,8.43991543320044e-13,237,8.145173424622953e-11,187
CyclicControl,neural,49,Adam-GDA,10,0.0006098790730321506,-0.09711189321278549,0.728638210027981,0.34431857537268323,0.2842266941594432,8.131273432354647e-13,238,8.22245604936711e-11,188
CyclicControl,neural,49,Adam-GDA,15,0.00520972056713662,-0.11647419602773543,0.7185163839050684,0.32757711182107596,0.2829896381084446,8.613110225041964e-13,237,8.451661592800974e-11,187
CyclicControl,neural,49,Adam-GDA,20,0.008750781728576823,-0.177395873110177,0.6961711191598119,0.2822270288978812,0.26646082248805003,8.246736626915663e-13,236,8.155012776178694e-11,185
CyclicControl,neural,49,Adam-GDA,25,0.010253166352582228,-0.2353367966093822,0.6412356471412967,0.2342303652621982,0.24712096788604332,8.851253063824061e-13,233,8.313924548808416e-11,181
CyclicControl,neural,49,Adam-GDA,30,0.009217231372472476,-0.28876850980113966,0.5674545314568881,0.20211318913945256,0.2366419086239103,8.636424908559093e-13,230,8.834410980540497e-11,177
CyclicControl,neural,49,Adam-GDA,35,0.005488667824924591,-0.33555081317201896,0.5376374299788336,0.19575464892279443,0.2422459965871883,8.129052986305396e-13,232,8.530687267693793e-11,180
CyclicControl,neural,49,Adam-GDA,40,-0.0006358406354683467,-0.3717797179417046,0.5533490021683893,0.21610869587551695,0.26235924394306287,8.105738302788268e-13,233,8.307013410480124e-11,182
CyclicControl,neural,49,Adam-GDA,45,-0.008176966588972327,-0.39220317115529707,0.5988872020539834,0.25569722361588043,0.2885233357908578,8.551492847175268e-13,233,8.151129771150067e-11,183
CyclicControl,neural,49,Adam-GDA,50,-0.015441641624323864,-0.3925092048589729,0.6710304077101094,0.30396542260191795,0.3139832955430427,8.558154185323019e-13,233,8.910452931054635e-11,182
CyclicControl,neural,49,Adam-GDA,55,-0.020624973297323414,-0.3721405529270576,0.7652809954329364,0.3529267526598199,0.3386222637854037,8.575362642204709e-13,233,8.704328924302729e-11,182
CyclicControl,neural,49,Adam-GDA,60,-0.022458684104680125,-0.3345124201745806,0.837720519059707,0.3981944780744513,0.3661080346138505,8.889000646661316e-13,235,8.18555223602857e-11,186
CyclicControl,neural,40,EGM,0,-0.04088501394024287,-0.678524580387704,1.0524587160640215,0.5913720828524124,0.4422803856547468,8.737455203799982e-13,238,8.539108309335575e-11,189
CyclicControl,neural,40,EGM,5,-0.03411396508571981,-0.44717772373757375,0.9087030914067579,0.486913731749659,0.4251430538089494,8.149592112260962e-13,235,8.338124635187683e-11,187
CyclicControl,neural,40,EGM,10,-0.01429072260175283,-0.18615087488711746,0.6979277241581266,0.3822493196886521,0.4053386518087285,8.134604101428522e-13,236,8.614359225944668e-11,188
CyclicControl,neural,40,EGM,15,0.008464680923897658,-0.13510722651967255,0.6433364714077275,0.35937697842337507,0.3853149036540135,8.976153154094391e-13,235,8.479050794818477e-11,188
CyclicControl,neural,40,EGM,20,0.024756544034591526,-0.3327456183491987,0.787261005073926,0.40017892263456784,0.36805028564931075,8.918421556813882e-13,234,8.86498097152355e-11,186
CyclicControl,neural,40,EGM,25,0.029398995647177392,-0.49322256611223114,0.8543795641831926,0.4281277604996869,0.3548826926995796,8.710809851208978e-13,235,8.662978667750565e-11,184
CyclicControl,neural,40,EGM,30,0.022339290825725118,-0.5955163686477685,0.8370153715320583,0.4118832303867146,0.34510377800506287,8.519851490973451e-13,237,8.669021056562087e-11,187
CyclicControl,neural,40,EGM,35,0.007608326576396476,-0.6353508599024322,0.744979769512038,0.3698638412329387,0.33701853608665927,8.181233468462779e-13,238,8.681533270049613e-11,188
CyclicControl,neural,40,EGM,40,-0.008627382563112615,-0.6117182758140901,0.7570966796812356,0.3546046773815338,0.3292602200033445,8.750777880095484e-13,237,8.207512447455656e-11,188
CyclicControl,neural,40,EGM,45,-0.020206900987822587,-0.5274608834623523,0.8992585199601348,0.389713065343754,0.32158385008956986,8.384404281969182e-13,236,8.948669583119795e-11,185
CyclicControl,neural,40,EGM,50,-0.023004358309633946,-0.3905044746256317,0.948415332704813,0.4290062458760368,0.3148431280431918,8.867351297681125e-13,236,8.194628309254881e-11,186
CyclicControl,neural,40,EGM,55,-0.01644726628878426,-0.2313665255838463,0.9075483875977133,0.4360135371335806,0.31001166206889785,8.706368959110478e-13,238,8.280715002584316e-11,189
CyclicControl,neural,40,EGM,60,-0.003824015801505683,-0.11170160846445218,0.8264386934204121,0.4182201211097939,0.3067958054190435,8.282263763703668e-13,239,8.160921938227261e-11,190
CyclicControl,neural,41,EGM,0,-0.02947827835436645,-0.41444629753488915,1.146325288564483,0.5854211970591852,0.396096270091797,8.482103908136196e-13,239,8.62617199892668e-11,190
CyclicControl,neural,41,EGM,5,-0.010844604031725071,-0.1403659548313941,0.9474986058688629,0.5227966016348954,0.3876996773513697,8.417710972707937e-13,240,8.123912653701382e-11,192
CyclicControl,neural,41,EGM,10,0.010595166275642953,-0.13139053012735583,0.9114928644064648,0.5032644841026659,0.3799505811959292,8.135714324453147e-13,240,8.562534015155165e-11,191
CyclicControl,neural,41,EGM,15,0.024589518064078823,-0.2758928559657995,0.9342088259377074,0.48197726424042053,0.3710804636189392,8.475442569988445e-13,238,8.981926313822441e-11,188
CyclicControl,neural,41,EGM,20,0.02541038787801376,-0.413285732281985,0.8764044043094058,0.419450470724168,0.3592711526537966,8.179568133925841e-13,235,8.342304624875396e-11,184
CyclicControl,neural,41,EGM,25,0.014306786857424774,-0.4965020516470518,0.7215465821524506,0.34190998559118224,0.3448213526276907,8.768541448489486e-13,235,8.661588113412222e-11,186
CyclicControl,neural,41,EGM,30,-0.001990194339106745,-0.5075480915063625,0.5964943717250509,0.30238801627991424,0.32975163141237357,8.963940700823514e-13,235,8.934303297181145e-11,186
CyclicControl,neural,41,EGM,35,-0.015409903323152759,-0.449279037690203,0.6207425196591885,0.30035261727938145,0.31577801604628913,8.816836150060681e-13,234,8.467770928888285e-11,185
CyclicControl,neural,41,EGM,40,-0.02061981993528975,-0.33818723138055723,0.6400646030891487,0.2952622498538488,0.30317137770470226,8.190670364172092e-13,232,8.900466474948132e-11,181
CyclicControl,neural,41,EGM,45,-0.016868238777115952,-0.2235882468102133,0.6168584217280194,0.2717984738014475,0.2913810014243489,8.574807530692397e-13,233,8.706219079002153e-11,182
CyclicControl,neural,41,EGM,50,-0.00722140109938971,-0.11977921447836669,0.5625674863242657,0.24358615680947057,0.2801271539158532,8.688605390716475e-13,234,8.269701590180034e-11,184
CyclicControl,neural,41,EGM,55,0.003618481561959064,-0.10653295232686297,0.5558625110482275,0.23393193697619136,0.2697442763401286,8.817391261572993e-13,234,8.218065117304718e-11,184
CyclicControl,neural,41,EGM,60,0.01141730767976748,-0.2539046208226454,0.6670747227642707,0.2513235246060307,0.260844601483174,8.108513860349831e-13,234,8.573353138530138e-11,182
CyclicControl,neural,42,EGM,0,-0.00307818542376061,-0.3867418447102893,0.49337601599248043,0.18997726127615813,0.2241180495252982,8.430478537491126e-13,233,8.303355225613984e-11,182
CyclicControl,neural,42,EGM,5,-0.008220842157743855,-0.3498927806319887,0.5527696338335679,0.19461646377205735,0.21647688426104444,8.475442569988445e-13,232,8.452674671310945e-11,180
CyclicControl,neural,42,EGM,10,-0.009238957587777563,-0.2826853639625164,0.5528468246785259,0.18738902362678908,0.20941496734043819,8.453238109495942e-13,230,8.521476579925746e-11,176
CyclicControl,neural,42,EGM,15,-0.006263409378734732,-0.1983781284279716,0.5039028753097299,0.16731284855506884,0.20220302819186123,8.223977054910847e-13,231,8.579122134921846e-11,178
CyclicControl,neural,42,EGM,20,-0.0010624400390009917,-0.11972016122601337,0.42865825412970004,0.1477203475139937,0.1946947322705496,8.316125565954735e-13,231,8.216005653594038e-11,179
CyclicControl,neural,42,EGM,25,0.003959006073701885,-0.12100341986483508,0.40346507872691634,0.14009620576935422,0.18742859463950481,8.448242105885129e-13,230,8.156315900453848e-11,178
CyclicControl,neural,42,EGM,30,0.006811883385090074,-0.22567795484582592,0.4555362672572411,0.14196992587536697,0.18111470342869246,8.487099911747009e-13,228,8.234436743581597e-11,175
CyclicControl,neural,42,EGM,35,0.006612760497782578,-0.3066048126381686,0.4793152259425281,0.14255931246185857,0.17605993972124995,8.252842853551101e-13,231,8.501778447911335e-11,176
CyclicControl,neural,42,EGM,40,0.003757523957973838,-0.3509258809645168,0.45681473152883645,0.13673518970538692,0.17197776072441132,8.501532811067136e-13,232,8.72169836352299e-11,178
CyclicControl,neural,42,EGM,45,-0.0003725885071064622,-0.35614410486496795,0.4056037220884396,0.12889215834499776,0.16826016908145186,8.628098235874404e-13,232,8.987850741437597e-11,178
CyclicControl,neural,42,EGM,50,-0.004018068299648884,-0.32345112360113715,0.4452529342189998,0.12515202448608187,0.1644417074813286,8.707479182135103e-13,231,8.517324345813648e-11,177
CyclicControl,neural,42,EGM,55,-0.005747344982484776,-0.25765383158280125,0.4808140374503501,0.12546120206913292,0.16048693667919597,8.562039965909207e-13,229,8.103760718025654e-11,174
CyclicControl,neural,42,EGM,60,-0.00501334453971808,-0.16846119634735324,0.46359994435536095,0.12613052887875736,0.15669223577989594,8.826828157282307e-13,230,8.395141526396088e-11,175
CyclicControl,neural,43,EGM,0,0.016345614197341964,-0.5510538825665362,0.8702926223607643,0.4050515233810904,0.30808239512603297,8.759659664292485e-13,236,8.116474159436393e-11,186
CyclicControl,neural,43,EGM,5,0.009610560545174006,-0.6062897176925863,0.8833717975732853,0.39668639259238264,0.30263555379812007,8.673062268371723e-13,237,8.633949111214179e-11,187
CyclicControl,neural,43,EGM,10,-0.0003503117832984417,-0.5940052677349306,0.8083376293417042,0.3529823599186535,0.2973066518962323,8.497647030480948e-13,237,8.424577702115243e-11,187
CyclicControl,neural,43,EGM,15,-0.009165738224142876,-0.5201352877746366,0.6789609509940381,0.3095418137219203,0.29005902015620677,8.267830864383541e-13,236,8.511019666812558e-11,185
CyclicControl,neural,43,EGM,20,-0.013386860712726368,-0.39579127882368426,0.7270531488391452,0.2913441251837593,0.2811398003389496,8.629208458899029e-13,233,8.75109151809994e-11,181
CyclicControl,neural,43,EGM,25,-0.011795348375748704,-0.24277215231753313,0.7039165696161319,0.29355564685474755,0.2725613144121536,8.144596108650148e-13,235,8.463149625548283e-11,183
CyclicControl,neural,43,EGM,30,-0.005705233079569338,-0.18987831847349163,0.7211490338806579,0.302606277009671,0.26609789493628644,8.444356325298941e-13,236,8.536327200658889e-11,185
CyclicControl,neural,43,EGM,35,0.0018169828996312616,-0.22793544990692602,0.7654015352333898,0.30149786420710917,0.26151864259965724,8.544276397515205e-13,236,8.611727997376306e-11,185
CyclicControl,neural,43,EGM,40,0.007423672093831446,-0.2387069220999005,0.7223475122105762,0.27699754099027263,0.2568170277865622,8.540945728441329e-13,235,8.78359052158828e-11,183
CyclicControl,neural,43,EGM,45,0.008961210278971527,-0.24153131831297348,0.6220197046203302,0.23512364750333425,0.25014889508684934,8.29558643999917e-13,233,8.784803440242683e-11,179
CyclicControl,neural,43,EGM,50,0.006281761647225281,-0.27904758839040034,0.5223758044790415,0.1993167124364821,0.24145059645284478,8.344991364594989e-13,230,8.342490587232021e-11,179
CyclicControl,neural,43,EGM,55,0.001073621089881975,-0.3434522720300568,0.5127088666714518,0.1911498066284976,0.23234775460884863,8.321121569565548e-13,232,8.680045571196615e-11,180
CyclicControl,neural,43,EGM,60,-0.004107598331047749,-0.3684148503277068,0.5979179816374011,0.2049395635277041,0.22460965823944362,8.925082894961633e-13,232,8.651759864086728e-11,180
CyclicControl,neural,44,EGM,0,-0.007749912765835717,-0.9807203269006175,1.1982855560094743,0.7118698487293766,0.4620910658330043,8.286704655802168e-13,242,8.741574131221341e-11,194
CyclicControl,neural,44,EGM,5,-0.03006954300958726,-0.8567172331864784,1.1626069513487225,0.6741672423719363,0.45723722543443074,8.93507490218326e-13,240,8.81802408869703e-11,192
CyclicControl,neural,44,EGM,10,-0.036153541885587316,-0.6390858937456532,1.1518902903707984,0.6181176386141678,0.44550040662824847,8.22897305852166e-13,238,8.444672738860959e-11,188
CyclicControl,neural,44,EGM,15,-0.024665301125825552,-0.3597738173579099,1.0502165102361585,0.5462192178162234,0.4290304434731882,8.890665981198254e-13,238,8.327455391921035e-11,190
CyclicControl,neural,44,EGM,20,-0.002829185173480665,-0.17379402405594657,0.9413189615785327,0.5202297729624648,0.4130815745834833,8.895106873296754e-13,239,8.601463985513647e-11,191
CyclicControl,neural,44,EGM,25,0.01794147263773807,-0.2962248172605465,1.0354517462732173,0.5336595478073998,0.40037021374362625,8.566480858007708e-13,239,8.930878259150177e-11,190
CyclicControl,neural,44,EGM,30,0.028145704201733887,-0.3879027228314161,1.0066725953458728,0.5026112094263585,0.3888169330033606,8.852918398360998e-13,237,8.234307680154984e-11,188
CyclicControl,neural,44,EGM,35,0.02451852422773407,-0.42957777247047185,0.8618771785541239,0.4105449542455566,0.3749196066278965,8.483214131160821e-13,234,8.987760535816847e-11,184
CyclicControl,neural,44,EGM,40,0.010586033891119534,-0.43795731435007035,0.6496442554639276,0.3138458565643111,0.3578872938013831,8.594791545135649e-13,234,8.230133241582394e-11,186
CyclicControl,neural,44,EGM,45,-0.006121894829521332,-0.42953800239402284,0.587449338552065,0.29598160541198004,0.34020298038859464,8.429368314466501e-13,234,8.959294417465458e-11,185
CyclicControl,neural,44,EGM,50,-0.018101284296070996,-0.380712053893567,0.7416407797249682,0.347201994603911,0.32517970700706167,8.301692666634608e-13,233,8.408401752646455e-11,184
CyclicControl,neural,44,EGM,55,-0.020995607926692448,-0.31246593511269,0.8221276344055835,0.38839384871546745,0.3143076192601959,8.102407633714392e-13,236,8.948428109611939e-11,184
CyclicControl,neural,44,EGM,60,-0.014761802012254055,-0.22310982473788044,0.8176332367482448,0.3856724072774257,0.3065519699616717,8.506528814677949e-13,237,8.522571537383783e-11,187
CyclicControl,neural,45,EGM,0,-0.003034287148446015,-0.5444277221668828,0.7573368560295957,0.32657396576366293,0.2969458922568231,8.65529869997772e-13,236,8.245809590690101e-11,186
CyclicControl,neural,45,EGM,5,-0.0099298029411569,-0.4458335450841632,0.6742936897480775,0.28702562299744616,0.28777509944936286,8.750222768583171e-13,234,8.624570502213658e-11,183
CyclicControl,neural,45,EGM,10,-0.012116566246242359,-0.30487633483573817,0.6861627534335801,0.28224302192482764,0.2779295906505198,8.314460231417797e-13,233,8.655259842171859e-11,180
CyclicControl,neural,45,EGM,15,-0.009026221780434978,-0.21174121331051549,0.6965837510276327,0.29486009088550513,0.2699196320341424,8.563150188933832e-13,235,8.123238193213922e-11,184
CyclicControl,neural,45,EGM,20,-0.0024602482316695333,-0.2352125959099072,0.7603217783833452,0.3000353641156439,0.2644697786980003,8.347766922156552e-13,236,8.246747729145909e-11,185
CyclicControl,neural,45,EGM,25,0.004366885504132676,-0.2403841368583895,0.7419253205616787,0.2822897007634458,0.25986975584585803,8.857359290459499e-13,235,8.37259150898717e-11,184
CyclicControl,neural,45,EGM,30,0.008374162458052602,-0.22480584773184328,0.6462701092449027,0.2454765197871723,0.25377554175986905,8.271161533457416e-13,234,8.371217607994197e-11,181
CyclicControl,neural,45,EGM,35,0.008010685370411665,-0.2699627249455928,0.5682325193681765,0.20917834687532497,0.2454078955297541,8.921197114375445e-13,230,8.662742745357832e-11,178
CyclicControl,neural,45,EGM,40,0.0038441057082495432,-0.34976610021192217,0.49883126248625886,0.1941177051731782,0.23605936888194387,8.473777235451507e-13,232,8.966286046963035e-11,180
CyclicControl,neural,45,EGM,45,-0.00189118212974377,-0.3936766740786877,0.5646075870544315,0.20223312032145432,0.2277032437804231,8.583689314889398e-13,233,8.780035032351918e-11,181
CyclicControl,neural,45,EGM,50,-0.006479308370687648,-0.3861849319504612,0.632750000139567,0.2108479190598339,0.2211282480782184,8.4204865302695e-13,233,8.829090236694981e-11,180
CyclicControl,neural,45,EGM,55,-0.00800068489918046,-0.3329658073621643,0.6233539808810686,0.19907969206248666,0.215413289924522,8.963385589311201e-13,231,8.809235285678341e-11,177
CyclicControl,neural,45,EGM,60,-0.006095893160063548,-0.24505955314203987,0.5462875203107813,0.1690320370420832,0.20910198303168012,8.108513860349831e-13,231,8.578421306637551e-11,177
CyclicControl,neural,46,EGM,0,-0.04123301142954973,-0.6387795244579069,1.285384675662578,0.6956437466297904,0.453064256245867,8.326672684688674e-13,238,8.908923598838214e-11,188
CyclicControl,neural,46,EGM,5,-0.02568005312121944,-0.32863386561320007,1.0979067395423132,0.5806250389445976,0.4390120774752916,8.913980664715382e-13,239,8.531952921941865e-11,191
CyclicControl,neural,46,EGM,10,0.0004472726290066308,-0.13940393945526053,0.9289859843831411,0.5180489813630713,0.4240572554881436,8.235634396669411e-13,240,8.891332115013029e-11,191
CyclicControl,neural,46,EGM,15,0.023257301034448105,-0.292604669540282,1.0000259985879232,0.5187674806491978,0.4096562940789479,8.197886813832156e-13,239,8.395439898833956e-11,190
CyclicControl,neural,46,EGM,20,0.03246178024282239,-0.41867269234642945,0.9597217163021812,0.48740504845041144,0.39463788258371385,8.599787548746463e-13,236,8.490402825245269e-11,186
CyclicControl,neural,46,EGM,25,0.026043237049496945,-0.5014789750726054,0.8228378913650465,0.414486062836365,0.37767606325946884,8.855138844410249e-13,235,8.986411614841927e-11,186
CyclicControl,neural,46,EGM,30,0.009616068464671694,-0.5343932515484309,0.6394511791401953,0.3522968022811977,0.3593565903964061,8.493206138382448e-13,236,8.998113365521476e-11,187
CyclicControl,neural,46,EGM,35,-0.007997741538821341,-0.5283960180946685,0.6885739707140538,0.3401930983747649,0.34165123026573263,8.399947404313934e-13,236,8.625167247089394e-11,187
CyclicControl,neural,46,EGM,40,-0.019523855136341382,-0.48364904756988125,0.7576979599550877,0.36157358072427065,0.32626147554259977,8.54316617449058e-13,235,8.9169616135365e-11,185
CyclicControl,neural,46,EGM,45,-0.021730937487447546,-0.4074904996206261,0.8376354352897755,0.3795259050006011,0.3137726855869786,8.440470544712753e-13,234,8.214781632709389e-11,183
CyclicControl,neural,46,EGM,50,-0.015386478213280395,-0.3085466727354933,0.8458737606271048,0.37294263474399114,0.30387407342679207,8.542055951465954e-13,236,8.326622724652566e-11,186
CyclicControl,neural,46,EGM,55,-0.003920690650838615,-0.1964991871508146,0.7831601088791873,0.34927824699461485,0.29587625521276023,8.393286066166183e-13,237,8.509959403824041e-11,187
CyclicControl,neural,46,EGM,60,0.008048568584420874,-0.1666143964360987,0.7412721867218821,0.34036702486260095,0.2890930082444168,8.220091274324659e-13,237,8.164768861007587e-11,187
CyclicControl,neural,47,EGM,0,0.004240351849628015,-0.6083391387937962,1.3268712141819718,0.7667894374439154,0.5346433149169293,8.325562461664049e-13,239,8.271638929358005e-11,191
CyclicControl,neural,47,EGM,5,0.01848973331470548,-0.6748864969490245,1.1682242528240327,0.7088520810917951,0.5123275327898316,8.688605390716475e-13,238,8.377387672453551e-11,189
CyclicControl,neural,47,EGM,10,0.017408773000901077,-0.6485277756332043,1.1959265325019728,0.6697101405761638,0.4915905973190069,8.351097591230427e-13,238,8.256084704783007e-11,189
CyclicControl,neural,47,EGM,15,0.009028832517719984,-0.5209456534873498,1.1578225179669315,0.6499366296197118,0.47260150803637785,8.200107259881406e-13,238,8.456779720944496e-11,188
CyclicControl,neural,47,EGM,20,0.003076521168029932,-0.4662512210030486,1.1243471840952184,0.6395091300238158,0.4558470172488883,8.473222123939195e-13,238,8.806555484852652e-11,188
CyclicControl,neural,47,EGM,25,0.0018938983563378566,-0.6215987109253497,1.2141810773804598,0.6482334167220538,0.4414781307380035,8.892886427247504e-13,237,8.571343634855566e-11,188
CyclicControl,neural,47,EGM,30,0.0009659918435825636,-0.723019147057531,1.1626488753442388,0.6390661044582285,0.4289561714285676,8.377742943821431e-13,239,8.410083740528762e-11,190
CyclicControl,neural,47,EGM,35,-0.0036630888991531553,-0.7466344810184651,1.127499781443459,0.6310001962892606,0.41762151960462596,8.651968030903845e-13,239,8.801548379011592e-11,190
CyclicControl,neural,47,EGM,40,-0.009966010310378135,-0.6771524899944064,1.2106166001285743,0.6383984499820877,0.40727130704703274,8.719691635405979e-13,238,8.432204934294418e-11,189
CyclicControl,neural,47,EGM,45,-0.011911568784970869,-0.5165019783703735,1.1745168731224518,0.6090670656989984,0.3978818372730597,8.471001677889944e-13,238,8.877515389471569e-11,188
CyclicControl,neural,47,EGM,50,-0.00590671600115884,-0.31407081697110034,1.025463314057888,0.5502765461252472,0.3890935045221945,8.244516180866412e-13,239,8.14733280840585e-11,190
CyclicControl,neural,47,EGM,55,0.005213958554933175,-0.37499430234329123,1.0546221707235641,0.5266657494632625,0.380275929384402,8.750777880095484e-13,238,8.4782403320105e-11,189
CyclicControl,neural,47,EGM,60,0.014183026252937509,-0.5159425115520121,1.0778545770479835,0.5162310011657321,0.37101285542424,8.931744233109384e-13,236,8.773470838718822e-11,186
CyclicControl,neural,48,EGM,0,0.004118032258207498,-0.14088002363661237,0.5387521857926567,0.22782875791943724,0.281348242620071,8.674727602908661e-13,233,8.649936322768781e-11,183
CyclicControl,neural,48,EGM,5,0.012178920817161716,-0.2632353557444191,0.6275426323659492,0.23992877581931799,0.2701909016957194,8.826828157282307e-13,232,8.743286650236826e-11,181
CyclicControl,neural,48,EGM,10,0.013493683889950876,-0.3590519190480429,0.644498515075147,0.23699972216068624,0.2609456211492442,8.698597397938101e-13,232,8.625022918096192e-11,179
CyclicControl,neural,48,EGM,15,0.008396188613736663,-0.4057930899101404,0.5838005653443072,0.2094381086938498,0.2523552153662699,8.847922394750185e-13,233,8.981962396070742e-11,181
CyclicControl,neural,48,EGM,20,7.916186403349481e-05,-0.40256767517133063,0.4674355133395498,0.182349445978542,0.2435348867144975,8.777423232686488e-13,233,8.260053752096042e-11,182
CyclicControl,neural,48,EGM,25,-0.007275992763343794,-0.3526875534345302,0.5441938655989269,0.18250483614895296,0.23476965651544981,8.544276397515205e-13,232,8.55005788391594e-11,180
CyclicControl,neural,48,EGM,30,-0.01045167374510399,-0.2633260023107079,0.6004118008479675,0.20127864236283566,0.22709438655529535,8.166245457630339e-13,232,8.203321355537696e-11,177
CyclicControl,neural,48,EGM,35,-0.008468023065939929,-0.1454855518345351,0.5777188055338609,0.21286223481370825,0.2212112497761667,8.481548796623883e-13,234,8.654035821287209e-11,181
CyclicControl,neural,48,EGM,40,-0.0027901691316796016,-0.09460651366235696,0.5626387367449412,0.20892404756526503,0.21668900431893873,8.266165529846603e-13,235,8.139960927522338e-11,183
CyclicControl,neural,48,EGM,45,0.0035430154664344744,-0.1356236878918769,0.578895725019281,0.19623917284431197,0.21222269328433435,8.698042286425789e-13,234,8.2019779856779e-11,182
CyclicControl,neural,48,EGM,50,0.0074645978720160175,-0.20377382439020705,0.5681917544134951,0.18065780805077433,0.20675518636819498,8.828493491819245e-13,232,8.713377241953424e-11,178
CyclicControl,neural,48,EGM,55,0.007356728919874326,-0.3033778491876263,0.5478568060911722,0.16508754969509665,0.2003489601328199,8.167355680654964e-13,231,8.477966939590686e-11,177
CyclicControl,neural,48,EGM,60,0.0037173206151918485,-0.3640274268723373,0.4649900850059514,0.15523410748123934,0.19393668961963406,8.819056596109931e-13,232,8.987563471229976e-11,179
CyclicControl,neural,49,EGM,0,-0.006328067430073097,-0.19005050300060872,0.6872884070716477,0.2625407411523424,0.23469922375356775,8.781309013272676e-13,235,8.372108561971459e-11,184
CyclicControl,neural,49,EGM,5,0.0008672850183636678,-0.1247078532707362,0.6290561878377989,0.2520612761864892,0.23102931381685265,8.907319326567631e-13,235,8.524614347749093e-11,184
CyclicControl,neural,49,EGM,10,0.006790870477357587,-0.22511640766273056,0.6762366970109276,0.2433209304468139,0.2272081842325367,8.852363286848686e-13,234,8.588429967204547e-11,182
CyclicControl,neural,49,EGM,15,0.008696748269771282,-0.33940205902914633,0.6834543413175015,0.22772828588396496,0.22285568022969857,8.334999357373363e-13,232,8.35605612481416e-11,178
CyclicControl,neural,49,EGM,20,0.005768789346668517,-0.41008765949609643,0.6073094980144584,0.20440110066871575,0.21817496213797735,8.942846463355636e-13,233,8.483647118140425e-11,181
CyclicControl,neural,49,EGM,25,-0.0003308810402362594,-0.4279584627971475,0.5086550880211761,0.1882349643530427,0.21346726047490405,8.398282069776997e-13,234,8.272102447470786e-11,182
CyclicControl,neural,49,EGM,30,-0.006351350439386096,-0.3914254434217195,0.5574639020900187,0.18302931787948915,0.20852340358835833,8.535394613318203e-13,233,8.847128585287578e-11,180
CyclicControl,neural,49,EGM,35,-0.009292671399492032,-0.3073043606212765,0.5483541524798914,0.17595399418293664,0.20274234404781588,8.272826867994354e-13,231,8.216483049494627e-11,177
CyclicControl,neural,49,EGM,40,-0.008027525742192907,-0.18951050089744842,0.4841939004157853,0.1621924454780834,0.19588072560372038,8.812950369474493e-13,230,8.803902051823798e-11,177
CyclicControl,neural,49,EGM,45,-0.00370767886470556,-0.12287402268053632,0.43846000336820795,0.14935712646427218,0.18841478638999284,8.494316361407073e-13,231,8.243317139999817e-11,179
CyclicControl,neural,49,EGM,50,0.0011623583845152509,-0.13906481629104817,0.4419888577687603,0.14226253527888275,0.18106404459499081,8.152367669822524e-13,231,8.62310084448481e-11,178
CyclicControl,neural,49,EGM,55,0.004226843595858962,-0.18815787938533873,0.4594482795631306,0.13651747995073416,0.17414613473216758,8.112954752448331e-13,230,8.256188788191565e-11,176
CyclicControl,neural,49,EGM,60,0.00438942541341346,-0.23247193705940428,0.453691143599551,0.1269960206064913,0.16751852801608658,8.585077093670179e-13,228,8.371491000414011e-11,173
CyclicControl,neural,40,PPM-3,0,-0.04088501394024287,-0.678524580387704,1.0524587160640215,0.5913720828524124,0.4422803856547468,8.737455203799982e-13,238,8.539108309335575e-11,189
CyclicControl,neural,40,PPM-3,5,-0.03418782686077037,-0.44843941922916175,0.9096905875729924,0.48755434098733613,0.4252654755645499,8.145151220162461e-13,235,8.329936740381072e-11,187
CyclicControl,neural,40,PPM-3,10,-0.014508722396569933,-0.18875090328523006,0.7003370332843463,0.3830257843773599,0.4055993893156568,8.131273432354647e-13,236,8.61118398809424e-11,188
CyclicControl,neural,40,PPM-3,15,0.008183187725149121,-0.13268886413491743,0.6414262428694213,0.35923328836883056,0.3856803938289969,8.983924715266767e-13,235,8.491918279673882e-11,188
CyclicControl,neural,40,PPM-3,20,0.02457563242253915,-0.3297834480230083,0.7858258685737151,0.39971043237938897,0.3684600766527201,8.947842466966449e-13,234,8.909523119271512e-11,186
CyclicControl,neural,40,PPM-3,25,0.029455016182397202,-0.4907596324206016,0.8545309346033072,0.42843795265311585,0.3552969300751507,8.667511153248597e-13,235,8.586181765579681e-11,184
CyclicControl,neural,40,PPM-3,30,0.022662698044049013,-0.5940490626004169,0.8390857572364266,0.41323981321295755,0.34551899362971716,8.498757253505573e-13,237,8.632972114952508e-11,187
CyclicControl,neural,40,PPM-3,35,0.00810728902897645,-0.635342869189079,0.7491017485947945,0.371308172343663,0.3374471055586715,8.181233468462779e-13,238,8.680783869507991e-11,188
CyclicControl,neural,40,PPM-3,40,-0.008134762555778989,-0.6136061830082762,0.7534688774237114,0.35437739842305566,0.32970265457055087,8.778533455711113e-13,237,8.247541538608516e-11,188
CyclicControl,neural,40,PPM-3,45,-0.019930866701560596,-0.5315900418323204,0.8955055369276791,0.38811717182317984,0.32201246965691144,8.449907440422066e-13,236,8.154998898390886e-11,186
CyclicControl,neural,40,PPM-3,50,-0.023100810155421807,-0.39699524580746964,0.9486114973273008,0.42815682225201923,0.31520800849151237,8.769651671514112e-13,236,8.927114603096697e-11,185
CyclicControl,neural,40,PPM-3,55,-0.016931545016904595,-0.23805968143140863,0.9106999360507858,0.4366310823723784,0.3102824503891084,8.661960038125471e-13,238,8.209016799654023e-11,189
CyclicControl,neural,40,PPM-3,60,-0.0045271583638264775,-0.11525163929699464,0.8302013021076086,0.4195651145838232,0.30701855305842796,8.285594432777543e-13,239,8.164979803382266e-11,190
CyclicControl,neural,41,PPM-3,0,-0.02947827835436645,-0.41444629753488915,1.146325288564483,0.5854211970591852,0.396096270091797,8.482103908136196e-13,239,8.62617199892668e-11,190
CyclicControl,neural,41,PPM-3,5,-0.01095206055600492,-0.14131391259354492,0.9482494131930366,0.5229295029185967,0.38771335108468385,8.415490526658687e-13,240,8.12092615376514e-11,192
CyclicControl,neural,41,PPM-3,10,0.010399311200022715,-0.129833327541252,0.9105628961264947,0.5032215329571136,0.37998363591331585,8.142375662600898e-13,240,8.57330317849403e-11,191
CyclicControl,neural,41,PPM-3,15,0.024462058357247584,-0.2735905693976353,0.9342125828565899,0.4824318527080702,0.37117532627291694,8.505418591653324e-13,238,8.129702466774802e-11,189
CyclicControl,neural,41,PPM-3,20,0.025519948531463554,-0.4107043889717435,0.8782111057321809,0.4208932621585032,0.35948183143582846,8.256173522624977e-13,235,8.273487450694006e-11,184
CyclicControl,neural,41,PPM-3,25,0.0146857240834924,-0.49495584467598935,0.7262823027595283,0.3434319266730993,0.3451538445024935,8.741896095898483e-13,235,8.62777072008214e-11,186
CyclicControl,neural,41,PPM-3,30,-0.001496389526475872,-0.5079828910937412,0.59801239221763,0.3027207587849219,0.33016121089139894,8.972822485020515e-13,235,8.946898777395518e-11,186
CyclicControl,neural,41,PPM-3,35,-0.015054977985830963,-0.4522285236874525,0.6187017007902555,0.3002300187215333,0.316228034467132,8.874567747341189e-13,234,8.542569429614844e-11,185
CyclicControl,neural,41,PPM-3,40,-0.02059947849625104,-0.34284584038013,0.6406504425000694,0.29595669254272305,0.30366806131376756,8.303913112683858e-13,232,8.173195453764492e-11,182
CyclicControl,neural,41,PPM-3,45,-0.017207525266733255,-0.22882547476064227,0.6193998715634897,0.27332644293665154,0.29194286640992745,8.515410598874951e-13,233,8.612444091227189e-11,182
CyclicControl,neural,41,PPM-3,50,-0.00777268675710008,-0.12386960812914867,0.5656738211742629,0.24488785908651567,0.2807415498698285,8.669731599297847e-13,234,8.247377780712384e-11,184
CyclicControl,neural,41,PPM-3,55,0.0030889221611710973,-0.10289082899404581,0.5532213435474972,0.23381980359901133,0.27036231716038506,8.837375276016246e-13,234,8.26003432319311e-11,184
CyclicControl,neural,41,PPM-3,60,0.011123469406547536,-0.24446927818485886,0.6608485609607255,0.25000318407840116,0.261408087330897,8.171796572753465e-13,234,8.704026388528519e-11,182
CyclicControl,neural,42,PPM-3,0,-0.00307818542376061,-0.3867418447102893,0.49337601599248043,0.18997726127615813,0.2241180495252982,8.430478537491126e-13,233,8.303355225613984e-11,182
CyclicControl,neural,42,PPM-3,5,-0.00820577043841571,-0.35016620242760504,0.5527067735124369,0.19463888079511668,0.21652114976701173,8.482103908136196e-13,232,8.465164680337978e-11,180
CyclicControl,neural,42,PPM-3,10,-0.009250817447762653,-0.28347918461042404,0.5532524655519648,0.18758578092943173,0.2095039809852275,8.477107904525383e-13,230,8.56756748879306e-11,176
CyclicControl,neural,42,PPM-3,15,-0.006327366820436232,-0.1994906171137942,0.5048473268424051,0.1676890044410022,0.20234262713421325,8.219536162812346e-13,231,8.56298504325892e-11,178
CyclicControl,neural,42,PPM-3,20,-0.0011651975838660848,-0.12118571307688761,0.4304025595157265,0.14803728862312804,0.19488050794771872,8.323342015614799e-13,231,8.222145186920216e-11,179
CyclicControl,neural,42,PPM-3,25,0.003863174180758529,-0.11886747276867846,0.4022249658054531,0.14016770530150413,0.18764005985771864,8.474887458476132e-13,230,8.195577549940936e-11,178
CyclicControl,neural,42,PPM-3,30,0.006775510691993436,-0.22315146570184843,0.4546266311410613,0.14194347304324775,0.18132672089962945,8.546774399320611e-13,228,8.331020595608862e-11,175
CyclicControl,neural,42,PPM-3,35,0.006666486620233539,-0.3047272593594646,0.47939411421249467,0.14271072452421957,0.17625958910812736,8.202327705930657e-13,231,8.411138452402156e-11,176
CyclicControl,neural,42,PPM-3,40,0.0038921334272333857,-0.3501183262172386,0.45848852396116235,0.13709519397166844,0.1721708107586884,8.482103908136196e-13,232,8.685314967227242e-11,178
CyclicControl,neural,42,PPM-3,45,-0.00020640003877303378,-0.35674763235896023,0.4053019501279076,0.12920964093160084,0.16846202197377663,8.642531135194531e-13,232,8.111483706940703e-11,179
CyclicControl,neural,42,PPM-3,50,-0.0038915898159889344,-0.3256720404725156,0.44242954882643143,0.12524600168298744,0.16466101130830155,8.766321002440236e-13,231,8.615343161100242e-11,177
CyclicControl,neural,42,PPM-3,55,-0.0057229857960150975,-0.261508474868758,0.48033957307246333,0.12544010331078756,0.16071590529382915,8.690270725253413e-13,229,8.2951437385681e-11,174
CyclicControl,neural,42,PPM-3,60,-0.0051131117661798575,-0.1724407567533773,0.46465029781480083,0.12615304542898678,0.1569139777227741,8.73912053833692e-13,230,8.243594695755974e-11,175
CyclicControl,neural,43,PPM-3,0,0.016345614197341964,-0.5510538825665362,0.8702926223607643,0.4050515233810904,0.30808239512603297,8.759659664292485e-13,236,8.116474159436393e-11,186
CyclicControl,neural,43,PPM-3,5,0.009650089637686468,-0.6062081321155273,0.8834880263158573,0.39681467765769696,0.30265803419229786,8.673062268371723e-13,237,8.631756420740544e-11,187
CyclicControl,neural,43,PPM-3,10,-0.0002637342614814598,-0.5944049331536936,0.8092822409997613,0.3534015418468114,0.2973574199756642,8.504308368628699e-13,237,8.43305980602338e-11,187
CyclicControl,neural,43,PPM-3,15,-0.00907824478647538,-0.5214787929183825,0.6785790481120204,0.3099604425747298,0.2901591363463227,8.288925101851419e-13,236,8.544068230698088e-11,185
CyclicControl,neural,43,PPM-3,20,-0.013368941294563924,-0.39835834010508875,0.7269618758046748,0.29147373977930213,0.28128580785349294,8.685829833154912e-13,233,8.827652497878091e-11,181
CyclicControl,neural,43,PPM-3,25,-0.011893795635377517,-0.24560255886910237,0.7045893129664318,0.29339954402022206,0.27271317846770965,8.105738302788268e-13,235,8.401648821099172e-11,183
CyclicControl,neural,43,PPM-3,30,-0.005904882446599336,-0.1895991634557166,0.7199145288098907,0.30237929198625696,0.2662184350249206,8.429923425978814e-13,236,8.513123539444223e-11,185
CyclicControl,neural,43,PPM-3,35,0.0015968773656751466,-0.22682517084769774,0.7651109333858951,0.3017747589070473,0.2616266301108603,8.556488850786081e-13,236,8.636691362085003e-11,185
CyclicControl,neural,43,PPM-3,40,0.007292420167010476,-0.23844338103546792,0.724991562871172,0.2781945398008009,0.25698444985513563,8.593126210598712e-13,235,8.878234258880013e-11,183
CyclicControl,neural,43,PPM-3,45,0.008997463245934034,-0.2402173232252073,0.6256790233628823,0.23684836989564895,0.2504351297673327,8.404388296412435e-13,233,8.981881904901456e-11,179
CyclicControl,neural,43,PPM-3,50,0.006485986855378791,-0.2764228659605948,0.5264261788020288,0.20042210916649272,0.24184041984120286,8.266165529846603e-13,230,8.26393953268223e-11,179
CyclicControl,neural,43,PPM-3,55,0.0013612778382793983,-0.34127329296291187,0.5104338477389316,0.19083616251869573,0.23275794459250218,8.267830864383541e-13,232,8.650799521170427e-11,180
CyclicControl,neural,43,PPM-3,60,-0.003866820268046112,-0.36836984642418247,0.5927681145535706,0.2040323893566276,0.22496626247252213,8.924527783449321e-13,232,8.694781006290953e-11,180
CyclicControl,neural,44,PPM-3,0,-0.007749912765835717,-0.9807203269006175,1.1982855560094743,0.7118698487293766,0.4620910658330043,8.286704655802168e-13,242,8.741574131221341e-11,194
CyclicControl,neural,44,PPM-3,5,-0.029991809657784325,-0.857543439025711,1.162619198350972,0.6743131427136303,0.45723940111165523,8.943956686380261e-13,240,8.830991493624651e-11,192
CyclicControl,neural,44,PPM-3,10,-0.03618179020543303,-0.6415895796715662,1.1521647040424536,0.6187332157203689,0.4455855453837909,8.26116952623579e-13,238,8.498723946814835e-11,188
CyclicControl,neural,44,PPM-3,15,-0.02494229996954793,-0.36427771714466045,1.0526637524754112,0.5470318273278292,0.4292151410399377,8.86402062860725e-13,238,8.294054332225187e-11,190
CyclicControl,neural,44,PPM-3,20,-0.0033067632083325707,-0.17386270020573463,0.9407625244718762,0.5199035275848726,0.4133012055170533,8.886225089099753e-13,239,8.593237232901174e-11,191
CyclicControl,neural,44,PPM-3,25,0.017504597374826944,-0.2930375372663984,1.034109780196684,0.5334124755137771,0.4005993094569855,8.586464872450961e-13,239,8.967138143134434e-11,190
CyclicControl,neural,44,PPM-3,30,0.02803181066131437,-0.3857413209902156,1.009294753239603,0.50449013169652,0.3891450567482393,8.921752225887758e-13,237,8.341355384189342e-11,188
CyclicControl,neural,44,PPM-3,35,0.024858056695426477,-0.42886534111828467,0.8686536964885321,0.4144060790247899,0.37545594349646444,8.630873793435967e-13,234,8.920433836046016e-11,184
CyclicControl,neural,44,PPM-3,40,0.011261753560536476,-0.4381199302162602,0.6591667610012552,0.31671372447209706,0.35862502111379657,8.598677325721837e-13,234,8.212575064447947e-11,186
CyclicControl,neural,44,PPM-3,45,-0.00541616699627298,-0.4308590077175811,0.5786686313433186,0.2948060296707534,0.34100566118811926,8.455458555545192e-13,234,8.995515443643853e-11,185
CyclicControl,neural,44,PPM-3,50,-0.017698432697087263,-0.3840554796463898,0.7362200111026769,0.34452000104380387,0.325893692404837,8.374412274747556e-13,233,8.516728988716693e-11,184
CyclicControl,neural,44,PPM-3,55,-0.021091904439676505,-0.31703572336797436,0.8203831406688241,0.38750416382265884,0.31488253975397074,8.890665981198254e-13,235,8.753742175571233e-11,184
CyclicControl,neural,44,PPM-3,60,-0.015330984577818667,-0.22928004196995103,0.8207926198173245,0.38717433738231855,0.30705635741835763,8.463230116717568e-13,237,8.447847976711387e-11,187
CyclicControl,neural,45,PPM-3,0,-0.003034287148446015,-0.5444277221668828,0.7573368560295957,0.32657396576366293,0.2969458922568231,8.65529869997772e-13,236,8.245809590690101e-11,186
CyclicControl,neural,45,PPM-3,5,-0.009906781127129874,-0.4463720989839786,0.6742926972594239,0.2871119941916492,0.2878157203467673,8.760214775804798e-13,234,8.638043058617484e-11,183
CyclicControl,neural,45,PPM-3,10,-0.012119878588232184,-0.30628708969980206,0.6863312202491463,0.28214704561393944,0.2780034870506006,8.286704655802168e-13,233,8.615724800264957e-11,180
CyclicControl,neural,45,PPM-3,15,-0.00909791217089653,-0.2123271464738496,0.6961161459160327,0.2946523189756278,0.26999378744861113,8.543721286002892e-13,235,8.995271194578436e-11,183
CyclicControl,neural,45,PPM-3,20,-0.0025961441895438957,-0.23486023988381752,0.7597571895919392,0.30008040434758865,0.2645312359855777,8.344436253082677e-13,236,8.242742599584574e-11,185
CyclicControl,neural,45,PPM-3,25,0.004226262134639003,-0.24054833864044997,0.7432634155396377,0.2829122705885551,0.25995686623069647,8.879563750952002e-13,235,8.408734819553842e-11,184
CyclicControl,neural,45,PPM-3,30,0.008313807706929851,-0.22458989746342645,0.6489225249227031,0.24654966686868166,0.2539458868021462,8.327227796200987e-13,234,8.47447390039946e-11,181
CyclicControl,neural,45,PPM-3,35,0.00808841906219522,-0.26826122943845887,0.5710894281775941,0.21007327488165145,0.24567573996261124,8.152367669822524e-13,231,8.569633891397643e-11,178
CyclicControl,neural,45,PPM-3,40,0.004047936208023134,-0.3470806654231712,0.5020627331070266,0.19416347701815403,0.23637339561685627,8.408829188510936e-13,232,8.905007287118849e-11,180
CyclicControl,neural,45,PPM-3,45,-0.0016467630465310224,-0.39289343028299284,0.5600021454526252,0.20167359091849332,0.2279963702867352,8.56703596952002e-13,233,8.778575089074536e-11,181
CyclicControl,neural,45,PPM-3,50,-0.006313009360818583,-0.38772281450258606,0.6314010264382172,0.21082583112834,0.22139179953427754,8.454348332520567e-13,233,8.912126592264258e-11,180
CyclicControl,neural,45,PPM-3,55,-0.008002266849211499,-0.3368581482106881,0.6257340752658773,0.20028793294335356,0.2157087148456415,8.160694342507213e-13,232,8.115587368795474e-11,178
CyclicControl,neural,45,PPM-3,60,-0.006277234152525292,-0.25095728659412564,0.552317766337088,0.17092344439526092,0.20949495875542556,8.112399640936019e-13,231,8.517848926192784e-11,177
CyclicControl,neural,46,PPM-3,0,-0.04123301142954973,-0.6387795244579069,1.285384675662578,0.6956437466297904,0.453064256245867,8.326672684688674e-13,238,8.908923598838214e-11,188
CyclicControl,neural,46,PPM-3,5,-0.025799957477033064,-0.3303558122728201,1.09914084461743,0.5811206350556952,0.43907857988323606,8.908429549592256e-13,239,8.523814987171363e-11,191
CyclicControl,neural,46,PPM-3,10,0.00016246248299457263,-0.13885732084381722,0.9285762536011211,0.5180473204565913,0.4241943334050219,8.236744619694036e-13,240,8.893813463473066e-11,191
CyclicControl,neural,46,PPM-3,15,0.022980410365959353,-0.29032073739944664,0.9995297000237936,0.5186679211228145,0.40986627541601,8.220091274324659e-13,239,8.42806935352769e-11,190
CyclicControl,neural,46,PPM-3,20,0.03243693521246018,-0.4163873972719587,0.961416092383041,0.48849895655854325,0.3949661818798955,8.664180484174722e-13,236,8.589345901199863e-11,186
CyclicControl,neural,46,PPM-3,25,0.02638006245093107,-0.49989590164856845,0.8272944428555165,0.41650495172687696,0.3781642073819135,8.82738326879462e-13,235,8.939221585180235e-11,186
CyclicControl,neural,46,PPM-3,30,0.01019540173155126,-0.5341225017739849,0.640677820368188,0.3535539919138571,0.35998169189739204,8.490985692333197e-13,236,8.990919120321905e-11,187
CyclicControl,neural,46,PPM-3,35,-0.007446580308282791,-0.5295693350311956,0.6867195611209398,0.33991262528342275,0.3423393973875883,8.419931418757187e-13,236,8.661515948915621e-11,187
CyclicControl,neural,46,PPM-3,40,-0.01925759110046234,-0.48632172227579357,0.755010438769243,0.36085082569727056,0.32694553106410174,8.590905764549461e-13,235,8.110340177225339e-11,186
CyclicControl,neural,46,PPM-3,45,-0.021866497675729367,-0.4115390847387694,0.8363849056428374,0.3796561325379721,0.3144222187732305,8.337219803422613e-13,234,8.95736262940261e-11,182
CyclicControl,neural,46,PPM-3,50,-0.015872848560990572,-0.313708638253855,0.8478369733199261,0.3743138992679766,0.3044850843290196,8.489875469308572e-13,236,8.252176719736326e-11,186
CyclicControl,neural,46,PPM-3,55,-0.004580134643111732,-0.2023871907113105,0.7885287115413545,0.3508022287985183,0.2964527574851694,8.385514504993807e-13,237,8.501577219988121e-11,187
CyclicControl,neural,46,PPM-3,60,0.007458754225372602,-0.15874912174719757,0.7360701470513011,0.34032572079474194,0.28963648238668577,8.25894908018654e-13,237,8.229300574313925e-11,187
CyclicControl,neural,47,PPM-3,0,0.004240351849628015,-0.6083391387937962,1.3268712141819718,0.7667894374439154,0.5346433149169293,8.325562461664049e-13,239,8.271638929358005e-11,191
CyclicControl,neural,47,PPM-3,5,0.018474642486683936,-0.6742398853730454,1.1684107967965083,0.7089190467652844,0.5124666683156008,8.681944052568724e-13,238,8.363471026839875e-11,189
CyclicControl,neural,47,PPM-3,10,0.01758321790673882,-0.6484466237269125,1.1945841125748502,0.6694188052334172,0.49182823593797836,8.349987368205802e-13,238,8.250988781099977e-11,189
CyclicControl,neural,47,PPM-3,15,0.00931359083389987,-0.5228489620383228,1.1580305062993201,0.6495367570667286,0.4728902633610405,8.179013022413528e-13,238,8.426964681618188e-11,188
CyclicControl,neural,47,PPM-3,20,0.0032165591411177324,-0.46558347085347296,1.1224924854228235,0.6388685938778309,0.45613577229500035,8.457679001594443e-13,238,8.778699989164807e-11,188
CyclicControl,neural,47,PPM-3,25,0.0017886429972801174,-0.6191405008078903,1.2124180186446507,0.6473102629039367,0.4417358228691888,8.857359290459499e-13,237,8.543066254418363e-11,188
CyclicControl,neural,47,PPM-3,30,0.0007964661053267536,-0.7208888494829201,1.164260478905121,0.6387223339604133,0.429187482415472,8.354428260304303e-13,239,8.376049853708878e-11,190
CyclicControl,neural,47,PPM-3,35,-0.003662745959520785,-0.7461241322094669,1.1269549296226504,0.6305170975189711,0.41784758669566535,8.646416915780719e-13,239,8.791467553947996e-11,190
CyclicControl,neural,47,PPM-3,40,-0.009805847053026142,-0.6797096918954679,1.209112071717406,0.6382830108074014,0.4075048942614668,8.752998326144734e-13,238,8.477413215857155e-11,189
CyclicControl,neural,47,PPM-3,45,-0.011847869875406716,-0.523035514973559,1.1782240840163272,0.6109652527133211,0.39813649820176955,8.435474541101939e-13,238,8.820655317265391e-11,188
CyclicControl,neural,47,PPM-3,50,-0.006148018861734186,-0.3175338311128252,1.0285998831918688,0.5526031756887655,0.38939911037558805,8.240075288767912e-13,239,8.139500184967119e-11,190
CyclicControl,neural,47,PPM-3,55,0.0047638128969101105,-0.3684507425060164,1.0514972173949708,0.5275501848532926,0.38066603018798334,8.79296635503124e-13,238,8.539907669913305e-11,189
CyclicControl,neural,47,PPM-3,60,0.01387548761440251,-0.5110533566109028,1.0808306365948068,0.5182292712208881,0.37150153613131104,8.151257446797899e-13,237,8.947526053404431e-11,186
CyclicControl,neural,48,PPM-3,0,0.004118032258207498,-0.14088002363661237,0.5387521857926567,0.22782875791943724,0.281348242620071,8.674727602908661e-13,233,8.649936322768781e-11,183
CyclicControl,neural,48,PPM-3,5,0.012153034543526994,-0.26265286229349905,0.6273239428317826,0.23991471442629597,0.27025830050454747,8.835154829966996e-13,232,8.759173941719212e-11,181
CyclicControl,neural,48,PPM-3,10,0.013517412121614539,-0.35836258969702656,0.6449381557110576,0.2372480075993841,0.2610661734357122,8.681944052568724e-13,232,8.591111155809017e-11,179
CyclicControl,neural,48,PPM-3,15,0.00851096874512228,-0.4054919198279879,0.5854671852204061,0.21001840703929103,0.25253133131933936,8.841261056602434e-13,233,8.965753139911214e-11,181
CyclicControl,neural,48,PPM-3,20,0.0002533536982316316,-0.4030979756361178,0.4694195102262378,0.18271292983063822,0.2437646331984516,8.789080574445052e-13,233,8.273148832671495e-11,182
CyclicControl,neural,48,PPM-3,25,-0.007132291481096017,-0.3543914219563129,0.5417439134776547,0.18218662190793772,0.2350271719950797,8.585354649426336e-13,232,8.610265278541362e-11,180
CyclicControl,neural,48,PPM-3,30,-0.010433699580350186,-0.26638388066486446,0.5997975294254758,0.20075144083636004,0.227337970455198,8.975042931069765e-13,231,8.924108674257525e-11,176
CyclicControl,neural,48,PPM-3,35,-0.008616285123963976,-0.14983947969304473,0.5797253473399359,0.21277026434068122,0.2214162755245257,8.436029652614252e-13,234,8.565750886369017e-11,181
CyclicControl,neural,48,PPM-3,40,-0.0030554257944685713,-0.09401831427616494,0.561788679493812,0.2093229939432301,0.21687591444072807,8.26116952623579e-13,235,8.131034734404352e-11,183
CyclicControl,neural,48,PPM-3,45,0.003286381437278448,-0.13351136731751825,0.5791255771614654,0.19688398807521917,0.21244512904890908,8.744116541947733e-13,234,8.281364483053721e-11,182
CyclicControl,neural,48,PPM-3,50,0.007356173423902246,-0.19887166211522897,0.56837150265105,0.1814601389615016,0.20705054734719586,8.951728247552637e-13,232,8.940416462710488e-11,178
CyclicControl,neural,48,PPM-3,55,0.0074694717611013366,-0.298593000029742,0.5505673838678142,0.16586175944685486,0.20069999285771103,8.931744233109384e-13,230,8.280709451469193e-11,177
CyclicControl,neural,48,PPM-3,60,0.0040077910196254524,-0.3617868027128751,0.4718776413392315,0.1555954231267098,0.19429197155378103,8.765210779415611e-13,232,8.906564374910886e-11,179
CyclicControl,neural,49,PPM-3,0,-0.006328067430073097,-0.19005050300060872,0.6872884070716477,0.2625407411523424,0.23469922375356775,8.781309013272676e-13,235,8.372108561971459e-11,184
CyclicControl,neural,49,PPM-3,5,0.0008341045013250315,-0.1245645723584775,0.6289482819611566,0.25206395370826135,0.23102764651606775,8.908429549592256e-13,235,8.525918859803028e-11,184
CyclicControl,neural,49,PPM-3,10,0.006744873573742412,-0.2239125706332008,0.6756979090919367,0.24335169852914368,0.2272074088503947,8.865130851631875e-13,234,8.611505952771381e-11,182
CyclicControl,neural,49,PPM-3,15,0.00869417419105288,-0.33800719883631575,0.6838474044387395,0.22794658370830254,0.22286444832066968,8.378298055333744e-13,232,8.295671094504797e-11,178
CyclicControl,neural,49,PPM-3,20,0.005856239228100065,-0.4090597935998439,0.6094074181053201,0.2047336729551607,0.2181957356010649,8.919531779838508e-13,233,8.445016907998593e-11,181
CyclicControl,neural,49,PPM-3,25,-0.00016748517652649344,-0.42794167596433375,0.5072232401810782,0.18833121105000517,0.2135006863582037,8.397726958264684e-13,234,8.269829265827866e-11,182
CyclicControl,neural,49,PPM-3,30,-0.006195585472066188,-0.3929574042436631,0.5565706475152145,0.18298791587683785,0.20858622427950627,8.568146192544646e-13,233,8.904249559904542e-11,180
CyclicControl,neural,49,PPM-3,35,-0.009247882781758861,-0.3106261453992397,0.5493351545842537,0.17619136510957495,0.20286535774733094,8.362199821476679e-13,231,8.360055703260372e-11,177
CyclicControl,neural,49,PPM-3,40,-0.008142690310892448,-0.19445556339043563,0.48753334396274844,0.16268661667673845,0.19607959470648836,8.765210779415611e-13,230,8.702517872993809e-11,177
CyclicControl,neural,49,PPM-3,45,-0.003936674189066276,-0.12395087526389109,0.43919486708932454,0.14972755082294065,0.18867340893799583,8.484879465697759e-13,231,8.220704672545764e-11,179
CyclicControl,neural,49,PPM-3,50,0.0009361686326940549,-0.13801380507775246,0.441968996712223,0.14243344295303087,0.18135567846869025,8.180123245438153e-13,231,8.682457530717613e-11,178
CyclicControl,neural,49,PPM-3,55,0.004120637553904864,-0.1850025917393623,0.45861219194583047,0.13681472813345846,0.17446267872025464,8.182343691487404e-13,230,8.416353725060333e-11,176
CyclicControl,neural,49,PPM-3,60,0.004456009597682601,-0.22944885378533367,0.45414516156173146,0.12762711373161906,0.1678693219695844,8.472389456670726e-13,228,8.185319089193399e-11,173
FrequencyHopping,neural,40,QP+G,0,-0.011808681961510883,-0.7146253444275262,2.6502840212902847,2.062706880047242,0.44719023878008995,8.5131901528257e-13,248,8.292633246753667e-11,203
FrequencyHopping,neural,40,QP+G,5,-0.008839211870480455,-0.32881320818108956,2.29242812487224,1.7645355785868893,0.2761564351179622,8.730793865652231e-13,248,8.386114025427105e-11,203
FrequencyHopping,neural,40,QP+G,10,-0.007316962912466795,-0.1817686987824205,2.1690082243860185,1.7101022301179953,0.2227494228422477,8.890665981198254e-13,248,8.549583263572913e-11,203
FrequencyHopping,neural,40,QP+G,15,-0.0010652706482993863,-0.11398507723344317,2.118650802127414,1.704908189424241,0.21375654784080336,8.997247391562269e-13,248,8.674527762764228e-11,203
FrequencyHopping,neural,40,QP+G,20,0.0013105980583489197,-0.10890607570328667,2.115891378014694,1.7040509435224278,0.21423745776654077,8.109068971862143e-13,249,8.689227115610265e-11,203
FrequencyHopping,neural,40,QP+G,25,0.0013105980583489197,-0.10890607570328667,2.115891378014694,1.7040509435224278,0.21423745776654077,8.109068971862143e-13,249,8.689227115610265e-11,203
FrequencyHopping,neural,40,QP+G,30,0.0013105980583489197,-0.10890607570328667,2.115891378014694,1.7040509435224278,0.21423745776654077,8.109068971862143e-13,249,8.689227115610265e-11,203
FrequencyHopping,neural,40,QP+G,35,0.0013105980583489197,-0.10890607570328667,2.115891378014694,1.7040509435224278,0.21423745776654077,8.109068971862143e-13,249,8.689227115610265e-11,203
FrequencyHopping,neural,40,QP+G,40,0.0013105980583489197,-0.10890607570328667,2.115891378014694,1.7040509435224278,0.21423745776654077,8.109068971862143e-13,249,8.689227115610265e-11,203
FrequencyHopping,neural,40,QP+G,45,0.0013105980583489197,-0.10890607570328667,2.115891378014694,1.7040509435224278,0.21423745776654077,8.109068971862143e-13,249,8.689227115610265e-11,203
FrequencyHopping,neural,40,QP+G,50,0.0013105980583489197,-0.10890607570328667,2.115891378014694,1.7040509435224278,0.21423745776654077,8.109068971862143e-13,249,8.689227115610265e-11,203
FrequencyHopping,neural,40,QP+G,55,0.0013105980583489197,-0.10890607570328667,2.115891378014694,1.7040509435224278,0.21423745776654077,8.109068971862143e-13,249,8.689227115610265e-11,203
FrequencyHopping,neural,40,QP+G,60,0.0013105980583489197,-0.10890607570328667,2.115891378014694,1.7040509435224278,0.21423745776654077,8.109068971862143e-13,249,8.689227115610265e-11,203
FrequencyHopping,neural,41,QP+G,0,-0.009785928894033229,-0.3127108210124748,2.4690339479283288,1.9561597792896013,0.3979646312875043,8.877343304902752e-13,249,8.65041371866937e-11,204
FrequencyHopping,neural,41,QP+G,5,-0.003674287228331458,-0.21446305323847864,2.2788888448836433,1.7910251220307964,0.2489265030861085,8.411049634560186e-13,249,8.110534466254649e-11,204
FrequencyHopping,neural,41,QP+G,10,0.0007602373605559529,-0.1174571642055613,2.149634758901772,1.728034965422649,0.205915176113893,8.242295734817162e-13,249,8.810041585149975e-11,203
FrequencyHopping,neural,41,QP+G,15,0.0061489049273360805,-0.0949123485389279,2.1174621758359464,1.7096908339025303,0.20005709523624784,8.193445921733655e-13,249,8.752998326144734e-11,203
FrequencyHopping,neural,41,QP+G,20,0.01184962549265496,-0.10189978207433584,2.1164031131066174,1.6985815081701658,0.20224209495852627,8.149037000748649e-13,249,8.70612471004506e-11,203
FrequencyHopping,neural,41,QP+G,25,0.017703488441749963,-0.10932105235320151,2.1169657389133505,1.6896390550173075,0.20623119013721553,8.117950756059145e-13,249,8.6669116328153e-11,203
FrequencyHopping,neural,41,QP+G,30,0.01781022725159989,-0.10956021156167295,2.1170997114576426,1.6895042951416714,0.20631887513744532,8.113509863960644e-13,249,8.66637872576348e-11,203
FrequencyHopping,neural,41,QP+G,35,0.01781022725159989,-0.10956021156167295,2.1170997114576426,1.6895042951416714,0.20631887513744532,8.113509863960644e-13,249,8.66637872576348e-11,203
FrequencyHopping,neural,41,QP+G,40,0.01781022725159989,-0.10956021156167295,2.1170997114576426,1.6895042951416714,0.20631887513744532,8.113509863960644e-13,249,8.66637872576348e-11,203
FrequencyHopping,neural,41,QP+G,45,0.01781022725159989,-0.10956021156167295,2.1170997114576426,1.6895042951416714,0.20631887513744532,8.113509863960644e-13,249,8.66637872576348e-11,203
FrequencyHopping,neural,41,QP+G,50,0.01781022725159989,-0.10956021156167295,2.1170997114576426,1.6895042951416714,0.20631887513744532,8.113509863960644e-13,249,8.66637872576348e-11,203
FrequencyHopping,neural,41,QP+G,55,0.01781022725159989,-0.10956021156167295,2.1170997114576426,1.6895042951416714,0.20631887513744532,8.113509863960644e-13,249,8.66637872576348e-11,203
FrequencyHopping,neural,41,QP+G,60,0.01781022725159989,-0.10956021156167295,2.1170997114576426,1.6895042951416714,0.20631887513744532,8.113509863960644e-13,249,8.66637872576348e-11,203
FrequencyHopping,neural,42,QP+G,0,-0.025855704736221414,-0.4849976938732036,2.620043581028136,2.048014701661894,0.3198536857081492,8.65085780787922e-13,249,8.42084180163738e-11,204
FrequencyHopping,neural,42,QP+G,5,-0.02086274370580173,-0.21515113667004312,2.3596219007913932,1.887910901661062,0.25091801755151105,8.699707620962727e-13,249,8.470180112851722e-11,204
FrequencyHopping,neural,42,QP+G,10,-0.013188650246024444,-0.10694395681261008,2.252925365637349,1.8504721736865428,0.2398112085278601,8.713030297258229e-13,249,8.47850678553641e-11,204
FrequencyHopping,neural,42,QP+G,15,-0.004956818324176601,-0.0651173787859124,2.211706814833783,1.8364357751009293,0.23941305796370344,8.717471189356729e-13,249,8.482237134899151e-11,204
FrequencyHopping,neural,42,QP+G,20,0.003575124758603221,-0.05050760105553353,2.1990992708699415,1.827956242250057,0.24025727154060583,8.72635297355373e-13,249,8.493272751763925e-11,204
FrequencyHopping,neural,42,QP+G,25,0.006293459488607047,-0.049037253402211385,2.1980321738092305,1.8256604273893506,0.24092337248924503,8.730793865652231e-13,249,8.495604220115638e-11,204
FrequencyHopping,neural,42,QP+G,30,0.006293459488607047,-0.049037253402211385,2.1980321738092305,1.8256604273893506,0.24092337248924503,8.730793865652231e-13,249,8.495604220115638e-11,204
FrequencyHopping,neural,42,QP+G,35,0.006293459488607047,-0.049037253402211385,2.1980321738092305,1.8256604273893506,0.24092337248924503,8.730793865652231e-13,249,8.495604220115638e-11,204
FrequencyHopping,neural,42,QP+G,40,0.006293459488607047,-0.049037253402211385,2.1980321738092305,1.8256604273893506,0.24092337248924503,8.730793865652231e-13,249,8.495604220115638e-11,204
FrequencyHopping,neural,42,QP+G,45,0.006293459488607047,-0.049037253402211385,2.1980321738092305,1.8256604273893506,0.24092337248924503,8.730793865652231e-13,249,8.495604220115638e-11,204
FrequencyHopping,neural,42,QP+G,50,0.006293459488607047,-0.049037253402211385,2.1980321738092305,1.8256604273893506,0.24092337248924503,8.730793865652231e-13,249,8.495604220115638e-11,204
FrequencyHopping,neural,42,QP+G,55,0.006293459488607047,-0.049037253402211385,2.1980321738092305,1.8256604273893506,0.24092337248924503,8.730793865652231e-13,249,8.495604220115638e-11,204
FrequencyHopping,neural,42,QP+G,60,0.006293459488607047,-0.049037253402211385,2.1980321738092305,1.8256604273893506,0.24092337248924503,8.730793865652231e-13,249,8.495604220115638e-11,204
FrequencyHopping,neural,43,QP+G,0,-0.013833370637705143,-0.4493939232549932,2.6918638139830007,2.129810550195984,0.3691222191192666,8.251177519014163e-13,250,8.109646287834948e-11,205
FrequencyHopping,neural,43,QP+G,5,0.004345530811261719,-0.151167104443536,2.3007165030605625,1.865319088586183,0.25200751361066853,8.730793865652231e-13,249,8.522427208390582e-11,204
FrequencyHopping,neural,43,QP+G,10,0.0137810728830512,-0.06321272547217746,2.162364743406588,1.7832066361403494,0.22854640133032503,8.499867476530198e-13,249,8.252598604485684e-11,204
FrequencyHopping,neural,43,QP+G,15,0.015382795016375784,-0.07201822510752835,2.150533346755205,1.7573516220773324,0.22818815354541133,8.402167850363185e-13,249,8.139222629210963e-11,204
FrequencyHopping,neural,43,QP+G,20,0.015853110704700385,-0.07562899258619055,2.1489859509371296,1.7516893131583506,0.23027226438138704,8.379963389870682e-13,249,8.111422644674349e-11,204
FrequencyHopping,neural,43,QP+G,25,0.015853110704700385,-0.07562899258619055,2.1489859509371296,1.7516893131583506,0.23027226438138704,8.379963389870682e-13,249,8.111422644674349e-11,204
FrequencyHopping,neural,43,QP+G,30,0.015853110704700385,-0.07562899258619055,2.1489859509371296,1.7516893131583506,0.23027226438138704,8.379963389870682e-13,249,8.111422644674349e-11,204
FrequencyHopping,neural,43,QP+G,35,0.015853110704700385,-0.07562899258619055,2.1489859509371296,1.7516893131583506,0.23027226438138704,8.379963389870682e-13,249,8.111422644674349e-11,204
FrequencyHopping,neural,43,QP+G,40,0.015853110704700385,-0.07562899258619055,2.1489859509371296,1.7516893131583506,0.23027226438138704,8.379963389870682e-13,249,8.111422644674349e-11,204
FrequencyHopping,neural,43,QP+G,45,0.015853110704700385,-0.07562899258619055,2.1489859509371296,1.7516893131583506,0.23027226438138704,8.379963389870682e-13,249,8.111422644674349e-11,204
FrequencyHopping,neural,43,QP+G,50,0.015853110704700385,-0.07562899258619055,2.1489859509371296,1.7516893131583506,0.23027226438138704,8.379963389870682e-13,249,8.111422644674349e-11,204
FrequencyHopping,neural,43,QP+G,55,0.015853110704700385,-0.07562899258619055,2.1489859509371296,1.7516893131583506,0.23027226438138704,8.379963389870682e-13,249,8.111422644674349e-11,204
FrequencyHopping,neural,43,QP+G,60,0.015853110704700385,-0.07562899258619055,2.1489859509371296,1.7516893131583506,0.23027226438138704,8.379963389870682e-13,249,8.111422644674349e-11,204
FrequencyHopping,neural,44,QP+G,0,-0.0028586989295425135,-0.8244744170275475,2.923464236883422,2.28810415467757,0.47009210782883354,8.566480858007708e-13,249,8.303224774408591e-11,204
FrequencyHopping,neural,44,QP+G,5,0.01211805761118292,-0.37166807428039506,2.4085346854931977,1.853164678407417,0.30096065421305535,8.268941087408166e-13,249,8.853695554478236e-11,203
FrequencyHopping,neural,44,QP+G,10,0.01601289050294058,-0.16716958424576853,2.1762533572839966,1.7212914108026423,0.25029407606809123,8.135714324453147e-13,249,8.692047082092813e-11,203
FrequencyHopping,neural,44,QP+G,15,0.017445754085727117,-0.10510795123823764,2.1026332994667953,1.6859477097529296,0.24344316167870408,8.979483823168266e-13,248,8.626832581626331e-11,203
FrequencyHopping,neural,44,QP+G,20,0.01804483148946983,-0.0959428401905901,2.0899300616956293,1.6795302152268683,0.2455981434082237,8.961720254774264e-13,248,8.607470292076869e-11,203
FrequencyHopping,neural,44,QP+G,25,0.01804483148946983,-0.0959428401905901,2.0899300616956293,1.6795302152268683,0.2455981434082237,8.961720254774264e-13,248,8.607470292076869e-11,203
FrequencyHopping,neural,44,QP+G,30,0.01804483148946983,-0.0959428401905901,2.0899300616956293,1.6795302152268683,0.2455981434082237,8.961720254774264e-13,248,8.607470292076869e-11,203
FrequencyHopping,neural,44,QP+G,35,0.01804483148946983,-0.0959428401905901,2.0899300616956293,1.6795302152268683,0.2455981434082237,8.961720254774264e-13,248,8.607470292076869e-11,203
FrequencyHopping,neural,44,QP+G,40,0.01804483148946983,-0.0959428401905901,2.0899300616956293,1.6795302152268683,0.2455981434082237,8.961720254774264e-13,248,8.607470292076869e-11,203
FrequencyHopping,neural,44,QP+G,45,0.01804483148946983,-0.0959428401905901,2.0899300616956293,1.6795302152268683,0.2455981434082237,8.961720254774264e-13,248,8.607470292076869e-11,203
FrequencyHopping,neural,44,QP+G,50,0.01804483148946983,-0.0959428401905901,2.0899300616956293,1.6795302152268683,0.2455981434082237,8.961720254774264e-13,248,8.607470292076869e-11,203
FrequencyHopping,neural,44,QP+G,55,0.01804483148946983,-0.0959428401905901,2.0899300616956293,1.6795302152268683,0.2455981434082237,8.961720254774264e-13,248,8.607470292076869e-11,203
FrequencyHopping,neural,44,QP+G,60,0.01804483148946983,-0.0959428401905901,2.0899300616956293,1.6795302152268683,0.2455981434082237,8.961720254774264e-13,248,8.607470292076869e-11,203
FrequencyHopping,neural,45,QP+G,0,-0.0097981883388639,-0.3265250191466462,2.5298956266311414,2.059058611041962,0.3465521162099779,8.100187187665142e-13,250,8.802558681964001e-11,204
FrequencyHopping,neural,45,QP+G,5,0.0014200432191348446,-0.17157062455698036,2.313820983051562,1.882679209745174,0.26834936633213513,8.704148513061227e-13,249,8.468625800617247e-11,204
FrequencyHopping,neural,45,QP+G,10,0.004275978725059096,-0.09476424991760013,2.207370385234416,1.8122461011556337,0.24948508897887994,8.562039965909207e-13,249,8.309752885793387e-11,204
FrequencyHopping,neural,45,QP+G,15,0.005019283053398379,-0.085038368868327,2.18637652565262,1.7914176672916056,0.250836006606557,8.5131901528257e-13,249,8.250466976278403e-11,204
FrequencyHopping,neural,45,QP+G,20,0.005019283053398379,-0.085038368868327,2.18637652565262,1.7914176672916056,0.250836006606557,8.5131901528257e-13,249,8.250466976278403e-11,204
FrequencyHopping,neural,45,QP+G,25,0.005019283053398379,-0.085038368868327,2.18637652565262,1.7914176672916056,0.250836006606557,8.5131901528257e-13,249,8.250466976278403e-11,204
FrequencyHopping,neural,45,QP+G,30,0.005019283053398379,-0.085038368868327,2.18637652565262,1.7914176672916056,0.250836006606557,8.5131901528257e-13,249,8.250466976278403e-11,204
FrequencyHopping,neural,45,QP+G,35,0.005019283053398379,-0.085038368868327,2.18637652565262,1.7914176672916056,0.250836006606557,8.5131901528257e-13,249,8.250466976278403e-11,204
FrequencyHopping,neural,45,QP+G,40,0.005019283053398379,-0.085038368868327,2.18637652565262,1.7914176672916056,0.250836006606557,8.5131901528257e-13,249,8.250466976278403e-11,204
FrequencyHopping,neural,45,QP+G,45,0.005019283053398379,-0.085038368868327,2.18637652565262,1.7914176672916056,0.250836006606557,8.5131901528257e-13,249,8.250466976278403e-11,204
FrequencyHopping,neural,45,QP+G,50,0.005019283053398379,-0.085038368868327,2.18637652565262,1.7914176672916056,0.250836006606557,8.5131901528257e-13,249,8.250466976278403e-11,204
FrequencyHopping,neural,45,QP+G,55,0.005019283053398379,-0.085038368868327,2.18637652565262,1.7914176672916056,0.250836006606557,8.5131901528257e-13,249,8.250466976278403e-11,204
FrequencyHopping,neural,45,QP+G,60,0.005019283053398379,-0.085038368868327,2.18637652565262,1.7914176672916056,0.250836006606557,8.5131901528257e-13,249,8.250466976278403e-11,204
FrequencyHopping,neural,46,QP+G,0,-0.004868584439328377,-0.5831773814160816,2.7552288636385804,2.14460131451441,0.4697486188884957,8.877343304902752e-13,249,8.648792793053417e-11,204
FrequencyHopping,neural,46,QP+G,5,0.0017531462864400662,-0.31481480119282973,2.4271347084190813,1.891944496236521,0.314881685694523,8.562039965909207e-13,249,8.293254971647457e-11,204
FrequencyHopping,neural,46,QP+G,10,0.011243906177372366,-0.161295694358178,2.26501198956545,1.8228159101895038,0.27517031526201374,8.5087492607272e-13,249,8.245670812812023e-11,204
FrequencyHopping,neural,46,QP+G,15,0.021599528471949368,-0.17603669584001003,2.271233352893203,1.8082541985506952,0.27574471918644233,8.468781231840694e-13,249,8.203793200323162e-11,204
FrequencyHopping,neural,46,QP+G,20,0.023530514352764362,-0.1812497523177496,2.2741705624749073,1.806451121871201,0.2767145098770855,8.459899447643693e-13,249,8.192291289788045e-11,204
FrequencyHopping,neural,46,QP+G,25,0.023530514352764362,-0.1812497523177496,2.2741705624749073,1.806451121871201,0.2767145098770855,8.459899447643693e-13,249,8.192291289788045e-11,204
FrequencyHopping,neural,46,QP+G,30,0.023530514352764362,-0.1812497523177496,2.2741705624749073,1.806451121871201,0.2767145098770855,8.459899447643693e-13,249,8.192291289788045e-11,204
FrequencyHopping,neural,46,QP+G,35,0.023530514352764362,-0.1812497523177496,2.2741705624749073,1.806451121871201,0.2767145098770855,8.459899447643693e-13,249,8.192291289788045e-11,204
FrequencyHopping,neural,46,QP+G,40,0.023530514352764362,-0.1812497523177496,2.2741705624749073,1.806451121871201,0.2767145098770855,8.459899447643693e-13,249,8.192291289788045e-11,204
FrequencyHopping,neural,46,QP+G,45,0.023530514352764362,-0.1812497523177496,2.2741705624749073,1.806451121871201,0.2767145098770855,8.459899447643693e-13,249,8.192291289788045e-11,204
FrequencyHopping,neural,46,QP+G,50,0.023530514352764362,-0.1812497523177496,2.2741705624749073,1.806451121871201,0.2767145098770855,8.459899447643693e-13,249,8.192291289788045e-11,204
FrequencyHopping,neural,46,QP+G,55,0.023530514352764362,-0.1812497523177496,2.2741705624749073,1.806451121871201,0.2767145098770855,8.459899447643693e-13,249,8.192291289788045e-11,204
FrequencyHopping,neural,46,QP+G,60,0.023530514352764362,-0.1812497523177496,2.2741705624749073,1.806451121871201,0.2767145098770855,8.459899447643693e-13,249,8.192291289788045e-11,204
FrequencyHopping,neural,47,QP+G,0,0.04778342725808081,-0.46090041150134287,2.558351174583972,2.0013026920835233,0.5341395654752359,8.58424442640171e-13,249,8.325962141952914e-11,204
FrequencyHopping,neural,47,QP+G,5,0.004836322640474098,-0.19702714766685014,2.27872289510977,1.8007763394852327,0.3091925888017289,8.477663016037695e-13,249,8.18718426387477e-11,204
FrequencyHopping,neural,47,QP+G,10,-0.002632256588156006,-0.10214076453001386,2.179897655355333,1.7671353276319492,0.24013997284019645,8.43769498715119e-13,249,8.152700736729912e-11,204
FrequencyHopping,neural,47,QP+G,15,0.003322462306662795,-0.07578284836967308,2.1534744870915543,1.7598658665770825,0.22792504572513228,8.433254095052689e-13,249,8.152545305506465e-11,204
FrequencyHopping,neural,47,QP+G,20,0.010840731136149641,-0.05979022136473122,2.136363707585544,1.7529552221323492,0.23041511505252835,8.428813202954188e-13,249,8.148548502617814e-11,204
FrequencyHopping,neural,47,QP+G,25,0.017029157330930737,-0.054064399303566504,2.129403965880054,1.748351951179033,0.23408610462034446,8.419931418757187e-13,249,8.143263841020598e-11,204
FrequencyHopping,neural,47,QP+G,30,0.017111749478338472,-0.05411949720787669,2.1294478268652814,1.7483074681898048,0.23413104896683148,8.415490526658687e-13,249,8.143241636560106e-11,204
FrequencyHopping,neural,47,QP+G,35,0.017111749478338472,-0.05411949720787669,2.1294478268652814,1.7483074681898048,0.23413104896683148,8.415490526658687e-13,249,8.143241636560106e-11,204
FrequencyHopping,neural,47,QP+G,40,0.017111749478338472,-0.05411949720787669,2.1294478268652814,1.7483074681898048,0.23413104896683148,8.415490526658687e-13,249,8.143241636560106e-11,204
FrequencyHopping,neural,47,QP+G,45,0.017111749478338472,-0.05411949720787669,2.1294478268652814,1.7483074681898048,0.23413104896683148,8.415490526658687e-13,249,8.143241636560106e-11,204
FrequencyHopping,neural,47,QP+G,50,0.017111749478338472,-0.05411949720787669,2.1294478268652814,1.7483074681898048,0.23413104896683148,8.415490526658687e-13,249,8.143241636560106e-11,204
FrequencyHopping,neural,47,QP+G,55,0.017111749478338472,-0.05411949720787669,2.1294478268652814,1.7483074681898048,0.23413104896683148,8.415490526658687e-13,249,8.143241636560106e-11,204
FrequencyHopping,neural,47,QP+G,60,0.017111749478338472,-0.05411949720787669,2.1294478268652814,1.7483074681898048,0.23413104896683148,8.415490526658687e-13,249,8.143241636560106e-11,204
FrequencyHopping,neural,48,QP+G,0,0.00023425199598464626,-0.1051336795393127,2.0154326452098,1.630225059833183,0.32841406800315204,8.408829188510936e-13,248,8.164047216041581e-11,203
FrequencyHopping,neural,48,QP+G,5,0.010406099496041366,-0.06870830665538029,2.042822633125387,1.6591485254407454,0.24322163870141192,8.79296635503124e-13,248,8.461342737575706e-11,203
FrequencyHopping,neural,48,QP+G,10,0.010809246202959304,-0.06526695632938623,2.0562034700381826,1.6749136550254107,0.23275256708053715,8.895106873296754e-13,248,8.571010567948179e-11,203
FrequencyHopping,neural,48,QP+G,15,0.010809246202959304,-0.06526695632938623,2.0562034700381826,1.6749136550254107,0.23275256708053715,8.895106873296754e-13,248,8.571010567948179e-11,203
FrequencyHopping,neural,48,QP+G,20,0.010809246202959304,-0.06526695632938623,2.0562034700381826,1.6749136550254107,0.23275256708053715,8.895106873296754e-13,248,8.571010567948179e-11,203
FrequencyHopping,neural,48,QP+G,25,0.010809246202959304,-0.06526695632938623,2.0562034700381826,1.6749136550254107,0.23275256708053715,8.895106873296754e-13,248,8.571010567948179e-11,203
FrequencyHopping,neural,48,QP+G,30,0.010809246202959304,-0.06526695632938623,2.0562034700381826,1.6749136550254107,0.23275256708053715,8.895106873296754e-13,248,8.571010567948179e-11,203
FrequencyHopping,neural,48,QP+G,35,0.010809246202959304,-0.06526695632938623,2.0562034700381826,1.6749136550254107,0.23275256708053715,8.895106873296754e-13,248,8.571010567948179e-11,203
FrequencyHopping,neural,48,QP+G,40,0.010809246202959304,-0.06526695632938623,2.0562034700381826,1.6749136550254107,0.23275256708053715,8.895106873296754e-13,248,8.571010567948179e-11,203
FrequencyHopping,neural,48,QP+G,45,0.010809246202959304,-0.06526695632938623,2.0562034700381826,1.6749136550254107,0.23275256708053715,8.895106873296754e-13,248,8.571010567948179e-11,203
FrequencyHopping,neural,48,QP+G,50,0.010809246202959304,-0.06526695632938623,2.0562034700381826,1.6749136550254107,0.23275256708053715,8.895106873296754e-13,248,8.571010567948179e-11,203
FrequencyHopping,neural,48,QP+G,55,0.010809246202959304,-0.06526695632938623,2.0562034700381826,1.6749136550254107,0.23275256708053715,8.895106873296754e-13,248,8.571010567948179e-11,203
FrequencyHopping,neural,48,QP+G,60,0.010809246202959304,-0.06526695632938623,2.0562034700381826,1.6749136550254107,0.23275256708053715,8.895106873296754e-13,248,8.571010567948179e-11,203
FrequencyHopping,neural,49,QP+G,0,0.010352443031066517,-0.1932443236782778,2.1376111282188126,1.6699770784040258,0.32033031242258764,8.633094239485217e-13,248,8.311529242632787e-11,203
FrequencyHopping,neural,49,QP+G,5,0.006151081647106085,-0.13364638429118428,2.179193258507862,1.7388377021426225,0.24037383259419848,8.246736626915663e-13,249,8.837752751844619e-11,203
FrequencyHopping,neural,49,QP+G,10,0.005967190747870988,-0.12800478656780312,2.185397944013434,1.7493784684760618,0.23495212551414116,8.30002733209767e-13,249,8.906675397213348e-11,203
FrequencyHopping,neural,49,QP+G,15,0.005967190747870988,-0.12800478656780312,2.185397944013434,1.7493784684760618,0.23495212551414116,8.30002733209767e-13,249,8.906675397213348e-11,203
FrequencyHopping,neural,49,QP+G,20,0.005967190747870988,-0.12800478656780312,2.185397944013434,1.7493784684760618,0.23495212551414116,8.30002733209767e-13,249,8.906675397213348e-11,203
FrequencyHopping,neural,49,QP+G,25,0.005967190747870988,-0.12800478656780312,2.185397944013434,1.7493784684760618,0.23495212551414116,8.30002733209767e-13,249,8.906675397213348e-11,203
FrequencyHopping,neural,49,QP+G,30,0.005967190747870988,-0.12800478656780312,2.185397944013434,1.7493784684760618,0.23495212551414116,8.30002733209767e-13,249,8.906675397213348e-11,203
FrequencyHopping,neural,49,QP+G,35,0.005967190747870988,-0.12800478656780312,2.185397944013434,1.7493784684760618,0.23495212551414116,8.30002733209767e-13,249,8.906675397213348e-11,203
FrequencyHopping,neural,49,QP+G,40,0.005967190747870988,-0.12800478656780312,2.185397944013434,1.7493784684760618,0.23495212551414116,8.30002733209767e-13,249,8.906675397213348e-11,203
FrequencyHopping,neural,49,QP+G,45,0.005967190747870988,-0.12800478656780312,2.185397944013434,1.7493784684760618,0.23495212551414116,8.30002733209767e-13,249,8.906675397213348e-11,203
FrequencyHopping,neural,49,QP+G,50,0.005967190747870988,-0.12800478656780312,2.185397944013434,1.7493784684760618,0.23495212551414116,8.30002733209767e-13,249,8.906675397213348e-11,203
FrequencyHopping,neural,49,QP+G,55,0.005967190747870988,-0.12800478656780312,2.185397944013434,1.7493784684760618,0.23495212551414116,8.30002733209767e-13,249,8.906675397213348e-11,203
FrequencyHopping,neural,49,QP+G,60,0.005967190747870988,-0.12800478656780312,2.185397944013434,1.7493784684760618,0.23495212551414116,8.30002733209767e-13,249,8.906675397213348e-11,203
FrequencyHopping,neural,40,noG,0,-0.011808681961510883,-0.7146253444275262,2.6502840212902847,2.062706880047242,0.44719023878008995,8.5131901528257e-13,248,8.292633246753667e-11,203
FrequencyHopping,neural,40,noG,5,-0.011808681961510883,-0.7146253444275262,2.6502840212902847,2.062706880047242,0.44719023878008995,8.5131901528257e-13,248,8.292633246753667e-11,203
FrequencyHopping,neural,40,noG,10,-0.011808681961510883,-0.7146253444275262,2.6502840212902847,2.062706880047242,0.44719023878008995,8.5131901528257e-13,248,8.292633246753667e-11,203
FrequencyHopping,neural,40,noG,15,-0.011808681961510883,-0.7146253444275262,2.6502840212902847,2.062706880047242,0.44719023878008995,8.5131901528257e-13,248,8.292633246753667e-11,203
FrequencyHopping,neural,40,noG,20,-0.011808681961510883,-0.7146253444275262,2.6502840212902847,2.062706880047242,0.44719023878008995,8.5131901528257e-13,248,8.292633246753667e-11,203
FrequencyHopping,neural,40,noG,25,-0.011808681961510883,-0.7146253444275262,2.6502840212902847,2.062706880047242,0.44719023878008995,8.5131901528257e-13,248,8.292633246753667e-11,203
FrequencyHopping,neural,40,noG,30,-0.011808681961510883,-0.7146253444275262,2.6502840212902847,2.062706880047242,0.44719023878008995,8.5131901528257e-13,248,8.292633246753667e-11,203
FrequencyHopping,neural,40,noG,35,-0.011808681961510883,-0.7146253444275262,2.6502840212902847,2.062706880047242,0.44719023878008995,8.5131901528257e-13,248,8.292633246753667e-11,203
FrequencyHopping,neural,40,noG,40,-0.011808681961510883,-0.7146253444275262,2.6502840212902847,2.062706880047242,0.44719023878008995,8.5131901528257e-13,248,8.292633246753667e-11,203
FrequencyHopping,neural,40,noG,45,-0.011808681961510883,-0.7146253444275262,2.6502840212902847,2.062706880047242,0.44719023878008995,8.5131901528257e-13,248,8.292633246753667e-11,203
FrequencyHopping,neural,40,noG,50,-0.011808681961510883,-0.7146253444275262,2.6502840212902847,2.062706880047242,0.44719023878008995,8.5131901528257e-13,248,8.292633246753667e-11,203
FrequencyHopping,neural,40,noG,55,-0.011808681961510883,-0.7146253444275262,2.6502840212902847,2.062706880047242,0.44719023878008995,8.5131901528257e-13,248,8.292633246753667e-11,203
FrequencyHopping,neural,40,noG,60,-0.011808681961510883,-0.7146253444275262,2.6502840212902847,2.062706880047242,0.44719023878008995,8.5131901528257e-13,248,8.292633246753667e-11,203
FrequencyHopping,neural,41,noG,0,-0.009785928894033229,-0.3127108210124748,2.4690339479283288,1.9561597792896013,0.3979646312875043,8.877343304902752e-13,249,8.65041371866937e-11,204
FrequencyHopping,neural,41,noG,5,-0.0006327415044047953,-0.4024350409298453,2.5311334743548772,1.9591758513907012,0.39391894657791865,8.748557434046234e-13,249,8.497114123429128e-11,204
FrequencyHopping,neural,41,noG,10,0.0029202364699599465,-0.4360345199052486,2.5509308872786565,1.9635366085809378,0.39201564554768814,8.677503160470224e-13,249,8.4195983518498e-11,204
FrequencyHopping,neural,41,noG,15,0.005770662842589382,-0.46294113187533276,2.5647107091608286,1.9672353977388815,0.3904492597277998,8.610889778992714e-13,249,8.345724111791242e-11,204
FrequencyHopping,neural,41,noG,20,0.009623675610517298,-0.49982715677612444,2.579086110980705,1.970847701101979,0.3884795339620197,8.499867476530198e-13,249,8.218781211155601e-11,204
FrequencyHopping,neural,41,noG,25,0.014656327966560296,-0.5507866752558245,2.573909159529688,1.9580218927818194,0.38680076301948685,8.22453216642316e-13,249,8.783151983493553e-11,203
FrequencyHopping,neural,41,noG,30,0.014820606807743676,-0.5437789502459591,2.502871082362827,1.9005016417707399,0.3859017185383143,8.786305016883489e-13,248,8.405653950660508e-11,203
FrequencyHopping,neural,41,noG,35,0.012748710062052426,-0.4718182782027085,2.3716924647100317,1.814175963988191,0.3836693964679385,8.462119893692943e-13,248,8.101741499899617e-11,203
FrequencyHopping,neural,41,noG,40,0.012243858038509147,-0.3454431575345084,2.2132611882529027,1.7384412439901324,0.37929520757973584,8.268941087408166e-13,248,8.799827533323423e-11,202
FrequencyHopping,neural,41,noG,45,0.015090636878746327,-0.3350201587574268,2.1900159001857875,1.7154392822199518,0.37437080642344295,8.197886813832156e-13,248,8.749490021386919e-11,202
FrequencyHopping,neural,41,noG,50,0.01614792317970665,-0.34839811814513155,2.2044631129101164,1.7179513705019862,0.3731119988857858,8.197886813832156e-13,248,8.757150560256832e-11,202
FrequencyHopping,neural,41,noG,55,0.016231321976971077,-0.34946122846371674,2.2058670634907185,1.7182212917464526,0.3730125572488285,8.202327705930657e-13,248,8.757994329755547e-11,202
FrequencyHopping,neural,41,noG,60,0.01623768682249873,-0.34954163033545765,2.2059734567925853,1.7182422375702853,0.37300496995993665,8.200107259881406e-13,248,8.758060943137025e-11,202
FrequencyHopping,neural,42,noG,0,-0.025855704736221414,-0.4849976938732036,2.620043581028136,2.048014701661894,0.3198536857081492,8.65085780787922e-13,249,8.42084180163738e-11,204
FrequencyHopping,neural,42,noG,5,-0.025855704736221414,-0.4849976938732036,2.620043581028136,2.048014701661894,0.3198536857081492,8.65085780787922e-13,249,8.42084180163738e-11,204
FrequencyHopping,neural,42,noG,10,-0.025855704736221414,-0.4849976938732036,2.620043581028136,2.048014701661894,0.3198536857081492,8.65085780787922e-13,249,8.42084180163738e-11,204
FrequencyHopping,neural,42,noG,15,-0.025855704736221414,-0.4849976938732036,2.620043581028136,2.048014701661894,0.3198536857081492,8.65085780787922e-13,249,8.42084180163738e-11,204
FrequencyHopping,neural,42,noG,20,-0.025855704736221414,-0.4849976938732036,2.620043581028136,2.048014701661894,0.3198536857081492,8.65085780787922e-13,249,8.42084180163738e-11,204
FrequencyHopping,neural,42,noG,25,-0.025855704736221414,-0.4849976938732036,2.620043581028136,2.048014701661894,0.3198536857081492,8.65085780787922e-13,249,8.42084180163738e-11,204
FrequencyHopping,neural,42,noG,30,-0.025855704736221414,-0.4849976938732036,2.620043581028136,2.048014701661894,0.3198536857081492,8.65085780787922e-13,249,8.42084180163738e-11,204
FrequencyHopping,neural,42,noG,35,-0.025855704736221414,-0.4849976938732036,2.620043581028136,2.048014701661894,0.3198536857081492,8.65085780787922e-13,249,8.42084180163738e-11,204
FrequencyHopping,neural,42,noG,40,-0.025855704736221414,-0.4849976938732036,2.620043581028136,2.048014701661894,0.3198536857081492,8.65085780787922e-13,249,8.42084180163738e-11,204
FrequencyHopping,neural,42,noG,45,-0.025855704736221414,-0.4849976938732036,2.620043581028136,2.048014701661894,0.3198536857081492,8.65085780787922e-13,249,8.42084180163738e-11,204
FrequencyHopping,neural,42,noG,50,-0.025855704736221414,-0.4849976938732036,2.620043581028136,2.048014701661894,0.3198536857081492,8.65085780787922e-13,249,8.42084180163738e-11,204
FrequencyHopping,neural,42,noG,55,-0.025855704736221414,-0.4849976938732036,2.620043581028136,2.048014701661894,0.3198536857081492,8.65085780787922e-13,249,8.42084180163738e-11,204
FrequencyHopping,neural,42,noG,60,-0.025855704736221414,-0.4849976938732036,2.620043581028136,2.048014701661894,0.3198536857081492,8.65085780787922e-13,249,8.42084180163738e-11,204
FrequencyHopping,neural,43,noG,0,-0.013833370637705143,-0.4493939232549932,2.6918638139830007,2.129810550195984,0.3691222191192666,8.251177519014163e-13,250,8.109646287834948e-11,205
FrequencyHopping,neural,43,noG,5,-0.005792401905694914,-0.27928758419909777,2.5498908104818923,2.051396793973642,0.3665199527185751,8.339995360984176e-13,250,8.195488732098966e-11,205
FrequencyHopping,neural,43,noG,10,0.00747437049174059,-0.22577799379657545,2.5001462620694195,2.012935951407415,0.3650160791057699,8.331113576787175e-13,250,8.182166055803464e-11,205
FrequencyHopping,neural,43,noG,15,0.01710098682530089,-0.27437997794048197,2.5368026605213405,2.005939132714138,0.36501444336463773,8.268941087408166e-13,250,8.112222005252079e-11,205
FrequencyHopping,neural,43,noG,20,0.02266674459480492,-0.2961489023128157,2.5463205691261526,2.002590230521326,0.3654219083426468,8.220091274324659e-13,250,8.942779849974158e-11,204
FrequencyHopping,neural,43,noG,25,0.027969381611882657,-0.31237200789295855,2.5467698711834887,1.9976014514218479,0.36635080240632856,8.144596108650148e-13,250,8.855338684554681e-11,204
FrequencyHopping,neural,43,noG,30,0.0350733307590467,-0.32539682808048936,2.530702724591665,1.985191073206758,0.3688484579863761,8.912870441690757e-13,249,8.699352349594847e-11,204
FrequencyHopping,neural,43,noG,35,0.044133359057307975,-0.32429160040432936,2.4709622672522467,1.9520383774765147,0.3750599991396326,8.641976023682219e-13,249,8.397860185027639e-11,204
FrequencyHopping,neural,43,noG,40,0.05042475549085253,-0.3693781415058241,2.446288792022894,1.911911781279973,0.3820769635274968,8.331113576787175e-13,249,8.954481600653708e-11,203
FrequencyHopping,neural,43,noG,45,0.05350314000835251,-0.403066291519243,2.431741812670179,1.8908807084525572,0.38634353888217277,8.117950756059145e-13,249,8.711475985023753e-11,203
FrequencyHopping,neural,43,noG,50,0.05461159797195859,-0.4202670784671885,2.430173274856431,1.8846024181416081,0.38781814381621044,8.930634010084759e-13,248,8.621769964634041e-11,203
FrequencyHopping,neural,43,noG,55,0.05504258630400878,-0.42819698244541443,2.4308660307825,1.882455000997291,0.3883689849012155,8.899547765395255e-13,248,8.587996980224943e-11,203
FrequencyHopping,neural,43,noG,60,0.055215450724660844,-0.43129546939230706,2.4310908065142143,1.881641733259837,0.38858593973919087,8.881784197001252e-13,248,8.574718712850427e-11,203
FrequencyHopping,neural,44,noG,0,-0.0028586989295425135,-0.8244744170275475,2.923464236883422,2.28810415467757,0.47009210782883354,8.566480858007708e-13,249,8.303224774408591e-11,204
FrequencyHopping,neural,44,noG,5,-0.0028586989295425135,-0.8244744170275475,2.923464236883422,2.28810415467757,0.47009210782883354,8.566480858007708e-13,249,8.303224774408591e-11,204
FrequencyHopping,neural,44,noG,10,-0.0028586989295425135,-0.8244744170275475,2.923464236883422,2.28810415467757,0.47009210782883354,8.566480858007708e-13,249,8.303224774408591e-11,204
FrequencyHopping,neural,44,noG,15,-0.0028586989295425135,-0.8244744170275475,2.923464236883422,2.28810415467757,0.47009210782883354,8.566480858007708e-13,249,8.303224774408591e-11,204
FrequencyHopping,neural,44,noG,20,-0.0028586989295425135,-0.8244744170275475,2.923464236883422,2.28810415467757,0.47009210782883354,8.566480858007708e-13,249,8.303224774408591e-11,204
FrequencyHopping,neural,44,noG,25,-0.0028586989295425135,-0.8244744170275475,2.923464236883422,2.28810415467757,0.47009210782883354,8.566480858007708e-13,249,8.303224774408591e-11,204
FrequencyHopping,neural,44,noG,30,-0.0028586989295425135,-0.8244744170275475,2.923464236883422,2.28810415467757,0.47009210782883354,8.566480858007708e-13,249,8.303224774408591e-11,204
FrequencyHopping,neural,44,noG,35,-0.0028586989295425135,-0.8244744170275475,2.923464236883422,2.28810415467757,0.47009210782883354,8.566480858007708e-13,249,8.303224774408591e-11,204
FrequencyHopping,neural,44,noG,40,-0.0028586989295425135,-0.8244744170275475,2.923464236883422,2.28810415467757,0.47009210782883354,8.566480858007708e-13,249,8.303224774408591e-11,204
FrequencyHopping,neural,44,noG,45,-0.0028586989295425135,-0.8244744170275475,2.923464236883422,2.28810415467757,0.47009210782883354,8.566480858007708e-13,249,8.303224774408591e-11,204
FrequencyHopping,neural,44,noG,50,-0.0028586989295425135,-0.8244744170275475,2.923464236883422,2.28810415467757,0.47009210782883354,8.566480858007708e-13,249,8.303224774408591e-11,204
FrequencyHopping,neural,44,noG,55,-0.0028586989295425135,-0.8244744170275475,2.923464236883422,2.28810415467757,0.47009210782883354,8.566480858007708e-13,249,8.303224774408591e-11,204
FrequencyHopping,neural,44,noG,60,-0.0028586989295425135,-0.8244744170275475,2.923464236883422,2.28810415467757,0.47009210782883354,8.566480858007708e-13,249,8.303224774408591e-11,204
FrequencyHopping,neural,45,noG,0,-0.0097981883388639,-0.3265250191466462,2.5298956266311414,2.059058611041962,0.3465521162099779,8.100187187665142e-13,250,8.802558681964001e-11,204
FrequencyHopping,neural,45,noG,5,-0.008691760583362854,-0.30356362900336215,2.5322620557100133,2.0600807819762452,0.3457501661815118,8.215650382226158e-13,250,8.942957485658098e-11,204
FrequencyHopping,neural,45,noG,10,-0.002439005123551458,-0.24995745677581865,2.520612545867444,2.044350747536319,0.3476288894200847,8.402167850363185e-13,250,8.261036299472835e-11,205
FrequencyHopping,neural,45,noG,15,0.010169698528641084,-0.16730440908322097,2.465589065653946,2.009865995274679,0.3537278542931764,8.526512829121202e-13,250,8.40363334475569e-11,205
FrequencyHopping,neural,45,noG,20,0.01763520039068158,-0.14261815254564247,2.446986141220442,1.9939876916444548,0.3573550694083835,8.557599073810707e-13,250,8.435874221390804e-11,205
FrequencyHopping,neural,45,noG,25,0.019125034315323215,-0.13937927358263538,2.4443848306868996,1.991343643208326,0.35804513689833256,8.557599073810707e-13,250,8.43938252614862e-11,205
FrequencyHopping,neural,45,noG,30,0.019368691821424262,-0.1388471231213761,2.4439408020727447,1.990929127388116,0.3581568941013754,8.562039965909207e-13,250,8.439871024279455e-11,205
FrequencyHopping,neural,45,noG,35,0.01940735062593421,-0.13876262891493593,2.4438698797702734,1.9908638285457316,0.3581745971033481,8.557599073810707e-13,250,8.439893228739948e-11,205
FrequencyHopping,neural,45,noG,40,0.019413455292672147,-0.13874928473814613,2.4438586685278554,1.990853528863292,0.3581773918974777,8.557599073810707e-13,250,8.439893228739948e-11,205
FrequencyHopping,neural,45,noG,45,0.019414418571092162,-0.13874717907081394,2.4438568991696763,1.9908519039304444,0.35817783288085797,8.557599073810707e-13,250,8.439937637660933e-11,205
FrequencyHopping,neural,45,noG,50,0.01941457055252184,-0.13874684684778588,2.4438566200015437,1.9908516475636011,0.3581779024566503,8.562039965909207e-13,250,8.43991543320044e-11,205
FrequencyHopping,neural,45,noG,55,0.019414594531153944,-0.13874679443179375,2.4438565759560484,1.9908516071158293,0.35817791343385097,8.562039965909207e-13,250,8.439959842121425e-11,205
FrequencyHopping,neural,45,noG,60,0.019414598314688464,-0.13874678616119127,2.4438565690062046,1.9908516007337713,0.35817791516591807,8.562039965909207e-13,250,8.439937637660933e-11,205
FrequencyHopping,neural,46,noG,0,-0.004868584439328377,-0.5831773814160816,2.7552288636385804,2.14460131451441,0.4697486188884957,8.877343304902752e-13,249,8.648792793053417e-11,204
FrequencyHopping,neural,46,noG,5,0.008108017106921817,-0.6421943452617181,2.748067875965699,2.11979476674948,0.46614211906194747,8.553158181712206e-13,249,8.283040919820905e-11,204
FrequencyHopping,neural,46,noG,10,0.01699141392664982,-0.6266107582509054,2.6641977321930326,2.046214831131473,0.46701934688818747,8.22453216642316e-13,249,8.798095585405008e-11,203
FrequencyHopping,neural,46,noG,15,0.02329864375505323,-0.5365821808820697,2.5120619739282244,1.9423172930174744,0.46862783354378784,8.79740724712974e-13,248,8.469713819181379e-11,203
FrequencyHopping,neural,46,noG,20,0.029553909752411713,-0.4586625065406052,2.3951854570000926,1.875225034916942,0.46819868676029563,8.566480858007708e-13,248,8.272449392165981e-11,203
FrequencyHopping,neural,46,noG,25,0.03157750296788758,-0.47695010965144086,2.4084904644599843,1.8744570354691201,0.46722677182405437,8.544276397515205e-13,248,8.244449567484935e-11,203
FrequencyHopping,neural,46,noG,30,0.031628554286509465,-0.47735954854174173,2.4087949091368572,1.8745575273899486,0.4671891456987112,8.537615059367454e-13,248,8.2439610693541e-11,203
FrequencyHopping,neural,46,noG,35,0.031629814000024015,-0.4773696209971896,2.4088024032248394,1.874560076022257,0.46718820980559483,8.539835505416704e-13,248,8.2439610693541e-11,203
FrequencyHopping,neural,46,noG,40,0.03162984506078802,-0.47736986933517483,2.4088025879955475,1.8745601389057764,0.4671881867247471,8.537615059367454e-13,248,8.2439610693541e-11,203
FrequencyHopping,neural,46,noG,45,0.031629845826674115,-0.47736987545860055,2.4088025925515555,1.8745601404563477,0.46718818615562396,8.535394613318203e-13,248,8.2439610693541e-11,203
FrequencyHopping,neural,46,noG,50,0.03162984584554372,-0.4773698756094677,2.4088025926638044,1.8745601404945686,0.46718818614160246,8.537615059367454e-13,248,8.243938864893607e-11,203
FrequencyHopping,neural,46,noG,55,0.03162984584602055,-0.4773698756132794,2.408802592666642,1.874560140495531,0.4671881861412486,8.537615059367454e-13,248,8.243983273814592e-11,203
FrequencyHopping,neural,46,noG,60,0.03162984584602055,-0.4773698756132794,2.408802592666642,1.874560140495531,0.4671881861412486,8.537615059367454e-13,248,8.243983273814592e-11,203
FrequencyHopping,neural,47,noG,0,0.04778342725808081,-0.46090041150134287,2.558351174583972,2.0013026920835233,0.5341395654752359,8.58424442640171e-13,249,8.325962141952914e-11,204
FrequencyHopping,neural,47,noG,5,0.04778342725808081,-0.46090041150134287,2.558351174583972,2.0013026920835233,0.5341395654752359,8.58424442640171e-13,249,8.325962141952914e-11,204
FrequencyHopping,neural,47,noG,10,0.04778342725808081,-0.46090041150134287,2.558351174583972,2.0013026920835233,0.5341395654752359,8.58424442640171e-13,249,8.325962141952914e-11,204
FrequencyHopping,neural,47,noG,15,0.04778342725808081,-0.46090041150134287,2.558351174583972,2.0013026920835233,0.5341395654752359,8.58424442640171e-13,249,8.325962141952914e-11,204
FrequencyHopping,neural,47,noG,20,0.04778342725808081,-0.46090041150134287,2.558351174583972,2.0013026920835233,0.5341395654752359,8.58424442640171e-13,249,8.325962141952914e-11,204
FrequencyHopping,neural,47,noG,25,0.04778342725808081,-0.46090041150134287,2.558351174583972,2.0013026920835233,0.5341395654752359,8.58424442640171e-13,249,8.325962141952914e-11,204
FrequencyHopping,neural,47,noG,30,0.04778342725808081,-0.46090041150134287,2.558351174583972,2.0013026920835233,0.5341395654752359,8.58424442640171e-13,249,8.325962141952914e-11,204
FrequencyHopping,neural,47,noG,35,0.04778342725808081,-0.46090041150134287,2.558351174583972,2.0013026920835233,0.5341395654752359,8.58424442640171e-13,249,8.325962141952914e-11,204
FrequencyHopping,neural,47,noG,40,0.04778342725808081,-0.46090041150134287,2.558351174583972,2.0013026920835233,0.5341395654752359,8.58424442640171e-13,249,8.325962141952914e-11,204
FrequencyHopping,neural,47,noG,45,0.04778342725808081,-0.46090041150134287,2.558351174583972,2.0013026920835233,0.5341395654752359,8.58424442640171e-13,249,8.325962141952914e-11,204
FrequencyHopping,neural,47,noG,50,0.04778342725808081,-0.46090041150134287,2.558351174583972,2.0013026920835233,0.5341395654752359,8.58424442640171e-13,249,8.325962141952914e-11,204
FrequencyHopping,neural,47,noG,55,0.04778342725808081,-0.46090041150134287,2.558351174583972,2.0013026920835233,0.5341395654752359,8.58424442640171e-13,249,8.325962141952914e-11,204
FrequencyHopping,neural,47,noG,60,0.04778342725808081,-0.46090041150134287,2.558351174583972,2.0013026920835233,0.5341395654752359,8.58424442640171e-13,249,8.325962141952914e-11,204
FrequencyHopping,neural,48,noG,0,0.00023425199598464626,-0.1051336795393127,2.0154326452098,1.630225059833183,0.32841406800315204,8.408829188510936e-13,248,8.164047216041581e-11,203
FrequencyHopping,neural,48,noG,5,0.010418485387601276,-0.08053653567241165,1.9866122709185967,1.6171139653756892,0.32856294872071057,8.388845174067683e-13,248,8.142087004614496e-11,203
FrequencyHopping,neural,48,noG,10,0.010886169764063806,-0.08209747667091258,1.9880255992283724,1.617168313641304,0.3285376282404443,8.386624728018433e-13,248,8.141354257418243e-11,203
FrequencyHopping,neural,48,noG,15,0.010898011845289478,-0.08213698545898042,1.9880614228317812,1.6171704035039292,0.32853692248377747,8.388845174067683e-13,248,8.14133205295775e-11,203
FrequencyHopping,neural,48,noG,20,0.010898312172588643,-0.08213798743306609,1.9880623313793842,1.617170456962736,0.3285369045435723,8.388845174067683e-13,248,8.141354257418243e-11,203
FrequencyHopping,neural,48,noG,25,0.010898319789678614,-0.08213801284575788,1.9880623544225569,1.617170458318869,0.3285369040885347,8.388845174067683e-13,248,8.141354257418243e-11,203
FrequencyHopping,neural,48,noG,30,0.010898319982689475,-0.0821380134896949,1.9880623550064522,1.6171704583532258,0.32853690407700414,8.388845174067683e-13,248,8.141354257418243e-11,203
FrequencyHopping,neural,48,noG,35,0.010898319987651913,-0.08213801350625083,1.9880623550214638,1.6171704583541031,0.328536904076708,8.388845174067683e-13,248,8.141354257418243e-11,203
FrequencyHopping,neural,48,noG,40,0.01089831998771828,-0.082138013506472,1.9880623550216643,1.6171704583541224,0.32853690407670394,8.391065620116933e-13,248,8.14133205295775e-11,203
FrequencyHopping,neural,48,noG,45,0.01089831998771828,-0.082138013506472,1.9880623550216643,1.6171704583541224,0.32853690407670394,8.391065620116933e-13,248,8.14133205295775e-11,203
FrequencyHopping,neural,48,noG,50,0.01089831998771828,-0.082138013506472,1.9880623550216643,1.6171704583541224,0.32853690407670394,8.391065620116933e-13,248,8.14133205295775e-11,203
FrequencyHopping,neural,48,noG,55,0.01089831998771828,-0.082138013506472,1.9880623550216643,1.6171704583541224,0.32853690407670394,8.391065620116933e-13,248,8.14133205295775e-11,203
FrequencyHopping,neural,48,noG,60,0.01089831998771828,-0.082138013506472,1.9880623550216643,1.6171704583541224,0.32853690407670394,8.391065620116933e-13,248,8.14133205295775e-11,203
FrequencyHopping,neural,49,noG,0,0.010352443031066517,-0.1932443236782778,2.1376111282188126,1.6699770784040258,0.32033031242258764,8.633094239485217e-13,248,8.311529242632787e-11,203
FrequencyHopping,neural,49,noG,5,0.010352443031066517,-0.1932443236782778,2.1376111282188126,1.6699770784040258,0.32033031242258764,8.633094239485217e-13,248,8.311529242632787e-11,203
FrequencyHopping,neural,49,noG,10,0.010352443031066517,-0.1932443236782778,2.1376111282188126,1.6699770784040258,0.32033031242258764,8.633094239485217e-13,248,8.311529242632787e-11,203
FrequencyHopping,neural,49,noG,15,0.010352443031066517,-0.1932443236782778,2.1376111282188126,1.6699770784040258,0.32033031242258764,8.633094239485217e-13,248,8.311529242632787e-11,203
FrequencyHopping,neural,49,noG,20,0.010352443031066517,-0.1932443236782778,2.1376111282188126,1.6699770784040258,0.32033031242258764,8.633094239485217e-13,248,8.311529242632787e-11,203
FrequencyHopping,neural,49,noG,25,0.010352443031066517,-0.1932443236782778,2.1376111282188126,1.6699770784040258,0.32033031242258764,8.633094239485217e-13,248,8.311529242632787e-11,203
FrequencyHopping,neural,49,noG,30,0.010352443031066517,-0.1932443236782778,2.1376111282188126,1.6699770784040258,0.32033031242258764,8.633094239485217e-13,248,8.311529242632787e-11,203
FrequencyHopping,neural,49,noG,35,0.010352443031066517,-0.1932443236782778,2.1376111282188126,1.6699770784040258,0.32033031242258764,8.633094239485217e-13,248,8.311529242632787e-11,203
FrequencyHopping,neural,49,noG,40,0.010352443031066517,-0.1932443236782778,2.1376111282188126,1.6699770784040258,0.32033031242258764,8.633094239485217e-13,248,8.311529242632787e-11,203
FrequencyHopping,neural,49,noG,45,0.010352443031066517,-0.1932443236782778,2.1376111282188126,1.6699770784040258,0.32033031242258764,8.633094239485217e-13,248,8.311529242632787e-11,203
FrequencyHopping,neural,49,noG,50,0.010352443031066517,-0.1932443236782778,2.1376111282188126,1.6699770784040258,0.32033031242258764,8.633094239485217e-13,248,8.311529242632787e-11,203
FrequencyHopping,neural,49,noG,55,0.010352443031066517,-0.1932443236782778,2.1376111282188126,1.6699770784040258,0.32033031242258764,8.633094239485217e-13,248,8.311529242632787e-11,203
FrequencyHopping,neural,49,noG,60,0.010352443031066517,-0.1932443236782778,2.1376111282188126,1.6699770784040258,0.32033031242258764,8.633094239485217e-13,248,8.311529242632787e-11,203
FrequencyHopping,neural,40,GDA,0,-0.011808681961510883,-0.7146253444275263,2.650284021290285,2.0627068800472337,0.44719023878008995,8.5131901528257e-13,248,8.292633246753667e-11,203
FrequencyHopping,neural,40,GDA,5,-0.010703545569280808,-0.6496993497848699,2.662040903085425,2.0693057259750844,0.451305617485801,8.879563750952002e-13,248,8.642730975338964e-11,203
FrequencyHopping,neural,40,GDA,10,-0.005073750125727725,-0.5064841034480246,2.6128279719601624,2.042523291229741,0.4562065153728623,8.419931418757187e-13,249,8.171374688004107e-11,204
FrequencyHopping,neural,40,GDA,15,0.006697565469943968,-0.37715251461286614,2.5623583393137888,2.0352776767935388,0.4589761853759109,8.788525462932739e-13,249,8.566214404481798e-11,204
FrequencyHopping,neural,40,GDA,20,0.021643696051904224,-0.42363166251328005,2.66135130756257,2.112250652731055,0.46031557150145014,8.15347789284715e-13,250,8.86473117134301e-11,204
FrequencyHopping,neural,40,GDA,25,0.033688364368829674,-0.5971330991063695,2.8562064965116907,2.2399500020435448,0.4633154220815478,8.282263763703668e-13,250,8.123035577511928e-11,205
FrequencyHopping,neural,40,GDA,30,0.03814231136046051,-0.7008761187934014,2.9521845717049495,2.3223258708000225,0.4704568360885048,8.304468224196171e-13,250,8.15507661400261e-11,205
FrequencyHopping,neural,40,GDA,35,0.035897330107547684,-0.7106124012132067,2.9400958330447278,2.318856457514513,0.4810912906543541,8.268941087408166e-13,250,8.126166406441371e-11,205
FrequencyHopping,neural,40,GDA,40,0.03376862945568468,-0.6155352800167533,2.8321346646666656,2.237087029176719,0.4916210307176709,8.237854842718662e-13,250,8.967337983278867e-11,204
FrequencyHopping,neural,40,GDA,45,0.03988461257702612,-0.5206345652893221,2.7128912425374745,2.1208947250633305,0.49844550254140013,8.149037000748649e-13,250,8.854250665990548e-11,204
FrequencyHopping,neural,40,GDA,50,0.05704423545406713,-0.4605542863419393,2.614821669658286,2.031744432421327,0.5010103505411888,8.890665981198254e-13,249,8.661427131073651e-11,204
FrequencyHopping,neural,40,GDA,55,0.07973019034908077,-0.4740737445565285,2.573268301649237,2.001674241955951,0.5019435046823914,8.628653347386717e-13,249,8.365463877169077e-11,204
FrequencyHopping,neural,40,GDA,60,0.09816339382715755,-0.5606839579471422,2.5865148749446356,2.0014500405431366,0.5042493285815777,8.273381979506667e-13,249,8.8452134505701e-11,203
FrequencyHopping,neural,41,GDA,0,-0.009785928894033229,-0.3127108210124749,2.4690339479283288,1.9561597792896004,0.3979646312875043,8.877343304902752e-13,249,8.650391514208877e-11,204
FrequencyHopping,neural,41,GDA,5,0.004111678665713033,-0.44831344162110454,2.558990548951451,1.966973477934282,0.3928795591671064,8.659739592076221e-13,249,8.396217054951194e-11,204
FrequencyHopping,neural,41,GDA,10,0.012995824875653181,-0.5357921463800893,2.589310840005188,1.973971019561589,0.39012726157374006,8.373302051722931e-13,249,8.971556830772442e-11,203
FrequencyHopping,neural,41,GDA,15,0.015469994423851718,-0.5610555245911341,2.550652355689038,1.9378746156200095,0.3891183519886446,8.952838470577262e-13,248,8.58149107330064e-11,203
FrequencyHopping,neural,41,GDA,20,0.013791525268868713,-0.5192022787662611,2.445509864676244,1.8605989074123035,0.38773410969241084,8.606448886894214e-13,248,8.23039414399318e-11,203
FrequencyHopping,neural,41,GDA,25,0.011987450212611004,-0.4159903375676452,2.2932499274228744,1.7725300336577887,0.3842742801352627,8.322231792590173e-13,248,8.871792189779626e-11,202
FrequencyHopping,neural,41,GDA,30,0.013175519526379312,-0.3097372057747855,2.1684141173359452,1.7197908053012372,0.379116790187407,8.215650382226158e-13,248,8.748690660809189e-11,202
FrequencyHopping,neural,41,GDA,35,0.018030431177973996,-0.3782394902722897,2.241913131745177,1.7296012432950645,0.3747898713660481,8.22897305852166e-13,248,8.775380422321177e-11,202
FrequencyHopping,neural,41,GDA,40,0.025300272714536456,-0.434429407629493,2.327117422382586,1.7750467438442705,0.3742746389237693,8.355538483328928e-13,248,8.913114690756174e-11,202
FrequencyHopping,neural,41,GDA,45,0.03357274432706055,-0.4424943704558028,2.3700262644396295,1.814110281332853,0.3788090667978121,8.5087492607272e-13,248,8.2054585348601e-11,203
FrequencyHopping,neural,41,GDA,50,0.042579790349547154,-0.3988715458869935,2.3714652767964455,1.834500160384371,0.3872042657395203,8.72191208145523e-13,248,8.439626775214037e-11,203
FrequencyHopping,neural,41,GDA,55,0.052971551738054685,-0.36494671174797244,2.400347051869955,1.8533076123132761,0.397236189179216,8.140155216551648e-13,249,8.727485401038848e-11,203
FrequencyHopping,neural,41,GDA,60,0.0649914009218285,-0.35087529598144074,2.441120528448791,1.894441210166193,0.4075585476099501,8.411049634560186e-13,249,8.129252826449829e-11,204
FrequencyHopping,neural,42,GDA,0,-0.025855704736221414,-0.4849976938732035,2.6200435810281357,2.0480147016618937,0.3198536857081492,8.65085780787922e-13,249,8.420864006097872e-11,204
FrequencyHopping,neural,42,GDA,5,-0.024095713752586317,-0.4219831170847897,2.618619417981561,2.054502751001203,0.3170158022393428,8.930634010084759e-13,249,8.739520218625785e-11,204
FrequencyHopping,neural,42,GDA,10,-0.018634904240560555,-0.30953122391493315,2.562001805308387,2.0322414828213793,0.3144407855854408,8.264500195309665e-13,250,8.118394845268995e-11,205
FrequencyHopping,neural,42,GDA,15,-0.008599767158268498,-0.16285372080648486,2.453929444301383,2.0062990311717,0.312185173016302,8.424372310855688e-13,250,8.300582443609983e-11,205
FrequencyHopping,neural,42,GDA,20,0.004449372774351409,-0.10461592837211023,2.412205980919342,1.9977444047283197,0.3112446748329107,8.499867476530198e-13,250,8.388401084857833e-11,205
FrequencyHopping,neural,42,GDA,25,0.01760834970266098,-0.15858468869744077,2.45949474857255,2.002680218007547,0.3124523801170779,8.482103908136196e-13,250,8.376321858349911e-11,205
FrequencyHopping,neural,42,GDA,30,0.028365126380737703,-0.1994718116774406,2.4761018398397456,2.004135093019876,0.31568474291445736,8.393286066166183e-13,250,8.276401786133647e-11,205
FrequencyHopping,neural,42,GDA,35,0.03582671068124521,-0.23413247974753051,2.4778143040936884,1.9910325528930548,0.32018548699378585,8.260059303211165e-13,250,8.110689897478096e-11,205
FrequencyHopping,neural,42,GDA,40,0.04086432726331436,-0.2581354812302297,2.4594500422600984,1.961337650077676,0.32546989044361674,8.988365607365267e-13,249,8.780620674997408e-11,204
FrequencyHopping,neural,42,GDA,45,0.0454256453705619,-0.2694692554138999,2.423282769203147,1.9172257074580266,0.3318113613186023,8.766321002440236e-13,249,8.525002925807712e-11,204
FrequencyHopping,neural,42,GDA,50,0.05162887736143055,-0.2711925638602108,2.3761910953367273,1.861778889624546,0.3399740531022985,8.539835505416704e-13,249,8.26516632912444e-11,204
FrequencyHopping,neural,42,GDA,55,0.061090263245166324,-0.25490315011616194,2.3132769474576333,1.799843280944733,0.35055377284853506,8.322231792590173e-13,249,8.911560378521699e-11,203
FrequencyHopping,neural,42,GDA,60,0.07458486826719227,-0.22068412995754555,2.238075078401965,1.7425921281244432,0.3634895995290637,8.131273432354647e-13,249,8.678480156731894e-11,203
FrequencyHopping,neural,43,GDA,0,-0.013833370637705143,-0.4493939232549932,2.691863813983001,2.129810550195981,0.3691222191192666,8.251177519014163e-13,250,8.109646287834948e-11,205
FrequencyHopping,neural,43,GDA,5,-0.005792401905694914,-0.2792875841990978,2.5498908104818927,2.05139679397364,0.3665199527185751,8.335554468885675e-13,250,8.195510936559458e-11,205
FrequencyHopping,neural,43,GDA,10,0.00747437049174059,-0.22577799379657543,2.5001462620694204,2.012935951407412,0.3650160791057699,8.331113576787175e-13,250,8.182210464724449e-11,205
FrequencyHopping,neural,43,GDA,15,0.02236250166335475,-0.2963679269228022,2.548418865689325,2.0045988060162943,0.36642788497944406,8.220091274324659e-13,250,8.952572017051352e-11,204
FrequencyHopping,neural,43,GDA,20,0.03536946508583319,-0.32912932552971613,2.5354620561870345,1.9887009785450243,0.3710664463119067,8.912870441690757e-13,249,8.703771037232855e-11,204
FrequencyHopping,neural,43,GDA,25,0.04476476502685899,-0.3276962690401909,2.471408770450354,1.9529844083567367,0.3776567068586604,8.628653347386717e-13,249,8.382317062682887e-11,204
FrequencyHopping,neural,43,GDA,30,0.05082351772919683,-0.3745232289938981,2.4474911953772254,1.9123580286886404,0.3845768196046073,8.308909116294672e-13,249,8.933409567646322e-11,203
FrequencyHopping,neural,43,GDA,35,0.05496822703548417,-0.43047585902458707,2.433688511853576,1.885721008353016,0.3911738258224328,8.899547765395255e-13,248,8.589751132603851e-11,203
FrequencyHopping,neural,43,GDA,40,0.0588307904028343,-0.4917404797179124,2.433888673970997,1.8744866620912939,0.3981095563151073,8.610889778992714e-13,248,8.325473643822079e-11,203
FrequencyHopping,neural,43,GDA,45,0.06397399702370385,-0.5242082661444374,2.4346875840626767,1.8658145437255313,0.40658446433347184,8.459899447643693e-13,248,8.15898459904929e-11,203
FrequencyHopping,neural,43,GDA,50,0.07214124000256705,-0.5235117108088618,2.4214691214223105,1.846302261539774,0.41709065819062685,8.408829188510936e-13,248,8.985523436422227e-11,202
FrequencyHopping,neural,43,GDA,55,0.08524287916125685,-0.4887039511697148,2.389415517146458,1.812664878241645,0.42874685284164127,8.428813202954188e-13,248,8.992451228095888e-11,202
FrequencyHopping,neural,43,GDA,60,0.10451050171743728,-0.4238679799965326,2.338759888893962,1.7791612878488412,0.4398289891286566,8.515410598874951e-13,248,8.158651532141903e-11,203
FrequencyHopping,neural,44,GDA,0,-0.0028586989295425135,-0.8244744170275474,2.9234642368834214,2.2881041546775673,0.47009210782883354,8.566480858007708e-13,249,8.303246978869083e-11,204
FrequencyHopping,neural,44,GDA,5,-0.014404428744919567,-0.724602223075397,2.8873852578810597,2.2547633925229,0.4739327529778249,8.899547765395255e-13,249,8.670242301889175e-11,204
FrequencyHopping,neural,44,GDA,10,-0.011238615692483835,-0.5388860558540128,2.749391589036043,2.1393348500419624,0.47948022966770076,8.233413950620161e-13,250,8.958478403542358e-11,204
FrequencyHopping,neural,44,GDA,15,0.009250619257792466,-0.2888413248860214,2.528248823711565,1.9965318400700953,0.4863257384313565,8.37108160567368e-13,250,8.224643188725622e-11,205
FrequencyHopping,neural,44,GDA,20,0.04242661337717345,-0.14483157070155683,2.391637644421759,1.9243744040271997,0.4953267899028579,8.411049634560186e-13,250,8.270006901511806e-11,205
FrequencyHopping,neural,44,GDA,25,0.07836384210055786,-0.21206915637522428,2.442483873244192,1.9651206701697337,0.5072509732741147,8.339995360984176e-13,250,8.185652156100787e-11,205
FrequencyHopping,neural,44,GDA,30,0.106318805201254,-0.45441618913014087,2.64313058207435,2.0730113400228163,0.5215551287439398,8.149037000748649e-13,250,8.850653543390763e-11,204
FrequencyHopping,neural,44,GDA,35,0.11911048812900916,-0.656928847412664,2.7783177317162213,2.169239618630752,0.5369011867043015,8.717471189356729e-13,249,8.459943856564678e-11,204
FrequencyHopping,neural,44,GDA,40,0.11601695554576,-0.7790573526828516,2.809523026720523,2.191175457486446,0.5522318407891946,8.264500195309665e-13,249,8.831069209236375e-11,203
FrequencyHopping,neural,44,GDA,45,0.10389100008188112,-0.7916019236223862,2.7139685221902363,2.1127058541128174,0.5664724339015496,8.593126210598712e-13,248,8.210299107247465e-11,203
FrequencyHopping,neural,44,GDA,50,0.09546650169675992,-0.6786783000718837,2.5074931272179364,1.970706845112505,0.5775115552167239,8.970602038971265e-13,247,8.630385295305132e-11,202
FrequencyHopping,neural,44,GDA,55,0.10352376727893878,-0.5712182254123814,2.393565177684029,1.8705657026069296,0.5829999149348686,8.897327319346005e-13,247,8.5979001696046e-11,202
FrequencyHopping,neural,44,GDA,60,0.1328815144552902,-0.5525234161507967,2.4397662066090406,1.8652855236919192,0.5830949743189034,8.351097591230427e-13,248,8.826828157282307e-11,202
FrequencyHopping,neural,45,GDA,0,-0.0097981883388639,-0.3265250191466462,2.529895626631141,2.0590586110419618,0.3465521162099779,8.100187187665142e-13,250,8.802558681964001e-11,204
FrequencyHopping,neural,45,GDA,5,-0.00588930775552245,-0.27661617872580685,2.531589155734768,2.0548343335512955,0.3468076860121609,8.331113576787175e-13,250,8.181166855081301e-11,205
FrequencyHopping,neural,45,GDA,10,0.0044619232354701464,-0.203273036882589,2.4934067846232315,2.025159823958661,0.3513628012234472,8.490985692333197e-13,250,8.361134007373039e-11,205
FrequencyHopping,neural,45,GDA,15,0.0205449234875732,-0.13655986183058427,2.443352048228582,1.9903600134576314,0.3598849877524311,8.570921750106208e-13,250,8.448708399555471e-11,205
FrequencyHopping,neural,45,GDA,20,0.03992535791199148,-0.15102656393030622,2.454884545561956,1.9820010126180176,0.3714155338335731,8.557599073810707e-13,250,8.436162879377207e-11,205
FrequencyHopping,neural,45,GDA,25,0.059073040801839526,-0.24733381440677515,2.528308882211376,2.0173013634674835,0.3849695146686449,8.459899447643693e-13,250,8.321165978486533e-11,205
FrequencyHopping,neural,45,GDA,30,0.07444148119444867,-0.413459492543931,2.652104074554266,2.076335933152646,0.39993608766668826,8.268941087408166e-13,250,8.10727041056225e-11,205
FrequencyHopping,neural,45,GDA,35,0.08390733269714384,-0.5415205987883911,2.720264103395279,2.1155786878999803,0.4160156631961067,8.899547765395255e-13,249,8.67437233154078e-11,204
FrequencyHopping,neural,45,GDA,40,0.08813030071411752,-0.6047331935474436,2.7100052218596575,2.100002506894773,0.4327883706545194,8.539835505416704e-13,249,8.272715845691891e-11,204
FrequencyHopping,neural,45,GDA,45,0.09100923948777623,-0.5880829476453139,2.61298933381823,2.019151578928313,0.4493370128861267,8.15347789284715e-13,249,8.727019107368506e-11,203
FrequencyHopping,neural,45,GDA,50,0.09842993571424884,-0.49566740116771213,2.4424432863150507,1.8977767651394588,0.46440520412138775,8.641976023682219e-13,248,8.33728641680409e-11,203
FrequencyHopping,neural,45,GDA,55,0.11539129703864767,-0.41040243083642436,2.303220021427224,1.796895354971087,0.4771149811418519,8.353318037279678e-13,248,8.999068157322654e-11,202
FrequencyHopping,neural,45,GDA,60,0.14306467423305483,-0.43387854811069004,2.3109613700951623,1.766146822919762,0.48767527341597733,8.264500195309665e-13,248,8.882250490671595e-11,202
FrequencyHopping,neural,46,GDA,0,-0.004868584439328377,-0.5831773814160817,2.75522886363858,2.1446013145144085,0.4697486188884957,8.877343304902752e-13,249,8.64881499751391e-11,204
FrequencyHopping,neural,46,GDA,5,0.008108017106921817,-0.642194345261718,2.748067875965699,2.119794766749479,0.46614211906194747,8.553158181712206e-13,249,8.283040919820905e-11,204
FrequencyHopping,neural,46,GDA,10,0.01699141392664982,-0.6266107582509054,2.6641977321930335,2.046214831131474,0.46701934688818747,8.22453216642316e-13,249,8.798095585405008e-11,203
FrequencyHopping,neural,46,GDA,15,0.02329864375505323,-0.5365821808820697,2.5120619739282244,1.9423172930174717,0.46862783354378784,8.79518680108049e-13,248,8.469736023641872e-11,203
FrequencyHopping,neural,46,GDA,20,0.029553909752411713,-0.4586625065406052,2.3951854570000926,1.8752250349169475,0.46819868676029563,8.566480858007708e-13,248,8.272427187705489e-11,203
FrequencyHopping,neural,46,GDA,25,0.036791579604411026,-0.5414344416999202,2.464858352896308,1.91021204530445,0.4661249455636092,8.495426584431698e-13,248,8.228995262982153e-11,203
FrequencyHopping,neural,46,GDA,30,0.044226128715809485,-0.6357044446838719,2.5849623353473565,2.0062342096362773,0.4656116955708186,8.602007994795713e-13,248,8.341127788469294e-11,203
FrequencyHopping,neural,46,GDA,35,0.05135784172708603,-0.678074669259823,2.673552530476403,2.095797940087608,0.47015157729662443,8.79740724712974e-13,248,8.567946352400213e-11,203
FrequencyHopping,neural,46,GDA,40,0.060266730870782464,-0.6701398441739671,2.7249317046416985,2.1440247772063667,0.4805328030588913,8.15791878494565e-13,249,8.860645550612389e-11,203
FrequencyHopping,neural,46,GDA,45,0.07521705911699703,-0.5998115343075449,2.7292555344835963,2.1518116066525836,0.4941899668638529,8.486544800234697e-13,249,8.274603224833754e-11,204
FrequencyHopping,neural,46,GDA,50,0.09901522496965473,-0.5198363985791825,2.712136405389524,2.1450933027152512,0.5077731451591678,8.775202786637237e-13,249,8.563683095985652e-11,204
FrequencyHopping,neural,46,GDA,55,0.12921807049449177,-0.5225513299724855,2.753053238898427,2.1582305573725975,0.5200245421205298,8.961720254774264e-13,249,8.765677073085953e-11,204
FrequencyHopping,neural,46,GDA,60,0.15838011398443602,-0.550750210594734,2.788776730786363,2.198690280612899,0.5321158493213464,8.131273432354647e-13,250,8.83413342478434e-11,204
FrequencyHopping,neural,47,GDA,0,0.04778342725808081,-0.4609004115013429,2.558351174583972,2.0013026920835304,0.5341395654752359,8.58424442640171e-13,249,8.325962141952914e-11,204
FrequencyHopping,neural,47,GDA,5,0.05504280877608276,-0.6256770470023507,2.7122520936815313,2.13203916711212,0.5217238243351499,8.5131901528257e-13,249,8.232237114214058e-11,204
FrequencyHopping,neural,47,GDA,10,0.04196570896776545,-0.7334709826203532,2.814916662224663,2.2211559000339767,0.5096879860518383,8.464340339742193e-13,249,8.177458710179053e-11,204
FrequencyHopping,neural,47,GDA,15,0.01809046268443088,-0.7687919641003118,2.8546683199851275,2.256946997619779,0.4979061625342035,8.464340339742193e-13,249,8.192535538853463e-11,204
FrequencyHopping,neural,47,GDA,20,-0.004765902524215727,-0.7214238354601819,2.8395563434120525,2.242275696019643,0.488440052130851,8.562039965909207e-13,249,8.305289789234394e-11,204
FrequencyHopping,neural,47,GDA,25,-0.016371376857361453,-0.59588145858115,2.760287618350791,2.178300683308246,0.48394736650641224,8.717471189356729e-13,249,8.475553592290908e-11,204
FrequencyHopping,neural,47,GDA,30,-0.010864837234131895,-0.40669530597573106,2.607211723896974,2.074791349118649,0.48633280041438365,8.841816168114747e-13,249,8.620215652399565e-11,204
FrequencyHopping,neural,47,GDA,35,0.011929629868432975,-0.23782067760821154,2.456868745403079,1.9637064848426293,0.4959828268523096,8.895106873296754e-13,249,8.691292130436068e-11,204
FrequencyHopping,neural,47,GDA,40,0.046894162363121585,-0.13455428519832255,2.350639634180585,1.897012625674271,0.5114412159214297,8.86846152070575e-13,249,8.667799811235e-11,204
FrequencyHopping,neural,47,GDA,45,0.08526378601820234,-0.2965255264878799,2.48871547749311,1.9463053273068824,0.5298484035391906,8.766321002440236e-13,249,8.552869523725803e-11,204
FrequencyHopping,neural,47,GDA,50,0.11681806253346852,-0.5183773970617225,2.670351499548647,2.0971484676109906,0.5485165252252652,8.606448886894214e-13,249,8.36957170236019e-11,204
FrequencyHopping,neural,47,GDA,55,0.13263454693109378,-0.7612288333659569,2.8638025289444586,2.2627920271032314,0.5669254408068193,8.428813202954188e-13,249,8.15543188537049e-11,204
FrequencyHopping,neural,47,GDA,60,0.12904624629967515,-0.9301046010296468,2.9817675535041284,2.372830636526773,0.5869399336477945,8.260059303211165e-13,249,8.847322874316887e-11,203
FrequencyHopping,neural,48,GDA,0,0.00023425199598464626,-0.1051336795393127,2.0154326452098004,1.630225059833189,0.32841406800315204,8.408829188510936e-13,248,8.164025011581089e-11,203
FrequencyHopping,neural,48,GDA,5,0.015949423977446874,-0.1082649670939647,2.012628885602056,1.6211706350827595,0.3293110883053266,8.382183835919932e-13,248,8.13387135423227e-11,203
FrequencyHopping,neural,48,GDA,10,0.029703098559262543,-0.2307700936533115,2.1327773066902966,1.665725177362836,0.33197388133124334,8.379963389870682e-13,248,8.13662470733334e-11,203
FrequencyHopping,neural,48,GDA,15,0.0386160234801568,-0.329610855693091,2.2543164502766215,1.7368732442153285,0.336318257350798,8.524292383071952e-13,248,8.214495750280548e-11,203
FrequencyHopping,neural,48,GDA,20,0.042189325392259655,-0.3877865138077188,2.3485397530127146,1.8113682800391278,0.3418861370098676,8.739675649849232e-13,248,8.403522322453227e-11,203
FrequencyHopping,neural,48,GDA,25,0.04247544821787699,-0.39572382027578257,2.4100476404126336,1.871810052395754,0.3481436733778573,8.129052986305396e-13,249,8.68651817143018e-11,203
FrequencyHopping,neural,48,GDA,30,0.04315590010345545,-0.37795088920692954,2.4464246092171695,1.9092120446626701,0.35473796862058776,8.402167850363185e-13,249,8.107714499772101e-11,204
FrequencyHopping,neural,48,GDA,35,0.0479063113258821,-0.351999742254364,2.469955425404493,1.9277544629140873,0.3617249091707043,8.646416915780719e-13,249,8.385958594203657e-11,204
FrequencyHopping,neural,48,GDA,40,0.05877673065947088,-0.337712615748864,2.4962756680769176,1.938781777395569,0.3696714067791577,8.855138844410249e-13,249,8.618949998151493e-11,204
FrequencyHopping,neural,48,GDA,45,0.07544209290844753,-0.3212089990129225,2.508420458886625,1.9510236661279863,0.3793589837970358,8.997247391562269e-13,249,8.784084570834239e-11,204
FrequencyHopping,neural,48,GDA,50,0.09572231937735927,-0.33988766593333525,2.5417251234885367,1.968004714048713,0.39118804208459906,8.162359677044151e-13,250,8.867351297681125e-11,204
FrequencyHopping,neural,48,GDA,55,0.11690948667734508,-0.3660234339737971,2.5671577766646863,1.9869909025926067,0.40492074024664826,8.15791878494565e-13,250,8.861467115650612e-11,204
FrequencyHopping,neural,48,GDA,60,0.136985143844531,-0.38424117280154074,2.5685571556124,2.0028179448290278,0.4201338418525921,8.979483823168266e-13,249,8.764278192074926e-11,204
FrequencyHopping,neural,49,GDA,0,0.010352443031066517,-0.19324432367827776,2.1376111282188126,1.6699770784040235,0.32033031242258764,8.633094239485217e-13,248,8.311529242632787e-11,203
FrequencyHopping,neural,49,GDA,5,0.022555914562526286,-0.3069413618728566,2.266319775952343,1.7415263046694798,0.32156632109446215,8.708589405159728e-13,248,8.383094218800125e-11,203
FrequencyHopping,neural,49,GDA,10,0.029908091455758144,-0.41207253460107485,2.4061004521608815,1.84785032046601,0.32490051580723056,8.886225089099753e-13,248,8.559908337701927e-11,203
FrequencyHopping,neural,49,GDA,15,0.031933334894621065,-0.48121499549756386,2.52580289289216,1.9506887129663137,0.3308106003460036,8.233413950620161e-13,249,8.844525112294832e-11,203
FrequencyHopping,neural,49,GDA,20,0.03107645543830817,-0.4858422632837889,2.596974264700146,2.022773107233545,0.3389817541668654,8.535394613318203e-13,249,8.287615038682361e-11,204
FrequencyHopping,neural,49,GDA,25,0.031900668156863356,-0.43647008505149404,2.6176348646243475,2.0525919191361264,0.34823620505510516,8.846257060213247e-13,249,8.63320526178768e-11,204
FrequencyHopping,neural,49,GDA,30,0.03872364713888442,-0.35624548173777426,2.5964841055318137,2.0466743733258204,0.3575591222984138,8.206768598029157e-13,250,8.93480844865735e-11,204
FrequencyHopping,neural,49,GDA,35,0.05295916789930402,-0.28877107813464864,2.567080608499745,2.0235100082533584,0.367140357009496,8.362199821476679e-13,250,8.223177694333117e-11,205
FrequencyHopping,neural,49,GDA,40,0.07217996929851328,-0.24522095517105022,2.534191561213191,2.0031880546619325,0.3780050593386339,8.415490526658687e-13,250,8.283507213491248e-11,205
FrequencyHopping,neural,49,GDA,45,0.09182677171482091,-0.22529743110877237,2.4963927118838956,1.9927351014288728,0.39061992842519755,8.357758929378178e-13,250,8.216272107119948e-11,205
FrequencyHopping,neural,49,GDA,50,0.10824547573966029,-0.2520857206205186,2.480697444538249,1.9813868262128245,0.4043557584905309,8.197886813832156e-13,250,8.933698225632725e-11,204
FrequencyHopping,neural,49,GDA,55,0.12074449596123235,-0.2992431202421924,2.469076792716684,1.9578083225357228,0.4183922957235135,8.846257060213247e-13,249,8.6547657929259e-11,204
FrequencyHopping,neural,49,GDA,60,0.131560379036737,-0.33587222255809546,2.4469100967707096,1.921514821215555,0.43267855990078136,8.57980353430321e-13,249,8.33186852844392e-11,204
FrequencyHopping,neural,40,Adam-GDA,0,-0.011808681961510883,-0.7146253444275263,2.650284021290285,2.0627068800472337,0.44719023878008995,8.5131901528257e-13,248,8.292633246753667e-11,203
FrequencyHopping,neural,40,Adam-GDA,5,-0.008968025514389468,-0.6926355433976394,2.661111396058284,2.071509275679127,0.4487228644106091,8.659739592076221e-13,248,8.455902644755042e-11,203
FrequencyHopping,neural,40,Adam-GDA,10,-0.005789599239040835,-0.6622804897934689,2.6624670952126204,2.070977876773967,0.4549768941006435,8.819611707622244e-13,248,8.60118642975749e-11,203
FrequencyHopping,neural,40,Adam-GDA,15,-0.00213660676891673,-0.6269041998558982,2.662804811433487,2.0685018377639173,0.46704478462995236,8.992806499463768e-13,248,8.746958712890773e-11,203
FrequencyHopping,neural,40,Adam-GDA,20,0.0021395701274157727,-0.5853024468398641,2.6574992478518276,2.0678068653112938,0.48484922187881135,8.260059303211165e-13,249,8.910028270747716e-11,203
FrequencyHopping,neural,40,Adam-GDA,25,0.007215802366742017,-0.5358667690224765,2.6456621684359876,2.0712826377896216,0.5077522285949321,8.433254095052689e-13,249,8.187139854953784e-11,204
FrequencyHopping,neural,40,Adam-GDA,30,0.013248264972942557,-0.5055712208584691,2.6541700237464374,2.0819367854428092,0.5347230595510304,8.615330671091215e-13,249,8.377565308137491e-11,204
FrequencyHopping,neural,40,Adam-GDA,35,0.020305267296958453,-0.48666031175779145,2.6749449515831056,2.103094287466052,0.564086862736284,8.810729923425242e-13,249,8.587641708857063e-11,204
FrequencyHopping,neural,40,Adam-GDA,40,0.02833035934935215,-0.4722868228445253,2.700556504844646,2.1381499044895014,0.5937548290421092,8.109068971862143e-13,250,8.812239826738733e-11,204
FrequencyHopping,neural,40,Adam-GDA,45,0.037134915171779775,-0.48744441545757805,2.7545602044651556,2.190450603802451,0.6222376397139898,8.291145547900669e-13,250,8.137845952660427e-11,205
FrequencyHopping,neural,40,Adam-GDA,50,0.04644408808473296,-0.5134129670506091,2.815742401988703,2.262560169013221,0.6491252915121499,8.464340339742193e-13,250,8.336642487449808e-11,205
FrequencyHopping,neural,40,Adam-GDA,55,0.05582062764337936,-0.5774766311888907,2.9081359150066226,2.3537609534042727,0.6746631324550032,8.615330671091215e-13,250,8.51203552088009e-11,205
FrequencyHopping,neural,40,Adam-GDA,60,0.06456055831130543,-0.695244844916484,3.0445288486438384,2.45787708375673,0.6999587706000532,8.735234757750732e-13,250,8.652034644285322e-11,205
FrequencyHopping,neural,41,Adam-GDA,0,-0.009785928894033229,-0.3127108210124749,2.4690339479283288,1.9561597792896004,0.3979646312875043,8.877343304902752e-13,249,8.650391514208877e-11,204
FrequencyHopping,neural,41,Adam-GDA,5,-0.004049009867657498,-0.3521193561635477,2.4852064874364723,1.9392836173069488,0.3942365803845295,8.766321002440236e-13,249,8.517830885068634e-11,204
FrequencyHopping,neural,41,Adam-GDA,10,0.001569325620876345,-0.3922904894016542,2.49697923761056,1.9256888141508897,0.38774487353853,8.619771563189715e-13,249,8.355716119012868e-11,204
FrequencyHopping,neural,41,Adam-GDA,15,0.006553203866157735,-0.43181954454894134,2.503395127276553,1.9137581002651616,0.3812668314868711,8.459899447643693e-13,249,8.168399290298112e-11,204
FrequencyHopping,neural,41,Adam-GDA,20,0.010690339505546674,-0.4674932076980707,2.501579570735334,1.9002102668494403,0.3796652821875739,8.273381979506667e-13,249,8.845368881793547e-11,203
FrequencyHopping,neural,41,Adam-GDA,25,0.013971414847791885,-0.49541539860287925,2.487342313973391,1.8806181579608168,0.38426404056770347,8.963940700823514e-13,248,8.593814548873979e-11,203
FrequencyHopping,neural,41,Adam-GDA,30,0.016537085942409373,-0.5108052398163399,2.4553692814276467,1.8505332606426776,0.394860973376945,8.715250743307479e-13,248,8.325029554612229e-11,203
FrequencyHopping,neural,41,Adam-GDA,35,0.01866347998615806,-0.5080127094152689,2.3997727408343295,1.8068398334553324,0.41012610185348747,8.43769498715119e-13,248,8.943645823933366e-11,202
FrequencyHopping,neural,41,Adam-GDA,40,0.020763446758947212,-0.4823255096313027,2.3227902794378883,1.750053297876279,0.4283519421970624,8.15347789284715e-13,248,8.647482729884359e-11,202
FrequencyHopping,neural,41,Adam-GDA,45,0.023294135261584647,-0.43283291545001307,2.2361593237027315,1.6878408433149072,0.4482534062165779,8.844036614163997e-13,247,8.385114824704942e-11,202
FrequencyHopping,neural,41,Adam-GDA,50,0.026523771612314097,-0.3618470387262828,2.126396187305083,1.6365115301350022,0.4688016200085128,8.619771563189715e-13,247,8.19295742360282e-11,202
FrequencyHopping,neural,41,Adam-GDA,55,0.030456377063019943,-0.32302855025157995,2.049733550279594,1.6171698778232955,0.48975450467644266,8.386624728018433e-13,247,8.112777116764391e-11,202
FrequencyHopping,neural,41,Adam-GDA,60,0.035027917261074,-0.38822519530969657,2.1421853555922916,1.6421283691600468,0.5116643244188349,8.58424442640171e-13,247,8.147216234988264e-11,202
FrequencyHopping,neural,42,Adam-GDA,0,-0.025855704736221414,-0.4849976938732035,2.6200435810281357,2.0480147016618937,0.3198536857081492,8.65085780787922e-13,249,8.420864006097872e-11,204
FrequencyHopping,neural,42,Adam-GDA,5,-0.023712907531496033,-0.41145217909250076,2.590147941517297,2.0353339384666156,0.31183231786607346,8.846257060213247e-13,249,8.646217075636287e-11,204
FrequencyHopping,neural,42,Adam-GDA,10,-0.020278526974977756,-0.3365981206906402,2.5654379639564553,2.0336669030277372,0.31446867309899673,8.15347789284715e-13,250,8.888179081623093e-11,204
FrequencyHopping,neural,42,Adam-GDA,15,-0.015332575330557822,-0.25853358634652795,2.5390145473713446,2.044910723296063,0.3272380862724068,8.357758929378178e-13,250,8.229816828020375e-11,205
FrequencyHopping,neural,42,Adam-GDA,20,-0.008827922005353456,-0.18274079069394025,2.5134318719324695,2.069894376957956,0.34737780432218807,8.562039965909207e-13,250,8.463163503336091e-11,205
FrequencyHopping,neural,42,Adam-GDA,25,-0.000982473584251877,-0.16817994693998595,2.5426550307592835,2.1064027744436573,0.37135741608414957,8.748557434046234e-13,250,8.679235108388639e-11,205
FrequencyHopping,neural,42,Adam-GDA,30,0.00784321316973035,-0.23157190888963783,2.6387089366390755,2.1491911870681957,0.3964338387178037,8.899547765395255e-13,250,8.856604338802754e-11,205
FrequencyHopping,neural,42,Adam-GDA,35,0.017250748274533406,-0.2867211213648947,2.714082030684527,2.189260562199534,0.4201409331590017,8.100187187665142e-13,251,8.97482088646484e-11,205
FrequencyHopping,neural,42,Adam-GDA,40,0.026692342657742774,-0.3289833638751418,2.764018425057836,2.217649376216878,0.4408327735160915,8.144596108650148e-13,251,8.11799516498013e-11,206
FrequencyHopping,neural,42,Adam-GDA,45,0.035712247225269264,-0.3519111531588873,2.7787824102778473,2.2276617253062105,0.45855897736421736,8.131273432354647e-13,251,8.992540045937858e-11,205
FrequencyHopping,neural,42,Adam-GDA,50,0.04437897935950759,-0.36670462686878535,2.7719882544660206,2.2167694967507754,0.47443333092505074,8.961720254774264e-13,250,8.90287843446913e-11,205
FrequencyHopping,neural,42,Adam-GDA,55,0.05318122763224267,-0.3780117554722729,2.7511710938927223,2.1894639887623706,0.4895008893666894,8.841816168114747e-13,250,8.762857106603406e-11,205
FrequencyHopping,neural,42,Adam-GDA,60,0.06259545462018036,-0.3866482797831358,2.7196218609689917,2.15558965434195,0.504276130688446,8.686384944667225e-13,250,8.582157207115415e-11,205
FrequencyHopping,neural,43,Adam-GDA,0,-0.013833370637705143,-0.4493939232549932,2.691863813983001,2.129810550195981,0.3691222191192666,8.251177519014163e-13,250,8.109646287834948e-11,205
FrequencyHopping,neural,43,Adam-GDA,5,-0.00947173203288059,-0.36706781506018815,2.614807308525912,2.0738025346969478,0.3574607897063755,8.251177519014163e-13,250,8.105516258183343e-11,205
FrequencyHopping,neural,43,Adam-GDA,10,-0.004312982953574109,-0.284325981681258,2.5336001222047555,2.0252205137340273,0.35202522942816017,8.242295734817162e-13,250,8.986544841604882e-11,204
FrequencyHopping,neural,43,Adam-GDA,15,0.0016736697764974532,-0.20133983211903936,2.4489313487904907,1.9858858723380386,0.3530909388108773,8.220091274324659e-13,250,8.954037511443858e-11,204
FrequencyHopping,neural,43,Adam-GDA,20,0.008546475924063476,-0.1279055599933928,2.369980242089142,1.9551501479976419,0.3604648850853495,8.184564137536654e-13,250,8.90527651620232e-11,204
FrequencyHopping,neural,43,Adam-GDA,25,0.01635536649994243,-0.14463963331163,2.3759657601138557,1.9307057556273879,0.37336628983435544,8.126832540256146e-13,250,8.832845566075775e-11,204
FrequencyHopping,neural,43,Adam-GDA,30,0.025126265634163904,-0.16060020299564354,2.3736985687653314,1.9092315220565685,0.39041693418966755,8.930634010084759e-13,249,8.725709044199448e-11,204
FrequencyHopping,neural,43,Adam-GDA,35,0.03477855563392784,-0.17842013715676772,2.363196915141579,1.887523520668192,0.4099418359791351,8.79296635503124e-13,249,8.572142995433296e-11,204
FrequencyHopping,neural,43,Adam-GDA,40,0.04509061704721708,-0.21689113191471807,2.362106633027025,1.8649678199824025,0.4306441758196476,8.606448886894214e-13,249,8.369682724662653e-11,204
FrequencyHopping,neural,43,Adam-GDA,45,0.055762727642201484,-0.2687578544951752,2.3639339637309584,1.8449187115165797,0.45178692328340414,8.379963389870682e-13,249,8.128764328318994e-11,204
FrequencyHopping,neural,43,Adam-GDA,50,0.06650429077695291,-0.3272516762840218,2.3643412349946202,1.8349307535546773,0.4730984979200358,8.117950756059145e-13,249,8.747136348574713e-11,203
FrequencyHopping,neural,43,Adam-GDA,55,0.07704369818332764,-0.41140000506501645,2.385630587452518,1.8435622617966632,0.49456802550304857,8.701928067011977e-13,248,8.474376755884805e-11,203
FrequencyHopping,neural,43,Adam-GDA,60,0.0871280035229699,-0.5053327363007671,2.4239745577817184,1.8750960726228079,0.5164940105746354,8.433254095052689e-13,248,8.230172099388255e-11,203
FrequencyHopping,neural,44,Adam-GDA,0,-0.0028586989295425135,-0.8244744170275474,2.9234642368834214,2.2881041546775673,0.47009210782883354,8.566480858007708e-13,249,8.303246978869083e-11,204
FrequencyHopping,neural,44,Adam-GDA,5,-0.0018787515843308148,-0.7865017038310289,2.888571986902518,2.251981824361798,0.46433600284942883,8.593126210598712e-13,249,8.329514855631714e-11,204
FrequencyHopping,neural,44,Adam-GDA,10,-0.0004788248939721232,-0.7430701041351674,2.8450477593111714,2.2088686184901354,0.46397074662985854,8.610889778992714e-13,249,8.342992963150664e-11,204
FrequencyHopping,neural,44,Adam-GDA,15,0.0015004348478509075,-0.6889247331735504,2.787215318513166,2.1542698306738073,0.4689883788627334,8.610889778992714e-13,249,8.341638491060621e-11,204
FrequencyHopping,neural,44,Adam-GDA,20,0.004549984271313262,-0.619476855426847,2.7116457625989527,2.0868157286022333,0.4788074721434072,8.602007994795713e-13,249,8.331380030313085e-11,204
FrequencyHopping,neural,44,Adam-GDA,25,0.009240886749571907,-0.5365444350694819,2.6208226575881146,2.011809239363703,0.494435911292099,8.588685318500211e-13,249,8.315592658902915e-11,204
FrequencyHopping,neural,44,Adam-GDA,30,0.016129547631289244,-0.44201206514600755,2.5171402848237197,1.9364228718250143,0.5167934013033298,8.566480858007708e-13,249,8.297340592378077e-11,204
FrequencyHopping,neural,44,Adam-GDA,35,0.025769496240274907,-0.3446201026701171,2.4097082584320604,1.8687885897956393,0.5460483138423813,8.546496843564455e-13,249,8.2806872470087e-11,204
FrequencyHopping,neural,44,Adam-GDA,40,0.03865044423355003,-0.2830316888307079,2.3374561155188913,1.817717627987334,0.5813191324133292,8.522071937022702e-13,249,8.272249552021549e-11,204
FrequencyHopping,neural,44,Adam-GDA,45,0.055097014492326,-0.2317147009371872,2.2772977164701893,1.790042746862063,0.6201816004452577,8.495426584431698e-13,249,8.277112328869407e-11,204
FrequencyHopping,neural,44,Adam-GDA,50,0.07509472811628065,-0.24599451366514313,2.2961329562962423,1.786794367279343,0.6583772417901933,8.5131901528257e-13,249,8.286371588894781e-11,204
FrequencyHopping,neural,44,Adam-GDA,55,0.09799270482146971,-0.2889176180395024,2.335974069237843,1.8026078493823547,0.6903871345119797,8.499867476530198e-13,249,8.27642399059414e-11,204
FrequencyHopping,neural,44,Adam-GDA,60,0.12228575000881317,-0.34165905316598305,2.3740847050191847,1.8285963803896779,0.7117337310079991,8.43991543320044e-13,249,8.219136482523481e-11,204
FrequencyHopping,neural,45,Adam-GDA,0,-0.0097981883388639,-0.3265250191466462,2.529895626631141,2.0590586110419618,0.3465521162099779,8.100187187665142e-13,250,8.802558681964001e-11,204
FrequencyHopping,neural,45,Adam-GDA,5,-0.005826962808786345,-0.30807625600147126,2.5392049551266895,2.0517445874455995,0.342977106092429,8.22453216642316e-13,250,8.956502206558525e-11,204
FrequencyHopping,neural,45,Adam-GDA,10,-0.0006467404886818706,-0.2926596269764289,2.5492077794873356,2.04597441580867,0.3463272825098721,8.339995360984176e-13,250,8.190248479422735e-11,205
FrequencyHopping,neural,45,Adam-GDA,15,0.005785686970402239,-0.27462552333437207,2.5525299658449923,2.039980691326088,0.3562742205622865,8.44213587924969e-13,250,8.30207014246298e-11,205
FrequencyHopping,neural,45,Adam-GDA,20,0.01349500998526915,-0.2535560874670062,2.5460319089541295,2.0318930070741907,0.37202165004183796,8.5087492607272e-13,250,8.384049010601302e-11,205
FrequencyHopping,neural,45,Adam-GDA,25,0.022373166700266067,-0.22892090569001933,2.5266079627971187,2.0205836706644114,0.3922877211648477,8.548717289613705e-13,250,8.423883812724853e-11,205
FrequencyHopping,neural,45,Adam-GDA,30,0.03216464662380106,-0.2245514477305196,2.5171970484520654,2.0064972499213147,0.4158657803901107,8.539835505416704e-13,250,8.416511931841342e-11,205
FrequencyHopping,neural,45,Adam-GDA,35,0.042666181051280616,-0.23036274342697521,2.5083879303462138,1.9906676539472996,0.44139122006920867,8.495426584431698e-13,250,8.364064996158049e-11,205
FrequencyHopping,neural,45,Adam-GDA,40,0.053854882890645044,-0.24025528201531657,2.4949036682948464,1.9752329841157577,0.4671072626419286,8.415490526658687e-13,250,8.269385176618016e-11,205
FrequencyHopping,neural,45,Adam-GDA,45,0.06574189511347282,-0.271777352675209,2.49473083001659,1.9636606434756405,0.4915351197808447,8.291145547900669e-13,250,8.133649309627344e-11,205
FrequencyHopping,neural,45,Adam-GDA,50,0.0782382655325572,-0.30214145087649524,2.485816636945362,1.958359379312161,0.5132591501403819,8.140155216551648e-13,250,8.844036614163997e-11,204
FrequencyHopping,neural,45,Adam-GDA,55,0.09108395806114439,-0.36868617625834094,2.5067954775161025,1.9596701567382948,0.5311019832171163,8.846257060213247e-13,249,8.6144869015925e-11,204
FrequencyHopping,neural,45,Adam-GDA,60,0.10378911669081245,-0.4521742834695386,2.539976283337279,1.965294669917593,0.5444178246478986,8.619771563189715e-13,249,8.355760527933853e-11,204
FrequencyHopping,neural,46,Adam-GDA,0,-0.004868584439328377,-0.5831773814160817,2.75522886363858,2.1446013145144085,0.4697486188884957,8.877343304902752e-13,249,8.64881499751391e-11,204
FrequencyHopping,neural,46,Adam-GDA,5,0.0019286407982231147,-0.6081558931790837,2.7504941431977805,2.1296467047954515,0.4721440675685616,8.744116541947733e-13,249,8.493006298238015e-11,204
FrequencyHopping,neural,46,Adam-GDA,10,0.008681792172408581,-0.6299172899574099,2.742900924775543,2.1162114456789496,0.4785925560988381,8.606448886894214e-13,249,8.338463253210193e-11,204
FrequencyHopping,neural,46,Adam-GDA,15,0.015248551792010416,-0.6449514600116981,2.727870331151168,2.099056939877407,0.48709085874886704,8.464340339742193e-13,249,8.180167654359138e-11,204
FrequencyHopping,neural,46,Adam-GDA,20,0.021616616088729872,-0.6485739936177585,2.699507314376577,2.07236702842228,0.49738318652459884,8.313350008393172e-13,249,8.90403306641474e-11,203
FrequencyHopping,neural,46,Adam-GDA,25,0.027943146265218405,-0.633669021400562,2.649700645574333,2.0296269414691794,0.508339831977561,8.149037000748649e-13,249,8.707590204437565e-11,203
FrequencyHopping,neural,46,Adam-GDA,30,0.0345060996367295,-0.5981583066138414,2.575766124238994,1.9714231926024897,0.5196443917782607,8.859579736508749e-13,248,8.501377379843689e-11,203
FrequencyHopping,neural,46,Adam-GDA,35,0.04161401713670229,-0.5423657074888448,2.4783100226259642,1.905011561820513,0.5312377319109945,8.633094239485217e-13,248,8.291922704017907e-11,203
FrequencyHopping,neural,46,Adam-GDA,40,0.04949946882634124,-0.4731686314867618,2.3704304760403785,1.8459148934878837,0.5428398409142079,8.424372310855688e-13,248,8.98758845124803e-11,202
FrequencyHopping,neural,46,Adam-GDA,45,0.05813218623094709,-0.49107587939203207,2.3600900258817634,1.8178092450027825,0.553656859908896,8.280043317654417e-13,248,8.780398630392483e-11,202
FrequencyHopping,neural,46,Adam-GDA,50,0.06709484823572798,-0.582432808261159,2.4234102743806405,1.8371975711121205,0.5630879132515275,8.137934770502397e-13,248,8.60376214717462e-11,202
FrequencyHopping,neural,46,Adam-GDA,55,0.07568343198227051,-0.6795134066616841,2.493986353820082,1.8983806346298353,0.5716923607626195,8.899547765395255e-13,247,8.471623402783734e-11,202
FrequencyHopping,neural,46,Adam-GDA,60,0.08308512948128648,-0.7783928525041444,2.575722155693793,1.9879841642054294,0.581221981226416,8.808509477375992e-13,247,8.399170248196697e-11,202
FrequencyHopping,neural,47,Adam-GDA,0,0.04778342725808081,-0.4609004115013429,2.558351174583972,2.0013026920835304,0.5341395654752359,8.58424442640171e-13,249,8.325962141952914e-11,204
FrequencyHopping,neural,47,Adam-GDA,5,0.053732104408410745,-0.490295457782742,2.5859264135332074,2.029310727387765,0.5225333759333376,8.562039965909207e-13,249,8.29842861094221e-11,204
FrequencyHopping,neural,47,Adam-GDA,10,0.05836835423708366,-0.52141382545683,2.6140111032854034,2.0579665493323116,0.5180792214832936,8.539835505416704e-13,249,8.268163931290928e-11,204
FrequencyHopping,neural,47,Adam-GDA,15,0.061691363651664624,-0.5553418941847921,2.6417789589276097,2.0845548933115525,0.5194682519977574,8.504308368628699e-13,249,8.223888237068877e-11,204
FrequencyHopping,neural,47,Adam-GDA,20,0.06374799086901761,-0.5897715802604424,2.667284837942945,2.1090160105889453,0.5255256095436233,8.455458555545192e-13,249,8.167111431589547e-11,204
FrequencyHopping,neural,47,Adam-GDA,25,0.06451085636046795,-0.6291784095843785,2.6948253104896494,2.131014234143642,0.5350238745777587,8.393286066166183e-13,249,8.996248190840106e-11,203
FrequencyHopping,neural,47,Adam-GDA,30,0.06388863804017014,-0.6704103034433191,2.7209307303121735,2.1501908592679335,0.5467494306761154,8.317790900491673e-13,249,8.900946646406283e-11,203
FrequencyHopping,neural,47,Adam-GDA,35,0.061840900358552615,-0.713949216418038,2.746065564550332,2.166711151909602,0.5596389403952897,8.22453216642316e-13,249,8.789724503799334e-11,203
FrequencyHopping,neural,47,Adam-GDA,40,0.058455735187752905,-0.759434923204914,2.770289422234935,2.1812798179926114,0.5728942841113414,8.122391648157645e-13,249,8.666245499000524e-11,203
FrequencyHopping,neural,47,Adam-GDA,45,0.0539302665137331,-0.8049109148159428,2.7921710646232665,2.194296444620533,0.586104815113131,8.901768211444505e-13,248,8.535705475765099e-11,203
FrequencyHopping,neural,47,Adam-GDA,50,0.048532396216090276,-0.8469157621790111,2.8087002796264375,2.205094965832556,0.5991796943698197,8.770761894538737e-13,248,8.404010820584062e-11,203
FrequencyHopping,neural,47,Adam-GDA,55,0.04264380133323323,-0.8813109073012206,2.8162431644790926,2.2119853542114756,0.6120258541679384,8.628653347386717e-13,248,8.278577823261912e-11,203
FrequencyHopping,neural,47,Adam-GDA,60,0.03686249880871516,-0.903844120544429,2.8213271475367088,2.2127863329883586,0.624521070708612,8.526512829121202e-13,248,8.168932197349932e-11,203
FrequencyHopping,neural,48,Adam-GDA,0,0.00023425199598464626,-0.1051336795393127,2.0154326452098004,1.630225059833189,0.32841406800315204,8.408829188510936e-13,248,8.164025011581089e-11,203
FrequencyHopping,neural,48,Adam-GDA,5,0.008119568643515849,-0.07728715726807386,1.96497712671825,1.6009842331672623,0.3455979268817909,8.304468224196171e-13,248,8.952261154604457e-11,202
FrequencyHopping,neural,48,Adam-GDA,10,0.016320381331779342,-0.09480223775198851,1.9551640443591596,1.576422975997446,0.35113671324889045,8.184564137536654e-13,248,8.812528484725135e-11,202
FrequencyHopping,neural,48,Adam-GDA,15,0.02424212163570316,-0.13107604003552253,1.965810813602491,1.5614515040553483,0.34879525536528844,8.970602038971265e-13,247,8.678058271982536e-11,202
FrequencyHopping,neural,48,Adam-GDA,20,0.03136341851932429,-0.16869566464539154,1.9816921524231779,1.5585345310895349,0.34335275066715315,8.86402062860725e-13,247,8.575118393139292e-11,202
FrequencyHopping,neural,48,Adam-GDA,25,0.03747876382242041,-0.2015505162736368,2.012326874526056,1.56654562195561,0.3403390914645499,8.8662410746565e-13,247,8.522671457455999e-11,202
FrequencyHopping,neural,48,Adam-GDA,30,0.04269102964120207,-0.22326709097517367,2.0409617238570212,1.5818657191473804,0.3408818341215919,8.93729534823251e-13,247,8.532019535323343e-11,202
FrequencyHopping,neural,48,Adam-GDA,35,0.04727190254830759,-0.2617719752329839,2.0997905559910404,1.603769718547979,0.3437314636123102,8.166800569142652e-13,248,8.612177637701279e-11,202
FrequencyHopping,neural,48,Adam-GDA,40,0.05141654778856271,-0.2975083002526533,2.1630051416802667,1.6361310408561258,0.3474773167746722,8.333334022836425e-13,248,8.769296400146231e-11,202
FrequencyHopping,neural,48,Adam-GDA,45,0.05521972712147221,-0.3391442208159956,2.2373783144479953,1.6818429420874887,0.3532797297847087,8.528733275170453e-13,248,8.990741484637965e-11,202
FrequencyHopping,neural,48,Adam-GDA,50,0.0588640914251326,-0.37499686778087105,2.307916761321403,1.738533851940382,0.36428134588971445,8.737455203799982e-13,248,8.321499045393921e-11,203
FrequencyHopping,neural,48,Adam-GDA,55,0.06268327170144111,-0.4046514299842787,2.3714303730711297,1.8001850307502762,0.3828061593304121,8.941736240331011e-13,248,8.556555464167559e-11,203
FrequencyHopping,neural,48,Adam-GDA,60,0.06696057363399771,-0.4425978260399298,2.440350356436266,1.8600759958218926,0.40903093817764996,8.22453216642316e-13,249,8.778311411106188e-11,203
FrequencyHopping,neural,49,Adam-GDA,0,0.010352443031066517,-0.19324432367827776,2.1376111282188126,1.6699770784040235,0.32033031242258764,8.633094239485217e-13,248,8.311529242632787e-11,203
FrequencyHopping,neural,49,Adam-GDA,5,0.017081969561409616,-0.2543710357385993,2.2213097585748676,1.715994112167031,0.3014014048996564,8.748557434046234e-13,248,8.423262087831063e-11,203
FrequencyHopping,neural,49,Adam-GDA,10,0.022013077257238306,-0.3220937193689233,2.3136888400783002,1.7771617823691552,0.29235253383320625,8.877343304902752e-13,248,8.554135177973876e-11,203
FrequencyHopping,neural,49,Adam-GDA,15,0.0250088305028449,-0.38481295816556155,2.4027775078283637,1.8471436466219149,0.29510409096825546,8.117950756059145e-13,249,8.705525189611762e-11,203
FrequencyHopping,neural,49,Adam-GDA,20,0.026136557878980005,-0.4347622834808086,2.4848431364378656,1.9169994283995142,0.3085779874553848,8.264500195309665e-13,249,8.878209278861959e-11,203
FrequencyHopping,neural,49,Adam-GDA,25,0.02580388364174814,-0.4625133875876841,2.550164505506915,1.9744482817274998,0.3287070835602277,8.433254095052689e-13,249,8.160538911283766e-11,204
FrequencyHopping,neural,49,Adam-GDA,30,0.024981199454053273,-0.46209747583351646,2.5889499077566773,2.010182915377797,0.3512711839773722,8.602007994795713e-13,249,8.346456858987494e-11,204
FrequencyHopping,neural,49,Adam-GDA,35,0.02518843381989795,-0.4260864415127772,2.5945256660096305,2.023559655861804,0.3754563419579649,8.788525462932739e-13,249,8.551404029333298e-11,204
FrequencyHopping,neural,49,Adam-GDA,40,0.02806372411052046,-0.36888526917654035,2.580328037460678,2.0217919152427286,0.4041313806883006,8.979483823168266e-13,249,8.769740489356082e-11,204
FrequencyHopping,neural,49,Adam-GDA,45,0.03490887906905088,-0.30772009739010986,2.560392253350858,2.0144305452945983,0.43991769509311507,8.255618411112664e-13,250,8.985656663185182e-11,204
FrequencyHopping,neural,49,Adam-GDA,50,0.04640658607314609,-0.2547559036896785,2.5417850857548694,2.009382692978766,0.4811236691093725,8.402167850363185e-13,250,8.257172723347139e-11,205
FrequencyHopping,neural,49,Adam-GDA,55,0.06233432852057359,-0.2215941020035968,2.529542237033829,2.01213502634275,0.5224920865417698,8.499867476530198e-13,250,8.372902371434066e-11,205
FrequencyHopping,neural,49,Adam-GDA,60,0.08127195699190354,-0.21073148603765451,2.519203295841873,2.0238130989707925,0.5571697441217126,8.526512829121202e-13,250,8.400502515826247e-11,205
FrequencyHopping,neural,40,EGM,0,-0.011808681961510883,-0.7146253444275263,2.650284021290285,2.0627068800472337,0.44719023878008995,8.5131901528257e-13,248,8.292633246753667e-11,203
FrequencyHopping,neural,40,EGM,5,-0.010270990811428899,-0.6346777268087982,2.6466727579507756,2.0548516056432624,0.443725806005564,8.881784197001252e-13,248,8.637712767267658e-11,203
FrequencyHopping,neural,40,EGM,10,-0.00390628608792083,-0.4832969511212366,2.584019505958993,2.018625667318454,0.4409743466875441,8.397726958264684e-13,249,8.146483487792011e-11,204
FrequencyHopping,neural,40,EGM,15,0.007707740879768901,-0.35904176383512637,2.5302147070911274,2.0068669097193057,0.43652690062798466,8.735234757750732e-13,249,8.501799264593046e-11,204
FrequencyHopping,neural,40,EGM,20,0.021015431071290384,-0.393761989731006,2.608967714956206,2.0684325221047195,0.4312915254589805,8.966161146872764e-13,249,8.757727876229637e-11,204
FrequencyHopping,neural,40,EGM,25,0.03101863125621117,-0.5377937104148938,2.768740290656352,2.163797237685961,0.42788977083125646,8.175682353339653e-13,250,8.889200486805748e-11,204
FrequencyHopping,neural,40,EGM,30,0.03518447213042871,-0.6107551464969354,2.832681148894122,2.2154453580996085,0.42802695201506374,8.184564137536654e-13,250,8.916378746448572e-11,204
FrequencyHopping,neural,40,EGM,35,0.03564067154734398,-0.5978846456431886,2.801780564385804,2.196629557002168,0.430845988919731,8.15347789284715e-13,250,8.886336111402215e-11,204
FrequencyHopping,neural,40,EGM,40,0.037805211331535686,-0.5135169110120583,2.703956935622433,2.122910863558727,0.4336544476491071,8.122391648157645e-13,250,8.818545893518603e-11,204
FrequencyHopping,neural,40,EGM,45,0.04628385354804854,-0.45584144702975393,2.621004562660912,2.0340240564981946,0.43431530171180094,8.917311333789257e-13,249,8.694289732602556e-11,204
FrequencyHopping,neural,40,EGM,50,0.06125427537381545,-0.4212115751114067,2.548181507258863,1.9672436484604845,0.4329141995711284,8.744116541947733e-13,249,8.495648629036623e-11,204
FrequencyHopping,neural,40,EGM,55,0.07844165737804847,-0.4379495140380968,2.5129734280219784,1.9312193052152988,0.4312181352724137,8.499867476530198e-13,249,8.215406133160741e-11,204
FrequencyHopping,neural,40,EGM,60,0.09270340609051825,-0.4634875161318321,2.474252646815164,1.9029268235161971,0.4308880064820004,8.193445921733655e-13,249,8.738099133154265e-11,203
FrequencyHopping,neural,41,EGM,0,-0.009785928894033229,-0.3127108210124749,2.4690339479283288,1.9561597792896004,0.3979646312875043,8.877343304902752e-13,249,8.650391514208877e-11,204
FrequencyHopping,neural,41,EGM,5,0.0036088446573519376,-0.43894822033114866,2.547557783172127,1.9581892631665063,0.38648480835236104,8.646416915780719e-13,249,8.383249650023572e-11,204
FrequencyHopping,neural,41,EGM,10,0.01171836540970499,-0.5121707949804024,2.5637038388031517,1.9528701580738588,0.3776416663169845,8.362199821476679e-13,249,8.9571683403733e-11,203
FrequencyHopping,neural,41,EGM,15,0.014178733086644527,-0.5231073247907199,2.5138739049283827,1.907713614727049,0.3706880227077652,8.957279362675763e-13,248,8.586154010004066e-11,203
FrequencyHopping,neural,41,EGM,20,0.013573197841359014,-0.47232155944161575,2.406145280317624,1.830199367053822,0.3637248490148169,8.644196469731469e-13,248,8.267098117187288e-11,203
FrequencyHopping,neural,41,EGM,25,0.013267400586774766,-0.36991472754904375,2.258476390180447,1.7508792507470505,0.35554367420348254,8.393286066166183e-13,248,8.946399177034436e-11,202
FrequencyHopping,neural,41,EGM,30,0.015378757723195776,-0.28726352675216127,2.157464342925306,1.7059361876679326,0.3468103703067336,8.280043317654417e-13,248,8.841483101207359e-11,202
FrequencyHopping,neural,41,EGM,35,0.020161097198806703,-0.33546451401403465,2.2077999348124777,1.708734206866609,0.33972813584663025,8.284484209752918e-13,248,8.863287881410997e-11,202
FrequencyHopping,neural,41,EGM,40,0.026812401895632956,-0.370664333045005,2.269088573328427,1.736552200745334,0.3364902872092377,8.393286066166183e-13,248,8.982325994111306e-11,202
FrequencyHopping,neural,41,EGM,45,0.03466286080489055,-0.3655461099261153,2.2955795201123594,1.7617422898584394,0.3377968450661316,8.535394613318203e-13,248,8.249334548793286e-11,203
FrequencyHopping,neural,41,EGM,50,0.04367968483479463,-0.33142718479245203,2.309855034512602,1.7778226023287638,0.34269783267892495,8.775202786637237e-13,248,8.45641334734637e-11,203
FrequencyHopping,neural,41,EGM,55,0.05406378260429414,-0.3032752233592237,2.3289442845207664,1.796060320653747,0.34970514520100665,8.117950756059145e-13,249,8.689693409280608e-11,203
FrequencyHopping,neural,41,EGM,60,0.06556738480950067,-0.2946606368446525,2.3594540106983346,1.829152752911654,0.3579677743224594,8.313350008393172e-13,249,8.915890248317737e-11,203
FrequencyHopping,neural,42,EGM,0,-0.025855704736221414,-0.4849976938732035,2.6200435810281357,2.0480147016618937,0.3198536857081492,8.65085780787922e-13,249,8.420864006097872e-11,204
FrequencyHopping,neural,42,EGM,5,-0.023719074126503394,-0.41195059705335,2.606534699071224,2.045831410086509,0.3132248537709327,8.917311333789257e-13,249,8.730394185363366e-11,204
FrequencyHopping,neural,42,EGM,10,-0.017723205050742524,-0.29532706547567145,2.541000918205108,2.0183754056822543,0.30693861019815727,8.233413950620161e-13,250,8.988698674272655e-11,204
FrequencyHopping,neural,42,EGM,15,-0.007697812565054546,-0.15268460572059725,2.431029534925178,1.990885702539285,0.30140525658124445,8.379963389870682e-13,250,8.245937266337933e-11,205
FrequencyHopping,neural,42,EGM,20,0.0045440709403549925,-0.09608235216918398,2.385811502351292,1.979095391373206,0.2977011306044755,8.428813202954188e-13,250,8.310907517738997e-11,205
FrequencyHopping,neural,42,EGM,25,0.016537363704513273,-0.13915943256127283,2.4196037231913583,1.9770649948031715,0.296537175849864,8.402167850363185e-13,250,8.286926700407093e-11,205
FrequencyHopping,neural,42,EGM,30,0.026551546758956136,-0.17337547968293984,2.432591891100074,1.9713171550324966,0.297778392104954,8.322231792590173e-13,250,8.189005029635155e-11,205
FrequencyHopping,neural,42,EGM,35,0.03425059592077448,-0.20189664158113313,2.4308800768454533,1.9541348556948597,0.3008565345583401,8.197886813832156e-13,250,8.931078099294609e-11,204
FrequencyHopping,neural,42,EGM,40,0.04052358483042097,-0.2232730870490328,2.4147493958905244,1.924453610621584,0.3054403735384096,8.93951579428176e-13,249,8.726752653842595e-11,204
FrequencyHopping,neural,42,EGM,45,0.046871323543803745,-0.23055204429289278,2.3809838032461585,1.884311280020149,0.3116877712554676,8.748557434046234e-13,249,8.505884885323667e-11,204
FrequencyHopping,neural,42,EGM,50,0.05478305191301394,-0.22914598759881605,2.338355214850199,1.837097813085425,0.31999498170891577,8.557599073810707e-13,249,8.286216157671333e-11,204
FrequencyHopping,neural,42,EGM,55,0.06532379531281234,-0.2150720716811535,2.2859442167430095,1.7886521369952397,0.33058012219161215,8.379963389870682e-13,249,8.982614652097709e-11,203
FrequencyHopping,neural,42,EGM,60,0.07894496158033026,-0.2083583801695944,2.2466029012557773,1.7497746026687402,0.3432599223262804,8.22675261247241e-13,249,8.795031369857043e-11,203
FrequencyHopping,neural,43,EGM,0,-0.013833370637705143,-0.4493939232549932,2.691863813983001,2.129810550195981,0.3691222191192666,8.251177519014163e-13,250,8.109646287834948e-11,205
FrequencyHopping,neural,43,EGM,5,-0.005254390397200992,-0.2743358960519773,2.539938895145207,2.043404543999549,0.3611432588777595,8.317790900491673e-13,250,8.173373089448432e-11,205
FrequencyHopping,neural,43,EGM,10,0.007815496173152513,-0.217079199788491,2.4811808111373463,1.9986137511990618,0.3549116168047318,8.291145547900669e-13,250,8.136935569780235e-11,205
FrequencyHopping,neural,43,EGM,15,0.021805629387211325,-0.2773237459275638,2.5156826204695677,1.9810580814592291,0.352131796441267,8.171241461241152e-13,250,8.886669178309603e-11,204
FrequencyHopping,neural,43,EGM,20,0.03387719914466411,-0.29947758151778325,2.492141336960189,1.957551233444717,0.3529269074153115,8.859579736508749e-13,249,8.640532733750206e-11,204
FrequencyHopping,neural,43,EGM,25,0.042962435245677166,-0.2977188707057688,2.431789498469356,1.920529341034427,0.3560668396718248,8.588685318500211e-13,249,8.341882740126039e-11,204
FrequencyHopping,neural,43,EGM,30,0.04954584529700079,-0.3462132456088083,2.4169542462375793,1.8833409232618261,0.3601758375779769,8.308909116294672e-13,249,8.930056694111954e-11,203
FrequencyHopping,neural,43,EGM,35,0.054858728594751285,-0.39448106856271364,2.404775236075409,1.8586388976459745,0.36473446404626003,8.948397578478762e-13,248,8.631850789697637e-11,203
FrequencyHopping,neural,43,EGM,40,0.06027818257770373,-0.44557512555549744,2.404921799427048,1.8450231033823343,0.370169734821529,8.708589405159728e-13,248,8.406075835409865e-11,203
FrequencyHopping,neural,43,EGM,45,0.06720680438492797,-0.4708551254004034,2.406061231564461,1.8328359266667618,0.3771635835822861,8.593126210598712e-13,248,8.26525514696641e-11,203
FrequencyHopping,neural,43,EGM,50,0.07710882891124135,-0.4687478075846333,2.393564510341144,1.8145687502418801,0.3858393645252642,8.546496843564455e-13,248,8.203770995862669e-11,203
FrequencyHopping,neural,43,EGM,55,0.09123369932759534,-0.44108091823937934,2.3672287662637865,1.7914732627165617,0.3955097801806531,8.566480858007708e-13,248,8.20625789543783e-11,203
FrequencyHopping,neural,43,EGM,60,0.10998056003873558,-0.3937025121187533,2.3298760144239425,1.776128594418354,0.40515173181795244,8.626432901337466e-13,248,8.255796046796604e-11,203
FrequencyHopping,neural,44,EGM,0,-0.0028586989295425135,-0.8244744170275474,2.9234642368834214,2.2881041546775673,0.47009210782883354,8.566480858007708e-13,249,8.303246978869083e-11,204
FrequencyHopping,neural,44,EGM,5,-0.012936693752746703,-0.7077281091024933,2.8673918620863676,2.2363688642188855,0.46630835597361286,8.877343304902752e-13,249,8.652323302271725e-11,204
FrequencyHopping,neural,44,EGM,10,-0.007872414131754246,-0.5135732486180982,2.7166013745502684,2.1114535443610807,0.4643010976403254,8.197886813832156e-13,250,8.914069482557352e-11,204
FrequencyHopping,neural,44,EGM,15,0.012874897609900116,-0.26807732650921157,2.4948993551512575,1.9729906434435336,0.4642147706486185,8.313350008393172e-13,250,8.15623124594822e-11,205
FrequencyHopping,neural,44,EGM,20,0.04352088529492907,-0.14641421412762162,2.3754579976478176,1.9063037461831587,0.46701890570465,8.331113576787175e-13,250,8.173173249304e-11,205
FrequencyHopping,neural,44,EGM,25,0.07492511373139524,-0.20509906400040284,2.4134256845047473,1.9344147993979635,0.47306830366216013,8.237854842718662e-13,250,8.962341979668054e-11,204
FrequencyHopping,neural,44,EGM,30,0.0986591639728459,-0.39947580008180306,2.5638112142239127,2.0108762295869806,0.48143616082576146,8.926193117986259e-13,249,8.706613208175895e-11,204
FrequencyHopping,neural,44,EGM,35,0.11022820548198586,-0.5618847557398063,2.6602754172873273,2.0694360130928624,0.49067071020585606,8.593126210598712e-13,249,8.328093770160194e-11,204
FrequencyHopping,neural,44,EGM,40,0.11076602912309721,-0.6448173116094145,2.659411243314236,2.0627285567750344,0.4995806474966324,8.184564137536654e-13,249,8.735412393434672e-11,203
FrequencyHopping,neural,44,EGM,45,0.106858798116956,-0.6302344799258981,2.5512452497428546,1.9811138775559063,0.507011656328703,8.58424442640171e-13,248,8.203149270968879e-11,203
FrequencyHopping,neural,44,EGM,50,0.10784855930718093,-0.5569074891420001,2.3955825364795182,1.8683955745934517,0.5115409285008363,8.137934770502397e-13,248,8.681766416884784e-11,202
FrequencyHopping,neural,44,EGM,55,0.12100412157584164,-0.5159286091886133,2.330903708444246,1.8020754645207848,0.5123495957333024,8.881784197001252e-13,247,8.537881512893364e-11,202
FrequencyHopping,neural,44,EGM,60,0.14737545774394284,-0.5307607465914814,2.3502833710534135,1.8006618260249305,0.5105254600151756,8.886225089099753e-13,247,8.58095816624882e-11,202
FrequencyHopping,neural,45,EGM,0,-0.0097981883388639,-0.3265250191466462,2.529895626631141,2.0590586110419618,0.3465521162099779,8.100187187665142e-13,250,8.802558681964001e-11,204
FrequencyHopping,neural,45,EGM,5,-0.005241876229675899,-0.2713377135739873,2.5232114964106036,2.0479971121843903,0.3434271132950026,8.317790900491673e-13,250,8.165557119355071e-11,205
FrequencyHopping,neural,45,EGM,10,0.00558261274185853,-0.19474347942421377,2.477685619008602,2.013570819588417,0.34473772685501264,8.455458555545192e-13,250,8.324541056481394e-11,205
FrequencyHopping,neural,45,EGM,15,0.021474144413083665,-0.1319163202730091,2.4272289263410913,1.9769769780146857,0.3499771503217793,8.5131901528257e-13,250,8.389866579250338e-11,205
FrequencyHopping,neural,45,EGM,20,0.03982915599622117,-0.14865484345332913,2.4373046669965133,1.9658190320040703,0.35813413927660626,8.490985692333197e-13,250,8.358047587364581e-11,205
FrequencyHopping,neural,45,EGM,25,0.05743837504980054,-0.22909236436169816,2.492513757380825,1.9898583389911697,0.36825371193875195,8.379963389870682e-13,250,8.231260117952388e-11,205
FrequencyHopping,neural,45,EGM,30,0.07158969554986266,-0.36392780284598136,2.5850325353283834,2.027869375561051,0.37973992655396965,8.197886813832156e-13,250,8.909184501249001e-11,204
FrequencyHopping,neural,45,EGM,35,0.08123925175199811,-0.46399863788092655,2.628633347752121,2.044579774974944,0.39225552489058035,8.828493491819245e-13,249,8.596234835067662e-11,204
FrequencyHopping,neural,45,EGM,40,0.0877522332413945,-0.5026670775810866,2.6014899912540543,2.0161667599945354,0.4054009849625581,8.5087492607272e-13,249,8.238432158691467e-11,204
FrequencyHopping,neural,45,EGM,45,0.09463145641536849,-0.4721532033127952,2.5025069742899,1.942585190124742,0.41854021866634683,8.180123245438153e-13,249,8.758171965439487e-11,203
FrequencyHopping,neural,45,EGM,50,0.1060378776912505,-0.41472475591812563,2.381764659773967,1.8525882520058228,0.4310133492156367,8.752998326144734e-13,248,8.429679176913396e-11,203
FrequencyHopping,neural,45,EGM,55,0.12473530168237405,-0.40724440716877236,2.3236201866205137,1.7921391822900348,0.44257753288906565,8.482103908136196e-13,248,8.212786006822625e-11,203
FrequencyHopping,neural,45,EGM,60,0.15072224837879822,-0.43996172772235753,2.330701405820035,1.7848337228892133,0.45366752624091833,8.342215807033426e-13,248,8.997669276311626e-11,202
FrequencyHopping,neural,46,EGM,0,-0.004868584439328377,-0.5831773814160817,2.75522886363858,2.1446013145144085,0.4697486188884957,8.877343304902752e-13,249,8.64881499751391e-11,204
FrequencyHopping,neural,46,EGM,5,0.007654668191315949,-0.6289348920769365,2.7346887464623113,2.1081073241935364,0.4593588739376951,8.553158181712206e-13,249,8.28122015406052e-11,204
FrequencyHopping,neural,46,EGM,10,0.016326359044358967,-0.600016948042071,2.6402811090963683,2.025716081917998,0.4536153294667974,8.233413950620161e-13,249,8.811373852779525e-11,203
FrequencyHopping,neural,46,EGM,15,0.02302656655355204,-0.5026209394559442,2.4865437301820834,1.9222043674685394,0.44892265976404844,8.837375276016246e-13,248,8.508882487490155e-11,203
FrequencyHopping,neural,46,EGM,20,0.029827672666583257,-0.434934604739728,2.379937900696805,1.8613654807638433,0.4430135676957311,8.615330671091215e-13,248,8.335887535793063e-11,203
FrequencyHopping,neural,46,EGM,25,0.03730582165841425,-0.5061680104026789,2.4401683732470274,1.8899505442706466,0.43650118382901826,8.548717289613705e-13,248,8.304157361749276e-11,203
FrequencyHopping,neural,46,EGM,30,0.04502417136289776,-0.581455784196081,2.5388723514283114,1.9658123851507612,0.43210430897684987,8.646416915780719e-13,248,8.407408103039415e-11,203
FrequencyHopping,neural,46,EGM,35,0.053327921777108794,-0.6087655718053674,2.610038228886369,2.0341845041862574,0.4323668628444584,8.837375276016246e-13,248,8.609557511363164e-11,203
FrequencyHopping,neural,46,EGM,40,0.06431122991939293,-0.586084625907854,2.646102088263701,2.0711188045480964,0.43762139514659343,8.202327705930657e-13,249,8.864353695514637e-11,203
FrequencyHopping,neural,46,EGM,45,0.08059590859456195,-0.5386510472607626,2.655948369400764,2.0803994611842365,0.4460360933718329,8.451017663446692e-13,249,8.220202296627122e-11,204
FrequencyHopping,neural,46,EGM,50,0.10282278436900194,-0.4807032118166803,2.6427579219468798,2.0819252590690627,0.45552017786619,8.659739592076221e-13,249,8.431411124831811e-11,204
FrequencyHopping,neural,46,EGM,55,0.12833231854605465,-0.49384077435902163,2.680632664906918,2.0965058724018637,0.4652875783079497,8.79296635503124e-13,249,8.56694715167805e-11,204
FrequencyHopping,neural,46,EGM,60,0.15261552824048835,-0.528402858220377,2.7178435114496162,2.1223075013022883,0.47584243953594796,8.832934383917745e-13,249,8.608203039273121e-11,204
FrequencyHopping,neural,47,EGM,0,0.04778342725808081,-0.4609004115013429,2.558351174583972,2.0013026920835304,0.5341395654752359,8.58424442640171e-13,249,8.325962141952914e-11,204
FrequencyHopping,neural,47,EGM,5,0.052948060390438076,-0.6121382085181212,2.698725113699579,2.1198298302472054,0.512666370386611,8.5131901528257e-13,249,8.23110468672894e-11,204
FrequencyHopping,neural,47,EGM,10,0.039727747000521355,-0.7024959144285138,2.7848207758245382,2.193684309389303,0.49306318673925087,8.468781231840694e-13,249,8.181744171054106e-11,204
FrequencyHopping,neural,47,EGM,15,0.018319386393804413,-0.7206914480133652,2.807468834630497,2.2139093947452455,0.4749924713674141,8.468781231840694e-13,249,8.197553746924768e-11,204
FrequencyHopping,neural,47,EGM,20,-0.00040326128025951343,-0.6616354104097703,2.775536903392147,2.185957931020185,0.46005889235218783,8.553158181712206e-13,249,8.292833086898099e-11,204
FrequencyHopping,neural,47,EGM,25,-0.00814277082223502,-0.5342726929492636,2.687150530553345,2.1163263005513016,0.450412359133622,8.677503160470224e-13,249,8.428413522665323e-11,204
FrequencyHopping,neural,47,EGM,30,-0.0010904118820961118,-0.3604073399467558,2.541058171062871,2.0179333222407942,0.44753751438256967,8.766321002440236e-13,249,8.534062345688653e-11,204
FrequencyHopping,neural,47,EGM,35,0.019675029010932293,-0.21412862946978517,2.4063285175414304,1.9186973573094526,0.45144358205306384,8.79296635503124e-13,249,8.573164400615951e-11,204
FrequencyHopping,neural,47,EGM,40,0.049116539064786635,-0.1359417961054633,2.321792623531705,1.8627896492351859,0.46041630716000903,8.757439218243235e-13,249,8.535527840081159e-11,204
FrequencyHopping,neural,47,EGM,45,0.07992460159065334,-0.27391955889048775,2.4373043852750844,1.9001147516250818,0.47170397329070046,8.664180484174722e-13,249,8.429679176913396e-11,204
FrequencyHopping,neural,47,EGM,50,0.1045684046554057,-0.4569899560021704,2.586178924807019,2.0092749550205093,0.48303632964453047,8.530953721219703e-13,249,8.27784507606566e-11,204
FrequencyHopping,neural,47,EGM,55,0.11779184405984289,-0.6206396115790616,2.7095233670291776,2.120951849033861,0.493934060450975,8.393286066166183e-13,249,8.111111782227454e-11,204
FrequencyHopping,neural,47,EGM,60,0.11938214772389918,-0.7304638934481454,2.7783648171357567,2.1856356849695544,0.5053333174624297,8.264500195309665e-13,249,8.856781974486694e-11,203
FrequencyHopping,neural,48,EGM,0,0.00023425199598464626,-0.1051336795393127,2.0154326452098004,1.630225059833189,0.32841406800315204,8.408829188510936e-13,248,8.164025011581089e-11,203
FrequencyHopping,neural,48,EGM,5,0.015753401409815494,-0.10685513907609448,2.011952805520558,1.6212339429575524,0.32513806792250394,8.388845174067683e-13,248,8.138956175685053e-11,203
FrequencyHopping,neural,48,EGM,10,0.028751703590479693,-0.22013713759856834,2.1273490767978327,1.6627952901242986,0.32397735115968207,8.413270080609436e-13,248,8.152478692124987e-11,203
FrequencyHopping,neural,48,EGM,15,0.03707283892164111,-0.3066353028616192,2.2376837029724066,1.7270104988568498,0.3248064636651091,8.562039965909207e-13,248,8.243827842591145e-11,203
FrequencyHopping,neural,48,EGM,20,0.04094440584552005,-0.3512607684831115,2.3181610978415,1.7917344795643821,0.327180214743856,8.775202786637237e-13,248,8.434253295774852e-11,203
FrequencyHopping,neural,48,EGM,25,0.0426462058242683,-0.3497658703605684,2.365941250338472,1.8424214733822097,0.3306404507009855,8.140155216551648e-13,249,8.697553788294954e-11,203
FrequencyHopping,neural,48,EGM,30,0.04537005250681084,-0.34163834978576973,2.405963931368495,1.8740326951494326,0.3349654816518059,8.384404281969182e-13,249,8.983214172531007e-11,203
FrequencyHopping,neural,48,EGM,35,0.0518064157514366,-0.3231156293933113,2.4300286731221865,1.8916870314462277,0.3403295652064348,8.593126210598712e-13,249,8.322853517483964e-11,204
FrequencyHopping,neural,48,EGM,40,0.0631208712458948,-0.31290913467586107,2.4534578060717127,1.9040019535700323,0.34724659394422713,8.761880110341735e-13,249,8.514478011534266e-11,204
FrequencyHopping,neural,48,EGM,45,0.07878848141816472,-0.312417240768764,2.4752938145779586,1.9169599946021645,0.356226038054728,8.872902412804251e-13,249,8.642575544115516e-11,204
FrequencyHopping,neural,48,EGM,50,0.09722916024090701,-0.3274683063163503,2.4999117847729457,1.9325665523928335,0.3674083142640899,8.917311333789257e-13,249,8.697509379373969e-11,204
FrequencyHopping,neural,48,EGM,55,0.11673154526816726,-0.3552634664611436,2.523803942287609,1.9488319232088374,0.38056213162484187,8.899547765395255e-13,249,8.675615781328361e-11,204
FrequencyHopping,neural,48,EGM,60,0.1361573676845828,-0.37993936745710105,2.5311106238795804,1.962482387498055,0.39543361917103914,8.815170815523743e-13,249,8.578782129120555e-11,204
FrequencyHopping,neural,49,EGM,0,0.010352443031066517,-0.19324432367827776,2.1376111282188126,1.6699770784040235,0.32033031242258764,8.633094239485217e-13,248,8.311529242632787e-11,203
FrequencyHopping,neural,49,EGM,5,0.02207168684802387,-0.30153503059422154,2.2646880313795044,1.7408371791783148,0.3174965590553902,8.72635297355373e-13,248,8.40096880949659e-11,203
FrequencyHopping,neural,49,EGM,10,0.028888793109814428,-0.39317651034579904,2.3930110510047644,1.8393412669178963,0.31668682819619887,8.912870441690757e-13,248,8.590328448576656e-11,203
FrequencyHopping,neural,49,EGM,15,0.031142048447098728,-0.44404098420696503,2.493481693291286,1.9288102584304188,0.31830926103721113,8.255618411112664e-13,249,8.872080847766028e-11,203
FrequencyHopping,neural,49,EGM,20,0.03167611538135076,-0.4429622071861772,2.55349504354269,1.9869592929422264,0.3220737821308185,8.535394613318203e-13,249,8.287770469905809e-11,204
FrequencyHopping,neural,49,EGM,25,0.03447926372277471,-0.394772029574361,2.5659898704046955,2.0083435512409125,0.3271645663156735,8.806289031326742e-13,249,8.587353050870661e-11,204
FrequencyHopping,neural,49,EGM,30,0.042494648428961404,-0.3289919879388471,2.5478433454307075,2.002215620975796,0.33314572481903965,8.126832540256146e-13,250,8.830980391394405e-11,204
FrequencyHopping,neural,49,EGM,35,0.05602123991892394,-0.2797626337397894,2.5261220304412224,1.9842471259181231,0.34046189912639774,8.242295734817162e-13,250,8.978751075972013e-11,204
FrequencyHopping,neural,49,EGM,40,0.07286895770390604,-0.2510055479389429,2.501494576601744,1.9673447842008707,0.34983914474248623,8.260059303211165e-13,250,8.110512261794156e-11,205
FrequencyHopping,neural,49,EGM,45,0.09005893428080088,-0.24470705557165817,2.476906974744777,1.9543211301002856,0.3613992905737794,8.202327705930657e-13,250,8.93374263455371e-11,204
FrequencyHopping,neural,49,EGM,50,0.10570002848520808,-0.2520098150504557,2.447785149215743,1.9399760738073721,0.3745994503044873,8.957279362675763e-13,249,8.766543047045161e-11,204
FrequencyHopping,neural,49,EGM,55,0.11983227032310352,-0.2862061569921497,2.434946260324102,1.9209859393968416,0.38886196277139307,8.752998326144734e-13,249,8.539924323258674e-11,204
FrequencyHopping,neural,49,EGM,60,0.13405477033533247,-0.344390455481132,2.4461252089595873,1.9022703518499156,0.4039848525918767,8.539835505416704e-13,249,8.2842399606875e-11,204
FrequencyHopping,neural,40,PPM-3,0,-0.011808681961510883,-0.7146253444275263,2.650284021290285,2.0627068800472337,0.44719023878008995,8.5131901528257e-13,248,8.292633246753667e-11,203
FrequencyHopping,neural,40,PPM-3,5,-0.010243061271834494,-0.6351099604823014,2.646647100817111,2.0548645914813717,0.44373443029162896,8.879563750952002e-13,248,8.635825388125795e-11,203
FrequencyHopping,neural,40,PPM-3,10,-0.003912265088640159,-0.4847994974799399,2.5847396405684915,2.018864554544331,0.4410074525921988,8.393286066166183e-13,249,8.142864160731733e-11,204
FrequencyHopping,neural,40,PPM-3,15,0.0076116763378388085,-0.3605902114073722,2.530957229922484,2.006710372715889,0.4366095992700421,8.730793865652231e-13,249,8.497558212638978e-11,204
FrequencyHopping,neural,40,PPM-3,20,0.020866763858983707,-0.39075161701130634,2.6054677450941193,2.06694249729546,0.43140935272260766,8.961720254774264e-13,249,8.754708069602657e-11,204
FrequencyHopping,neural,40,PPM-3,25,0.030945260518444425,-0.534948584301832,2.765961218072036,2.161869475639583,0.4279921525459022,8.175682353339653e-13,250,8.888534352990973e-11,204
FrequencyHopping,neural,40,PPM-3,30,0.035295320167553074,-0.6091119346664979,2.8317219508649107,2.2146105629673665,0.428082928212942,8.189005029635155e-13,250,8.917910854222555e-11,204
FrequencyHopping,neural,40,PPM-3,35,0.03590285655287056,-0.5985439351840206,2.8028498619702056,2.197723126939099,0.43089800493951275,8.162359677044151e-13,250,8.888889624358853e-11,204
FrequencyHopping,neural,40,PPM-3,40,0.03803253152687309,-0.5164565278304507,2.7075755742496246,2.125923566325321,0.43380500285112267,8.126832540256146e-13,250,8.821920971513464e-11,204
FrequencyHopping,neural,40,PPM-3,45,0.046280948975710945,-0.45926921468053505,2.6254193208900083,2.037877817562935,0.43464424590418266,8.921752225887758e-13,249,8.699263531752877e-11,204
FrequencyHopping,neural,40,PPM-3,50,0.06100631896869353,-0.422381235213418,2.5507830431255423,1.9704922342627478,0.43340863848860844,8.748557434046234e-13,249,8.503264758985551e-11,204
FrequencyHopping,neural,40,PPM-3,55,0.07815975226856779,-0.43989417938428943,2.516941227690211,1.9333391002966622,0.4317930031763818,8.5087492607272e-13,249,8.226619385709455e-11,204
FrequencyHopping,neural,40,PPM-3,60,0.09265894453477216,-0.46387605812418664,2.4772838044813965,1.904979734095117,0.4314684277217454,8.206768598029157e-13,249,8.754508229458224e-11,203
FrequencyHopping,neural,41,PPM-3,0,-0.009785928894033229,-0.3127108210124749,2.4690339479283288,1.9561597792896004,0.3979646312875043,8.877343304902752e-13,249,8.650391514208877e-11,204
FrequencyHopping,neural,41,PPM-3,5,0.0035779247700731464,-0.43837799709902586,2.5471889423535417,1.9580294882895297,0.38653271228974984,8.646416915780719e-13,249,8.384404281969182e-11,204
FrequencyHopping,neural,41,PPM-3,10,0.011724552640322499,-0.5115441815533504,2.563578239403317,1.952850664535799,0.3777192068214732,8.36664071357518e-13,249,8.960276964842251e-11,203
FrequencyHopping,neural,41,PPM-3,15,0.014264689054859747,-0.5230662821719737,2.514641950132132,1.908350688294957,0.37079845505844433,8.963940700823514e-13,248,8.590972377930939e-11,203
FrequencyHopping,neural,41,PPM-3,20,0.013711429272734678,-0.47343385518575143,2.4082562700294265,1.8316113605262745,0.36389897572250535,8.65085780787922e-13,248,8.272338369863519e-11,203
FrequencyHopping,neural,41,PPM-3,25,0.013383658731843134,-0.37247930754424075,2.261989235111934,1.752496184170678,0.35580861034827554,8.397726958264684e-13,248,8.950795660211952e-11,202
FrequencyHopping,neural,41,PPM-3,30,0.01541526719994905,-0.28635801170016306,2.1568603023105033,1.7067092451079726,0.3471511048893516,8.282263763703668e-13,248,8.843215049125774e-11,202
FrequencyHopping,neural,41,PPM-3,35,0.020119008505088652,-0.33436530392444114,2.2061355932059397,1.7082154758211021,0.3400832540736508,8.282263763703668e-13,248,8.86162254687406e-11,202
FrequencyHopping,neural,41,PPM-3,40,0.02673859337251503,-0.3696941734341091,2.2672577189905523,1.735347431404916,0.33679499479279823,8.391065620116933e-13,248,8.977418808342463e-11,202
FrequencyHopping,neural,41,PPM-3,45,0.03460234304867159,-0.3658190377346906,2.2940250873959345,1.7605277599125504,0.3380346767386037,8.522071937022702e-13,248,8.241962667909775e-11,203
FrequencyHopping,neural,41,PPM-3,50,0.043643892217322525,-0.3322882461781257,2.3084172189144248,1.776683532359095,0.34290664037022456,8.761880110341735e-13,248,8.445866228612431e-11,203
FrequencyHopping,neural,41,PPM-3,55,0.05404233569347767,-0.3042420741000534,2.32748468020337,1.7946368460124644,0.3499343207553657,8.109068971862143e-13,249,8.676770413273971e-11,203
FrequencyHopping,neural,41,PPM-3,60,0.06556416181145559,-0.29590258553343773,2.3585263550501923,1.8271196254502493,0.358233212456536,8.304468224196171e-13,249,8.902678594324698e-11,203
FrequencyHopping,neural,42,PPM-3,0,-0.025855704736221414,-0.4849976938732035,2.6200435810281357,2.0480147016618937,0.3198536857081492,8.65085780787922e-13,249,8.420864006097872e-11,204
FrequencyHopping,neural,42,PPM-3,5,-0.02369932892628196,-0.41239247264286416,2.6066911125906578,2.0458582319187135,0.31323083055204953,8.917311333789257e-13,249,8.729017508812831e-11,204
FrequencyHopping,neural,42,PPM-3,10,-0.017730945875913957,-0.2966032386208439,2.5418597670020606,2.018604085698724,0.30697026897535284,8.233413950620161e-13,250,8.986589250525867e-11,204
FrequencyHopping,neural,42,PPM-3,15,-0.0077625453008433095,-0.15487089920785704,2.432898092652206,1.9910813915204306,0.3014708662266741,8.37108160567368e-13,250,8.24440515856395e-11,205
FrequencyHopping,neural,42,PPM-3,20,0.004442408532874699,-0.09461160611488634,2.384349292901534,1.979030269454891,0.29779208126926887,8.428813202954188e-13,250,8.310729882055057e-11,205
FrequencyHopping,neural,42,PPM-3,25,0.01645627616680815,-0.1377819730718779,2.418706988908128,1.9769077972353384,0.29664621342991077,8.402167850363185e-13,250,8.288614239404524e-11,205
FrequencyHopping,neural,42,PPM-3,30,0.02654498216027841,-0.17224455485306195,2.4321893659520284,1.9714282046927363,0.29791397750435455,8.322231792590173e-13,250,8.192757583458388e-11,205
FrequencyHopping,neural,42,PPM-3,35,0.0343347612892478,-0.2013166974712252,2.431385847867138,1.9547681545787838,0.301034005069682,8.202327705930657e-13,250,8.937139917009063e-11,204
FrequencyHopping,neural,42,PPM-3,40,0.04067079901161867,-0.2232615287013235,2.416086322050309,1.9256889472060301,0.3056631109836302,8.943956686380261e-13,249,8.734146739186599e-11,204
FrequencyHopping,neural,42,PPM-3,45,0.04702800122014729,-0.2313365949053572,2.3832626509766137,1.8861062781784976,0.3119403773152486,8.757439218243235e-13,249,8.513967308942938e-11,204
FrequencyHopping,neural,42,PPM-3,50,0.05489552873556622,-0.23002847901232737,2.3407485287795655,1.8393136547667168,0.3202542101688158,8.566480858007708e-13,249,8.294320785751097e-11,204
FrequencyHopping,neural,42,PPM-3,55,0.0653589745899058,-0.217140003295468,2.289395559903078,1.7909837385142797,0.3308324661877929,8.388845174067683e-13,249,8.990719280177473e-11,203
FrequencyHopping,neural,42,PPM-3,60,0.07890159076759175,-0.2101244768570932,2.2494629378867796,1.751625567873718,0.34351037214219315,8.233413950620161e-13,249,8.801381845557898e-11,203
FrequencyHopping,neural,43,PPM-3,0,-0.013833370637705143,-0.4493939232549932,2.691863813983001,2.129810550195981,0.3691222191192666,8.251177519014163e-13,250,8.109646287834948e-11,205
FrequencyHopping,neural,43,PPM-3,5,-0.005282632591977207,-0.27504795751269173,2.5405773816604733,2.043656728307316,0.361187978068166,8.317790900491673e-13,250,8.173128840383015e-11,205
FrequencyHopping,neural,43,PPM-3,10,0.007739591961128016,-0.21624280072298127,2.4804412907517324,1.998719282000204,0.3549948096779109,8.29558643999917e-13,250,8.137579499134517e-11,205
FrequencyHopping,neural,43,PPM-3,15,0.021719060682732105,-0.276462548356512,2.5152928077554906,1.9811041125674385,0.35223421158613194,8.171241461241152e-13,250,8.889267100187226e-11,204
FrequencyHopping,neural,43,PPM-3,20,0.03383637662556779,-0.2990110120396776,2.492613100926138,1.957944594492754,0.35304374399522165,8.86402062860725e-13,249,8.645395510598064e-11,204
FrequencyHopping,neural,43,PPM-3,25,0.04299985779994415,-0.29724255187138304,2.432671699667603,1.9214104041477236,0.3562162682883126,8.597567102697212e-13,249,8.34863289611576e-11,204
FrequencyHopping,neural,43,PPM-3,30,0.04965578716669325,-0.34582569398223845,2.418178817218982,1.8844631701538876,0.36038014711938443,8.317790900491673e-13,249,8.938494389099105e-11,203
FrequencyHopping,neural,43,PPM-3,35,0.055012066549826835,-0.393602199708902,2.405527738684548,1.8597157917175025,0.3649962152147275,8.950618024528012e-13,248,8.639533533028043e-11,203
FrequencyHopping,neural,43,PPM-3,40,0.0604414776567169,-0.44536525868693555,2.405711830789745,1.8460558778764025,0.37046770703077225,8.713030297258229e-13,248,8.411804586216931e-11,203
FrequencyHopping,neural,43,PPM-3,45,0.0673460091886445,-0.4715948232026589,2.407307770714792,1.8340673805521968,0.37747413401485186,8.593126210598712e-13,248,8.268208340211913e-11,203
FrequencyHopping,neural,43,PPM-3,50,0.07718374502915493,-0.47067242435539114,2.3954283198868014,1.8162244587783445,0.3861645057663416,8.548717289613705e-13,248,8.203770995862669e-11,203
FrequencyHopping,neural,43,PPM-3,55,0.09120614044714048,-0.44429210027176164,2.3698416222204655,1.7934369787968043,0.3958834613459736,8.562039965909207e-13,248,8.203460133415774e-11,203
FrequencyHopping,neural,43,PPM-3,60,0.10984555228253795,-0.39808114179329007,2.3332245124904643,1.7777265519002272,0.4056143330444291,8.617551117140465e-13,248,8.250622407501851e-11,203
FrequencyHopping,neural,44,PPM-3,0,-0.0028586989295425135,-0.8244744170275474,2.9234642368834214,2.2881041546775673,0.47009210782883354,8.566480858007708e-13,249,8.303246978869083e-11,204
FrequencyHopping,neural,44,PPM-3,5,-0.012885572501335622,-0.7083549427784349,2.8678613497334244,2.2367867877375707,0.46632204589850235,8.877343304902752e-13,249,8.65139071493104e-11,204
FrequencyHopping,neural,44,PPM-3,10,-0.00790190317441474,-0.5155005760908967,2.7183116541289185,2.1127605366781714,0.4643517065776564,8.197886813832156e-13,250,8.912692806006817e-11,204
FrequencyHopping,neural,44,PPM-3,15,0.012663737958423,-0.27151006838801967,2.498171568408874,1.9745389996804033,0.46431564974715145,8.313350008393172e-13,250,8.155298658607535e-11,205
FrequencyHopping,neural,44,PPM-3,20,0.04315916377515532,-0.147677349712936,2.376757462637695,1.9066586447782066,0.46715365722628976,8.326672684688674e-13,250,8.173373089448432e-11,205
FrequencyHopping,neural,44,PPM-3,25,0.07457712743882183,-0.20345753878350475,2.412173951039178,1.9331474470179035,0.47321795963068564,8.237854842718662e-13,250,8.964762265861737e-11,204
FrequencyHopping,neural,44,PPM-3,30,0.09853460557350241,-0.39499400646605065,2.5602349122323558,2.008845801058754,0.48160626031336795,8.93507490218326e-13,249,8.712097709917543e-11,204
FrequencyHopping,neural,44,PPM-3,35,0.11047205181561276,-0.5582273216132656,2.6581810098324663,2.0681256322448087,0.49088252967558677,8.602007994795713e-13,249,8.337219803422613e-11,204
FrequencyHopping,neural,44,PPM-3,40,0.11136643653812303,-0.6431744426246031,2.6600394232809803,2.0635221008693594,0.4998601055488494,8.193445921733655e-13,249,8.749312385702979e-11,203
FrequencyHopping,neural,44,PPM-3,45,0.10760077126234091,-0.6318353173730669,2.555668368117759,1.984502545402406,0.5074076982988671,8.602007994795713e-13,248,8.217737601512454e-11,203
FrequencyHopping,neural,44,PPM-3,50,0.10837500299967555,-0.5599484272940864,2.40074670393774,1.8727553925067493,0.5121319299906071,8.15347789284715e-13,248,8.691025676910158e-11,202
FrequencyHopping,neural,44,PPM-3,55,0.12101967427753511,-0.5190468014487469,2.3341520869763923,1.804938529745142,0.5131834853347927,8.881784197001252e-13,247,8.536615858645291e-11,202
FrequencyHopping,neural,44,PPM-3,60,0.14687478091434245,-0.5327632561547957,2.350581686869513,1.8021084654470658,0.5115405195027077,8.872902412804251e-13,247,8.575740118033082e-11,202
FrequencyHopping,neural,45,PPM-3,0,-0.0097981883388639,-0.3265250191466462,2.529895626631141,2.0590586110419618,0.3465521162099779,8.100187187665142e-13,250,8.802558681964001e-11,204
FrequencyHopping,neural,45,PPM-3,5,-0.00524100646075554,-0.2715127330438704,2.5232445936720893,2.048062116631971,0.34344664949604664,8.317790900491673e-13,250,8.164868781079804e-11,205
FrequencyHopping,neural,45,PPM-3,10,0.005547105338295277,-0.19527979464250117,2.4780627113397946,2.0138123885390224,0.34475610207154034,8.459899447643693e-13,250,8.323763900364156e-11,205
FrequencyHopping,neural,45,PPM-3,15,0.021386950629717377,-0.13238182169207602,2.427644709831796,1.9772435225775253,0.3499852419152522,8.5131901528257e-13,250,8.389644534645413e-11,205
FrequencyHopping,neural,45,PPM-3,20,0.03971077931851358,-0.14796083499419332,2.436794968051858,1.9657169546298285,0.35813620729066853,8.490985692333197e-13,250,8.359002379165759e-11,205
FrequencyHopping,neural,45,PPM-3,25,0.05734566602534109,-0.22675674703681736,2.490713505432863,1.9891865258107526,0.3682606341904495,8.379963389870682e-13,250,8.233969062132473e-11,205
FrequencyHopping,neural,45,PPM-3,30,0.07159621276898565,-0.3609045437958878,2.582990002541347,2.0270535247362433,0.3797623044225183,8.197886813832156e-13,250,8.914713411911634e-11,204
FrequencyHopping,neural,45,PPM-3,35,0.08139509239424164,-0.4617889435300425,2.6278902804575868,2.0444887314603566,0.3923047614554221,8.832934383917745e-13,249,8.604339463147426e-11,204
FrequencyHopping,neural,45,PPM-3,40,0.08803902913254325,-0.5020780077099507,2.602797243272005,2.017584424958118,0.4054978751630751,8.517631044924201e-13,249,8.248624006057526e-11,204
FrequencyHopping,neural,45,PPM-3,45,0.09494556841707083,-0.473896294624921,2.506386713432085,1.9456729114219022,0.4187192353373896,8.189005029635155e-13,249,8.770006942881992e-11,203
FrequencyHopping,neural,45,PPM-3,50,0.10623180316832853,-0.4173257976560272,2.386418776762436,1.8563876504628964,0.4313100696510745,8.761880110341735e-13,248,8.439360321688127e-11,203
FrequencyHopping,neural,45,PPM-3,55,0.12470792161431549,-0.40847319113040037,2.3264134517160735,1.795087814523178,0.44300307630489266,8.493206138382448e-13,248,8.218425939787721e-11,203
FrequencyHopping,neural,45,PPM-3,60,0.15049737849908518,-0.44148715109356895,2.3323348398608745,1.7862956754951793,0.4541905690858331,8.344436253082677e-13,248,8.999667677755951e-11,202
FrequencyHopping,neural,46,PPM-3,0,-0.004868584439328377,-0.5831773814160817,2.75522886363858,2.1446013145144085,0.4697486188884957,8.877343304902752e-13,249,8.64881499751391e-11,204
FrequencyHopping,neural,46,PPM-3,5,0.007648700831247307,-0.6287311601809545,2.734742755210902,2.1081833120297824,0.45940439805481154,8.557599073810707e-13,249,8.28264123953204e-11,204
FrequencyHopping,neural,46,PPM-3,10,0.016359865642811118,-0.6002871670580336,2.6410676084462894,2.026333659931815,0.45369439345190554,8.237854842718662e-13,249,8.814327046025028e-11,203
FrequencyHopping,neural,46,PPM-3,15,0.02309123169141592,-0.5039262420663229,2.488492621004578,1.923307704633807,0.44906495797709156,8.841816168114747e-13,248,8.51212433872206e-11,203
FrequencyHopping,neural,46,PPM-3,20,0.029886182575189265,-0.4344135407668841,2.3799367907621334,1.8618849244339604,0.4432477349037196,8.619771563189715e-13,248,8.33781932385591e-11,203
FrequencyHopping,neural,46,PPM-3,25,0.03734857171539723,-0.5052838292586573,2.439350868815655,1.8891415766482125,0.4368080364465972,8.548717289613705e-13,248,8.303513432394993e-11,203
FrequencyHopping,neural,46,PPM-3,30,0.04508010167850058,-0.5807202350811147,2.53722829812377,1.9644010274283157,0.43241413287249986,8.641976023682219e-13,248,8.403411300150765e-11,203
FrequencyHopping,neural,46,PPM-3,35,0.05340892136765328,-0.6093318891175251,2.608864492260266,2.033148414920386,0.43261332822611653,8.828493491819245e-13,248,8.602274448321623e-11,203
FrequencyHopping,neural,46,PPM-3,40,0.06435599964430343,-0.5883179843675952,2.646039484550461,2.0710860357852923,0.43780621845798284,8.193445921733655e-13,249,8.854117439227593e-11,203
FrequencyHopping,neural,46,PPM-3,45,0.08050066469292744,-0.542282563673816,2.6571555766902186,2.081376107594817,0.44622756439205497,8.446576771348191e-13,249,8.209344315446288e-11,204
FrequencyHopping,neural,46,PPM-3,50,0.10255828523429983,-0.48556759245968123,2.6456240737852004,2.083297076004251,0.45578227249485515,8.65529869997772e-13,249,8.421419117610185e-11,204
FrequencyHopping,neural,46,PPM-3,55,0.12803097899901467,-0.4947069219126602,2.680411791594625,2.0976749957563694,0.46562278016681524,8.788525462932739e-13,249,8.560663289358672e-11,204
FrequencyHopping,neural,46,PPM-3,60,0.15251442464949727,-0.5299013448208262,2.7194026004404264,2.1234568288841498,0.4762010461062148,8.832934383917745e-13,249,8.606981793946034e-11,204
FrequencyHopping,neural,47,PPM-3,0,0.04778342725808081,-0.4609004115013429,2.558351174583972,2.0013026920835304,0.5341395654752359,8.58424442640171e-13,249,8.325962141952914e-11,204
FrequencyHopping,neural,47,PPM-3,5,0.053013661512409105,-0.6116106987908159,2.6982666912353865,2.1194535817778695,0.5128277161350633,8.5087492607272e-13,249,8.231637593780761e-11,204
FrequencyHopping,neural,47,PPM-3,10,0.0399502927670024,-0.7020105033891392,2.7843396083341845,2.193288660720848,0.49335012775198867,8.468781231840694e-13,249,8.181988420119524e-11,204
FrequencyHopping,neural,47,PPM-3,15,0.01865415729652688,-0.7209105432690217,2.807505132320227,2.2138691505667296,0.47536367888594105,8.468781231840694e-13,249,8.196443523900143e-11,204
FrequencyHopping,neural,47,PPM-3,20,-9.706509387297799e-05,-0.6631407649738821,2.776209565180566,2.1865785887577007,0.460459090146971,8.548717289613705e-13,249,8.289813280271119e-11,204
FrequencyHopping,neural,47,PPM-3,25,-0.008029576962775238,-0.5374208504548141,2.68938412127288,2.1178787067141154,0.45078598178392865,8.668621376273222e-13,249,8.424505537618643e-11,204
FrequencyHopping,neural,47,PPM-3,30,-0.0012761418751513537,-0.36469341157479784,2.544605963878509,2.020180459590491,0.447844947421458,8.761880110341735e-13,249,8.530776085535763e-11,204
FrequencyHopping,neural,47,PPM-3,35,0.019201583844928417,-0.21837666701121775,2.4102769896669813,1.9208097763281156,0.45167667170343717,8.79296635503124e-13,249,8.571876541907386e-11,204
FrequencyHopping,neural,47,PPM-3,40,0.04849415479041204,-0.13406337309558308,2.3202261038736967,1.8631992199635812,0.46060820650166023,8.757439218243235e-13,249,8.537015538934156e-11,204
FrequencyHopping,neural,47,PPM-3,45,0.0793856050947247,-0.2684226059534097,2.4327541050701234,1.8978159500873348,0.4719142877064378,8.668621376273222e-13,249,8.434009046709434e-11,204
FrequencyHopping,neural,47,PPM-3,50,0.10437401541080633,-0.4518755544569748,2.582515976634717,2.005669698992693,0.48330545813081116,8.539835505416704e-13,249,8.2842399606875e-11,204
FrequencyHopping,neural,47,PPM-3,55,0.11813259988748046,-0.6151828261502198,2.7057859034405376,2.118051662130131,0.4942453251816969,8.397726958264684e-13,249,8.118039573901115e-11,204
FrequencyHopping,neural,47,PPM-3,60,0.12024157406585967,-0.7281269405092812,2.77774405411085,2.184955595928774,0.5056497710822041,8.268941087408166e-13,249,8.86215545392588e-11,203
FrequencyHopping,neural,48,PPM-3,0,0.00023425199598464626,-0.1051336795393127,2.0154326452098004,1.630225059833189,0.32841406800315204,8.408829188510936e-13,248,8.164025011581089e-11,203
FrequencyHopping,neural,48,PPM-3,5,0.01571736509425182,-0.10653004108729724,2.011623286751933,1.6211080603290347,0.32516961248125537,8.386624728018433e-13,248,8.138956175685053e-11,203
FrequencyHopping,neural,48,PPM-3,10,0.028719390358467347,-0.21915003174282865,2.126141868000292,1.6622266974001332,0.32403390948552574,8.413270080609436e-13,248,8.151856967231197e-11,203
FrequencyHopping,neural,48,PPM-3,15,0.037098141919826855,-0.30561130647551216,2.2362183854261435,1.726043271486738,0.32488585773265355,8.562039965909207e-13,248,8.241629601002387e-11,203
FrequencyHopping,neural,48,PPM-3,20,0.04105282004205001,-0.35067874390546333,2.3166938724432518,1.7906475594305986,0.32728746598322506,8.766321002440236e-13,248,8.429901221518321e-11,203
FrequencyHopping,neural,48,PPM-3,25,0.04281086304195285,-0.3500154488121706,2.3651009966177052,1.8415981382218232,0.33078533840624774,8.131273432354647e-13,249,8.691336539357053e-11,203
FrequencyHopping,neural,48,PPM-3,30,0.04552062150432486,-0.34255728562900833,2.4057108024160647,1.873706708220948,0.3351565664879629,8.375522497772181e-13,249,8.976086540712913e-11,203
FrequencyHopping,neural,48,PPM-3,35,0.05186841781670089,-0.32440444613597275,2.4302016465530727,1.8917990726093712,0.34056476384566553,8.588685318500211e-13,249,8.316569655164585e-11,204
FrequencyHopping,neural,48,PPM-3,40,0.06306205087295311,-0.31432341432078126,2.4539492865633137,1.9043382347620261,0.34750832928721614,8.757439218243235e-13,249,8.509304372239512e-11,204
FrequencyHopping,neural,48,PPM-3,45,0.07863998779547944,-0.3137490168573486,2.476019868721467,1.917353992931922,0.3564903641016148,8.86846152070575e-13,249,8.639267079502133e-11,204
FrequencyHopping,neural,48,PPM-3,50,0.09706757762161916,-0.327747441873718,2.5000102632532193,1.9330315820488357,0.36766002970021766,8.917311333789257e-13,249,8.696665609875254e-11,204
FrequencyHopping,neural,48,PPM-3,55,0.11663839900424414,-0.35607581530310295,2.5249541274657545,1.9495524218002063,0.3807965406407388,8.903988657493755e-13,249,8.677791818456626e-11,204
FrequencyHopping,neural,48,PPM-3,60,0.13618385626433444,-0.3813057054575886,2.5334071368137097,1.9636655892867252,0.39564235857726315,8.819611707622244e-13,249,8.584288835322695e-11,204
FrequencyHopping,neural,49,PPM-3,0,0.010352443031066517,-0.19324432367827776,2.1376111282188126,1.6699770784040235,0.32033031242258764,8.633094239485217e-13,248,8.311529242632787e-11,203
FrequencyHopping,neural,49,PPM-3,5,0.02205768840188522,-0.3010362403554489,2.2640472682871673,1.740381269066622,0.3175087278659525,8.730793865652231e-13,248,8.400280471221322e-11,203
FrequencyHopping,neural,49,PPM-3,10,0.02891306610087871,-0.3923883839302683,2.3917774892490193,1.8383240499663143,0.316702522107779,8.912870441690757e-13,248,8.587952571303958e-11,203
FrequencyHopping,neural,49,PPM-3,15,0.031241019249306636,-0.4434736373297443,2.492084501680745,1.9275822023765048,0.31831898384003604,8.251177519014163e-13,249,8.867240275378663e-11,203
FrequencyHopping,neural,49,PPM-3,20,0.03182487277980954,-0.4434572208881845,2.5526512115408333,1.9860865383143709,0.32208411966581996,8.526512829121202e-13,249,8.281286767441998e-11,204
FrequencyHopping,neural,49,PPM-3,25,0.03458964351971681,-0.3964665391122195,2.566168953979235,2.0082571625961956,0.3272013741938567,8.79740724712974e-13,249,8.57980353430321e-11,204
FrequencyHopping,neural,49,PPM-3,30,0.04247550295418302,-0.3311333312657926,2.5486413175552243,2.0029469483072573,0.33322891414151284,8.117950756059145e-13,250,8.824119213102222e-11,204
FrequencyHopping,neural,49,PPM-3,35,0.055859235391076845,-0.2827118479823125,2.528290031032312,1.9854292134222213,0.3405836670525786,8.233413950620161e-13,250,8.974576637399423e-11,204
FrequencyHopping,neural,49,PPM-3,40,0.07265456364615537,-0.2530620853703379,2.503633909048448,1.9685460458798314,0.34998106837653836,8.264500195309665e-13,250,8.110556670715141e-11,205
FrequencyHopping,neural,49,PPM-3,45,0.08992852301279491,-0.24672863522849775,2.47999092141809,1.9555267839973667,0.36156397485321934,8.202327705930657e-13,250,8.938561002480583e-11,204
FrequencyHopping,neural,49,PPM-3,50,0.10574404431431315,-0.2536444763199115,2.4513691715678765,1.9415410836259608,0.37480924800917065,8.966161146872764e-13,249,8.77558026246561e-11,204
FrequencyHopping,neural,49,PPM-3,55,0.12004159137440246,-0.28698797805441045,2.4378265240331087,1.923147691020381,0.3891297716779082,8.757439218243235e-13,249,8.551892527464133e-11,204
FrequencyHopping,neural,49,PPM-3,60,0.13433294587085864,-0.3441790723741016,2.4483012681707166,1.9047911310931402,0.40429897156581535,8.548717289613705e-13,249,8.29754043252251e-11,204
RoutingInterdiction,neural,40,QP+G,0,-1.0045574236306778,-1.512424148961696,2.1446896049500666,1.5387461796475947,0.3285274788748613,8.382183835919932e-13,246,8.67206306764956e-11,200
RoutingInterdiction,neural,40,QP+G,5,-0.9984052421232861,-1.313531757421026,1.9671105526776764,1.4174813581465897,0.25752140080404595,8.990586053414518e-13,244,8.542033747005462e-11,199
RoutingInterdiction,neural,40,QP+G,10,-0.9914516418484102,-1.1798325929430378,1.852053313628586,1.3733004990053663,0.21792617040692377,8.972822485020515e-13,243,8.956080321809168e-11,198
RoutingInterdiction,neural,40,QP+G,15,-0.986431328039622,-1.1010133074996955,1.7873307277650077,1.3647559942583682,0.19947727151996908,8.37108160567368e-13,243,8.764655667903298e-11,198
RoutingInterdiction,neural,40,QP+G,20,-0.9854285434750559,-1.0678012526587455,1.7628797165861079,1.366767991364262,0.19140203789741833,8.117950756059145e-13,243,8.70861160962022e-11,198
RoutingInterdiction,neural,40,QP+G,25,-0.9849899154965702,-1.0575799204356888,1.7558114111037624,1.3680556904469674,0.1900015459874725,8.930634010084759e-13,242,8.693157305117438e-11,198
RoutingInterdiction,neural,40,QP+G,30,-0.9849899154965702,-1.0575799204356888,1.7558114111037624,1.3680556904469674,0.1900015459874725,8.930634010084759e-13,242,8.693157305117438e-11,198
RoutingInterdiction,neural,40,QP+G,35,-0.9849899154965702,-1.0575799204356888,1.7558114111037624,1.3680556904469674,0.1900015459874725,8.930634010084759e-13,242,8.693157305117438e-11,198
RoutingInterdiction,neural,40,QP+G,40,-0.9849899154965702,-1.0575799204356888,1.7558114111037624,1.3680556904469674,0.1900015459874725,8.930634010084759e-13,242,8.693157305117438e-11,198
RoutingInterdiction,neural,40,QP+G,45,-0.9849899154965702,-1.0575799204356888,1.7558114111037624,1.3680556904469674,0.1900015459874725,8.930634010084759e-13,242,8.693157305117438e-11,198
RoutingInterdiction,neural,40,QP+G,50,-0.9849899154965702,-1.0575799204356888,1.7558114111037624,1.3680556904469674,0.1900015459874725,8.930634010084759e-13,242,8.693157305117438e-11,198
RoutingInterdiction,neural,40,QP+G,55,-0.9849899154965702,-1.0575799204356888,1.7558114111037624,1.3680556904469674,0.1900015459874725,8.930634010084759e-13,242,8.693157305117438e-11,198
RoutingInterdiction,neural,40,QP+G,60,-0.9849899154965702,-1.0575799204356888,1.7558114111037624,1.3680556904469674,0.1900015459874725,8.930634010084759e-13,242,8.693157305117438e-11,198
RoutingInterdiction,neural,41,QP+G,0,-1.017208862021889,-1.2410616115383883,2.032176775881975,1.5517024187074058,0.2956098455312497,8.493206138382448e-13,244,8.497469394797008e-11,199
RoutingInterdiction,neural,41,QP+G,5,-1.013214586242054,-1.2145396197148874,1.9705099869438811,1.48757438945379,0.22491368037545603,8.313350008393172e-13,244,8.299605447348313e-11,199
RoutingInterdiction,neural,41,QP+G,10,-1.0110370605515435,-1.1702610938226976,1.9019750195870324,1.4425261699723537,0.1847253528626659,8.897327319346005e-13,243,8.144285246203253e-11,199
RoutingInterdiction,neural,41,QP+G,15,-1.0089108397233535,-1.1265468356537975,1.8418468305484526,1.4125758461162063,0.1629516388206039,8.566480858007708e-13,243,8.93383145239568e-11,198
RoutingInterdiction,neural,41,QP+G,20,-1.0065841198583274,-1.0966938565019233,1.80096967981475,1.3931148827435464,0.15204471757704682,8.337774914934926e-13,243,8.86100082198027e-11,198
RoutingInterdiction,neural,41,QP+G,25,-1.0040385553605946,-1.0851902351445395,1.7820462978633673,1.380042434600952,0.14744788733740288,8.253397965063414e-13,243,8.81177353306839e-11,198
RoutingInterdiction,neural,41,QP+G,30,-1.001255646674738,-1.0747932425832418,1.7665812445999418,1.370670789002513,0.1466031215278693,8.171241461241152e-13,243,8.774114768073105e-11,198
RoutingInterdiction,neural,41,QP+G,35,-0.9982012876109261,-1.0707267844505943,1.7597566959308222,1.3648892876097607,0.14666661860531155,8.140155216551648e-13,243,8.747624846705548e-11,198
RoutingInterdiction,neural,41,QP+G,40,-0.9951166135159389,-1.0740179519665616,1.760483771976832,1.3596856331470462,0.14736292706621998,8.166800569142652e-13,243,8.724376776569898e-11,198
RoutingInterdiction,neural,41,QP+G,45,-0.9919880276709794,-1.0763921999567911,1.7602399496183398,1.3545854400065895,0.14894417309308502,8.184564137536654e-13,243,8.702505382984782e-11,198
RoutingInterdiction,neural,41,QP+G,50,-0.9887691533300144,-1.0778288297283374,1.7590966982340697,1.3496592487971133,0.151399572089654,8.195666367782906e-13,243,8.681766416884784e-11,198
RoutingInterdiction,neural,41,QP+G,55,-0.9884909363616929,-1.0779039850941972,1.758958652918552,1.3492529003590104,0.15164826312549806,8.197886813832156e-13,243,8.680056673426861e-11,198
RoutingInterdiction,neural,41,QP+G,60,-0.9884909363616929,-1.0779039850941972,1.758958652918552,1.3492529003590104,0.15164826312549806,8.197886813832156e-13,243,8.680056673426861e-11,198
RoutingInterdiction,neural,42,QP+G,0,-1.0067869460825198,-1.346152022570778,2.0749860938937914,1.518001956908674,0.2440864350541424,8.291145547900669e-13,245,8.761702474657795e-11,199
RoutingInterdiction,neural,42,QP+G,5,-1.0033799872280325,-1.2135235502931705,1.942871873821403,1.4531322825564637,0.21362472583717607,8.304468224196171e-13,244,8.248868255122943e-11,199
RoutingInterdiction,neural,42,QP+G,10,-0.9978557642472174,-1.1515771928783507,1.8814050923527512,1.4250415430765697,0.20245986615579137,8.759659664292485e-13,243,8.91644535983005e-11,198
RoutingInterdiction,neural,42,QP+G,15,-0.9921100135483342,-1.1326512075757766,1.862158030821956,1.4126192086042066,0.20112224723202496,8.615330671091215e-13,243,8.8111518081746e-11,198
RoutingInterdiction,neural,42,QP+G,20,-0.9918581401064853,-1.129763937045321,1.8589508423197008,1.4113089256268578,0.2013748670083149,8.593126210598712e-13,243,8.802669704266464e-11,198
RoutingInterdiction,neural,42,QP+G,25,-0.9918581401064853,-1.129763937045321,1.8589508423197008,1.4113089256268578,0.2013748670083149,8.593126210598712e-13,243,8.802669704266464e-11,198
RoutingInterdiction,neural,42,QP+G,30,-0.9918581401064853,-1.129763937045321,1.8589508423197008,1.4113089256268578,0.2013748670083149,8.593126210598712e-13,243,8.802669704266464e-11,198
RoutingInterdiction,neural,42,QP+G,35,-0.9918581401064853,-1.129763937045321,1.8589508423197008,1.4113089256268578,0.2013748670083149,8.593126210598712e-13,243,8.802669704266464e-11,198
RoutingInterdiction,neural,42,QP+G,40,-0.9918581401064853,-1.129763937045321,1.8589508423197008,1.4113089256268578,0.2013748670083149,8.593126210598712e-13,243,8.802669704266464e-11,198
RoutingInterdiction,neural,42,QP+G,45,-0.9918581401064853,-1.129763937045321,1.8589508423197008,1.4113089256268578,0.2013748670083149,8.593126210598712e-13,243,8.802669704266464e-11,198
RoutingInterdiction,neural,42,QP+G,50,-0.9918581401064853,-1.129763937045321,1.8589508423197008,1.4113089256268578,0.2013748670083149,8.593126210598712e-13,243,8.802669704266464e-11,198
RoutingInterdiction,neural,42,QP+G,55,-0.9918581401064853,-1.129763937045321,1.8589508423197008,1.4113089256268578,0.2013748670083149,8.593126210598712e-13,243,8.802669704266464e-11,198
RoutingInterdiction,neural,42,QP+G,60,-0.9918581401064853,-1.129763937045321,1.8589508423197008,1.4113089256268578,0.2013748670083149,8.593126210598712e-13,243,8.802669704266464e-11,198
RoutingInterdiction,neural,43,QP+G,0,-1.012269439010577,-1.302700426461221,2.069619693717053,1.5431358399098465,0.2799215641355875,8.912870441690757e-13,244,8.649725380394102e-11,199
RoutingInterdiction,neural,43,QP+G,5,-1.0018978764436781,-1.1570150112160058,1.9156129278720098,1.467515929480892,0.2251419027896966,8.801848139228241e-13,243,8.127787332057324e-11,199
RoutingInterdiction,neural,43,QP+G,10,-0.9949170625231338,-1.1016137259279586,1.855357207258326,1.4371421123409611,0.19981487285575622,8.377742943821431e-13,243,8.811795737528882e-11,198
RoutingInterdiction,neural,43,QP+G,15,-0.989014839667903,-1.0740995828797137,1.8254466284473074,1.4231191346537475,0.19127982736172916,8.166800569142652e-13,243,8.712119914378036e-11,198
RoutingInterdiction,neural,43,QP+G,20,-0.9865094298907646,-1.0610402870906412,1.8134906673378013,1.4198625604207376,0.18955632100784836,8.961720254774264e-13,242,8.674982954204324e-11,198
RoutingInterdiction,neural,43,QP+G,25,-0.9863689390210337,-1.0592954715089826,1.8121241893982378,1.419837339135488,0.18952187570698428,8.946177132429511e-13,242,8.671596773979218e-11,198
RoutingInterdiction,neural,43,QP+G,30,-0.9863689390210337,-1.0592954715089826,1.8121241893982378,1.419837339135488,0.18952187570698428,8.946177132429511e-13,242,8.671596773979218e-11,198
RoutingInterdiction,neural,43,QP+G,35,-0.9863689390210337,-1.0592954715089826,1.8121241893982378,1.419837339135488,0.18952187570698428,8.946177132429511e-13,242,8.671596773979218e-11,198
RoutingInterdiction,neural,43,QP+G,40,-0.9863689390210337,-1.0592954715089826,1.8121241893982378,1.419837339135488,0.18952187570698428,8.946177132429511e-13,242,8.671596773979218e-11,198
RoutingInterdiction,neural,43,QP+G,45,-0.9863689390210337,-1.0592954715089826,1.8121241893982378,1.419837339135488,0.18952187570698428,8.946177132429511e-13,242,8.671596773979218e-11,198
RoutingInterdiction,neural,43,QP+G,50,-0.9863689390210337,-1.0592954715089826,1.8121241893982378,1.419837339135488,0.18952187570698428,8.946177132429511e-13,242,8.671596773979218e-11,198
RoutingInterdiction,neural,43,QP+G,55,-0.9863689390210337,-1.0592954715089826,1.8121241893982378,1.419837339135488,0.18952187570698428,8.946177132429511e-13,242,8.671596773979218e-11,198
RoutingInterdiction,neural,43,QP+G,60,-0.9863689390210337,-1.0592954715089826,1.8121241893982378,1.419837339135488,0.18952187570698428,8.946177132429511e-13,242,8.671596773979218e-11,198
RoutingInterdiction,neural,44,QP+G,0,-1.0074699675820789,-1.5833586274075995,2.339350521458742,1.7267204247108765,0.347665991851063,8.777423232686488e-13,246,8.247846849940288e-11,201
RoutingInterdiction,neural,44,QP+G,5,-0.9990361511523989,-1.352071845373897,2.113309498169307,1.5588707122167875,0.27641764160398713,8.326672684688674e-13,245,8.824763142456504e-11,199
RoutingInterdiction,neural,44,QP+G,10,-0.9884382383643118,-1.196052600771381,1.9535712749094185,1.4704638672267456,0.23943777847627462,8.186784583585904e-13,244,8.161626929847898e-11,199
RoutingInterdiction,neural,44,QP+G,15,-0.9803853617809907,-1.1051015232073327,1.8530209272007214,1.4288575196178008,0.22367823983077545,8.406608742461685e-13,243,8.791478656178242e-11,198
RoutingInterdiction,neural,44,QP+G,20,-0.9777254745061041,-1.0823097078785986,1.818987114918463,1.409174150354683,0.21696901464767354,8.233413950620161e-13,243,8.719291955117114e-11,198
RoutingInterdiction,neural,44,QP+G,25,-0.9759056594604201,-1.0731832180505143,1.8017518815185618,1.3971980813787186,0.21618232766535136,8.15791878494565e-13,243,8.685852037615405e-11,198
RoutingInterdiction,neural,44,QP+G,30,-0.9744867659486833,-1.0770713574861905,1.799635379276475,1.3898231441784392,0.21842323149981208,8.189005029635155e-13,243,8.673783913337729e-11,198
RoutingInterdiction,neural,44,QP+G,35,-0.9744867659486833,-1.0770713574861905,1.799635379276475,1.3898231441784392,0.21842323149981208,8.189005029635155e-13,243,8.673783913337729e-11,198
RoutingInterdiction,neural,44,QP+G,40,-0.9744867659486833,-1.0770713574861905,1.799635379276475,1.3898231441784392,0.21842323149981208,8.189005029635155e-13,243,8.673783913337729e-11,198
RoutingInterdiction,neural,44,QP+G,45,-0.9744867659486833,-1.0770713574861905,1.799635379276475,1.3898231441784392,0.21842323149981208,8.189005029635155e-13,243,8.673783913337729e-11,198
RoutingInterdiction,neural,44,QP+G,50,-0.9744867659486833,-1.0770713574861905,1.799635379276475,1.3898231441784392,0.21842323149981208,8.189005029635155e-13,243,8.673783913337729e-11,198
RoutingInterdiction,neural,44,QP+G,55,-0.9744867659486833,-1.0770713574861905,1.799635379276475,1.3898231441784392,0.21842323149981208,8.189005029635155e-13,243,8.673783913337729e-11,198
RoutingInterdiction,neural,44,QP+G,60,-0.9744867659486833,-1.0770713574861905,1.799635379276475,1.3898231441784392,0.21842323149981208,8.189005029635155e-13,243,8.673783913337729e-11,198
RoutingInterdiction,neural,45,QP+G,0,-0.997351761093543,-1.2261187503754596,1.9915572006229143,1.528281113140187,0.25744661007070974,8.391065620116933e-13,244,8.549960739401286e-11,199
RoutingInterdiction,neural,45,QP+G,5,-0.9880434655176878,-1.1318187527280492,1.8946617827902965,1.4668238335415693,0.22799692166143504,8.610889778992714e-13,243,8.988187971681327e-11,198
RoutingInterdiction,neural,45,QP+G,10,-0.9839039567606628,-1.0862731290491532,1.8387460011274959,1.435562013732067,0.21206655944503103,8.260059303211165e-13,243,8.80964190486111e-11,198
RoutingInterdiction,neural,45,QP+G,15,-0.9814843062177135,-1.0567281383802194,1.8015758298644986,1.4163319703075776,0.20549786576922127,8.926193117986259e-13,242,8.71003269509174e-11,198
RoutingInterdiction,neural,45,QP+G,20,-0.9798398470439541,-1.0534524337314672,1.7928595438458919,1.404607488544325,0.2045435622084215,8.906209103543006e-13,242,8.655898220411018e-11,198
RoutingInterdiction,neural,45,QP+G,25,-0.9790461602929196,-1.0548863401811426,1.7917818336810043,1.3999252952230163,0.2055404516955142,8.915090887740007e-13,242,8.637168757985592e-11,198
RoutingInterdiction,neural,45,QP+G,30,-0.9790461602929196,-1.0548863401811426,1.7917818336810043,1.3999252952230163,0.2055404516955142,8.915090887740007e-13,242,8.637168757985592e-11,198
RoutingInterdiction,neural,45,QP+G,35,-0.9790461602929196,-1.0548863401811426,1.7917818336810043,1.3999252952230163,0.2055404516955142,8.915090887740007e-13,242,8.637168757985592e-11,198
RoutingInterdiction,neural,45,QP+G,40,-0.9790461602929196,-1.0548863401811426,1.7917818336810043,1.3999252952230163,0.2055404516955142,8.915090887740007e-13,242,8.637168757985592e-11,198
RoutingInterdiction,neural,45,QP+G,45,-0.9790461602929196,-1.0548863401811426,1.7917818336810043,1.3999252952230163,0.2055404516955142,8.915090887740007e-13,242,8.637168757985592e-11,198
RoutingInterdiction,neural,45,QP+G,50,-0.9790461602929196,-1.0548863401811426,1.7917818336810043,1.3999252952230163,0.2055404516955142,8.915090887740007e-13,242,8.637168757985592e-11,198
RoutingInterdiction,neural,45,QP+G,55,-0.9790461602929196,-1.0548863401811426,1.7917818336810043,1.3999252952230163,0.2055404516955142,8.915090887740007e-13,242,8.637168757985592e-11,198
RoutingInterdiction,neural,45,QP+G,60,-0.9790461602929196,-1.0548863401811426,1.7917818336810043,1.3999252952230163,0.2055404516955142,8.915090887740007e-13,242,8.637168757985592e-11,198
RoutingInterdiction,neural,46,QP+G,0,-0.9763883598408417,-1.3827629858427568,2.2107876414959473,1.6439378911668234,0.3514229564039352,8.517631044924201e-13,245,8.939471385360775e-11,199
RoutingInterdiction,neural,46,QP+G,5,-0.9737310833896324,-1.2627219458388692,2.0539254838529883,1.5309643908375552,0.28015247448092956,8.641976023682219e-13,244,8.36521962810366e-11,199
RoutingInterdiction,neural,46,QP+G,10,-0.967716659238171,-1.179917278607899,1.9442772854115284,1.4623230898357684,0.24472615236305983,8.968381592922015e-13,243,8.938316753415165e-11,198
RoutingInterdiction,neural,46,QP+G,15,-0.9660275569469923,-1.1414148864458582,1.8918794682953108,1.4293994604310964,0.22722236543003774,8.679723606519474e-13,243,8.77442563052e-11,198
RoutingInterdiction,neural,46,QP+G,20,-0.9646218906500743,-1.1225677998693426,1.8633105656551032,1.4116443211573637,0.2205538981051931,8.542055951465954e-13,243,8.705003384790189e-11,198
RoutingInterdiction,neural,46,QP+G,25,-0.96315340028666,-1.11204030226695,1.845570366893474,1.4013827253810134,0.21973186673849318,8.457679001594443e-13,243,8.678524565652879e-11,198
RoutingInterdiction,neural,46,QP+G,30,-0.9617422159409347,-1.1075481972380385,1.835911087554732,1.3955528563272699,0.22160928103612432,8.424372310855688e-13,243,8.672662588082858e-11,198
RoutingInterdiction,neural,46,QP+G,35,-0.9617422159409347,-1.1075481972380385,1.835911087554732,1.3955528563272699,0.22160928103612432,8.424372310855688e-13,243,8.672662588082858e-11,198
RoutingInterdiction,neural,46,QP+G,40,-0.9617422159409347,-1.1075481972380385,1.835911087554732,1.3955528563272699,0.22160928103612432,8.424372310855688e-13,243,8.672662588082858e-11,198
RoutingInterdiction,neural,46,QP+G,45,-0.9617422159409347,-1.1075481972380385,1.835911087554732,1.3955528563272699,0.22160928103612432,8.424372310855688e-13,243,8.672662588082858e-11,198
RoutingInterdiction,neural,46,QP+G,50,-0.9617422159409347,-1.1075481972380385,1.835911087554732,1.3955528563272699,0.22160928103612432,8.424372310855688e-13,243,8.672662588082858e-11,198
RoutingInterdiction,neural,46,QP+G,55,-0.9617422159409347,-1.1075481972380385,1.835911087554732,1.3955528563272699,0.22160928103612432,8.424372310855688e-13,243,8.672662588082858e-11,198
RoutingInterdiction,neural,46,QP+G,60,-0.9617422159409347,-1.1075481972380385,1.835911087554732,1.3955528563272699,0.22160928103612432,8.424372310855688e-13,243,8.672662588082858e-11,198
RoutingInterdiction,neural,47,QP+G,0,-0.9622948019572832,-1.3100029514312188,2.154930253313668,1.648987100699938,0.3870052590562174,8.966161146872764e-13,244,8.823919372957789e-11,199
RoutingInterdiction,neural,47,QP+G,5,-0.9837668380516389,-1.1929781853405588,2.007550662792661,1.5394945430214322,0.29050130701698335,8.166800569142652e-13,244,8.237810433797677e-11,199
RoutingInterdiction,neural,47,QP+G,10,-0.9929389882194267,-1.123747982361019,1.9141921455005115,1.4825121268805104,0.2334884880387564,8.548717289613705e-13,243,8.881073654265492e-11,198
RoutingInterdiction,neural,47,QP+G,15,-0.992515192218196,-1.1070182236831583,1.8760245848790933,1.4522913067112684,0.2028738243969405,8.419931418757187e-13,243,8.81106299033263e-11,198
RoutingInterdiction,neural,47,QP+G,20,-0.9893492288155208,-1.0921681037438002,1.8456297251823894,1.4294133045237438,0.1910367435416252,8.306688670245421e-13,243,8.749401203544949e-11,198
RoutingInterdiction,neural,47,QP+G,25,-0.9849618270933665,-1.0747104831298477,1.8174858730020136,1.412020609484381,0.18972998449890147,8.171241461241152e-13,243,8.691547481731732e-11,198
RoutingInterdiction,neural,47,QP+G,30,-0.9796205681465033,-1.069114075902917,1.8044236111595664,1.3996325836403019,0.19395810940022692,8.131273432354647e-13,243,8.648703975211447e-11,198
RoutingInterdiction,neural,47,QP+G,35,-0.9792153937142736,-1.0677533332596296,1.80116739626818,1.396688269950829,0.19566655698791197,8.117950756059145e-13,243,8.63954463525829e-11,198
RoutingInterdiction,neural,47,QP+G,40,-0.9792153937142736,-1.0677533332596296,1.80116739626818,1.396688269950829,0.19566655698791197,8.117950756059145e-13,243,8.63954463525829e-11,198
RoutingInterdiction,neural,47,QP+G,45,-0.9792153937142736,-1.0677533332596296,1.80116739626818,1.396688269950829,0.19566655698791197,8.117950756059145e-13,243,8.63954463525829e-11,198
RoutingInterdiction,neural,47,QP+G,50,-0.9792153937142736,-1.0677533332596296,1.80116739626818,1.396688269950829,0.19566655698791197,8.117950756059145e-13,243,8.63954463525829e-11,198
RoutingInterdiction,neural,47,QP+G,55,-0.9792153937142736,-1.0677533332596296,1.80116739626818,1.396688269950829,0.19566655698791197,8.117950756059145e-13,243,8.63954463525829e-11,198
RoutingInterdiction,neural,47,QP+G,60,-0.9792153937142736,-1.0677533332596296,1.80116739626818,1.396688269950829,0.19566655698791197,8.117950756059145e-13,243,8.63954463525829e-11,198
RoutingInterdiction,neural,48,QP+G,0,-1.0110201718531537,-1.077147407856541,1.7509857378842733,1.3629930393883867,0.2435319914474674,8.193445921733655e-13,243,8.827361064334127e-11,198
RoutingInterdiction,neural,48,QP+G,5,-1.003667835846068,-1.0382784906781595,1.735836454931344,1.3758330518008615,0.20676115132283043,8.775202786637237e-13,242,8.756262381837132e-11,198
RoutingInterdiction,neural,48,QP+G,10,-0.9987850395556983,-1.0417004286561087,1.7563398919192341,1.3882933870423642,0.19035480261481072,8.806289031326742e-13,242,8.72475425239827e-11,198
RoutingInterdiction,neural,48,QP+G,15,-0.99595189931421,-1.0387494937977562,1.7630796746522892,1.3947853338132716,0.18571137506113605,8.779643678735738e-13,242,8.699885256646667e-11,198
RoutingInterdiction,neural,48,QP+G,20,-0.9959138546344539,-1.038819896520716,1.7631668415577153,1.3947805201666335,0.18571319228093527,8.779643678735738e-13,242,8.699707620962727e-11,198
RoutingInterdiction,neural,48,QP+G,25,-0.9959138546344539,-1.038819896520716,1.7631668415577153,1.3947805201666335,0.18571319228093527,8.779643678735738e-13,242,8.699707620962727e-11,198
RoutingInterdiction,neural,48,QP+G,30,-0.9959138546344539,-1.038819896520716,1.7631668415577153,1.3947805201666335,0.18571319228093527,8.779643678735738e-13,242,8.699707620962727e-11,198
RoutingInterdiction,neural,48,QP+G,35,-0.9959138546344539,-1.038819896520716,1.7631668415577153,1.3947805201666335,0.18571319228093527,8.779643678735738e-13,242,8.699707620962727e-11,198
RoutingInterdiction,neural,48,QP+G,40,-0.9959138546344539,-1.038819896520716,1.7631668415577153,1.3947805201666335,0.18571319228093527,8.779643678735738e-13,242,8.699707620962727e-11,198
RoutingInterdiction,neural,48,QP+G,45,-0.9959138546344539,-1.038819896520716,1.7631668415577153,1.3947805201666335,0.18571319228093527,8.779643678735738e-13,242,8.699707620962727e-11,198
RoutingInterdiction,neural,48,QP+G,50,-0.9959138546344539,-1.038819896520716,1.7631668415577153,1.3947805201666335,0.18571319228093527,8.779643678735738e-13,242,8.699707620962727e-11,198
RoutingInterdiction,neural,48,QP+G,55,-0.9959138546344539,-1.038819896520716,1.7631668415577153,1.3947805201666335,0.18571319228093527,8.779643678735738e-13,242,8.699707620962727e-11,198
RoutingInterdiction,neural,48,QP+G,60,-0.9959138546344539,-1.038819896520716,1.7631668415577153,1.3947805201666335,0.18571319228093527,8.779643678735738e-13,242,8.699707620962727e-11,198
RoutingInterdiction,neural,49,QP+G,0,-0.9773434943192816,-1.0901965165686573,1.8215426801552024,1.3996657617435033,0.2463029104390819,8.293365993949919e-13,243,8.675449247874667e-11,198
RoutingInterdiction,neural,49,QP+G,5,-0.9784394694895076,-1.0683833344547202,1.7977359237398909,1.3914505051780581,0.20869006225769843,8.124612094206896e-13,243,8.626566128100421e-11,198
RoutingInterdiction,neural,49,QP+G,10,-0.9782815230635957,-1.0603726225185621,1.7874844119774513,1.386502663203147,0.190642338783939,8.959499808725013e-13,242,8.604961188041216e-11,198
RoutingInterdiction,neural,49,QP+G,15,-0.9775869606443142,-1.0608974897450594,1.785857530134742,1.383120800309156,0.1840273498611595,8.966161146872764e-13,242,8.594835954056634e-11,198
RoutingInterdiction,neural,49,QP+G,20,-0.976678732357754,-1.063054730376613,1.7860478443152452,1.3805262526203026,0.18322960732912627,8.986145161316017e-13,242,8.589440270156956e-11,198
RoutingInterdiction,neural,49,QP+G,25,-0.976678732357754,-1.063054730376613,1.7860478443152452,1.3805262526203026,0.18322960732912627,8.986145161316017e-13,242,8.589440270156956e-11,198
RoutingInterdiction,neural,49,QP+G,30,-0.976678732357754,-1.063054730376613,1.7860478443152452,1.3805262526203026,0.18322960732912627,8.986145161316017e-13,242,8.589440270156956e-11,198
RoutingInterdiction,neural,49,QP+G,35,-0.976678732357754,-1.063054730376613,1.7860478443152452,1.3805262526203026,0.18322960732912627,8.986145161316017e-13,242,8.589440270156956e-11,198
RoutingInterdiction,neural,49,QP+G,40,-0.976678732357754,-1.063054730376613,1.7860478443152452,1.3805262526203026,0.18322960732912627,8.986145161316017e-13,242,8.589440270156956e-11,198
RoutingInterdiction,neural,49,QP+G,45,-0.976678732357754,-1.063054730376613,1.7860478443152452,1.3805262526203026,0.18322960732912627,8.986145161316017e-13,242,8.589440270156956e-11,198
RoutingInterdiction,neural,49,QP+G,50,-0.976678732357754,-1.063054730376613,1.7860478443152452,1.3805262526203026,0.18322960732912627,8.986145161316017e-13,242,8.589440270156956e-11,198
RoutingInterdiction,neural,49,QP+G,55,-0.976678732357754,-1.063054730376613,1.7860478443152452,1.3805262526203026,0.18322960732912627,8.986145161316017e-13,242,8.589440270156956e-11,198
RoutingInterdiction,neural,49,QP+G,60,-0.976678732357754,-1.063054730376613,1.7860478443152452,1.3805262526203026,0.18322960732912627,8.986145161316017e-13,242,8.589440270156956e-11,198
RoutingInterdiction,neural,40,noG,0,-1.0045574236306778,-1.512424148961696,2.1446896049500666,1.5387461796475947,0.3285274788748613,8.382183835919932e-13,246,8.67206306764956e-11,200
RoutingInterdiction,neural,40,noG,5,-1.0034015815745383,-1.4685301633566479,2.096706806807938,1.500031985625896,0.3294148155717595,8.142375662600898e-13,246,8.422418318332348e-11,200
RoutingInterdiction,neural,40,noG,10,-1.0001504543525317,-1.3965711160008318,2.025025092994551,1.4519579686171418,0.3303515694017061,8.602007994795713e-13,245,8.971734466456383e-11,199
RoutingInterdiction,neural,40,noG,15,-0.9942425030641922,-1.3015997565047126,1.9346747737104855,1.4085904972026058,0.3306880109009624,8.906209103543006e-13,244,8.589950972748284e-11,199
RoutingInterdiction,neural,40,noG,20,-0.985965177076304,-1.1998765301189815,1.841783152675834,1.3880464975057651,0.33042675249077996,8.208989044078407e-13,244,8.360534486939741e-11,199
RoutingInterdiction,neural,40,noG,25,-0.9837160667592579,-1.195099329653836,1.8397955073455576,1.3880818575466252,0.33014535761877534,8.180123245438153e-13,244,8.340528268035996e-11,199
RoutingInterdiction,neural,40,noG,30,-0.9836304411286966,-1.1949772869024893,1.8397838169572274,1.388123282854991,0.33013030657215475,8.180123245438153e-13,244,8.340061974365653e-11,199
RoutingInterdiction,neural,40,noG,35,-0.983627250588689,-1.1949727292675216,1.8397833772126422,1.3881248816755736,0.33012973987560407,8.177902799388903e-13,244,8.340017565444668e-11,199
RoutingInterdiction,neural,40,noG,40,-0.9836271317891746,-1.1949725595502767,1.839783360833057,1.3881249412841394,0.3301297187665671,8.175682353339653e-13,244,8.340017565444668e-11,199
RoutingInterdiction,neural,40,noG,45,-0.9836271273658554,-1.1949725532310942,1.83978336022318,1.3881249435036709,0.33012971798059293,8.177902799388903e-13,244,8.340039769905161e-11,199
RoutingInterdiction,neural,40,noG,50,-0.9836271272012145,-1.1949725529958868,1.8397833602004798,1.3881249435862915,0.33012971795133805,8.180123245438153e-13,244,8.340039769905161e-11,199
RoutingInterdiction,neural,40,noG,55,-0.983627127195011,-1.1949725529870259,1.8397833601996252,1.3881249435894016,0.33012971795023605,8.177902799388903e-13,244,8.340017565444668e-11,199
RoutingInterdiction,neural,40,noG,60,-0.9836271271947913,-1.194972552986711,1.8397833601995934,1.388124943589522,0.33012971795019636,8.180123245438153e-13,244,8.340017565444668e-11,199
RoutingInterdiction,neural,41,noG,0,-1.017208862021889,-1.2410616115383883,2.032176775881975,1.5517024187074058,0.2956098455312497,8.493206138382448e-13,244,8.497469394797008e-11,199
RoutingInterdiction,neural,41,noG,5,-1.0098348724778021,-1.306402688537485,2.09338205505498,1.5615708116321207,0.2900942838140297,8.941736240331011e-13,244,8.616041213826975e-11,199
RoutingInterdiction,neural,41,noG,10,-1.0061594236083793,-1.337827950709916,2.1202582616074244,1.5692899167646401,0.28705573498013126,8.242295734817162e-13,245,8.717981891948057e-11,199
RoutingInterdiction,neural,41,noG,15,-1.0031980782486807,-1.36292634336008,2.139590616747498,1.5758904779863552,0.2844359456723265,8.395506512215434e-13,245,8.820300045897511e-11,199
RoutingInterdiction,neural,41,noG,20,-0.9997438253337768,-1.391917440753873,2.1564673009400726,1.5814642697937982,0.2811470750641398,8.573142196155459e-13,245,8.966360987017197e-11,199
RoutingInterdiction,neural,41,noG,25,-0.9980142787244572,-1.4027683250536,2.1499841393685366,1.5743335828168663,0.27823739101769746,8.639755577632968e-13,245,8.146838759159891e-11,200
RoutingInterdiction,neural,41,noG,30,-0.9980610979410133,-1.3884476521356555,2.1157755970152916,1.5515405294432827,0.2754964419140918,8.550937735662956e-13,245,8.128719919398009e-11,200
RoutingInterdiction,neural,41,noG,35,-0.9988565902337099,-1.3503248786357571,2.0564669628570353,1.5172235923978854,0.27231573442372076,8.315570454442422e-13,245,8.928635608640434e-11,199
RoutingInterdiction,neural,41,noG,40,-0.999408786298484,-1.2917450862414193,1.9766866095866653,1.479173457084609,0.26842805523003577,8.841816168114747e-13,244,8.79305517287321e-11,199
RoutingInterdiction,neural,41,noG,45,-0.9990713265781883,-1.2541621476990197,1.919090172325033,1.4458498104550594,0.26403547501412145,8.586464872450961e-13,244,8.681833030266262e-11,199
RoutingInterdiction,neural,41,noG,50,-0.9976635897810558,-1.2641673046620339,1.9112927982003636,1.4224501121656734,0.25973525069762377,8.659739592076221e-13,244,8.628564529544747e-11,199
RoutingInterdiction,neural,41,noG,55,-0.9953826178025423,-1.291404111275845,1.9237197747704147,1.4085413753545362,0.25627205065495756,8.837375276016246e-13,244,8.625788971983184e-11,199
RoutingInterdiction,neural,41,noG,60,-0.9925794313290985,-1.3195955375060282,1.940610249915265,1.3993287152208542,0.2542184625899256,8.126832540256146e-13,245,8.634759574022155e-11,199
RoutingInterdiction,neural,42,noG,0,-1.0067869460825198,-1.346152022570778,2.0749860938937914,1.518001956908674,0.2440864350541424,8.291145547900669e-13,245,8.761702474657795e-11,199
RoutingInterdiction,neural,42,noG,5,-1.0053708324102189,-1.326293806173698,2.0544806435651837,1.5049600484730181,0.24324513802903186,8.169021015191902e-13,245,8.663469941438962e-11,199
RoutingInterdiction,neural,42,noG,10,-1.0030416688249093,-1.2860382275037998,2.0138618829080737,1.4828828728198866,0.24284816526114203,8.799627693178991e-13,244,8.491252145859107e-11,199
RoutingInterdiction,neural,42,noG,15,-0.9991013089722891,-1.2307250627227069,1.9585754116239569,1.4565636527923527,0.24273722089685676,8.424372310855688e-13,244,8.282063923559235e-11,199
RoutingInterdiction,neural,42,noG,20,-0.9932920303814181,-1.1853707683310997,1.9136977532456665,1.4319931210391514,0.2429534056856795,8.117950756059145e-13,244,8.981126953244711e-11,198
RoutingInterdiction,neural,42,noG,25,-0.9858420989999395,-1.1550660401618464,1.8843162574768864,1.4142961603185762,0.24369746678900175,8.786305016883489e-13,243,8.81656969653477e-11,198
RoutingInterdiction,neural,42,noG,30,-0.9794618929862641,-1.1363902276335736,1.8665970826321676,1.407103365223644,0.24469971158813256,8.641976023682219e-13,243,8.74462724453906e-11,198
RoutingInterdiction,neural,42,noG,35,-0.9786080242193014,-1.1339339761017135,1.8642790403568132,1.4065731509120698,0.2448291215811677,8.621992009238966e-13,243,8.73876526696904e-11,198
RoutingInterdiction,neural,42,noG,40,-0.9785363417839481,-1.1337282386346301,1.8640850021192756,1.4065327764250495,0.2448398230003082,8.621992009238966e-13,243,8.738298973298697e-11,198
RoutingInterdiction,neural,42,noG,45,-0.9785303734652736,-1.133711112099254,1.8640688503204499,1.4065294433035138,0.2448407129301503,8.621992009238966e-13,243,8.738254564377712e-11,198
RoutingInterdiction,neural,42,noG,50,-0.978529876868988,-1.1337096871019166,1.8640675064309538,1.406529166166885,0.24484078696969,8.619771563189715e-13,243,8.738276768838205e-11,198
RoutingInterdiction,neural,42,noG,55,-0.9785298355517527,-1.1337095685410814,1.8640673946183919,1.406529143110231,0.2448407931297908,8.619771563189715e-13,243,8.738276768838205e-11,198
RoutingInterdiction,neural,42,noG,60,-0.9785298321141952,-1.1337095586769252,1.864067385315686,1.4065291411919634,0.2448407936423057,8.621992009238966e-13,243,8.738254564377712e-11,198
RoutingInterdiction,neural,43,noG,0,-1.012269439010577,-1.302700426461221,2.069619693717053,1.5431358399098465,0.2799215641355875,8.912870441690757e-13,244,8.649725380394102e-11,199
RoutingInterdiction,neural,43,noG,5,-1.0068265162959484,-1.2036799880126545,1.9584175810796114,1.4919787324756775,0.2768488673911766,8.237854842718662e-13,244,8.341016766166831e-11,199
RoutingInterdiction,neural,43,noG,10,-0.9993978392723453,-1.1544769363227028,1.897676987648528,1.4577584998764492,0.2742882568978127,8.784084570834239e-13,243,8.160339071139333e-11,199
RoutingInterdiction,neural,43,noG,15,-0.9910100866580448,-1.1870849162840391,1.9197724008035142,1.4421494718391872,0.27276359284642526,8.126832540256146e-13,244,8.11861688987392e-11,199
RoutingInterdiction,neural,43,noG,20,-0.9847861507522178,-1.2152312725993741,1.9409553451602948,1.4395162371585997,0.2723769625958456,8.315570454442422e-13,244,8.152256647520062e-11,199
RoutingInterdiction,neural,43,noG,25,-0.9833411528512056,-1.220713872194989,1.9448991081847373,1.439582829949318,0.27230416646808797,8.353318037279678e-13,244,8.164957598921774e-11,199
RoutingInterdiction,neural,43,noG,30,-0.9829945514292078,-1.2219625804766425,1.9457827329340966,1.4396272553178433,0.2722873905963003,8.364420267525929e-13,244,8.168221654614172e-11,199
RoutingInterdiction,neural,43,noG,35,-0.9829068591517437,-1.2222743113125805,1.9460023399776283,1.4396401190075248,0.2722832036868916,8.36664071357518e-13,244,8.169021015191902e-11,199
RoutingInterdiction,neural,43,noG,40,-0.9828843706986772,-1.222353978362643,1.9460583980194266,1.439643521626143,0.27228213395523604,8.364420267525929e-13,244,8.16926526425732e-11,199
RoutingInterdiction,neural,43,noG,45,-0.9828785835860305,-1.222374461415468,1.9460728066487296,1.4396444040668153,0.2722818589413526,8.36664071357518e-13,244,8.169287468717812e-11,199
RoutingInterdiction,neural,43,noG,50,-0.9828770930196602,-1.22237973595442,1.9460765166892264,1.439644631805622,0.2722817881248092,8.36664071357518e-13,244,8.169309673178304e-11,199
RoutingInterdiction,neural,43,noG,55,-0.9828767090116963,-1.2223810947300904,1.9460774724147574,1.439644690506897,0.27228176988184283,8.364420267525929e-13,244,8.169309673178304e-11,199
RoutingInterdiction,neural,43,noG,60,-0.9828766100754637,-1.2223814448012174,1.94607771864391,1.439644705632749,0.272281765181783,8.364420267525929e-13,244,8.169331877638797e-11,199
RoutingInterdiction,neural,44,noG,0,-1.0074699675820789,-1.5833586274075995,2.339350521458742,1.7267204247108765,0.347665991851063,8.777423232686488e-13,246,8.247846849940288e-11,201
RoutingInterdiction,neural,44,noG,5,-1.0120080256973794,-1.5228729197610484,2.3046033796453775,1.7024454134185878,0.34634478886020265,8.44213587924969e-13,246,8.803002771173851e-11,200
RoutingInterdiction,neural,44,noG,10,-1.01132029892575,-1.4329854407148308,2.23649528768014,1.6562633644428084,0.34575372555597933,8.826273045769994e-13,245,8.307554644204629e-11,200
RoutingInterdiction,neural,44,noG,15,-1.0045512816270232,-1.319517716406374,2.1397884320150524,1.5995212586093204,0.34601928358504813,8.129052986305396e-13,245,8.628386893860807e-11,199
RoutingInterdiction,neural,44,noG,20,-0.9921158907175273,-1.1897244740611632,2.021016018017649,1.5474891105139106,0.3475010835742234,8.142375662600898e-13,244,8.105804916169745e-11,199
RoutingInterdiction,neural,44,noG,25,-0.9755464416948179,-1.0886124185423753,1.9247906032349147,1.5152867572637985,0.3505995452461803,8.275602425555917e-13,243,8.662404127335321e-11,198
RoutingInterdiction,neural,44,noG,30,-0.9701716666720618,-1.0869983270646284,1.9233262148437853,1.5109270225679037,0.35168190483130457,8.260059303211165e-13,243,8.621070524128527e-11,198
RoutingInterdiction,neural,44,noG,35,-0.9698968674965013,-1.0872421729844377,1.9235590121390798,1.5107692300903712,0.3517333134715946,8.262279749260415e-13,243,8.619749358729223e-11,198
RoutingInterdiction,neural,44,noG,40,-0.9698831565819187,-1.0872543444798644,1.9235705858503342,1.5107615178797498,0.35173586925367584,8.264500195309665e-13,243,8.619693847577992e-11,198
RoutingInterdiction,neural,44,noG,45,-0.9698824732197245,-1.0872549511288838,1.9235711625897731,1.5107611338965254,0.35173599661292965,8.264500195309665e-13,243,8.619682745347745e-11,198
RoutingInterdiction,neural,44,noG,50,-0.9698824391621693,-1.0872549813632215,1.9235711913331843,1.5107611147604716,0.3517360029602311,8.262279749260415e-13,243,8.619682745347745e-11,198
RoutingInterdiction,neural,44,noG,55,-0.9698824374649416,-1.0872549828699218,1.923571192765585,1.5107611138068326,0.35173600327654275,8.264500195309665e-13,243,8.619693847577992e-11,198
RoutingInterdiction,neural,44,noG,60,-0.9698824373803071,-1.0872549829450546,1.9235711928370125,1.5107611137592973,0.35173600329231597,8.264500195309665e-13,243,8.619693847577992e-11,198
RoutingInterdiction,neural,45,noG,0,-0.997351761093543,-1.2261187503754596,1.9915572006229143,1.528281113140187,0.25744661007070974,8.391065620116933e-13,244,8.549960739401286e-11,199
RoutingInterdiction,neural,45,noG,5,-0.9945243259558832,-1.1902671175295072,1.9678637972322162,1.5147507485989777,0.25857855550671616,8.149037000748649e-13,244,8.341638491060621e-11,199
RoutingInterdiction,neural,45,noG,10,-0.9891429030964984,-1.143743202813871,1.9310350684265285,1.496189841385509,0.26173100404627114,8.697487174913476e-13,243,8.111622484818781e-11,199
RoutingInterdiction,neural,45,noG,15,-0.984208561833233,-1.1100314833760494,1.9020704881850348,1.483202300572342,0.26479849821549173,8.44213587924969e-13,243,8.852341082388193e-11,198
RoutingInterdiction,neural,45,noG,20,-0.983085686229024,-1.1041085916438762,1.8969150242136075,1.480651153488365,0.2654724267374595,8.393286066166183e-13,243,8.822320651802329e-11,198
RoutingInterdiction,neural,45,noG,25,-0.9828960315322869,-1.1031183457050402,1.8960452862275379,1.4802340851245923,0.2655853534289524,8.386624728018433e-13,243,8.817457874954471e-11,198
RoutingInterdiction,neural,45,noG,30,-0.9828654327844099,-1.1029588424206316,1.8959049888994488,1.4801671661683051,0.2656035490662402,8.388845174067683e-13,243,8.816680718837233e-11,198
RoutingInterdiction,neural,45,noG,35,-0.9828605322759763,-1.1029333040694163,1.8958825203872904,1.4801564583871207,0.2656064625543107,8.386624728018433e-13,243,8.81656969653477e-11,198
RoutingInterdiction,neural,45,noG,40,-0.9828597483664689,-1.102929219000681,1.8958789262298525,1.480154745762185,0.2656069285945186,8.386624728018433e-13,243,8.816525287613786e-11,198
RoutingInterdiction,neural,45,noG,45,-0.982859622992123,-1.1029285656607648,1.8958783513997233,1.480154471860251,0.2656070031301259,8.386624728018433e-13,243,8.816525287613786e-11,198
RoutingInterdiction,neural,45,noG,50,-0.9828596029409233,-1.1029284611718015,1.8958782594667798,1.4801544280550982,0.2656070150506433,8.386624728018433e-13,243,8.816547492074278e-11,198
RoutingInterdiction,neural,45,noG,55,-0.9828595997341343,-1.102928444460886,1.8958782447639453,1.4801544210493423,0.265607016957091,8.386624728018433e-13,243,8.816525287613786e-11,198
RoutingInterdiction,neural,45,noG,60,-0.9828595992215876,-1.1029284417899445,1.8958782424139606,1.4801544199296117,0.26560701726180325,8.388845174067683e-13,243,8.816547492074278e-11,198
RoutingInterdiction,neural,46,noG,0,-0.9763883598408417,-1.3827629858427568,2.2107876414959473,1.6439378911668234,0.3514229564039352,8.517631044924201e-13,245,8.939471385360775e-11,199
RoutingInterdiction,neural,46,noG,5,-0.9763883598408417,-1.3827629858427568,2.2107876414959473,1.6439378911668234,0.3514229564039352,8.517631044924201e-13,245,8.939471385360775e-11,199
RoutingInterdiction,neural,46,noG,10,-0.9763883598408417,-1.3827629858427568,2.2107876414959473,1.6439378911668234,0.3514229564039352,8.517631044924201e-13,245,8.939471385360775e-11,199
RoutingInterdiction,neural,46,noG,15,-0.9763883598408417,-1.3827629858427568,2.2107876414959473,1.6439378911668234,0.3514229564039352,8.517631044924201e-13,245,8.939471385360775e-11,199
RoutingInterdiction,neural,46,noG,20,-0.9763883598408417,-1.3827629858427568,2.2107876414959473,1.6439378911668234,0.3514229564039352,8.517631044924201e-13,245,8.939471385360775e-11,199
RoutingInterdiction,neural,46,noG,25,-0.9763883598408417,-1.3827629858427568,2.2107876414959473,1.6439378911668234,0.3514229564039352,8.517631044924201e-13,245,8.939471385360775e-11,199
RoutingInterdiction,neural,46,noG,30,-0.9763883598408417,-1.3827629858427568,2.2107876414959473,1.6439378911668234,0.3514229564039352,8.517631044924201e-13,245,8.939471385360775e-11,199
RoutingInterdiction,neural,46,noG,35,-0.9763883598408417,-1.3827629858427568,2.2107876414959473,1.6439378911668234,0.3514229564039352,8.517631044924201e-13,245,8.939471385360775e-11,199
RoutingInterdiction,neural,46,noG,40,-0.9763883598408417,-1.3827629858427568,2.2107876414959473,1.6439378911668234,0.3514229564039352,8.517631044924201e-13,245,8.939471385360775e-11,199
RoutingInterdiction,neural,46,noG,45,-0.9763883598408417,-1.3827629858427568,2.2107876414959473,1.6439378911668234,0.3514229564039352,8.517631044924201e-13,245,8.939471385360775e-11,199
RoutingInterdiction,neural,46,noG,50,-0.9763883598408417,-1.3827629858427568,2.2107876414959473,1.6439378911668234,0.3514229564039352,8.517631044924201e-13,245,8.939471385360775e-11,199
RoutingInterdiction,neural,46,noG,55,-0.9763883598408417,-1.3827629858427568,2.2107876414959473,1.6439378911668234,0.3514229564039352,8.517631044924201e-13,245,8.939471385360775e-11,199
RoutingInterdiction,neural,46,noG,60,-0.9763883598408417,-1.3827629858427568,2.2107876414959473,1.6439378911668234,0.3514229564039352,8.517631044924201e-13,245,8.939471385360775e-11,199
RoutingInterdiction,neural,47,noG,0,-0.9622948019572832,-1.3100029514312188,2.154930253313668,1.648987100699938,0.3870052590562174,8.966161146872764e-13,244,8.823919372957789e-11,199
RoutingInterdiction,neural,47,noG,5,-0.9622948019572832,-1.3100029514312188,2.154930253313668,1.648987100699938,0.3870052590562174,8.966161146872764e-13,244,8.823919372957789e-11,199
RoutingInterdiction,neural,47,noG,10,-0.9622948019572832,-1.3100029514312188,2.154930253313668,1.648987100699938,0.3870052590562174,8.966161146872764e-13,244,8.823919372957789e-11,199
RoutingInterdiction,neural,47,noG,15,-0.9622948019572832,-1.3100029514312188,2.154930253313668,1.648987100699938,0.3870052590562174,8.966161146872764e-13,244,8.823919372957789e-11,199
RoutingInterdiction,neural,47,noG,20,-0.9622948019572832,-1.3100029514312188,2.154930253313668,1.648987100699938,0.3870052590562174,8.966161146872764e-13,244,8.823919372957789e-11,199
RoutingInterdiction,neural,47,noG,25,-0.9622948019572832,-1.3100029514312188,2.154930253313668,1.648987100699938,0.3870052590562174,8.966161146872764e-13,244,8.823919372957789e-11,199
RoutingInterdiction,neural,47,noG,30,-0.9622948019572832,-1.3100029514312188,2.154930253313668,1.648987100699938,0.3870052590562174,8.966161146872764e-13,244,8.823919372957789e-11,199
RoutingInterdiction,neural,47,noG,35,-0.9622948019572832,-1.3100029514312188,2.154930253313668,1.648987100699938,0.3870052590562174,8.966161146872764e-13,244,8.823919372957789e-11,199
RoutingInterdiction,neural,47,noG,40,-0.9622948019572832,-1.3100029514312188,2.154930253313668,1.648987100699938,0.3870052590562174,8.966161146872764e-13,244,8.823919372957789e-11,199
RoutingInterdiction,neural,47,noG,45,-0.9622948019572832,-1.3100029514312188,2.154930253313668,1.648987100699938,0.3870052590562174,8.966161146872764e-13,244,8.823919372957789e-11,199
RoutingInterdiction,neural,47,noG,50,-0.9622948019572832,-1.3100029514312188,2.154930253313668,1.648987100699938,0.3870052590562174,8.966161146872764e-13,244,8.823919372957789e-11,199
RoutingInterdiction,neural,47,noG,55,-0.9622948019572832,-1.3100029514312188,2.154930253313668,1.648987100699938,0.3870052590562174,8.966161146872764e-13,244,8.823919372957789e-11,199
RoutingInterdiction,neural,47,noG,60,-0.9622948019572832,-1.3100029514312188,2.154930253313668,1.648987100699938,0.3870052590562174,8.966161146872764e-13,244,8.823919372957789e-11,199
RoutingInterdiction,neural,48,noG,0,-1.0110201718531537,-1.077147407856541,1.7509857378842733,1.3629930393883867,0.2435319914474674,8.193445921733655e-13,243,8.827361064334127e-11,198
RoutingInterdiction,neural,48,noG,5,-1.0023481541189823,-1.0437895511607271,1.7180957782458033,1.3555678116057348,0.23988585315642158,8.817391261572993e-13,242,8.75863825910983e-11,198
RoutingInterdiction,neural,48,noG,10,-0.9977649080725262,-1.0718301549650557,1.748188644361519,1.3587887558120646,0.2382106230780216,8.151257446797899e-13,243,8.771339210511542e-11,198
RoutingInterdiction,neural,48,noG,15,-0.9975648533330146,-1.0733946810602126,1.7498818587788945,1.3590495564637934,0.23813001083472032,8.162359677044151e-13,243,8.772671478141092e-11,198
RoutingInterdiction,neural,48,noG,20,-0.9975576399133369,-1.0734511258719772,1.749943013046861,1.3590591554306601,0.23812708598493346,8.162359677044151e-13,243,8.772693682601584e-11,198
RoutingInterdiction,neural,48,noG,25,-0.9975573788225607,-1.0734531689426554,1.749945226667812,1.3590595031218222,0.23812698009573335,8.166800569142652e-13,243,8.772715887062077e-11,198
RoutingInterdiction,neural,48,noG,30,-0.9975573693711319,-1.0734532429014245,1.7499453068005821,1.3590595157085175,0.23812697626253612,8.162359677044151e-13,243,8.772715887062077e-11,198
RoutingInterdiction,neural,48,noG,35,-0.9975573690289122,-1.073453245579341,1.7499453097020492,1.3590595161642582,0.23812697612374265,8.162359677044151e-13,243,8.772715887062077e-11,198
RoutingInterdiction,neural,48,noG,40,-0.997557369016612,-1.073453245675591,1.7499453098063338,1.3590595161806207,0.2381269761187543,8.162359677044151e-13,243,8.772693682601584e-11,198
RoutingInterdiction,neural,48,noG,45,-0.9975573690161071,-1.0734532456795405,1.7499453098106128,1.3590595161813153,0.23812697611854963,8.162359677044151e-13,243,8.772693682601584e-11,198
RoutingInterdiction,neural,48,noG,50,-0.9975573690161071,-1.0734532456795405,1.7499453098106128,1.3590595161813153,0.23812697611854963,8.162359677044151e-13,243,8.772693682601584e-11,198
RoutingInterdiction,neural,48,noG,55,-0.9975573690161071,-1.0734532456795405,1.7499453098106128,1.3590595161813153,0.23812697611854963,8.162359677044151e-13,243,8.772693682601584e-11,198
RoutingInterdiction,neural,48,noG,60,-0.9975573690161071,-1.0734532456795405,1.7499453098106128,1.3590595161813153,0.23812697611854963,8.162359677044151e-13,243,8.772693682601584e-11,198
RoutingInterdiction,neural,49,noG,0,-0.9773434943192816,-1.0901965165686573,1.8215426801552024,1.3996657617435033,0.2463029104390819,8.293365993949919e-13,243,8.675449247874667e-11,198
RoutingInterdiction,neural,49,noG,5,-0.9773434943192816,-1.0901965165686573,1.8215426801552024,1.3996657617435033,0.2463029104390819,8.293365993949919e-13,243,8.675449247874667e-11,198
RoutingInterdiction,neural,49,noG,10,-0.9773434943192816,-1.0901965165686573,1.8215426801552024,1.3996657617435033,0.2463029104390819,8.293365993949919e-13,243,8.675449247874667e-11,198
RoutingInterdiction,neural,49,noG,15,-0.9773434943192816,-1.0901965165686573,1.8215426801552024,1.3996657617435033,0.2463029104390819,8.293365993949919e-13,243,8.675449247874667e-11,198
RoutingInterdiction,neural,49,noG,20,-0.9773434943192816,-1.0901965165686573,1.8215426801552024,1.3996657617435033,0.2463029104390819,8.293365993949919e-13,243,8.675449247874667e-11,198
RoutingInterdiction,neural,49,noG,25,-0.9773434943192816,-1.0901965165686573,1.8215426801552024,1.3996657617435033,0.2463029104390819,8.293365993949919e-13,243,8.675449247874667e-11,198
RoutingInterdiction,neural,49,noG,30,-0.9773434943192816,-1.0901965165686573,1.8215426801552024,1.3996657617435033,0.2463029104390819,8.293365993949919e-13,243,8.675449247874667e-11,198
RoutingInterdiction,neural,49,noG,35,-0.9773434943192816,-1.0901965165686573,1.8215426801552024,1.3996657617435033,0.2463029104390819,8.293365993949919e-13,243,8.675449247874667e-11,198
RoutingInterdiction,neural,49,noG,40,-0.9773434943192816,-1.0901965165686573,1.8215426801552024,1.3996657617435033,0.2463029104390819,8.293365993949919e-13,243,8.675449247874667e-11,198
RoutingInterdiction,neural,49,noG,45,-0.9773434943192816,-1.0901965165686573,1.8215426801552024,1.3996657617435033,0.2463029104390819,8.293365993949919e-13,243,8.675449247874667e-11,198
RoutingInterdiction,neural,49,noG,50,-0.9773434943192816,-1.0901965165686573,1.8215426801552024,1.3996657617435033,0.2463029104390819,8.293365993949919e-13,243,8.675449247874667e-11,198
RoutingInterdiction,neural,49,noG,55,-0.9773434943192816,-1.0901965165686573,1.8215426801552024,1.3996657617435033,0.2463029104390819,8.293365993949919e-13,243,8.675449247874667e-11,198
RoutingInterdiction,neural,49,noG,60,-0.9773434943192816,-1.0901965165686573,1.8215426801552024,1.3996657617435033,0.2463029104390819,8.293365993949919e-13,243,8.675449247874667e-11,198
RoutingInterdiction,neural,40,GDA,0,-1.0045574236306778,-1.512424148961696,2.144689604950066,1.5387461796475796,0.3285274788748613,8.384404281969182e-13,246,8.67206306764956e-11,200
RoutingInterdiction,neural,40,GDA,5,-1.0034015815745383,-1.468530163356648,2.096706806807938,1.5000319856258804,0.3294148155717595,8.140155216551648e-13,246,8.422418318332348e-11,200
RoutingInterdiction,neural,40,GDA,10,-1.0001504543525317,-1.3965711160008314,2.0250250929945506,1.4519579686171384,0.3303515694017061,8.599787548746463e-13,245,8.97171226199589e-11,199
RoutingInterdiction,neural,40,GDA,15,-0.9942425030641922,-1.3015997565047126,1.9346747737104855,1.4085904972026257,0.3306880109009624,8.908429549592256e-13,244,8.589950972748284e-11,199
RoutingInterdiction,neural,40,GDA,20,-0.985965177076304,-1.1998765301189813,1.8417831526758337,1.38804649750577,0.33042675249077996,8.211209490127658e-13,244,8.360512282479249e-11,199
RoutingInterdiction,neural,40,GDA,25,-0.9764292724758069,-1.2234796651338207,1.8781475674966766,1.4018681503317743,0.3301483016948172,8.375522497772181e-13,244,8.377409876914044e-11,199
RoutingInterdiction,neural,40,GDA,30,-0.9671845557955072,-1.3124963250036226,1.9833770099750692,1.4449989978004159,0.33071784132496085,8.981704269217516e-13,244,8.601253043138968e-11,199
RoutingInterdiction,neural,40,GDA,35,-0.9596214591560821,-1.3811974160140772,2.0710134221855308,1.5005221193586422,0.33289283000296077,8.506528814677949e-13,245,8.89968099215821e-11,199
RoutingInterdiction,neural,40,GDA,40,-0.954401110808841,-1.4229329236494463,2.1333863715573305,1.5513780176496863,0.33698965739868914,8.764100556390986e-13,245,8.229439352192003e-11,200
RoutingInterdiction,neural,40,GDA,45,-0.9511495351545837,-1.4327401894217062,2.1642189079038667,1.5867462425909018,0.342757598197578,8.826273045769994e-13,245,8.333400636217903e-11,200
RoutingInterdiction,neural,40,GDA,50,-0.9485567035503755,-1.4173425575602527,2.1686872115109153,1.6038632567105913,0.34951421678860417,8.733014311701481e-13,245,8.314260391273365e-11,200
RoutingInterdiction,neural,40,GDA,55,-0.9448729016465395,-1.4065039184709047,2.1749093965493707,1.6079916195918131,0.35646096064575605,8.666400930223972e-13,245,8.222134084689969e-11,200
RoutingInterdiction,neural,40,GDA,60,-0.9386292751477663,-1.3943852176778324,2.1754917759323913,1.6093893808263127,0.3630133567131218,8.588685318500211e-13,245,8.141909368930556e-11,200
RoutingInterdiction,neural,41,GDA,0,-1.017208862021889,-1.2410616115383881,2.0321767758819744,1.551702418707407,0.2956098455312497,8.495426584431698e-13,244,8.497469394797008e-11,199
RoutingInterdiction,neural,41,GDA,5,-1.0091105920825134,-1.3127349094420855,2.0990531184458447,1.5631351358371761,0.2896539602519584,8.983924715266767e-13,244,8.634470916035752e-11,199
RoutingInterdiction,neural,41,GDA,10,-1.002880008049724,-1.3662206532535945,2.142547940801245,1.5774551095501232,0.284904063808115,8.413270080609436e-13,245,8.835510101334876e-11,199
RoutingInterdiction,neural,41,GDA,15,-0.999173598968015,-1.397323027840538,2.159187655967595,1.5826461196134651,0.28134952820797976,8.606448886894214e-13,245,8.997869116456059e-11,199
RoutingInterdiction,neural,41,GDA,20,-0.997855259789739,-1.403605448258631,2.1475061106098843,1.5725406175140921,0.278520701726562,8.646416915780719e-13,245,8.158140829550575e-11,200
RoutingInterdiction,neural,41,GDA,25,-0.9981517977966993,-1.3846959306627153,2.1082944639959713,1.5470454435611591,0.2757325480658755,8.528733275170453e-13,245,8.123435257800793e-11,200
RoutingInterdiction,neural,41,GDA,30,-0.9990024336811242,-1.342353054643942,2.044585659242588,1.5111625200007224,0.27241666926894814,8.271161533457416e-13,245,8.911316129456281e-11,199
RoutingInterdiction,neural,41,GDA,35,-0.9994511104657671,-1.2802651839130423,1.9613500893879334,1.473145975129634,0.26838636081612427,8.766321002440236e-13,244,8.77495853757182e-11,199
RoutingInterdiction,neural,41,GDA,40,-0.9989301032420521,-1.255340419741422,1.9166764926481907,1.4412287793426808,0.26392954703774185,8.597567102697212e-13,244,8.672040863189068e-11,199
RoutingInterdiction,neural,41,GDA,45,-0.9973409756553031,-1.2666491743177462,1.9106222507562678,1.4197000100960269,0.25969779518780606,8.673062268371723e-13,244,8.629608139187894e-11,199
RoutingInterdiction,neural,41,GDA,50,-0.9949323366292213,-1.2988960522010538,1.9286278705622846,1.407105573837,0.25643359325150095,8.886225089099753e-13,244,8.632805581498815e-11,199
RoutingInterdiction,neural,41,GDA,55,-0.9920613501587373,-1.3239119954273026,1.9429932181985203,1.3981581263562586,0.25465109308817985,8.15347789284715e-13,245,8.639400306265088e-11,199
RoutingInterdiction,neural,41,GDA,60,-0.9889665344627436,-1.3293989528341563,1.9416417974708853,1.387453043329712,0.2544272185783071,8.189005029635155e-13,245,8.606759749341109e-11,199
RoutingInterdiction,neural,42,GDA,0,-1.0067869460825198,-1.3461520225707777,2.0749860938937914,1.5180019569086607,0.2440864350541424,8.291145547900669e-13,245,8.761724679118288e-11,199
RoutingInterdiction,neural,42,GDA,5,-1.0053708324102189,-1.3262938061736977,2.0544806435651832,1.5049600484730121,0.24324513802903186,8.171241461241152e-13,245,8.663492145899454e-11,199
RoutingInterdiction,neural,42,GDA,10,-1.0030416688249093,-1.2860382275037998,2.0138618829080737,1.482882872819887,0.24284816526114203,8.799627693178991e-13,244,8.491229941398615e-11,199
RoutingInterdiction,neural,42,GDA,15,-0.9991013089722891,-1.230725062722707,1.9585754116239573,1.4565636527923524,0.24273722089685676,8.424372310855688e-13,244,8.282063923559235e-11,199
RoutingInterdiction,neural,42,GDA,20,-0.9932920303814181,-1.1853707683310994,1.9136977532456658,1.4319931210391483,0.2429534056856795,8.115730310009894e-13,244,8.981126953244711e-11,198
RoutingInterdiction,neural,42,GDA,25,-0.9858420989999395,-1.1550660401618464,1.8843162574768864,1.4142961603185775,0.24369746678900175,8.784084570834239e-13,243,8.816547492074278e-11,198
RoutingInterdiction,neural,42,GDA,30,-0.9773563717726693,-1.1303316991530514,1.860875803712696,1.4059619046656517,0.24520786284017546,8.595346656647962e-13,243,8.731593226229961e-11,198
RoutingInterdiction,neural,42,GDA,35,-0.9685965806703873,-1.1097774489916978,1.841837828720072,1.4064187315638093,0.24763451540007259,8.424372310855688e-13,243,8.722778055414437e-11,198
RoutingInterdiction,neural,42,GDA,40,-0.9602370003249348,-1.1127028568230632,1.8462905898716953,1.4129885140895282,0.2509891872775955,8.451017663446692e-13,243,8.768408221726531e-11,198
RoutingInterdiction,neural,42,GDA,45,-0.9526790028083334,-1.1293070456876542,1.8641759570922531,1.4223205715874445,0.2551965434130306,8.58424442640171e-13,243,8.841016807537017e-11,198
RoutingInterdiction,neural,42,GDA,50,-0.9459704533343867,-1.1518764311155325,1.88750023488224,1.4314564161636214,0.2601993919217309,8.757439218243235e-13,243,8.916734017816452e-11,198
RoutingInterdiction,neural,42,GDA,55,-0.9398292632912425,-1.1659734126004255,1.9015492231537452,1.438313019726666,0.26604265140714156,8.86846152070575e-13,243,8.979306187484326e-11,198
RoutingInterdiction,neural,42,GDA,60,-0.9337385775463058,-1.1753264197757258,1.9098043538500127,1.4418423168601,0.272884549884107,8.93951579428176e-13,243,8.119283023688695e-11,199
RoutingInterdiction,neural,43,GDA,0,-1.012269439010577,-1.302700426461221,2.0696196937170526,1.5431358399098507,0.2799215641355875,8.912870441690757e-13,244,8.649747584854595e-11,199
RoutingInterdiction,neural,43,GDA,5,-1.0068265162959484,-1.2036799880126543,1.9584175810796114,1.4919787324756828,0.2768488673911766,8.237854842718662e-13,244,8.340972357245846e-11,199
RoutingInterdiction,neural,43,GDA,10,-0.9993978392723453,-1.1544769363227028,1.897676987648528,1.4577584998764572,0.2742882568978127,8.779643678735738e-13,243,8.160339071139333e-11,199
RoutingInterdiction,neural,43,GDA,15,-0.9910100866580448,-1.1870849162840396,1.9197724008035149,1.4421494718391856,0.27276359284642526,8.124612094206896e-13,244,8.11861688987392e-11,199
RoutingInterdiction,neural,43,GDA,20,-0.9827656713053539,-1.2232032048469537,1.9467431254368106,1.4398208957256045,0.27257672316721304,8.37108160567368e-13,244,8.17184098167445e-11,199
RoutingInterdiction,neural,43,GDA,25,-0.9754986232897142,-1.2441496579965732,1.9602264666240914,1.4435088142330468,0.2736960418953997,8.5131901528257e-13,244,8.26063661918397e-11,199
RoutingInterdiction,neural,43,GDA,30,-0.9695812336278968,-1.2480112084757697,1.9586137124887006,1.4482467237265482,0.27581614382322883,8.542055951465954e-13,244,8.343192803295096e-11,199
RoutingInterdiction,neural,43,GDA,35,-0.9649171542681466,-1.2476064772239102,1.9549998848014076,1.452579420332738,0.27853753330505615,8.537615059367454e-13,244,8.405032225766718e-11,199
RoutingInterdiction,neural,43,GDA,40,-0.9610800281333285,-1.2662949560188446,1.9729629647021483,1.4576210718235671,0.28156330520974,8.670841822322473e-13,244,8.452505362299689e-11,199
RoutingInterdiction,neural,43,GDA,45,-0.9575103978342085,-1.2849657627204292,1.9935107177694098,1.465104272128585,0.2848236260454046,8.79740724712974e-13,244,8.498046710769813e-11,199
RoutingInterdiction,neural,43,GDA,50,-0.9536800801124545,-1.2994842155016302,2.012481356736404,1.4755188001318535,0.2884882572856551,8.899547765395255e-13,244,8.545719687447217e-11,199
RoutingInterdiction,neural,43,GDA,55,-0.9491675983718391,-1.3060848911474259,2.0258966411944677,1.4874055518289087,0.2928765322856065,8.943956686380261e-13,244,8.586087396622588e-11,199
RoutingInterdiction,neural,43,GDA,60,-0.9436422457349631,-1.3065891696989556,2.03515607733944,1.4980326654128002,0.2983108889664314,8.943956686380261e-13,244,8.60118642975749e-11,199
RoutingInterdiction,neural,44,GDA,0,-1.0074699675820789,-1.5833586274075993,2.339350521458742,1.7267204247108843,0.347665991851063,8.777423232686488e-13,246,8.247891258861273e-11,201
RoutingInterdiction,neural,44,GDA,5,-1.0120080256973794,-1.5228729197610487,2.3046033796453775,1.7024454134185856,0.34634478886020265,8.444356325298941e-13,246,8.803002771173851e-11,200
RoutingInterdiction,neural,44,GDA,10,-1.01132029892575,-1.4329854407148308,2.23649528768014,1.6562633644427982,0.34575372555597933,8.828493491819245e-13,245,8.307532439744136e-11,200
RoutingInterdiction,neural,44,GDA,15,-1.0045512816270232,-1.3195177164063738,2.139788432015052,1.599521258609299,0.34601928358504813,8.126832540256146e-13,245,8.628386893860807e-11,199
RoutingInterdiction,neural,44,GDA,20,-0.9921158907175273,-1.1897244740611632,2.0210160180176486,1.5474891105139106,0.3475010835742234,8.142375662600898e-13,244,8.105804916169745e-11,199
RoutingInterdiction,neural,44,GDA,25,-0.9755464416948179,-1.0886124185423753,1.9247906032349147,1.5152867572637991,0.3505995452461803,8.275602425555917e-13,243,8.66243743402606e-11,198
RoutingInterdiction,neural,44,GDA,30,-0.9570683590218741,-1.1234954031461009,1.958314015183301,1.5112283197351695,0.3555212414549328,8.539835505416704e-13,243,8.638678661299082e-11,198
RoutingInterdiction,neural,44,GDA,35,-0.9390646755732366,-1.1937474854738686,2.0210807334659897,1.532934199087499,0.3621580611992756,8.162359677044151e-13,244,8.912870441690757e-11,198
RoutingInterdiction,neural,44,GDA,40,-0.9235915870602459,-1.2785899510341516,2.092633108594921,1.5706751787310398,0.3701468363062791,8.746336987996983e-13,244,8.448153288043159e-11,199
RoutingInterdiction,neural,44,GDA,45,-0.9120289089255239,-1.3631674916289918,2.1586289617100807,1.612628049031015,0.3790422942067667,8.393286066166183e-13,245,8.947020901928227e-11,199
RoutingInterdiction,neural,44,GDA,50,-0.9048631941685765,-1.4399031827551863,2.2122030930767047,1.647567173027498,0.3884653948088501,8.861800182558e-13,245,8.47699688222292e-11,200
RoutingInterdiction,neural,44,GDA,55,-0.9015741085371639,-1.4956883423523804,2.241165178785504,1.666488328050042,0.3981251561980313,8.284484209752918e-13,246,8.807088391904472e-11,200
RoutingInterdiction,neural,44,GDA,60,-0.9006387207250326,-1.5264148350331828,2.2425274387626226,1.6645077754991624,0.40771645884892965,8.455458555545192e-13,246,8.101186388387305e-11,201
RoutingInterdiction,neural,45,GDA,0,-0.997351761093543,-1.2261187503754596,1.9915572006229145,1.528281113140197,0.25744661007070974,8.393286066166183e-13,244,8.549960739401286e-11,199
RoutingInterdiction,neural,45,GDA,5,-0.9945243259558832,-1.1902671175295074,1.9678637972322166,1.5147507485989942,0.25857855550671616,8.146816554699399e-13,244,8.341616286600129e-11,199
RoutingInterdiction,neural,45,GDA,10,-0.9891429030964984,-1.143743202813871,1.931035068426529,1.496189841385505,0.26173100404627114,8.697487174913476e-13,243,8.111622484818781e-11,199
RoutingInterdiction,neural,45,GDA,15,-0.9812365649504464,-1.0945316725911889,1.888607690948437,1.4769419895398275,0.2668795421601595,8.322231792590173e-13,243,8.777023552397623e-11,198
RoutingInterdiction,neural,45,GDA,20,-0.9712051202235521,-1.0831808645517826,1.8807919806716629,1.462873169891817,0.27382912327005104,8.237854842718662e-13,243,8.617562219370711e-11,198
RoutingInterdiction,neural,45,GDA,25,-0.9597538316643881,-1.097349120841172,1.8950234371305514,1.4598399552991943,0.2822822733032792,8.344436253082677e-13,243,8.589373656775479e-11,198
RoutingInterdiction,neural,45,GDA,30,-0.9477826301307559,-1.139184281902604,1.9333491312063602,1.4708550788517933,0.29191957269319346,8.668621376273222e-13,243,8.71986927108992e-11,198
RoutingInterdiction,neural,45,GDA,35,-0.9362316205084222,-1.1936660644391761,1.9807805183385025,1.494097205517022,0.30246167686206854,8.164580123093401e-13,244,8.991429822913233e-11,198
RoutingInterdiction,neural,45,GDA,40,-0.925891594296485,-1.2586049700854194,2.0353064937372736,1.523467266960598,0.3136929574045955,8.606448886894214e-13,244,8.412004426361364e-11,199
RoutingInterdiction,neural,45,GDA,45,-0.9172023427373892,-1.3195402883059653,2.0828067249970483,1.5509451014894453,0.32543983599599996,8.120171202108395e-13,245,8.73938699186283e-11,199
RoutingInterdiction,neural,45,GDA,50,-0.9100819622357865,-1.3653128578232883,2.1126351318529952,1.5692413271316228,0.3375124516579709,8.397726958264684e-13,245,8.110601079636126e-11,200
RoutingInterdiction,neural,45,GDA,55,-0.9038493058168102,-1.3925867935747036,2.122139121189842,1.5739846990351927,0.34963687930771165,8.566480858007708e-13,245,8.270162332735254e-11,200
RoutingInterdiction,neural,45,GDA,60,-0.8973031260792405,-1.3992321085064001,2.110017167292813,1.5652707476956866,0.36141844621103836,8.608669332943464e-13,245,8.339084978103983e-11,200
RoutingInterdiction,neural,46,GDA,0,-0.9763883598408417,-1.3827629858427568,2.2107876414959473,1.6439378911668303,0.3514229564039352,8.515410598874951e-13,245,8.939471385360775e-11,199
RoutingInterdiction,neural,46,GDA,5,-0.9675959584703951,-1.4188744869098844,2.2345295224799577,1.646856236406847,0.35220347828155335,8.739675649849232e-13,245,8.163247855463851e-11,200
RoutingInterdiction,neural,46,GDA,10,-0.9602789512484546,-1.4270722897080517,2.2252998017983914,1.63328925411059,0.35478684897109514,8.788525462932739e-13,245,8.197620360306246e-11,200
RoutingInterdiction,neural,46,GDA,15,-0.9544006387118286,-1.405859109502428,2.1827020555975474,1.6009803054959977,0.35824934958307764,8.659739592076221e-13,245,8.12465650312788e-11,200
RoutingInterdiction,neural,46,GDA,20,-0.949309967612881,-1.356395342306577,2.1092281647841977,1.5560056866949674,0.36165448819078294,8.357758929378178e-13,245,8.864775580263995e-11,199
RoutingInterdiction,neural,46,GDA,25,-0.9441763711768912,-1.2843513328676732,2.0119895331989635,1.5115089651973106,0.3645210818408716,8.790745908981989e-13,244,8.712630616969363e-11,199
RoutingInterdiction,neural,46,GDA,30,-0.938388096857942,-1.2783566402082442,1.981027519091872,1.4817893705103777,0.3670623813390622,8.755218772193984e-13,244,8.672396134556948e-11,199
RoutingInterdiction,neural,46,GDA,35,-0.9317056898684513,-1.3162240303879402,1.9954147709530294,1.4722243935878012,0.370123976435938,8.117950756059145e-13,245,8.7770901657791e-11,199
RoutingInterdiction,neural,46,GDA,40,-0.9241126122297577,-1.3480750807188948,2.0063048502321523,1.476423573684605,0.3748416256303003,8.315570454442422e-13,245,8.969358589183685e-11,199
RoutingInterdiction,neural,46,GDA,45,-0.9154870093310616,-1.3859482060718502,2.026522149511572,1.4849928861768278,0.382129386436802,8.537615059367454e-13,245,8.252931671393071e-11,200
RoutingInterdiction,neural,46,GDA,50,-0.9053372220147925,-1.412435263956398,2.0392268910583744,1.4943019420533346,0.39221367359899834,8.695266728864226e-13,245,8.411493723770036e-11,200
RoutingInterdiction,neural,46,GDA,55,-0.8928290828303744,-1.4638075899245544,2.0810905561258535,1.508234385064381,0.4044584568806175,8.131273432354647e-13,246,8.572076382051819e-11,200
RoutingInterdiction,neural,46,GDA,60,-0.8771772429572039,-1.524721249153752,2.1370438994134373,1.5330956438352517,0.41758237224184536,8.466560785791444e-13,246,8.776712689950728e-11,200
RoutingInterdiction,neural,47,GDA,0,-0.9622948019572832,-1.310002951431219,2.154930253313668,1.6489871006999466,0.3870052590562174,8.961720254774264e-13,244,8.823919372957789e-11,199
RoutingInterdiction,neural,47,GDA,5,-0.9575168675265358,-1.3982021082958183,2.2223460128871553,1.6857614765013225,0.3785326261904584,8.610889778992714e-13,245,8.372302851000768e-11,200
RoutingInterdiction,neural,47,GDA,10,-0.9605376258721027,-1.4617371132082244,2.2610675550789727,1.7059274490322989,0.3708768389065799,8.102407633714392e-13,246,8.705258736085852e-11,200
RoutingInterdiction,neural,47,GDA,15,-0.9689468672095412,-1.4981473802788399,2.2702421930335728,1.7054048451146553,0.3636416759258191,8.304468224196171e-13,246,8.901790415904998e-11,200
RoutingInterdiction,neural,47,GDA,20,-0.9797005108432896,-1.5061653883814776,2.2501737368693813,1.6830311714260446,0.35700592547848226,8.351097591230427e-13,246,8.944645024655529e-11,200
RoutingInterdiction,neural,47,GDA,25,-0.9897322466535371,-1.4858400761270518,2.202335782602222,1.6400417163894025,0.3515495621707873,8.235634396669411e-13,246,8.833644926653506e-11,200
RoutingInterdiction,neural,47,GDA,30,-0.996416611378606,-1.4386307822632505,2.129396189220784,1.5799374015495888,0.34798752425514207,8.859579736508749e-13,245,8.585088195900425e-11,200
RoutingInterdiction,neural,47,GDA,35,-0.9978904996284366,-1.367377501842931,2.0351691821418205,1.5083900616239685,0.3469324124893959,8.422151864806438e-13,245,8.231237913491896e-11,200
RoutingInterdiction,neural,47,GDA,40,-0.9932362698423847,-1.2894100289562234,1.9377505333160412,1.4330571263194773,0.3487247066178502,8.828493491819245e-13,244,8.688760821939923e-11,199
RoutingInterdiction,neural,47,GDA,45,-0.9825259303721564,-1.215279682509093,1.8483008207971532,1.3636752948993114,0.35333184124102657,8.317790900491673e-13,244,8.241540783160417e-11,199
RoutingInterdiction,neural,47,GDA,50,-0.9667408870118955,-1.1330704543793717,1.755409826549491,1.3131341526838933,0.3603228453452055,8.610889778992714e-13,243,8.787282013145159e-11,198
RoutingInterdiction,neural,47,GDA,55,-0.9476023521068714,-1.1561515404179048,1.772880508134755,1.296927229645587,0.36894103133569184,8.79740724712974e-13,243,8.685707708622203e-11,198
RoutingInterdiction,neural,47,GDA,60,-0.9273473459877428,-1.2250980753085394,1.841640307632389,1.324477224407984,0.3782924125991085,8.388845174067683e-13,244,8.936207329668377e-11,198
RoutingInterdiction,neural,48,GDA,0,-1.0110201718531537,-1.077147407856541,1.7509857378842733,1.3629930393883947,0.2435319914474674,8.193445921733655e-13,243,8.827361064334127e-11,198
RoutingInterdiction,neural,48,GDA,5,-1.0023481541189823,-1.0437895511607271,1.718095778245803,1.3555678116057257,0.23988585315642158,8.815170815523743e-13,242,8.75863825910983e-11,198
RoutingInterdiction,neural,48,GDA,10,-0.9942778621534094,-1.0995163583248253,1.7783210201569835,1.3646144472898527,0.23722117208799232,8.362199821476679e-13,243,8.803735518370104e-11,198
RoutingInterdiction,neural,48,GDA,15,-0.987581366894318,-1.1558444182469887,1.8428178615533668,1.3857565717247642,0.23555973746804856,8.790745908981989e-13,243,8.925393757408528e-11,198
RoutingInterdiction,neural,48,GDA,20,-0.9826803249973554,-1.2019589848743455,1.9002044560048585,1.4132402152428294,0.23486061096097924,8.22675261247241e-13,244,8.168132836772202e-11,199
RoutingInterdiction,neural,48,GDA,25,-0.9795700564051361,-1.2349362110932438,1.946817761926901,1.4413859179866255,0.2350669267807633,8.453238109495942e-13,244,8.288592034944031e-11,199
RoutingInterdiction,neural,48,GDA,30,-0.9778369055376339,-1.2525297375984403,1.9795428761409553,1.4655075099232948,0.23615126814951942,8.570921750106208e-13,244,8.363509884645737e-11,199
RoutingInterdiction,neural,48,GDA,35,-0.9767550796852511,-1.2533528555188307,1.9960457147722024,1.4824433548933302,0.23814226197781763,8.57980353430321e-13,244,8.375500293311688e-11,199
RoutingInterdiction,neural,48,GDA,40,-0.9754399945755701,-1.2370285066691906,1.9949803553914096,1.490833603730977,0.24113138409631957,8.464340339742193e-13,244,8.321610067696383e-11,199
RoutingInterdiction,neural,48,GDA,45,-0.9730279340154664,-1.2055810637214857,1.9774417443950647,1.4911631706521438,0.2452644744849607,8.251177519014163e-13,244,8.213207891571983e-11,199
RoutingInterdiction,neural,48,GDA,50,-0.9688453321803787,-1.1698492651333878,1.9534371927647212,1.4855172217699337,0.25071703270941015,8.886225089099753e-13,243,8.970690856813235e-11,198
RoutingInterdiction,neural,48,GDA,55,-0.9625296556171303,-1.15563133510111,1.9480803556421964,1.477020722415357,0.25764910550564263,8.786305016883489e-13,243,8.814748930774385e-11,198
RoutingInterdiction,neural,48,GDA,60,-0.9540736873981762,-1.1410677048347155,1.9390070953339364,1.4690705867622058,0.2661453444271264,8.677503160470224e-13,243,8.693190611808177e-11,198
RoutingInterdiction,neural,49,GDA,0,-0.9773434943192816,-1.0901965165686573,1.8215426801552026,1.3996657617434924,0.2463029104390819,8.293365993949919e-13,243,8.675449247874667e-11,198
RoutingInterdiction,neural,49,GDA,5,-0.9694079490175186,-1.1476954691827208,1.874050479698536,1.412859427455589,0.2503342982542736,8.72635297355373e-13,243,8.834843967520101e-11,198
RoutingInterdiction,neural,49,GDA,10,-0.9628052317109976,-1.2266125464351276,1.9478233726021712,1.4383169531977311,0.2549904729034234,8.393286066166183e-13,244,8.19304624144479e-11,199
RoutingInterdiction,neural,49,GDA,15,-0.9580514721369517,-1.2903590555487905,2.006421144665137,1.4672244940918482,0.2604193360611139,8.832934383917745e-13,244,8.462208711534913e-11,199
RoutingInterdiction,neural,49,GDA,20,-0.9551340864423843,-1.3327550253140403,2.043801336409166,1.4903417412248436,0.2667340584263146,8.208989044078407e-13,245,8.684764019051272e-11,199
RoutingInterdiction,neural,49,GDA,25,-0.9534227012870207,-1.3494061734818787,2.055704861107716,1.5010137554506287,0.2738738482966729,8.313350008393172e-13,245,8.806910756220532e-11,199
RoutingInterdiction,neural,49,GDA,30,-0.9517525564597802,-1.3376512513055925,2.0396067335777435,1.4967052517722794,0.28154927461764895,8.240075288767912e-13,245,8.807310436509397e-11,199
RoutingInterdiction,neural,49,GDA,35,-0.9487082194960506,-1.3150124389775084,2.01316162333824,1.479478491760614,0.28932743248177173,8.100187187665142e-13,245,8.700751230605874e-11,199
RoutingInterdiction,neural,49,GDA,40,-0.9430527431034531,-1.2954363359953556,1.990432214931738,1.4552198411911788,0.2968209256686866,8.875122858853501e-13,244,8.532374806691223e-11,199
RoutingInterdiction,neural,49,GDA,45,-0.9341538112654562,-1.2748762409164192,1.9674542933296295,1.4313688015185377,0.30386330182717924,8.737455203799982e-13,244,8.359957170966936e-11,199
RoutingInterdiction,neural,49,GDA,50,-0.9222164048756161,-1.2669183947406795,1.9578449550798718,1.4142813219712578,0.31055936355352676,8.684164498617974e-13,244,8.233991266592966e-11,199
RoutingInterdiction,neural,49,GDA,55,-0.9081937446174837,-1.2585498233609234,1.9485536297096113,1.4077420242325145,0.31719389039673385,8.624212455288216e-13,244,8.186029631929159e-11,199
RoutingInterdiction,neural,49,GDA,60,-0.8933999498307066,-1.2631413557638338,1.9528300013638566,1.4124696887743853,0.3240851847002619,8.641976023682219e-13,244,8.22399925937134e-11,199
RoutingInterdiction,neural,40,Adam-GDA,0,-1.0045574236306778,-1.512424148961696,2.144689604950066,1.5387461796475796,0.3285274788748613,8.384404281969182e-13,246,8.67206306764956e-11,200
RoutingInterdiction,neural,40,Adam-GDA,5,-1.001938776221287,-1.4929785909953506,2.122656463055968,1.519618314051974,0.330638437051847,8.275602425555917e-13,246,8.552913932646788e-11,200
RoutingInterdiction,neural,40,Adam-GDA,10,-0.9992153692483545,-1.4686229135048243,2.0934326628058635,1.495880980921116,0.33553443882556666,8.140155216551648e-13,246,8.415690366803119e-11,200
RoutingInterdiction,neural,40,Adam-GDA,15,-0.9962822681908831,-1.4389523361159524,2.0571782753117906,1.4683733830756234,0.34319197814239294,8.86402062860725e-13,245,8.261902273432042e-11,200
RoutingInterdiction,neural,40,Adam-GDA,20,-0.9929887858836874,-1.4053124661186898,2.016284943144206,1.439948906952147,0.35388950659202245,8.65529869997772e-13,245,8.104095172711823e-11,200
RoutingInterdiction,neural,40,Adam-GDA,25,-0.9891680351247055,-1.367537961680363,1.9706453871151564,1.4117134119866033,0.3672422545668361,8.424372310855688e-13,245,8.833000997299223e-11,199
RoutingInterdiction,neural,40,Adam-GDA,30,-0.9846614905063774,-1.324846309133313,1.919736459023806,1.3849240341455418,0.38233062819754227,8.162359677044151e-13,245,8.674239104777826e-11,199
RoutingInterdiction,neural,40,Adam-GDA,35,-0.9793684091228412,-1.2763769346208136,1.8634108164893357,1.3616692814760447,0.3979415987412738,8.733014311701481e-13,244,8.541545248874627e-11,199
RoutingInterdiction,neural,40,Adam-GDA,40,-0.9732658914041274,-1.2469507719371964,1.8270109850649485,1.3441981124905311,0.41296421922416826,8.535394613318203e-13,244,8.451328525893587e-11,199
RoutingInterdiction,neural,40,Adam-GDA,45,-0.9663647520633619,-1.2418852815437553,1.8157580131623838,1.3344139964127206,0.4269743655823289,8.499867476530198e-13,244,8.419820396454725e-11,199
RoutingInterdiction,neural,40,Adam-GDA,50,-0.9586781540187547,-1.2430762875355001,1.811394592996215,1.3338838906675754,0.4401309878091444,8.490985692333197e-13,244,8.459122291526455e-11,199
RoutingInterdiction,neural,40,Adam-GDA,55,-0.9502704397110386,-1.273658405077163,1.8369851964020723,1.3432033900530271,0.4527781625429163,8.708589405159728e-13,244,8.572209608814774e-11,199
RoutingInterdiction,neural,40,Adam-GDA,60,-0.9413319007890467,-1.32079688943651,1.8795870469618612,1.3613520526771963,0.4651279024010774,8.133493878403897e-13,245,8.749467816926426e-11,199
RoutingInterdiction,neural,41,Adam-GDA,0,-1.017208862021889,-1.2410616115383881,2.0321767758819744,1.551702418707407,0.2956098455312497,8.495426584431698e-13,244,8.497469394797008e-11,199
RoutingInterdiction,neural,41,Adam-GDA,5,-1.0126169664944753,-1.2645286861547265,2.059607667319453,1.5543098724835431,0.2901076370997629,8.65307825392847e-13,244,8.49367243205279e-11,199
RoutingInterdiction,neural,41,Adam-GDA,10,-1.0080897791727077,-1.285522437469052,2.0788534190255916,1.553718861183648,0.28093532250051506,8.79740724712974e-13,244,8.511191751381375e-11,199
RoutingInterdiction,neural,41,Adam-GDA,15,-1.0038766205775354,-1.3042072644290543,2.0914618923928656,1.5513011691658762,0.27375459853065287,8.926193117986259e-13,244,8.546741092629873e-11,199
RoutingInterdiction,neural,41,Adam-GDA,20,-1.000045322989389,-1.3191435058710685,2.0967184422084246,1.54645617621103,0.2701319696717665,8.126832540256146e-13,245,8.589662314761881e-11,199
RoutingInterdiction,neural,41,Adam-GDA,25,-0.9965953190698933,-1.3280371444377628,2.092388477243222,1.5373577444259794,0.27028191145939096,8.180123245438153e-13,245,8.625344882773334e-11,199
RoutingInterdiction,neural,41,Adam-GDA,30,-0.9934603449311056,-1.328402489544533,2.075785429622461,1.5220179424396307,0.2739391745341025,8.182343691487404e-13,245,8.639822191014446e-11,199
RoutingInterdiction,neural,41,Adam-GDA,35,-0.9905216023863477,-1.318446460337546,2.0450151153856755,1.4995548417519564,0.28081472276957753,8.120171202108395e-13,245,8.626876990547316e-11,199
RoutingInterdiction,neural,41,Adam-GDA,40,-0.9876192080131937,-1.2962446888255834,1.9980229759028767,1.4699804278782824,0.2902141069713077,8.872902412804251e-13,244,8.587108801805243e-11,199
RoutingInterdiction,neural,41,Adam-GDA,45,-0.984551965641854,-1.2599891389272293,1.9327254278671955,1.4346318089668861,0.3010247054884678,8.626432901337466e-13,244,8.53208614870482e-11,199
RoutingInterdiction,neural,41,Adam-GDA,50,-0.9811204537191516,-1.239465385448317,1.8789310896221463,1.3972143412910067,0.31222613733227517,8.484324354185446e-13,244,8.488587610600007e-11,199
RoutingInterdiction,neural,41,Adam-GDA,55,-0.9771738016594422,-1.2501283979825586,1.8526607869461496,1.3632376524661904,0.32355135454182005,8.559819519859957e-13,244,8.491296554780092e-11,199
RoutingInterdiction,neural,41,Adam-GDA,60,-0.972602095384792,-1.2778355701216815,1.8408888090209423,1.3378680912191316,0.3353810143433758,8.752998326144734e-13,244,8.565503861746038e-11,199
RoutingInterdiction,neural,42,Adam-GDA,0,-1.0067869460825198,-1.3461520225707777,2.0749860938937914,1.5180019569086607,0.2440864350541424,8.291145547900669e-13,245,8.761724679118288e-11,199
RoutingInterdiction,neural,42,Adam-GDA,5,-1.0048535061128536,-1.310413073221615,2.036315829169295,1.494288735226159,0.23753704779499107,8.970602038971265e-13,244,8.59772253392066e-11,199
RoutingInterdiction,neural,42,Adam-GDA,10,-1.0026359753509275,-1.268476201876728,1.9877971472849103,1.4659570575446805,0.23414316893628567,8.679723606519474e-13,244,8.425149466972925e-11,199
RoutingInterdiction,neural,42,Adam-GDA,15,-0.9999349659426336,-1.223345100097451,1.9340612664510974,1.4375617452425078,0.23643614609894312,8.37108160567368e-13,244,8.26658741459596e-11,199
RoutingInterdiction,neural,42,Adam-GDA,20,-0.9965112049242135,-1.189585014069506,1.8906185679366039,1.4104662189818642,0.24452836012337387,8.144596108650148e-13,244,8.124878547732806e-11,199
RoutingInterdiction,neural,42,Adam-GDA,25,-0.9920732380698422,-1.16905302403699,1.8602309600160325,1.3863536498857099,0.2573497684687175,8.890665981198254e-13,243,8.895417735743649e-11,198
RoutingInterdiction,neural,42,Adam-GDA,30,-0.9864176084944107,-1.1442281458082346,1.8266986128753167,1.3680239003804906,0.27290906297932366,8.699707620962727e-13,243,8.801981365991196e-11,198
RoutingInterdiction,neural,42,Adam-GDA,35,-0.9795872074583335,-1.1301161653010579,1.8059125799011533,1.3578297429102433,0.2886113785637527,8.58202398035246e-13,243,8.761791292499765e-11,198
RoutingInterdiction,neural,42,Adam-GDA,40,-0.9719485391510193,-1.1365881967094622,1.8076283170011553,1.3563096534519854,0.3019380857115736,8.635314685534468e-13,243,8.782485849678778e-11,198
RoutingInterdiction,neural,42,Adam-GDA,45,-0.9641783409188659,-1.146109324828075,1.813892604008756,1.362528474435118,0.3116955208666827,8.713030297258229e-13,243,8.860867595217314e-11,198
RoutingInterdiction,neural,42,Adam-GDA,50,-0.9570143501725499,-1.1766321780608195,1.8420671025826811,1.3741580193148681,0.31896541934687417,8.952838470577262e-13,243,8.981904109361949e-11,198
RoutingInterdiction,neural,42,Adam-GDA,55,-0.9509305631454352,-1.1996780520454617,1.8628200115772553,1.3878780851414425,0.325803292390294,8.208989044078407e-13,244,8.211276103509135e-11,199
RoutingInterdiction,neural,42,Adam-GDA,60,-0.9459805082893378,-1.228136205440003,1.8880739268324338,1.400758700179542,0.3334882676389555,8.406608742461685e-13,244,8.341505264297666e-11,199
RoutingInterdiction,neural,43,Adam-GDA,0,-1.012269439010577,-1.302700426461221,2.0696196937170526,1.5431358399098507,0.2799215641355875,8.912870441690757e-13,244,8.649747584854595e-11,199
RoutingInterdiction,neural,43,Adam-GDA,5,-1.008404828411905,-1.2444067283136728,1.9971350246633683,1.500248842398991,0.2723577106310854,8.515410598874951e-13,244,8.424505537618643e-11,199
RoutingInterdiction,neural,43,Adam-GDA,10,-1.0039465884185321,-1.1880154783566388,1.9276752961626091,1.4639335749729359,0.26912835520711065,8.131273432354647e-13,244,8.240630400280224e-11,199
RoutingInterdiction,neural,43,Adam-GDA,15,-0.9988725074648295,-1.1544380376646757,1.8814657627632618,1.4342702185214065,0.27020616302121103,8.781864124784988e-13,243,8.10389533256739e-11,199
RoutingInterdiction,neural,43,Adam-GDA,20,-0.9931437761883823,-1.1383761119268385,1.852727255692865,1.4111542591142567,0.27518093189059845,8.65529869997772e-13,243,8.907719006856496e-11,198
RoutingInterdiction,neural,43,Adam-GDA,25,-0.9867528390640272,-1.1408413926894572,1.8420077021711883,1.394175898220423,0.28335399581543935,8.675282714420973e-13,243,8.866840595089798e-11,198
RoutingInterdiction,neural,43,Adam-GDA,30,-0.9797872200063406,-1.1627225957574598,1.8498072418367628,1.3823685247647828,0.2937368259121896,8.841816168114747e-13,243,8.877232282600289e-11,198
RoutingInterdiction,neural,43,Adam-GDA,35,-0.9724652290620757,-1.1800409612901706,1.852054267457702,1.3743917475783034,0.3053507982437424,8.972822485020515e-13,243,8.929390560297179e-11,198
RoutingInterdiction,neural,43,Adam-GDA,40,-0.9650717816601936,-1.1907319811458121,1.847134489765716,1.3691009844819306,0.3178377870154044,8.144596108650148e-13,244,8.110045968123814e-11,199
RoutingInterdiction,neural,43,Adam-GDA,45,-0.9578148173091795,-1.2169818799465553,1.858016937245095,1.3662174402553489,0.33148007747883446,8.328893130737924e-13,244,8.202372114851642e-11,199
RoutingInterdiction,neural,43,Adam-GDA,50,-0.9507756418674976,-1.2463284082312098,1.8729961036274883,1.3669539611201467,0.346453652574056,8.535394613318203e-13,244,8.316103361494243e-11,199
RoutingInterdiction,neural,43,Adam-GDA,55,-0.9439678510755125,-1.2770229069316343,1.8909023477577813,1.373943543966829,0.3624262741797768,8.744116541947733e-13,244,8.465872447516176e-11,199
RoutingInterdiction,neural,43,Adam-GDA,60,-0.9373818100876137,-1.3108435508060028,1.9137785349387328,1.389964418575154,0.3788784493945345,8.972822485020515e-13,244,8.670042461744742e-11,199
RoutingInterdiction,neural,44,Adam-GDA,0,-1.0074699675820789,-1.5833586274075993,2.339350521458742,1.7267204247108843,0.347665991851063,8.777423232686488e-13,246,8.247891258861273e-11,201
RoutingInterdiction,neural,44,Adam-GDA,5,-1.005913924964798,-1.5467178173359835,2.3054870241300103,1.6967057127928291,0.3394177729858718,8.575362642204709e-13,246,8.931144712676087e-11,200
RoutingInterdiction,neural,44,Adam-GDA,10,-1.0041126665347941,-1.5048885797458604,2.2662515386035373,1.663920071585147,0.3342816529915255,8.344436253082677e-13,246,8.678813223639281e-11,200
RoutingInterdiction,neural,44,Adam-GDA,15,-1.001835983235921,-1.4550104874463419,2.218708989956311,1.627214062505717,0.3320930826166308,8.961720254774264e-13,245,8.399503315104084e-11,200
RoutingInterdiction,neural,44,Adam-GDA,20,-0.9988065492322915,-1.3988208935527415,2.1643932703734814,1.5889878910615083,0.33359302689965076,8.619771563189715e-13,245,8.111156191148439e-11,200
RoutingInterdiction,neural,44,Adam-GDA,25,-0.9947733090127124,-1.338717366756842,2.1048563989012212,1.5513290280898944,0.3394855371547829,8.246736626915663e-13,245,8.704281739824182e-11,199
RoutingInterdiction,neural,44,Adam-GDA,30,-0.9894687955611211,-1.2748741546846878,2.0398500709832446,1.5154915118669297,0.34991353033110983,8.72635297355373e-13,244,8.420686370413932e-11,199
RoutingInterdiction,neural,44,Adam-GDA,35,-0.9826158679735978,-1.206856070290795,1.9685818809196518,1.482828806522364,0.36444679513654943,8.257838857161914e-13,244,8.173839383118775e-11,199
RoutingInterdiction,neural,44,Adam-GDA,40,-0.973992391585687,-1.1533182477835053,1.9090307555856132,1.454671616543164,0.3820007531935199,8.770761894538737e-13,243,8.86499762486892e-11,198
RoutingInterdiction,neural,44,Adam-GDA,45,-0.963499199336974,-1.1319272440418129,1.8780345052479968,1.4322828625908872,0.40102392878655757,8.602007994795713e-13,243,8.723377575847735e-11,198
RoutingInterdiction,neural,44,Adam-GDA,50,-0.9512266218708998,-1.149573707166843,1.8817218313933783,1.4165872600323568,0.4200573661413392,8.737455203799982e-13,243,8.674339024850042e-11,198
RoutingInterdiction,neural,44,Adam-GDA,55,-0.9374742533403786,-1.1739064647289927,1.8872072314195838,1.407735625374182,0.43816648385070245,8.928413564035509e-13,243,8.729683642627606e-11,198
RoutingInterdiction,neural,44,Adam-GDA,60,-0.9227518532356928,-1.216670512522626,1.9057642733599538,1.40489555529398,0.4547538941498022,8.322231792590173e-13,244,8.894329717179517e-11,198
RoutingInterdiction,neural,45,Adam-GDA,0,-0.997351761093543,-1.2261187503754596,1.9915572006229145,1.528281113140197,0.25744661007070974,8.393286066166183e-13,244,8.549960739401286e-11,199
RoutingInterdiction,neural,45,Adam-GDA,5,-0.9940412441943888,-1.2037149918309344,1.9725959544478577,1.5125831183304435,0.25991231903176154,8.237854842718662e-13,244,8.395661943438881e-11,199
RoutingInterdiction,neural,45,Adam-GDA,10,-0.9899416305254007,-1.1803724296664626,1.95127070268118,1.4962288411043774,0.26649641127586926,8.975042931069765e-13,243,8.245604199430545e-11,199
RoutingInterdiction,neural,45,Adam-GDA,15,-0.9849261621017167,-1.155808642423267,1.9272947203859279,1.4797767592135944,0.27731355967689175,8.788525462932739e-13,243,8.103673287962465e-11,199
RoutingInterdiction,neural,45,Adam-GDA,20,-0.9788697663109635,-1.1296028087073007,1.89992629977972,1.4638408515334556,0.29226185984710124,8.588685318500211e-13,243,8.862577338675237e-11,198
RoutingInterdiction,neural,45,Adam-GDA,25,-0.9716334103903671,-1.103937510188792,1.8714284341817602,1.4498456240016804,0.31100382076332084,8.395506512215434e-13,243,8.748157753757368e-11,198
RoutingInterdiction,neural,45,Adam-GDA,30,-0.963098560922057,-1.1115382761073334,1.8746035524269198,1.4395281173828054,0.3325846942437263,8.451017663446692e-13,243,8.675304918881466e-11,198
RoutingInterdiction,neural,45,Adam-GDA,35,-0.9532591239183054,-1.1274515120090283,1.8842199372812434,1.4342998308162405,0.3552093248432774,8.573142196155459e-13,243,8.660971939633555e-11,198
RoutingInterdiction,neural,45,Adam-GDA,40,-0.9423139739143738,-1.1461599284540647,1.8941759243050265,1.4348593380321455,0.3764572848333269,8.713030297258229e-13,243,8.722311761744095e-11,198
RoutingInterdiction,neural,45,Adam-GDA,45,-0.9307099501359115,-1.1816357665124768,1.9176314626725357,1.4410236927199618,0.39402989594314486,8.990586053414518e-13,243,8.872702572659819e-11,198
RoutingInterdiction,neural,45,Adam-GDA,50,-0.91905186914449,-1.2317515640057048,1.9517144971668277,1.4521069505891184,0.40680851160127324,8.433254095052689e-13,244,8.204770196584832e-11,199
RoutingInterdiction,neural,45,Adam-GDA,55,-0.9079554096064516,-1.2838095754087462,1.9831057974882338,1.4669712583703833,0.41505510518905225,8.781864124784988e-13,244,8.501332970922704e-11,199
RoutingInterdiction,neural,45,Adam-GDA,60,-0.8980303047452435,-1.3367407769587545,2.0101362449957314,1.483912572345576,0.42020171773487475,8.22675261247241e-13,245,8.859624145429734e-11,199
RoutingInterdiction,neural,46,Adam-GDA,0,-0.9763883598408417,-1.3827629858427568,2.2107876414959473,1.6439378911668303,0.3514229564039352,8.515410598874951e-13,245,8.939471385360775e-11,199
RoutingInterdiction,neural,46,Adam-GDA,5,-0.9709072150910747,-1.4007916957230377,2.2163880232931303,1.638442420853996,0.3570933878796926,8.628653347386717e-13,245,8.997758094153596e-11,199
RoutingInterdiction,neural,46,Adam-GDA,10,-0.9653270662801241,-1.417452201423047,2.2199380147173438,1.633602702099595,0.3650019386287044,8.728573419602981e-13,245,8.159628528403573e-11,200
RoutingInterdiction,neural,46,Adam-GDA,15,-0.9597734074177628,-1.4306868940130053,2.218703364306182,1.6268790342970787,0.37435886238626237,8.810729923425242e-13,245,8.217337921223589e-11,200
RoutingInterdiction,neural,46,Adam-GDA,20,-0.9543214184591755,-1.4385505503418,2.210711179786461,1.6165877538848423,0.38557869684075063,8.859579736508749e-13,245,8.259082306949495e-11,200
RoutingInterdiction,neural,46,Adam-GDA,25,-0.9489817659146514,-1.4372690277424511,2.191641331445887,1.5993849102208664,0.39805788826236116,8.852918398360998e-13,245,8.264922080059023e-11,200
RoutingInterdiction,neural,46,Adam-GDA,30,-0.9436462974044899,-1.422786004078242,2.1567302453397197,1.5722427435262833,0.4107285056209524,8.764100556390986e-13,245,8.218337121945751e-11,200
RoutingInterdiction,neural,46,Adam-GDA,35,-0.9381358401466039,-1.3937969994178987,2.1042468745805643,1.5358503596822495,0.4228265206327927,8.586464872450961e-13,245,8.127143402703041e-11,200
RoutingInterdiction,neural,46,Adam-GDA,40,-0.9323477337468447,-1.351536265132594,2.0352195303633143,1.4947262731259403,0.4338069393295472,8.326672684688674e-13,245,8.916334337527587e-11,199
RoutingInterdiction,neural,46,Adam-GDA,45,-0.9263472288697432,-1.3204248896914668,1.974140205292129,1.4554617912037278,0.44312937442208145,8.135714324453147e-13,245,8.841039011997509e-11,199
RoutingInterdiction,neural,46,Adam-GDA,50,-0.9203453527923718,-1.3241500479092934,1.9449515040635021,1.4246129099073923,0.4506518462374415,8.162359677044151e-13,245,8.853118238505431e-11,199
RoutingInterdiction,neural,46,Adam-GDA,55,-0.9145837627583864,-1.3491561604479498,1.9345668667799751,1.4064963725733515,0.4569786493765527,8.313350008393172e-13,245,8.981371202310129e-11,199
RoutingInterdiction,neural,46,Adam-GDA,60,-0.9092382132045185,-1.4006054918627675,1.948855237686687,1.401724251434005,0.46326625467347204,8.637535131583718e-13,245,8.300160558860625e-11,200
RoutingInterdiction,neural,47,Adam-GDA,0,-0.9622948019572832,-1.310002951431219,2.154930253313668,1.6489871006999466,0.3870052590562174,8.961720254774264e-13,244,8.823919372957789e-11,199
RoutingInterdiction,neural,47,Adam-GDA,5,-0.9577897197519682,-1.3365244100361149,2.169164679405056,1.655176975224447,0.37964615741542734,8.231193504570911e-13,245,8.982281585190321e-11,199
RoutingInterdiction,neural,47,Adam-GDA,10,-0.9540019425750619,-1.3613067114480752,2.1809463767667046,1.6613942254424723,0.37687948236889907,8.384404281969182e-13,245,8.229084080824123e-11,200
RoutingInterdiction,neural,47,Adam-GDA,15,-0.9510699969668528,-1.3843559523849442,2.1891343230296187,1.6659853374940992,0.3777044455854965,8.526512829121202e-13,245,8.373834958774751e-11,200
RoutingInterdiction,neural,47,Adam-GDA,20,-0.9490985442344161,-1.405705830478447,2.194302380090707,1.668953621573118,0.3814083649261316,8.65529869997772e-13,245,8.515010918586086e-11,200
RoutingInterdiction,neural,47,Adam-GDA,25,-0.948157141570698,-1.4256677762348846,2.1968961229237802,1.6699959353930973,0.3872933831963282,8.781864124784988e-13,245,8.649747584854595e-11,200
RoutingInterdiction,neural,47,Adam-GDA,30,-0.9482694024686565,-1.4463655889647873,2.198948755074505,1.6685825736965376,0.394624319666188,8.908429549592256e-13,245,8.77495853757182e-11,200
RoutingInterdiction,neural,47,Adam-GDA,35,-0.9493904706463018,-1.4678396319037705,2.1999099100809847,1.6636044835081498,0.40255421274213143,8.137934770502397e-13,246,8.88691342737502e-11,200
RoutingInterdiction,neural,47,Adam-GDA,40,-0.951375875159474,-1.4879183849438635,2.196852431655758,1.6537723991727218,0.41023593435975936,8.251177519014163e-13,246,8.981615451375546e-11,200
RoutingInterdiction,neural,47,Adam-GDA,45,-0.9539789357587145,-1.5057461516222128,2.1884837083562885,1.6382200869395538,0.417113516291603,8.351097591230427e-13,246,8.150125019312782e-11,201
RoutingInterdiction,neural,47,Adam-GDA,50,-0.9568509382955857,-1.5200541476924734,2.1734789524500893,1.616516375113888,0.4230335277752537,8.426592756904938e-13,246,8.19517786965207e-11,201
RoutingInterdiction,neural,47,Adam-GDA,55,-0.9595212016919841,-1.5315608043251498,2.1528016823481773,1.5885309352601014,0.42822094172614916,8.488765246283947e-13,246,8.215095270713846e-11,201
RoutingInterdiction,neural,47,Adam-GDA,60,-0.9614139632748926,-1.540239176684416,2.126945655226515,1.5545510860450455,0.4333985791564404,8.539835505416704e-13,246,8.206479940042755e-11,201
RoutingInterdiction,neural,48,Adam-GDA,0,-1.0110201718531537,-1.077147407856541,1.7509857378842733,1.3629930393883947,0.2435319914474674,8.193445921733655e-13,243,8.827361064334127e-11,198
RoutingInterdiction,neural,48,Adam-GDA,5,-1.0049602389318364,-1.043107388474433,1.7117429922702874,1.351647220501348,0.25666947974893367,8.812950369474493e-13,242,8.757816694071607e-11,198
RoutingInterdiction,neural,48,Adam-GDA,10,-0.9984904303299402,-1.035947006706166,1.7091464094932869,1.3519657010143082,0.2554616324473102,8.755218772193984e-13,242,8.721001698575037e-11,198
RoutingInterdiction,neural,48,Adam-GDA,15,-0.9923058010614345,-1.0538209908287006,1.73677237207745,1.3597262950484597,0.24497414851943808,8.906209103543006e-13,242,8.715494992372896e-11,198
RoutingInterdiction,neural,48,Adam-GDA,20,-0.9867409267980513,-1.0755135591603624,1.769533384374732,1.3718160410654556,0.23226275085749432,8.177902799388903e-13,243,8.737921497470325e-11,198
RoutingInterdiction,neural,48,Adam-GDA,25,-0.9819873718895339,-1.0930735440198118,1.798607663021166,1.3873031980160326,0.2215366005362083,8.315570454442422e-13,243,8.784040161913254e-11,198
RoutingInterdiction,neural,48,Adam-GDA,30,-0.9781511886076547,-1.106572139370234,1.82363207497354,1.4050330935459674,0.21585946302913903,8.413270080609436e-13,243,8.846501309278665e-11,198
RoutingInterdiction,neural,48,Adam-GDA,35,-0.9752391532763571,-1.117241519575138,1.8455153386007541,1.4232830341053484,0.21654169317631433,8.493206138382448e-13,243,8.913203508598144e-11,198
RoutingInterdiction,neural,48,Adam-GDA,40,-0.9731246455800792,-1.136116765477653,1.8751227723865544,1.4399796079982996,0.22359747200771804,8.637535131583718e-13,243,8.967737663567732e-11,198
RoutingInterdiction,neural,48,Adam-GDA,45,-0.9714616276217283,-1.1486217844350584,1.8973424187795205,1.452449944530735,0.23636088905508928,8.735234757750732e-13,243,8.991429822913233e-11,198
RoutingInterdiction,neural,48,Adam-GDA,50,-0.9695510414562473,-1.151274760765765,1.9082402577846551,1.458458435981647,0.25427237720541707,8.757439218243235e-13,243,8.967870890330687e-11,198
RoutingInterdiction,neural,48,Adam-GDA,55,-0.9663677340308048,-1.1420211010318515,1.9054519289028482,1.45771028591809,0.2777230951771723,8.686384944667225e-13,243,8.895284508980694e-11,198
RoutingInterdiction,neural,48,Adam-GDA,60,-0.9608051604413819,-1.1384318049848812,1.9058421434002841,1.4526136088757522,0.3076536115959406,8.661960038125471e-13,243,8.797207406985308e-11,198
RoutingInterdiction,neural,49,Adam-GDA,0,-0.9773434943192816,-1.0901965165686573,1.8215426801552026,1.3996657617434924,0.2463029104390819,8.293365993949919e-13,243,8.675449247874667e-11,198
RoutingInterdiction,neural,49,Adam-GDA,5,-0.9718798545282918,-1.1298538933172588,1.8408873294317725,1.389779799813759,0.24183012209570337,8.597567102697212e-13,243,8.766321002440236e-11,198
RoutingInterdiction,neural,49,Adam-GDA,10,-0.9673196994026046,-1.1699585056590107,1.8653526691682945,1.3906558571125158,0.2368535948645613,8.897327319346005e-13,243,8.911626991903177e-11,198
RoutingInterdiction,neural,49,Adam-GDA,15,-0.9638925493556243,-1.2190112459381621,1.9000566327234745,1.396658131943401,0.2357895109357403,8.342215807033426e-13,244,8.181566535370166e-11,199
RoutingInterdiction,neural,49,Adam-GDA,20,-0.9616081196346276,-1.2593584958069886,1.9253677286753903,1.402201956816842,0.2398880848653434,8.619771563189715e-13,244,8.344036572793812e-11,199
RoutingInterdiction,neural,49,Adam-GDA,25,-0.9603014426763468,-1.2864685100182818,1.936307045121397,1.402475599545822,0.2486415028507121,8.806289031326742e-13,244,8.47317771501821e-11,199
RoutingInterdiction,neural,49,Adam-GDA,30,-0.9595893725951948,-1.2956525861460153,1.9278297318490072,1.3931856047001365,0.26116340299937363,8.8662410746565e-13,244,8.537548445985976e-11,199
RoutingInterdiction,neural,49,Adam-GDA,35,-0.958817334886806,-1.2855616158094503,1.8981081394300117,1.371616890070853,0.2768518559895098,8.799627693178991e-13,244,8.518341587659961e-11,199
RoutingInterdiction,neural,49,Adam-GDA,40,-0.9571155581131592,-1.268792425872546,1.8592464556037964,1.3384153146208462,0.2960581992894101,8.681944052568724e-13,244,8.422063046964468e-11,199
RoutingInterdiction,neural,49,Adam-GDA,45,-0.9535712996701765,-1.2541769305269623,1.8200261647921485,1.2982663460491433,0.32007211571107524,8.590905764549461e-13,244,8.281153540679043e-11,199
RoutingInterdiction,neural,49,Adam-GDA,50,-0.947370650140258,-1.2368296569833404,1.7759773236209961,1.2581327333103882,0.3497309424632708,8.475442569988445e-13,244,8.13866751769865e-11,199
RoutingInterdiction,neural,49,Adam-GDA,55,-0.9379516439495335,-1.2265617332280758,1.7377395161754963,1.2253783803275902,0.38373608787360525,8.402167850363185e-13,244,8.929146311231762e-11,198
RoutingInterdiction,neural,49,Adam-GDA,60,-0.9252579029858959,-1.2174950625338845,1.7007991365669013,1.2058027990827487,0.41767328904883033,8.331113576787175e-13,244,8.899037062803927e-11,198
RoutingInterdiction,neural,40,EGM,0,-1.0045574236306778,-1.512424148961696,2.144689604950066,1.5387461796475796,0.3285274788748613,8.384404281969182e-13,246,8.67206306764956e-11,200
RoutingInterdiction,neural,40,EGM,5,-1.003194874689751,-1.463040242322308,2.0920528852582123,1.4965148690557637,0.3267711976735052,8.111289417911394e-13,246,8.392975203719288e-11,200
RoutingInterdiction,neural,40,EGM,10,-0.9996332151703831,-1.387412882324997,2.0175109678401695,1.4468944726127342,0.32508382036291905,8.546496843564455e-13,245,8.922529382004996e-11,199
RoutingInterdiction,neural,40,EGM,15,-0.9935409736778158,-1.2915033171066304,1.926924636018358,1.4042424206753175,0.322931218596768,8.839595722065496e-13,244,8.543499241397967e-11,199
RoutingInterdiction,neural,40,EGM,20,-0.9854117183316651,-1.193105650679339,1.8378590812254834,1.3849713207621575,0.320410027293727,8.164580123093401e-13,244,8.322276201511158e-11,199
RoutingInterdiction,neural,40,EGM,25,-0.9763972355031691,-1.2126484636384132,1.8703467724498744,1.3974581704638511,0.3181167653607724,8.302247778146921e-13,244,8.327738498792314e-11,199
RoutingInterdiction,neural,40,EGM,30,-0.9678627784569697,-1.2912263818634968,1.9648773838102542,1.4350409493189344,0.3168439805411327,8.839595722065496e-13,244,8.508727056266707e-11,199
RoutingInterdiction,neural,40,EGM,35,-0.9608511341471931,-1.3498788376533501,2.041642825313658,1.4820007701750963,0.3172292796085666,8.313350008393172e-13,245,8.74444960885512e-11,199
RoutingInterdiction,neural,40,EGM,40,-0.9556741152525203,-1.3819855609428588,2.0929240305424646,1.5237709425078567,0.3194960261680801,8.5131901528257e-13,245,8.927458772234331e-11,199
RoutingInterdiction,neural,40,EGM,45,-0.9517933985418742,-1.3842214109840336,2.1140819578767407,1.5520872890930733,0.3233936255089745,8.526512829121202e-13,245,8.103406834436555e-11,200
RoutingInterdiction,neural,40,EGM,50,-0.9480400428609179,-1.3766903167633013,2.1237849842107046,1.5660855409105188,0.328351529142127,8.484324354185446e-13,245,8.979195165181864e-11,199
RoutingInterdiction,neural,40,EGM,55,-0.9430907199436196,-1.3731379919320164,2.134366304899991,1.5712281291726877,0.3337503736862102,8.459899447643693e-13,245,8.908873638802106e-11,199
RoutingInterdiction,neural,40,EGM,60,-0.9360069106088966,-1.3727089943667712,2.1437491435307336,1.5755860311846606,0.33916409487207644,8.464340339742193e-13,245,8.867084844155215e-11,199
RoutingInterdiction,neural,41,EGM,0,-1.017208862021889,-1.2410616115383881,2.0321767758819744,1.551702418707407,0.2956098455312497,8.495426584431698e-13,244,8.497469394797008e-11,199
RoutingInterdiction,neural,41,EGM,5,-1.0092975909509603,-1.3092802288464946,2.0945543731844785,1.5601959225098345,0.28726682957372174,8.961720254774264e-13,244,8.62061533268843e-11,199
RoutingInterdiction,neural,41,EGM,10,-1.003385503990336,-1.3578550112638827,2.13240283194501,1.5704437613486493,0.2802412240298748,8.364420267525929e-13,245,8.795608685829848e-11,199
RoutingInterdiction,neural,41,EGM,15,-0.9999065158143207,-1.383502684970678,2.1433010771778784,1.5713221437144673,0.2744703427189007,8.522071937022702e-13,245,8.926126504604781e-11,199
RoutingInterdiction,neural,41,EGM,20,-0.9985598112780549,-1.3848592019145145,2.1269362321893523,1.5579668766874786,0.26947914744997,8.530953721219703e-13,245,8.965206355071587e-11,199
RoutingInterdiction,neural,41,EGM,25,-0.9985458245028314,-1.3626098260312454,2.0851669785098004,1.531330677200208,0.2646390962783322,8.391065620116933e-13,245,8.911471560679729e-11,199
RoutingInterdiction,neural,41,EGM,30,-0.9989190639621238,-1.319368896307602,2.0218182954235333,1.4966892725102698,0.2594741483717649,8.126832540256146e-13,245,8.796896544538413e-11,199
RoutingInterdiction,neural,41,EGM,35,-0.9989119785259146,-1.2600155417681442,1.9429226058955171,1.4614193626528071,0.2538733794629527,8.624212455288216e-13,244,8.670353324191638e-11,199
RoutingInterdiction,neural,41,EGM,40,-0.9981179734930861,-1.2399579478439384,1.9048969295034555,1.431934067600796,0.24813231356005985,8.490985692333197e-13,244,8.574430054864024e-11,199
RoutingInterdiction,neural,41,EGM,45,-0.9964940162135456,-1.2484807929922581,1.8978276917721548,1.410877725269794,0.24282053922700067,8.548717289613705e-13,244,8.524581041058354e-11,199
RoutingInterdiction,neural,41,EGM,50,-0.9942226586796945,-1.2696550287975645,1.9063517912025791,1.3965276911774935,0.23853744287224352,8.686384944667225e-13,244,8.504597026615102e-11,199
RoutingInterdiction,neural,41,EGM,55,-0.9915246930783573,-1.2877452904414932,1.9150679979300664,1.3847812411402745,0.235665201960877,8.812950369474493e-13,244,8.481482183242406e-11,199
RoutingInterdiction,neural,41,EGM,60,-0.9885171913776369,-1.2881106591590488,1.9094647877457165,1.3719653198538873,0.2342367178121123,8.815170815523743e-13,244,8.426237485537058e-11,199
RoutingInterdiction,neural,42,EGM,0,-1.0067869460825198,-1.3461520225707777,2.0749860938937914,1.5180019569086607,0.2440864350541424,8.291145547900669e-13,245,8.761724679118288e-11,199
RoutingInterdiction,neural,42,EGM,5,-1.0052794822366677,-1.3222499589409702,2.0504845979815856,1.5027523842805828,0.24199239117546462,8.144596108650148e-13,245,8.645817395347422e-11,199
RoutingInterdiction,neural,42,EGM,10,-1.0027244451997848,-1.279071055653883,2.0070313946895633,1.479513543650285,0.24036707969448529,8.752998326144734e-13,244,8.463918454992836e-11,199
RoutingInterdiction,neural,42,EGM,15,-0.9985547920072348,-1.2243400517194694,1.9524298198444823,1.4533955897050004,0.2391303663890806,8.379963389870682e-13,244,8.255796046796604e-11,199
RoutingInterdiction,neural,42,EGM,20,-0.9926519384148856,-1.1814458206033893,1.9100903138639937,1.4300174543698763,0.23838787698347205,8.986145161316017e-13,243,8.962097730602636e-11,198
RoutingInterdiction,neural,42,EGM,25,-0.9853228912917735,-1.153124526015069,1.88270296610259,1.4136031169613548,0.23836460140567803,8.770761894538737e-13,243,8.80910899780929e-11,198
RoutingInterdiction,neural,42,EGM,30,-0.9771508136835177,-1.1302383200831443,1.8610153604362878,1.4057309091226382,0.23928355964815062,8.593126210598712e-13,243,8.729350575720218e-11,198
RoutingInterdiction,neural,42,EGM,35,-0.9687831864514717,-1.1079158781602692,1.839981260621659,1.4053971610202611,0.24126648749262714,8.411049634560186e-13,243,8.715694832517329e-11,198
RoutingInterdiction,neural,42,EGM,40,-0.9607356586977577,-1.113296119495379,1.8465196683978031,1.4100743658899177,0.2443134232319548,8.459899447643693e-13,243,8.747891300231458e-11,198
RoutingInterdiction,neural,42,EGM,45,-0.9532681645823826,-1.1250578155941005,1.8590647202675217,1.4169188395190622,0.24836003924406552,8.548717289613705e-13,243,8.802802931029419e-11,198
RoutingInterdiction,neural,42,EGM,50,-0.9463514711279511,-1.1419305548012204,1.8760993668905226,1.4235679797923644,0.25336231666115455,8.681944052568724e-13,243,8.861555933492582e-11,198
RoutingInterdiction,neural,42,EGM,55,-0.9397091309282051,-1.1566319205301827,1.890114859157514,1.428492098966614,0.25935088012005103,8.79518680108049e-13,243,8.912404148020414e-11,198
RoutingInterdiction,neural,42,EGM,60,-0.9329039268496512,-1.1688257912736864,1.900588034673011,1.4311373057859336,0.2664258327427495,8.890665981198254e-13,243,8.951883678776085e-11,198
RoutingInterdiction,neural,43,EGM,0,-1.012269439010577,-1.302700426461221,2.0696196937170526,1.5431358399098507,0.2799215641355875,8.912870441690757e-13,244,8.649747584854595e-11,199
RoutingInterdiction,neural,43,EGM,5,-1.006623718920527,-1.202142201955543,1.957025618172311,1.491085728800259,0.27485749929229775,8.22675261247241e-13,244,8.333245204994455e-11,199
RoutingInterdiction,neural,43,EGM,10,-0.9991949131026016,-1.1526205839898882,1.8962747530403448,1.4568028704151446,0.27050803218683445,8.766321002440236e-13,243,8.150280450536229e-11,199
RoutingInterdiction,neural,43,EGM,15,-0.9910318014458414,-1.1806870867769628,1.9142643789491935,1.4405584402428553,0.26738951489574386,8.977263377119016e-13,243,8.10078670809844e-11,199
RoutingInterdiction,neural,43,EGM,20,-0.9831328660720254,-1.2125747817010135,1.9375380822668709,1.4365823400504927,0.265766569671773,8.29780688604842e-13,244,8.137379658990085e-11,199
RoutingInterdiction,neural,43,EGM,25,-0.9761686130981818,-1.229258059629161,1.9473588001523312,1.4381386791370039,0.2655817387423737,8.415490526658687e-13,244,8.20492562780828e-11,199
RoutingInterdiction,neural,43,EGM,30,-0.970370676983137,-1.229608010855323,1.942860420731571,1.4410213229855093,0.26654140197428877,8.415490526658687e-13,244,8.267897477765018e-11,199
RoutingInterdiction,neural,43,EGM,35,-0.965581097900473,-1.2332888462386837,1.943923593301463,1.4441692962102417,0.268291363544568,8.43769498715119e-13,244,8.31554824998193e-11,199
RoutingInterdiction,neural,43,EGM,40,-0.9613993117995872,-1.249998813303442,1.9603837305242353,1.4485057278032254,0.2705850307877017,8.559819519859957e-13,244,8.353562286345095e-11,199
RoutingInterdiction,neural,43,EGM,45,-0.9573452932829271,-1.2681600586799902,1.9806829643235604,1.4551663010111735,0.2733734745280811,8.681944052568724e-13,244,8.390554917525606e-11,199
RoutingInterdiction,neural,43,EGM,50,-0.9529740089580852,-1.2817247547252753,1.9986420497424897,1.4641194920123586,0.27679628994468564,8.775202786637237e-13,244,8.427303299640698e-11,199
RoutingInterdiction,neural,43,EGM,55,-0.9479155443379981,-1.2883628985129056,2.01162637160267,1.4738921334783113,0.28109487226095065,8.824052599720744e-13,244,8.45490344403288e-11,199
RoutingInterdiction,neural,43,EGM,60,-0.9418572057084698,-1.2888001397742017,2.019881837692252,1.4823311376055508,0.2864956488707296,8.828493491819245e-13,244,8.460276923472065e-11,199
RoutingInterdiction,neural,44,EGM,0,-1.0074699675820789,-1.5833586274075993,2.339350521458742,1.7267204247108843,0.347665991851063,8.777423232686488e-13,246,8.247891258861273e-11,201
RoutingInterdiction,neural,44,EGM,5,-1.0114846413965846,-1.5168678984122843,2.2978951248099024,1.6969526944955962,0.3437353676417808,8.411049634560186e-13,246,8.769585058132634e-11,200
RoutingInterdiction,neural,44,EGM,10,-1.0101163276173029,-1.4232069145073147,2.2248678911988686,1.6472113138814186,0.3406346971772677,8.768541448489486e-13,245,8.258527195437182e-11,200
RoutingInterdiction,neural,44,EGM,15,-1.00288401293626,-1.3089932365426524,2.12600716159041,1.5893924327090954,0.33859041132521706,8.957279362675763e-13,244,8.580380850276015e-11,199
RoutingInterdiction,neural,44,EGM,20,-0.9905032576121681,-1.181754627953345,2.008316786049163,1.5380707331923853,0.3380142157917553,8.986145161316017e-13,243,8.979128551800386e-11,198
RoutingInterdiction,neural,44,EGM,25,-0.9746124319577436,-1.087933891873362,1.9180333408256598,1.5064878036587754,0.3392827286463063,8.271161533457416e-13,243,8.659228889484893e-11,198
RoutingInterdiction,neural,44,EGM,30,-0.9573139715634473,-1.12163702104126,1.9493144651394532,1.5010186466184583,0.34253086446194714,8.524292383071952e-13,243,8.635658854672101e-11,198
RoutingInterdiction,neural,44,EGM,35,-0.9406907249142668,-1.186916367241364,2.006469083060415,1.5185928565489302,0.3475857963498158,8.113509863960644e-13,244,8.876943624613887e-11,198
RoutingInterdiction,neural,44,EGM,40,-0.926414636988626,-1.264547050055144,2.0707032103578116,1.549881642053145,0.35405949222945704,8.648637361829969e-13,244,8.360423464637279e-11,199
RoutingInterdiction,neural,44,EGM,45,-0.9154853913384887,-1.3350425324886177,2.123126583604339,1.5839135081740288,0.3615102884378668,8.213429936176908e-13,245,8.787148786382204e-11,199
RoutingInterdiction,neural,44,EGM,50,-0.9080840054414443,-1.4018984960622451,2.1679983020057634,1.6108424460900654,0.3695568857269525,8.628653347386717e-13,245,8.264477990849173e-11,200
RoutingInterdiction,neural,44,EGM,55,-0.9035302016807198,-1.4485693669416317,2.189701522270937,1.6236968894455348,0.37788510124500807,8.917311333789257e-13,245,8.536615858645291e-11,200
RoutingInterdiction,neural,44,EGM,60,-0.9003721104639351,-1.4722264098336697,2.1864825353483712,1.6199014715541555,0.386175694093852,8.149037000748649e-13,246,8.699796438804697e-11,200
RoutingInterdiction,neural,45,EGM,0,-0.997351761093543,-1.2261187503754596,1.9915572006229145,1.528281113140197,0.25744661007070974,8.393286066166183e-13,244,8.549960739401286e-11,199
RoutingInterdiction,neural,45,EGM,5,-0.9942697906670783,-1.1882556416195142,1.965369237505015,1.5130235505269893,0.25745197412833926,8.135714324453147e-13,244,8.332201595351307e-11,199
RoutingInterdiction,neural,45,EGM,10,-0.9886480091480309,-1.140512924230147,1.9266637187965587,1.493306952066406,0.25954731115686464,8.670841822322473e-13,243,8.998979339480684e-11,198
RoutingInterdiction,neural,45,EGM,15,-0.9806241465277058,-1.0917404079511739,1.8839162696380538,1.4735653424359674,0.26367229679341303,8.30002733209767e-13,243,8.766787296110579e-11,198
RoutingInterdiction,neural,45,EGM,20,-0.9706708474988985,-1.083682532864864,1.8786141078830871,1.4593961902718202,0.26960896833056053,8.240075288767912e-13,243,8.61475335511841e-11,198
RoutingInterdiction,neural,45,EGM,25,-0.959508868301062,-1.098020060719987,1.8923006110862082,1.4559011340597996,0.2770525772179729,8.348877145181177e-13,243,8.589884359366806e-11,198
RoutingInterdiction,neural,45,EGM,30,-0.9479822276259906,-1.1386662253733943,1.9288761951475801,1.4651248910340644,0.285687654573426,8.666400930223972e-13,243,8.709899468328786e-11,198
RoutingInterdiction,neural,45,EGM,35,-0.9369020535276888,-1.1890366440733682,1.971875646247593,1.484675929744988,0.2952413696395276,8.135714324453147e-13,244,8.951328567263772e-11,198
RoutingInterdiction,neural,45,EGM,40,-0.9268742857140237,-1.2412164352489183,2.0136441205193956,1.5087156633075174,0.3054990806674907,8.486544800234697e-13,244,8.332823320245097e-11,199
RoutingInterdiction,neural,45,EGM,45,-0.9181395905602956,-1.2950042321177846,2.0543876746466694,1.5303257573739502,0.3162812484930055,8.857359290459499e-13,244,8.609779555968089e-11,199
RoutingInterdiction,neural,45,EGM,50,-0.9104678964061269,-1.3340350261703562,2.0782940866709545,1.54388091042732,0.32739545134517317,8.208989044078407e-13,245,8.837575116160679e-11,199
RoutingInterdiction,neural,45,EGM,55,-0.9031553972067434,-1.3559592528186166,2.0836942570836214,1.5467973546532288,0.33859000461979705,8.337774914934926e-13,245,8.990364008809593e-11,199
RoutingInterdiction,neural,45,EGM,60,-0.895156495119861,-1.3765712159156975,2.087151816179561,1.5404353762051706,0.3495394524525806,8.482103908136196e-13,245,8.165823572880981e-11,200
RoutingInterdiction,neural,46,EGM,0,-0.9763883598408417,-1.3827629858427568,2.2107876414959473,1.6439378911668303,0.3514229564039352,8.515410598874951e-13,245,8.939471385360775e-11,199
RoutingInterdiction,neural,46,EGM,5,-0.9677489095679341,-1.4136945506122736,2.2283507911439,1.6421413775574563,0.3495786358086818,8.708589405159728e-13,245,8.137579499134517e-11,200
RoutingInterdiction,neural,46,EGM,10,-0.9605835744940324,-1.4162622345255105,2.2129591198924956,1.6238870426511256,0.3496757688263463,8.72413252750448e-13,245,8.142686525047793e-11,200
RoutingInterdiction,neural,46,EGM,15,-0.9546790768148292,-1.390232367482193,2.1655844575785075,1.5884595285598277,0.350792126236416,8.564260411958458e-13,245,8.941558604647071e-11,199
RoutingInterdiction,neural,46,EGM,20,-0.949353499954472,-1.337942065356035,2.0899102982821307,1.5429846643262812,0.3520694747158762,8.242295734817162e-13,245,8.770184578565932e-11,199
RoutingInterdiction,neural,46,EGM,25,-0.943877108464454,-1.2689546229888125,1.9968687376013343,1.5001440582755357,0.3531271118472582,8.686384944667225e-13,244,8.622480507369801e-11,199
RoutingInterdiction,neural,46,EGM,30,-0.9377669986040373,-1.2644979555194336,1.9689619305298411,1.4719086991864867,0.35422517272850335,8.661960038125471e-13,244,8.58291215877216e-11,199
RoutingInterdiction,neural,46,EGM,35,-0.9308276584083202,-1.2971207871455284,1.9798307580606143,1.4614903301381823,0.3561454259548347,8.890665981198254e-13,244,8.66886562533864e-11,199
RoutingInterdiction,neural,46,EGM,40,-0.9229651717739693,-1.3312752529317395,1.9947966703520907,1.4629560562027768,0.35984464131288846,8.215650382226158e-13,245,8.827716335702007e-11,199
RoutingInterdiction,neural,46,EGM,45,-0.9139345834674231,-1.364832897846117,2.012382019027639,1.4692889784778478,0.36601040929142065,8.413270080609436e-13,245,8.999623268834966e-11,199
RoutingInterdiction,neural,46,EGM,50,-0.9032197122043248,-1.3986985639368865,2.0339559342581737,1.4788779628377031,0.3747143114051197,8.628653347386717e-13,245,8.251443972540073e-11,200
RoutingInterdiction,neural,46,EGM,55,-0.8901692381246382,-1.4482573777667824,2.075217517611361,1.495552793449351,0.3853360114292652,8.93729534823251e-13,245,8.42483860452603e-11,200
RoutingInterdiction,neural,46,EGM,60,-0.8743566638505018,-1.5071478563030059,2.1299888302960888,1.5236434469099598,0.3967875126720169,8.36886115962443e-13,246,8.648792793053417e-11,200
RoutingInterdiction,neural,47,EGM,0,-0.9622948019572832,-1.310002951431219,2.154930253313668,1.6489871006999466,0.3870052590562174,8.961720254774264e-13,244,8.823919372957789e-11,199
RoutingInterdiction,neural,47,EGM,5,-0.9583121674112478,-1.3933608698563944,2.21677767563166,1.6812107162171723,0.3752274704427756,8.58424442640171e-13,245,8.345923951935674e-11,200
RoutingInterdiction,neural,47,EGM,10,-0.9616480691599858,-1.451025931714347,2.2495241160770947,1.6965354015217855,0.3647315720918879,8.93729534823251e-13,245,8.645173465993139e-11,200
RoutingInterdiction,neural,47,EGM,15,-0.9696915455199392,-1.481342221040649,2.25308298955475,1.6915972956342096,0.35509435364069636,8.211209490127658e-13,246,8.806866347299547e-11,200
RoutingInterdiction,neural,47,EGM,20,-0.9794498194153565,-1.4838855601822416,2.2285038992566615,1.6659671689467446,0.34643197654555663,8.22453216642316e-13,246,8.819855956687661e-11,200
RoutingInterdiction,neural,47,EGM,25,-0.9880932382933771,-1.4595414732860514,2.1779692127969428,1.6215538940529577,0.33922375960561163,8.990586053414518e-13,245,8.689782227122578e-11,200
RoutingInterdiction,neural,47,EGM,30,-0.9933409190311533,-1.4105035173598697,2.104750754951646,1.5623146045839398,0.3340694923215343,8.688605390716475e-13,245,8.437317511322817e-11,200
RoutingInterdiction,neural,47,EGM,35,-0.9937009528656833,-1.341291083090479,2.014228248057303,1.493986087086996,0.33147265319102504,8.262279749260415e-13,245,8.996314804221583e-11,199
RoutingInterdiction,neural,47,EGM,40,-0.9885736338809095,-1.26972778548534,1.9248990880199284,1.4238522622379304,0.3316780714178773,8.690825836765725e-13,244,8.571743315144431e-11,199
RoutingInterdiction,neural,47,EGM,45,-0.9782300509540105,-1.2012675843225915,1.8427475817758023,1.3609586109751317,0.3345755420011109,8.220091274324659e-13,244,8.170220056058497e-11,199
RoutingInterdiction,neural,47,EGM,50,-0.963692701801016,-1.1307533116857384,1.7630377970601894,1.3169052305649753,0.339689321827793,8.599787548746463e-13,243,8.76059225163317e-11,198
RoutingInterdiction,neural,47,EGM,55,-0.9465522862936199,-1.1568118529375075,1.784716824613305,1.3043374900129616,0.34627355292033796,8.801848139228241e-13,243,8.685385743945062e-11,198
RoutingInterdiction,neural,47,EGM,60,-0.9287413189351914,-1.218520366438748,1.847051782865304,1.3293213786568479,0.3535100020430679,8.344436253082677e-13,244,8.905320925123306e-11,198
RoutingInterdiction,neural,48,EGM,0,-1.0110201718531537,-1.077147407856541,1.7509857378842733,1.3629930393883947,0.2435319914474674,8.193445921733655e-13,243,8.827361064334127e-11,198
RoutingInterdiction,neural,48,EGM,5,-1.002407569452306,-1.043499742200954,1.7186126675315105,1.3562187064625033,0.23857984260655093,8.815170815523743e-13,242,8.758438418965397e-11,198
RoutingInterdiction,neural,48,EGM,10,-0.9945487469253163,-1.0968182227557244,1.777088287703498,1.3652756770603987,0.2347049479819152,8.342215807033426e-13,243,8.798539674614858e-11,198
RoutingInterdiction,neural,48,EGM,15,-0.9881082800277394,-1.1498844506420989,1.8387187869459436,1.3852985356309222,0.2319284789589357,8.744116541947733e-13,243,8.907008464120736e-11,198
RoutingInterdiction,neural,48,EGM,20,-0.9833745182728626,-1.1919208777489803,1.8920743245287952,1.4105205355658508,0.23021496047534015,8.15791878494565e-13,244,8.133049789194047e-11,199
RoutingInterdiction,neural,48,EGM,25,-0.9802302606007587,-1.2205003712995137,1.9339400112396783,1.4356104344123002,0.2295190203956698,8.351097591230427e-13,244,8.231748616083223e-11,199
RoutingInterdiction,neural,48,EGM,30,-0.9782067491953598,-1.2339629768371994,1.9617799373047253,1.4564489402571206,0.2298258089207953,8.446576771348191e-13,244,8.286393793355273e-11,199
RoutingInterdiction,neural,48,EGM,35,-0.9765998940570124,-1.2315479028532925,1.9739217707015004,1.470513839009625,0.23117303052062785,8.428813202954188e-13,244,8.284439800831933e-11,199
RoutingInterdiction,neural,48,EGM,40,-0.9746217778227421,-1.2134711997672238,1.9696902936346254,1.4769973653777764,0.23365452740925133,8.304468224196171e-13,244,8.226797021393395e-11,199
RoutingInterdiction,neural,48,EGM,45,-0.9715563980633103,-1.1850905278241208,1.9536268279965214,1.4766874481300272,0.23740740262297053,8.109068971862143e-13,244,8.126344042125311e-11,199
RoutingInterdiction,neural,48,EGM,50,-0.9668874795125277,-1.1559858476385563,1.9346172935719887,1.4716103064575532,0.24258176338016518,8.784084570834239e-13,243,8.894307512719024e-11,198
RoutingInterdiction,neural,48,EGM,55,-0.9603718756577009,-1.146129378980154,1.9320965122961336,1.4644765435192442,0.24929471691187863,8.717471189356729e-13,243,8.764944325889701e-11,198
RoutingInterdiction,neural,48,EGM,60,-0.9520462235486271,-1.138160000992823,1.9283408436074552,1.4580573922122684,0.25758090184989596,8.659739592076221e-13,243,8.669454043541691e-11,198
RoutingInterdiction,neural,49,EGM,0,-0.9773434943192816,-1.0901965165686573,1.8215426801552026,1.3996657617434924,0.2463029104390819,8.293365993949919e-13,243,8.675449247874667e-11,198
RoutingInterdiction,neural,49,EGM,5,-0.9695404510656003,-1.1460501428474665,1.8723803891426942,1.4121327730939974,0.24888004349560153,8.715250743307479e-13,243,8.828959785489587e-11,198
RoutingInterdiction,neural,49,EGM,10,-0.9631587858075084,-1.2202129600984852,1.9414383485307258,1.4354816719574819,0.25210372146622706,8.351097591230427e-13,244,8.170997212175735e-11,199
RoutingInterdiction,neural,49,EGM,15,-0.958557733706128,-1.2781462299136264,1.9943159757514333,1.4607987178823008,0.25611492562960764,8.748557434046234e-13,244,8.411249474704618e-11,199
RoutingInterdiction,neural,49,EGM,20,-0.9555544362647561,-1.3139509232570121,2.0252445711198037,1.479618378538372,0.2610091796984717,8.990586053414518e-13,244,8.598943779247747e-11,199
RoutingInterdiction,neural,49,EGM,25,-0.9534129702464802,-1.3243562623558571,2.0310815816348677,1.486585266627882,0.2667216513350924,8.15791878494565e-13,245,8.690559383239815e-11,199
RoutingInterdiction,neural,49,EGM,30,-0.9510023132089315,-1.3125227577829774,2.0151119979556795,1.4805262733916869,0.27300732814683726,8.986145161316017e-13,244,8.675615781328361e-11,199
RoutingInterdiction,neural,49,EGM,35,-0.9471069820167355,-1.2932321033793825,1.9922287091576218,1.46435729819104,0.27954002003367684,8.850697952311748e-13,244,8.575939958177514e-11,199
RoutingInterdiction,neural,49,EGM,40,-0.9407990863453033,-1.2825706822193093,1.9786011091930775,1.4437872041078768,0.2860692940980255,8.788525462932739e-13,244,8.435629972325387e-11,199
RoutingInterdiction,neural,49,EGM,45,-0.9317284530772213,-1.2686229462278908,1.9623522426612632,1.4250523985054504,0.2925308515851129,8.697487174913476e-13,244,8.303446819013516e-11,199
RoutingInterdiction,neural,49,EGM,50,-0.9202026920588431,-1.26477769918885,1.9568508084113065,1.4128884272679785,0.2990463663991452,8.668621376273222e-13,244,8.217360125684081e-11,199
RoutingInterdiction,neural,49,EGM,55,-0.9070190514904408,-1.2617138983432512,1.9526860883125252,1.409680394754142,0.30583582139084164,8.646416915780719e-13,244,8.197886813832156e-11,199
RoutingInterdiction,neural,49,EGM,60,-0.8931267254797977,-1.2678574643063567,1.958117812135317,1.4155053906765411,0.31312007337375725,8.673062268371723e-13,244,8.247669214256348e-11,199
RoutingInterdiction,neural,40,PPM-3,0,-1.0045574236306778,-1.512424148961696,2.144689604950066,1.5387461796475796,0.3285274788748613,8.384404281969182e-13,246,8.67206306764956e-11,200
RoutingInterdiction,neural,40,PPM-3,5,-1.0031871507644148,-1.4631732363099736,2.092184932743895,1.496610736359512,0.32678262020114873,8.109068971862143e-13,246,8.393663541994556e-11,200
RoutingInterdiction,neural,40,PPM-3,10,-0.9996302326428531,-1.387799760305058,2.0178836144172894,1.4471139973790401,0.3251112618289593,8.546496843564455e-13,245,8.924416761146858e-11,199
RoutingInterdiction,neural,40,PPM-3,15,-0.9935566690129538,-1.2922134095917928,1.927593960877144,1.4044954411656378,0.32298066187527213,8.846257060213247e-13,244,8.545808505289187e-11,199
RoutingInterdiction,neural,40,PPM-3,20,-0.9854515631307202,-1.1935299806734843,1.8382021932464667,1.3850612390648616,0.32048343277179686,8.171241461241152e-13,244,8.323608469140709e-11,199
RoutingInterdiction,neural,40,PPM-3,25,-0.9764523005380454,-1.211996082581431,1.8695594346359514,1.3972224971829483,0.3182095744630983,8.29780688604842e-13,244,8.326828115912122e-11,199
RoutingInterdiction,neural,40,PPM-3,30,-0.9679116568576659,-1.2902674481702983,1.9637194091685308,1.4344894662135934,0.3169468190888794,8.828493491819245e-13,244,8.505796067481697e-11,199
RoutingInterdiction,neural,40,PPM-3,35,-0.960869261272746,-1.3490736474410254,2.0405702267547956,1.4812938075023012,0.3173329371849017,8.311129562343922e-13,245,8.740874690715827e-11,199
RoutingInterdiction,neural,40,PPM-3,40,-0.9556461067384662,-1.381519678887142,2.092127505048377,1.52311810996465,0.3195969633577688,8.506528814677949e-13,245,8.924860850356708e-11,199
RoutingInterdiction,neural,40,PPM-3,45,-0.9517223142813924,-1.3842785630595866,2.1137624168342386,1.5516620132797407,0.3234967958901307,8.526512829121202e-13,245,8.10300715414769e-11,200
RoutingInterdiction,neural,40,PPM-3,50,-0.9479484238269198,-1.3770557912343195,2.123757740928796,1.5659620781679888,0.3284687220964566,8.486544800234697e-13,245,8.981260180007666e-11,199
RoutingInterdiction,neural,40,PPM-3,55,-0.9430115858053988,-1.3737273411197235,2.1345878397418216,1.5713549670319864,0.3338948237891046,8.464340339742193e-13,245,8.912737214927802e-11,199
RoutingInterdiction,neural,40,PPM-3,60,-0.9359678658076551,-1.3728836836963976,2.1436279701603036,1.575838750381315,0.3393442133237682,8.464340339742193e-13,245,8.871392509490761e-11,199
RoutingInterdiction,neural,41,PPM-3,0,-1.017208862021889,-1.2410616115383881,2.0321767758819744,1.551702418707407,0.2956098455312497,8.495426584431698e-13,244,8.497469394797008e-11,199
RoutingInterdiction,neural,41,PPM-3,5,-1.009307578085961,-1.309123904382456,2.094423171369124,1.560159332416252,0.287289117131981,8.957279362675763e-13,244,8.620060221176118e-11,199
RoutingInterdiction,neural,41,PPM-3,10,-1.0033920405121264,-1.3576422613463035,2.1322608918182464,1.5703927785528402,0.28028051955133865,8.362199821476679e-13,245,8.794587280647193e-11,199
RoutingInterdiction,neural,41,PPM-3,15,-0.9998969411730273,-1.3833567272580138,2.1432834266653975,1.5713421359560817,0.27452356521196414,8.522071937022702e-13,245,8.925216121724588e-11,199
RoutingInterdiction,neural,41,PPM-3,20,-0.9985295237684648,-1.3849063626594131,2.1271709966288928,1.558144462386847,0.26954800857558114,8.528733275170453e-13,245,8.965139741690109e-11,199
RoutingInterdiction,neural,41,PPM-3,25,-0.9985006380688963,-1.362957559806246,2.0857533209572376,1.531704291670652,0.26472931475684913,8.397726958264684e-13,245,8.912515170322877e-11,199
RoutingInterdiction,neural,41,PPM-3,30,-0.9988720958822166,-1.320085998283299,2.022807905939878,1.4972201302854908,0.2595917644025839,8.131273432354647e-13,245,8.798961559364216e-11,199
RoutingInterdiction,neural,41,PPM-3,35,-0.998877138758638,-1.2607831441083879,1.9439732628471227,1.4619974023496936,0.25402025831661296,8.628653347386717e-13,244,8.672729201464335e-11,199
RoutingInterdiction,neural,41,PPM-3,40,-0.998103593449929,-1.2401200217446928,1.9053264122255522,1.432430168483757,0.2483033847017621,8.490985692333197e-13,244,8.576317434005887e-11,199
RoutingInterdiction,neural,41,PPM-3,45,-0.9964997922158085,-1.2484517720215824,1.8980249386159402,1.4112161733019368,0.24300459777105227,8.548717289613705e-13,244,8.525580241780517e-11,199
RoutingInterdiction,neural,41,PPM-3,50,-0.9942411078550258,-1.2690049320598802,1.9058649440861646,1.3967218201790654,0.23872158983809966,8.684164498617974e-13,244,8.504930093522489e-11,199
RoutingInterdiction,neural,41,PPM-3,55,-0.991545865169454,-1.287369822071595,1.9147763287612567,1.3849078893796722,0.23584076119386665,8.810729923425242e-13,244,8.481793045689301e-11,199
RoutingInterdiction,neural,41,PPM-3,60,-0.9885338172043219,-1.2881204764120342,1.9094686054136167,1.3721068754566457,0.23440314846847937,8.815170815523743e-13,244,8.427303299640698e-11,199
RoutingInterdiction,neural,42,PPM-3,0,-1.0067869460825198,-1.3461520225707777,2.0749860938937914,1.5180019569086607,0.2440864350541424,8.291145547900669e-13,245,8.761724679118288e-11,199
RoutingInterdiction,neural,42,PPM-3,5,-1.0052711819418458,-1.3223362289582408,2.050575657826407,1.502802881042138,0.24200004300911346,8.149037000748649e-13,245,8.646194871175794e-11,199
RoutingInterdiction,neural,42,PPM-3,10,-1.0027153366840507,-1.2793395256316942,2.007306360012802,1.4796470402722743,0.24038658093440665,8.755218772193984e-13,244,8.464939860175491e-11,199
RoutingInterdiction,neural,42,PPM-3,15,-0.9985544407357108,-1.2247372552003348,1.95283053418441,1.4535961647754685,0.23916568946403124,8.382183835919932e-13,244,8.257372563491572e-11,199
RoutingInterdiction,neural,42,PPM-3,20,-0.9926667955379277,-1.181843762920825,1.9104833536433894,1.4302255349391801,0.23844070456692604,8.990586053414518e-13,243,8.963962905284006e-11,198
RoutingInterdiction,neural,42,PPM-3,25,-0.9853525142747896,-1.1534840165367977,1.8830440928423204,1.4137459930149325,0.23843365512433679,8.772982340587987e-13,243,8.81053008328081e-11,198
RoutingInterdiction,neural,42,PPM-3,30,-0.977187370537064,-1.1306690942230646,1.8614107713741852,1.405759959957317,0.23936575352359934,8.597567102697212e-13,243,8.729905687232531e-11,198
RoutingInterdiction,neural,42,PPM-3,35,-0.9688143229186755,-1.1083888903907968,1.8404007907876303,1.4053075600996627,0.24135879836303323,8.413270080609436e-13,243,8.715406174530926e-11,198
RoutingInterdiction,neural,42,PPM-3,40,-0.9607491567659976,-1.113365801947586,1.846519566909794,1.4099000669123787,0.2444138506636576,8.459899447643693e-13,243,8.746936508430281e-11,198
RoutingInterdiction,neural,42,PPM-3,45,-0.9532562541357791,-1.125148393460419,1.8590739968200776,1.4167138303184217,0.2484669612982639,8.553158181712206e-13,243,8.801648299083809e-11,198
RoutingInterdiction,neural,42,PPM-3,50,-0.9463132319677683,-1.1418539678395936,1.8759372499726563,1.4233875309825086,0.25347295521244856,8.681944052568724e-13,243,8.860667755072882e-11,198
RoutingInterdiction,neural,42,PPM-3,55,-0.9396505184169658,-1.1566562701136465,1.8900583666217097,1.4283796991916549,0.25946024496741266,8.79296635503124e-13,243,8.912048876652534e-11,198
RoutingInterdiction,neural,42,PPM-3,60,-0.9328358780635163,-1.1689622052832807,1.900657704022121,1.431115654866377,0.26652710678867614,8.890665981198254e-13,243,8.952238950143965e-11,198
RoutingInterdiction,neural,43,PPM-3,0,-1.012269439010577,-1.302700426461221,2.0696196937170526,1.5431358399098507,0.2799215641355875,8.912870441690757e-13,244,8.649747584854595e-11,199
RoutingInterdiction,neural,43,PPM-3,5,-1.0066317751862108,-1.2022820250899167,1.9571846398084338,1.4911778417089971,0.27487756756572845,8.22675261247241e-13,244,8.33382252096726e-11,199
RoutingInterdiction,neural,43,PPM-3,10,-0.999215975881666,-1.1527955156950078,1.8964826044953287,1.456887024177502,0.27054745672869085,8.766321002440236e-13,243,8.150680130825094e-11,199
RoutingInterdiction,neural,43,PPM-3,15,-0.9910611602538106,-1.1803621607272645,1.9139804558346258,1.440566505527641,0.2674445900602728,8.975042931069765e-13,243,8.100498050112037e-11,199
RoutingInterdiction,neural,43,PPM-3,20,-0.9831594864506265,-1.212267958656738,1.9372743569332973,1.436515438714044,0.265833485431182,8.29558643999917e-13,244,8.136513685030877e-11,199
RoutingInterdiction,neural,43,PPM-3,25,-0.9761809585247025,-1.2290611153249513,1.947200173455152,1.438042067526947,0.2656591852882022,8.411049634560186e-13,244,8.203837609244147e-11,199
RoutingInterdiction,neural,43,PPM-3,30,-0.9703618089256487,-1.2296087425239175,1.942886417941207,1.4409408218106794,0.2666311749562817,8.415490526658687e-13,244,8.267009299345318e-11,199
RoutingInterdiction,neural,43,PPM-3,35,-0.9655508684993597,-1.2331434148834073,1.9437805795117193,1.4441234832691896,0.2683967914042918,8.43769498715119e-13,244,8.315126365232572e-11,199
RoutingInterdiction,neural,43,PPM-3,40,-0.9613532838480379,-1.2500341738059095,1.9603878528701788,1.4484834693035715,0.27070837401100806,8.562039965909207e-13,244,8.353628899726573e-11,199
RoutingInterdiction,neural,43,PPM-3,45,-0.957291638831007,-1.268215074255862,1.9806625049722846,1.4551458976611746,0.27351382843294936,8.684164498617974e-13,244,8.39095459781447e-11,199
RoutingInterdiction,neural,43,PPM-3,50,-0.9529203522365545,-1.28197303742992,1.9987621143791099,1.4640939539672218,0.2769490915508421,8.777423232686488e-13,244,8.428124864678921e-11,199
RoutingInterdiction,neural,43,PPM-3,55,-0.947867321978494,-1.2888147488713515,2.01189296721033,1.47388191702232,0.2812532672545655,8.824052599720744e-13,244,8.456280120583415e-11,199
RoutingInterdiction,neural,43,PPM-3,60,-0.9418179394448261,-1.2894567917642954,2.0202980751634696,1.4823770088592578,0.28665303131784353,8.830713937868495e-13,244,8.462497369521316e-11,199
RoutingInterdiction,neural,44,PPM-3,0,-1.0074699675820789,-1.5833586274075993,2.339350521458742,1.7267204247108843,0.347665991851063,8.777423232686488e-13,246,8.247891258861273e-11,201
RoutingInterdiction,neural,44,PPM-3,5,-1.011471121595533,-1.5170488566661449,2.298025209186566,1.6970423017411627,0.3437501219355613,8.413270080609436e-13,246,8.770584258854797e-11,200
RoutingInterdiction,neural,44,PPM-3,10,-1.010113471749891,-1.4236869559662697,2.225267584829007,1.6474591764672437,0.3406675038547019,8.768541448489486e-13,245,8.26090307270988e-11,200
RoutingInterdiction,neural,44,PPM-3,15,-1.002914126874579,-1.3098298075480133,2.126760598068694,1.589765135692142,0.3386427875195459,8.966161146872764e-13,244,8.584088995178263e-11,199
RoutingInterdiction,neural,44,PPM-3,20,-0.990576252324021,-1.182936831607043,2.009441047982844,1.5384334666094088,0.33808359253434284,8.992806499463768e-13,243,8.982903310084112e-11,198
RoutingInterdiction,neural,44,PPM-3,25,-0.9747207320593878,-1.0884602927928553,1.9185528046629339,1.5066758846573098,0.3393637855502881,8.275602425555917e-13,243,8.66092753071257e-11,198
RoutingInterdiction,neural,44,PPM-3,30,-0.9574344791043488,-1.1208879255097166,1.9486306746701942,1.5009454062530385,0.34261926623512756,8.519851490973451e-13,243,8.63427107589132e-11,198
RoutingInterdiction,neural,44,PPM-3,35,-0.9407918109133515,-1.1861658506508235,2.0058713546210396,1.5182906807979473,0.3476811538545301,8.109068971862143e-13,244,8.872658163738834e-11,198
RoutingInterdiction,neural,44,PPM-3,40,-0.9264646671737492,-1.2636022202536958,2.070007101138174,1.5494624445642582,0.3541654117397361,8.641976023682219e-13,244,8.354805736132676e-11,199
RoutingInterdiction,neural,44,PPM-3,45,-0.9154603500170964,-1.3339405679664849,2.122370400573847,1.583528710981522,0.36163212609376916,8.204548151979907e-13,245,8.781109173128243e-11,199
RoutingInterdiction,neural,44,PPM-3,50,-0.9079736408464641,-1.4010516342766066,2.167587580060537,1.6106614499531533,0.36969964966580493,8.624212455288216e-13,245,8.25992607644821e-11,200
RoutingInterdiction,neural,44,PPM-3,55,-0.9033427795549558,-1.4481255641961293,2.1897691095681697,1.623878399396172,0.37805348748425893,8.917311333789257e-13,245,8.534195572451608e-11,200
RoutingInterdiction,neural,44,PPM-3,60,-0.9001366879106975,-1.4723323742677081,2.187151147817636,1.6205462044690357,0.38637608842372245,8.151257446797899e-13,246,8.700418163698487e-11,200
RoutingInterdiction,neural,45,PPM-3,0,-0.997351761093543,-1.2261187503754596,1.9915572006229145,1.528281113140197,0.25744661007070974,8.393286066166183e-13,244,8.549960739401286e-11,199
RoutingInterdiction,neural,45,PPM-3,5,-0.9942686493682716,-1.188332362242538,1.9654261458896825,1.5130533308933063,0.257461742411286,8.133493878403897e-13,244,8.33257907117968e-11,199
RoutingInterdiction,neural,45,PPM-3,10,-0.9886535038651716,-1.1406958626795936,1.9268172070342566,1.4933742692342746,0.25956228182688856,8.673062268371723e-13,243,8.999845313439891e-11,198
RoutingInterdiction,neural,45,PPM-3,15,-0.9806415662315053,-1.0920163313538338,1.8841646986328529,1.473652470365388,0.263689307190824,8.304468224196171e-13,243,8.767830905753726e-11,198
RoutingInterdiction,neural,45,PPM-3,20,-0.9707010835830636,-1.0837082044053772,1.8786264960596313,1.459457610133005,0.26962692900614726,8.240075288767912e-13,243,8.615430591163431e-11,198
RoutingInterdiction,neural,45,PPM-3,25,-0.9595473684873771,-1.0978082729405392,1.892101874519098,1.4558794649853972,0.2770724291506072,8.346656699131927e-13,243,8.589562394689665e-11,198
RoutingInterdiction,neural,45,PPM-3,30,-0.9480191519669687,-1.1384237831575441,1.9286842639089854,1.464984796873619,0.2857117538749897,8.659739592076221e-13,243,8.708178622640617e-11,198
RoutingInterdiction,neural,45,PPM-3,35,-0.9369239235437113,-1.188617791447211,1.9715538946728737,1.4844338634414354,0.29527269581130416,8.135714324453147e-13,244,8.948219942794822e-11,198
RoutingInterdiction,neural,45,PPM-3,40,-0.9268672237611219,-1.2404488605480724,2.0130262044949787,1.5084463503634247,0.30554075400014796,8.477663016037695e-13,244,8.329448242250237e-11,199
RoutingInterdiction,neural,45,PPM-3,45,-0.9180938012437379,-1.2943873436305577,2.0539744946639518,1.5301444588447908,0.316336721048228,8.850697952311748e-13,244,8.606693135959631e-11,199
RoutingInterdiction,neural,45,PPM-3,50,-0.9103823268399556,-1.333684442699207,2.0781969728980543,1.543909225939853,0.3274693587354362,8.206768598029157e-13,245,8.835776554860786e-11,199
RoutingInterdiction,neural,45,PPM-3,55,-0.9030407563587155,-1.3559888010251333,2.0840159742000886,1.5471206671225262,0.3386891164346176,8.339995360984176e-13,245,8.99060825787501e-11,199
RoutingInterdiction,neural,45,PPM-3,60,-0.8950345644079514,-1.3768963324886634,2.087789705258965,1.541063465941142,0.3496727617594465,8.482103908136196e-13,245,8.168110632311709e-11,200
RoutingInterdiction,neural,46,PPM-3,0,-0.9763883598408417,-1.3827629858427568,2.2107876414959473,1.6439378911668303,0.3514229564039352,8.515410598874951e-13,245,8.939471385360775e-11,199
RoutingInterdiction,neural,46,PPM-3,5,-0.9677529338057107,-1.4136211092687287,2.2283194840723133,1.6421442634565393,0.3496040296144872,8.708589405159728e-13,245,8.137313045608607e-11,200
RoutingInterdiction,neural,46,PPM-3,10,-0.9605780873762245,-1.4162536577861515,2.213051136800802,1.6239807864052929,0.3497210470676794,8.72413252750448e-13,245,8.142642116126808e-11,200
RoutingInterdiction,neural,46,PPM-3,15,-0.9546579682549853,-1.3904246257349508,2.1659399703356446,1.5887195899468807,0.3508579509303746,8.564260411958458e-13,245,8.942291351843323e-11,199
RoutingInterdiction,neural,46,PPM-3,20,-0.9493206674369764,-1.3384410918693752,2.0906276667024786,1.5434046145057088,0.35216003481603225,8.246736626915663e-13,245,8.771783299721392e-11,199
RoutingInterdiction,neural,46,PPM-3,25,-0.9438420490302182,-1.2691782697859146,1.9973487347291328,1.5006076519797253,0.35324464122888655,8.686384944667225e-13,244,8.624145841906738e-11,199
RoutingInterdiction,neural,46,PPM-3,30,-0.9377375534724903,-1.2644255172212544,1.969160890724517,1.4722591526577744,0.35436517230614845,8.659739592076221e-13,244,8.583556088126443e-11,199
RoutingInterdiction,neural,46,PPM-3,35,-0.9308054069641228,-1.296913523992247,1.9798850319361496,1.4616633019984797,0.3562955902003057,8.890665981198254e-13,244,8.66824390044485e-11,199
RoutingInterdiction,neural,46,PPM-3,40,-0.9229467710190833,-1.331003454721814,1.9947528228070563,1.463013428284379,0.3599888847985491,8.211209490127658e-13,245,8.826450681453935e-11,199
RoutingInterdiction,neural,46,PPM-3,45,-0.9139179438940874,-1.3647797411759184,2.0125023334031162,1.4693293236912457,0.36613675296995407,8.413270080609436e-13,245,8.998646272573296e-11,199
RoutingInterdiction,neural,46,PPM-3,50,-0.9032099943446384,-1.3985447090953875,2.0339031262202156,1.4789443463278857,0.3748224332027714,8.624212455288216e-13,245,8.251244132395641e-11,200
RoutingInterdiction,neural,46,PPM-3,55,-0.8901788681121152,-1.4477903299109012,2.0747632030964493,1.495616333870122,0.38543949489641155,8.93507490218326e-13,245,8.425238284814895e-11,200
RoutingInterdiction,neural,46,PPM-3,60,-0.8743969633177753,-1.5069352522873942,2.1296857382012693,1.5236651888541868,0.39690876061286307,8.36664071357518e-13,246,8.649658767012625e-11,200
RoutingInterdiction,neural,47,PPM-3,0,-0.9622948019572832,-1.310002951431219,2.154930253313668,1.6489871006999466,0.3870052590562174,8.961720254774264e-13,244,8.823919372957789e-11,199
RoutingInterdiction,neural,47,PPM-3,5,-0.9582955189384141,-1.3932230816029625,2.2167006661941397,1.681184528464752,0.3752838043078471,8.57980353430321e-13,245,8.345257818120899e-11,200
RoutingInterdiction,neural,47,PPM-3,10,-0.9615933851803935,-1.4508640910913069,2.2494833583710623,1.6965572759652412,0.36483424437814355,8.93507490218326e-13,245,8.644462923257379e-11,200
RoutingInterdiction,neural,47,PPM-3,15,-0.9695980450433965,-1.4812730327851078,2.2531849848734287,1.691745283606493,0.3552347622697574,8.213429936176908e-13,246,8.806688711615607e-11,200
RoutingInterdiction,neural,47,PPM-3,20,-0.979333698308497,-1.4840214531329792,2.2288447649339655,1.6663081338760661,0.34659999131439095,8.22675261247241e-13,246,8.820788544028346e-11,200
RoutingInterdiction,neural,47,PPM-3,25,-0.9879812852999321,-1.459979523586513,2.178626948323714,1.6221285309674731,0.3394075173749594,8.992806499463768e-13,245,8.692313535618723e-11,200
RoutingInterdiction,neural,47,PPM-3,30,-0.9932630333702442,-1.411312589641147,2.105774876694409,1.5631213669618742,0.3342568946855151,8.693046282814976e-13,245,8.441580767737378e-11,200
RoutingInterdiction,neural,47,PPM-3,35,-0.9936825603567511,-1.342343409252118,2.0154727062556312,1.4949682355715561,0.33165335534358587,8.268941087408166e-13,245,8.102363224793407e-11,200
RoutingInterdiction,neural,47,PPM-3,40,-0.9886291699452485,-1.2709187734573146,1.926242266519961,1.4248906902242608,0.3318454165688219,8.699707620962727e-13,244,8.578893151423017e-11,199
RoutingInterdiction,neural,47,PPM-3,45,-0.9783587394718953,-1.202717350269055,1.844293174535132,1.3618643951944982,0.33472821494817445,8.231193504570911e-13,244,8.176748167443293e-11,199
RoutingInterdiction,neural,47,PPM-3,50,-0.9638772943921778,-1.13144343883657,1.7637505981371853,1.3174185882221314,0.3398321553067672,8.604228440844963e-13,243,8.764944325889701e-11,198
RoutingInterdiction,neural,47,PPM-3,55,-0.9467605822559273,-1.1562868604979792,1.7841235859426994,1.3042079917565113,0.34641651784474536,8.79740724712974e-13,243,8.684675201209302e-11,198
RoutingInterdiction,neural,47,PPM-3,60,-0.9289299421945573,-1.2173291471258778,1.8456830852871966,1.3284771486207165,0.35366470361773256,8.337774914934926e-13,244,8.899125880645897e-11,198
RoutingInterdiction,neural,48,PPM-3,0,-1.0110201718531537,-1.077147407856541,1.7509857378842733,1.3629930393883947,0.2435319914474674,8.193445921733655e-13,243,8.827361064334127e-11,198
RoutingInterdiction,neural,48,PPM-3,5,-1.0024163741781413,-1.0434252606821528,1.7185278415697876,1.3562016138956499,0.23859457078523386,8.812950369474493e-13,242,8.758349601123427e-11,198
RoutingInterdiction,neural,48,PPM-3,10,-0.9945604974820148,-1.0965537528508649,1.776786962345659,1.3651838531664175,0.23473283839448286,8.337774914934926e-13,243,8.798006767563038e-11,198
RoutingInterdiction,neural,48,PPM-3,15,-0.9881139531420744,-1.1495526886112737,1.8383116804665725,1.3851137266354945,0.23196797069249775,8.739675649849232e-13,243,8.906009263398573e-11,198
RoutingInterdiction,neural,48,PPM-3,20,-0.9833657363192296,-1.1915881043491494,1.8916210778204947,1.4102620139007702,0.2302648329544184,8.15791878494565e-13,244,8.131872952787944e-11,199
RoutingInterdiction,neural,48,PPM-3,25,-0.9802025703556776,-1.2202436216366899,1.93351704439058,1.43532381959541,0.22957821549683063,8.351097591230427e-13,244,8.230705006440076e-11,199
RoutingInterdiction,neural,48,PPM-3,30,-0.9781615377076158,-1.233862564710872,1.9614731980293456,1.4561914433853123,0.22989306391849973,8.446576771348191e-13,244,8.285971908605916e-11,199
RoutingInterdiction,neural,48,PPM-3,35,-0.976544518052659,-1.2316780580638946,1.9738170820650442,1.4703383239797962,0.23124658260238243,8.428813202954188e-13,244,8.284906094502276e-11,199
RoutingInterdiction,neural,48,PPM-3,40,-0.9745678603985766,-1.2138896728302704,1.9698620885748341,1.4769374617459268,0.23373194694844715,8.306688670245421e-13,244,8.2282625157859e-11,199
RoutingInterdiction,neural,48,PPM-3,45,-0.9715166760732403,-1.1857266759499756,1.9540247762800083,1.4767472824741263,0.2374855846930279,8.111289417911394e-13,244,8.128719919398009e-11,199
RoutingInterdiction,neural,48,PPM-3,50,-0.9668720483170816,-1.1564151394590603,1.9348388728816648,1.471762980657996,0.24265725450417572,8.786305016883489e-13,243,8.897504955029945e-11,198
RoutingInterdiction,neural,48,PPM-3,55,-0.9603849755695554,-1.1466969207902151,1.9325083669854108,1.4646732070824513,0.24936457047824123,8.72191208145523e-13,243,8.768097359279636e-11,198
RoutingInterdiction,neural,48,PPM-3,60,-0.9520846050919614,-1.1384332982046093,1.928529445598603,1.4582439603320054,0.25764392621145843,8.659739592076221e-13,243,8.671874329735374e-11,198
RoutingInterdiction,neural,49,PPM-3,0,-0.9773434943192816,-1.0901965165686573,1.8215426801552026,1.3996657617434924,0.2463029104390819,8.293365993949919e-13,243,8.675449247874667e-11,198
RoutingInterdiction,neural,49,PPM-3,5,-0.9695464798288823,-1.1459067357037067,1.872244581780077,1.4120841584014598,0.24888638603423316,8.715250743307479e-13,243,8.82844908289826e-11,198
RoutingInterdiction,neural,49,PPM-3,10,-0.9631614228843413,-1.219877596120217,1.941116702626434,1.4353527987715942,0.25211636889577327,8.348877145181177e-13,244,8.169864784690617e-11,199
RoutingInterdiction,neural,49,PPM-3,15,-0.9585457416013202,-1.2777757561454228,1.9939638387729537,1.4606240468569336,0.25613311020558627,8.744116541947733e-13,244,8.409739571391128e-11,199
RoutingInterdiction,neural,49,PPM-3,20,-0.9555202581732763,-1.313680647040695,2.0249956007598664,1.4794851127903321,0.26103249635572734,8.990586053414518e-13,244,8.59772253392066e-11,199
RoutingInterdiction,neural,49,PPM-3,25,-0.9533580437758001,-1.3243394760464013,2.031086869962119,1.4865968792891873,0.2667521704743069,8.15791878494565e-13,245,8.690470565397845e-11,199
RoutingInterdiction,neural,49,PPM-3,30,-0.9509393728188646,-1.312809927188483,2.0154188137319804,1.4807580279277275,0.27305093201021213,8.986145161316017e-13,244,8.677303320325791e-11,199
RoutingInterdiction,neural,49,PPM-3,35,-0.947056983773345,-1.2937012000100405,1.992710580981107,1.4648183585347931,0.27960518978157134,8.852918398360998e-13,244,8.5795370807773e-11,199
RoutingInterdiction,neural,49,PPM-3,40,-0.9407827515653392,-1.2833280625187427,1.9793588228901664,1.4444099801191495,0.28616342690989016,8.79296635503124e-13,244,8.440603771475708e-11,199
RoutingInterdiction,neural,49,PPM-3,45,-0.9317558500328834,-1.269331488401209,1.9630425134150125,1.4257182278840215,0.29265640195928716,8.701928067011977e-13,244,8.308886911834179e-11,199
RoutingInterdiction,neural,49,PPM-3,50,-0.9202664153993665,-1.2656383566252252,1.9576687317941803,1.4134715956117307,0.29919943694232665,8.673062268371723e-13,244,8.222356129294894e-11,199
RoutingInterdiction,neural,49,PPM-3,55,-0.9070953082091179,-1.2626603093885551,1.95356089166508,1.4100911838386083,0.30600779920537863,8.65307825392847e-13,244,8.201705981036866e-11,199
RoutingInterdiction,neural,49,PPM-3,60,-0.8931843487946494,-1.268039591987874,1.9581977078368475,1.4157212040614464,0.31330053493296023,8.673062268371723e-13,244,8.250156113831508e-11,199
SecurityPatrol,neural,40,QP+G,0,-0.2669680320085718,-0.6403383079827387,1.5629908899418892,1.0636561424957423,0.3282510773203066,8.684164498617974e-13,241,8.16630096878157e-11,194
SecurityPatrol,neural,40,QP+G,5,-0.26816776825859556,-0.5213763535530435,1.4171624457214695,0.9449524841605728,0.22635971497034393,8.427702979929563e-13,241,8.654965633070333e-11,193
SecurityPatrol,neural,40,QP+G,10,-0.2688576897090684,-0.447076925400034,1.3252336862465954,0.8854582225689765,0.16739445572518377,8.255618411112664e-13,241,8.447453847537645e-11,193
SecurityPatrol,neural,40,QP+G,15,-0.26839685713945577,-0.3950009200401481,1.2610190612064878,0.8573502447294703,0.13561775097966092,8.137934770502397e-13,241,8.361333847517471e-11,193
SecurityPatrol,neural,40,QP+G,20,-0.2669514003806644,-0.357522333032799,1.2212457417111577,0.8430194846803167,0.12093830574304532,8.114620086985269e-13,241,8.326250799939316e-11,193
SecurityPatrol,neural,40,QP+G,25,-0.2651722786383,-0.33159358700844366,1.1954857625734725,0.8346761147668817,0.11547422476144206,8.117950756059145e-13,241,8.298139952955808e-11,193
SecurityPatrol,neural,40,QP+G,30,-0.2632340916833219,-0.3198194630059282,1.1820832832955421,0.8290174717466914,0.114343105624887,8.103517856739018e-13,241,8.269540607841463e-11,193
SecurityPatrol,neural,40,QP+G,35,-0.2611986427520011,-0.32284659633017715,1.1826290101262287,0.8245551515945229,0.1151746531609897,8.976153154094391e-13,240,8.240397253445053e-11,193
SecurityPatrol,neural,40,QP+G,40,-0.25907096146515274,-0.32659454852700776,1.1835433674089728,0.8206737320627585,0.1169548596323294,8.943956686380261e-13,240,8.211331614660367e-11,193
SecurityPatrol,neural,40,QP+G,45,-0.25683774543562565,-0.3298873261525066,1.1838676068736826,0.8171534798249873,0.11927841317423678,8.910649995641506e-13,240,8.182210464724449e-11,193
SecurityPatrol,neural,40,QP+G,50,-0.2544834983025355,-0.3337501886800059,1.1846803042477847,0.813939955432581,0.12198674996284296,8.875122858853501e-13,240,8.15232326090154e-11,193
SecurityPatrol,neural,40,QP+G,55,-0.2530612446329095,-0.3368890457959378,1.1852021141405031,0.8117083500241946,0.12403682512981541,8.846257060213247e-13,240,8.125744521692013e-11,193
SecurityPatrol,neural,40,QP+G,60,-0.25283333970561295,-0.3381220774411703,1.1845324906486614,0.8103752399467568,0.12505352396450262,8.825162822745369e-13,240,8.104916737750045e-11,193
SecurityPatrol,neural,41,QP+G,0,-0.2695562217340635,-0.5761328949997152,1.5421310955100882,1.026255145396724,0.31565601635841484,8.170131238216527e-13,242,8.710399068689867e-11,194
SecurityPatrol,neural,41,QP+G,5,-0.26756389145954107,-0.5076870462163682,1.39208827240954,0.9241692983147596,0.21505242309718786,8.307798893270046e-13,241,8.671818818584143e-11,193
SecurityPatrol,neural,41,QP+G,10,-0.26788451221828224,-0.44123853939258245,1.3041221557058622,0.8718716346066749,0.15763463477538547,8.115730310009894e-13,241,8.243883353742376e-11,193
SecurityPatrol,neural,41,QP+G,15,-0.26759225747917637,-0.40469672326980216,1.256441396860918,0.8459028652644766,0.1272897059608808,8.896217096321379e-13,240,8.987421917794336e-11,192
SecurityPatrol,neural,41,QP+G,20,-0.2666328886467832,-0.3923908600225663,1.2389745539907424,0.8327074337050593,0.11301580674881276,8.836265052991621e-13,240,8.936418272043056e-11,192
SecurityPatrol,neural,41,QP+G,25,-0.2652833294125998,-0.37796492509780755,1.222549238799909,0.8254423813944769,0.10735774422605227,8.809619700400617e-13,240,8.92811380381886e-11,192
SecurityPatrol,neural,41,QP+G,30,-0.2637170166886781,-0.3652504842641744,1.2093405835097923,0.8209013756090863,0.10594053989993289,8.802958362252866e-13,240,8.932254935700712e-11,192
SecurityPatrol,neural,41,QP+G,35,-0.26200991073369895,-0.35683944708818593,1.201026102763771,0.8175930219972131,0.1065730929701452,8.801848139228241e-13,240,8.937872664205315e-11,192
SecurityPatrol,neural,41,QP+G,40,-0.2603109113816249,-0.3495922042553145,1.193395280369512,0.8150090040425766,0.10773710235515441,8.796297024105115e-13,240,8.939882167879887e-11,192
SecurityPatrol,neural,41,QP+G,45,-0.25858771656544327,-0.34295669468272905,1.186354524502994,0.812633726839666,0.10913251064001676,8.790745908981989e-13,240,8.941958284935936e-11,192
SecurityPatrol,neural,41,QP+G,50,-0.2568050189500932,-0.33577933419921074,1.1789346363070854,0.8104176446366482,0.11083431769428104,8.787415239908114e-13,240,8.944633922425282e-11,192
SecurityPatrol,neural,41,QP+G,55,-0.254952558092419,-0.329917869207497,1.1729992757847807,0.8083810251574317,0.11283536653230838,8.786305016883489e-13,240,8.947653729052263e-11,192
SecurityPatrol,neural,41,QP+G,60,-0.25302100549423023,-0.3286753835021359,1.1718404595210759,0.8065407564674477,0.11512834586961286,8.786305016883489e-13,240,8.950606922297766e-11,192
SecurityPatrol,neural,42,QP+G,0,-0.2757506410954981,-0.5717954083987292,1.3459430047359335,0.8659534544636036,0.20710002578886066,8.966161146872764e-13,239,8.757095049105601e-11,191
SecurityPatrol,neural,42,QP+G,5,-0.2767342793161425,-0.4858754969426773,1.272447011208388,0.8194232132569164,0.15533827754635252,8.210099267103033e-13,240,8.871481327332731e-11,191
SecurityPatrol,neural,42,QP+G,10,-0.27518044487787696,-0.4275205205108195,1.220158137437744,0.7966469130373224,0.1327294572027051,8.274492202531292e-13,240,8.931361206165889e-11,191
SecurityPatrol,neural,42,QP+G,15,-0.27311355194475295,-0.3928789688354034,1.186991528963457,0.7842347037869726,0.12331879582631541,8.290035324876044e-13,240,8.947981244844527e-11,191
SecurityPatrol,neural,42,QP+G,20,-0.27101457361471126,-0.37878738010049384,1.1723597826123702,0.7762117923912053,0.11964942090340021,8.285594432777543e-13,240,8.9431739791479e-11,191
SecurityPatrol,neural,42,QP+G,25,-0.268943558533154,-0.36547487940776896,1.157770927850278,0.7700340212387795,0.11850649339031274,8.271161533457416e-13,240,8.930367556558849e-11,191
SecurityPatrol,neural,42,QP+G,30,-0.2668671510906414,-0.3516749173157367,1.1425525413999758,0.7646861933682931,0.11857752935339476,8.254508188088039e-13,240,8.915745919324536e-11,191
SecurityPatrol,neural,42,QP+G,35,-0.26474621260240394,-0.33751119346009406,1.1270592482527215,0.7597805833566889,0.11933825354732862,8.242295734817162e-13,240,8.90145734899761e-11,191
SecurityPatrol,neural,42,QP+G,40,-0.2625988889921502,-0.3227488720705621,1.1122313369533574,0.7560383328900584,0.1199286933338678,8.240075288767912e-13,240,8.903439097096566e-11,191
SecurityPatrol,neural,42,QP+G,45,-0.260433230457806,-0.31174658638192926,1.1013797446781468,0.7527899115565096,0.12062374619255702,8.242295734817162e-13,240,8.908274118368809e-11,191
SecurityPatrol,neural,42,QP+G,50,-0.258239892379202,-0.30186322040147234,1.0915228988115544,0.7497946378204967,0.12157965990346298,8.242295734817162e-13,240,8.91136608949239e-11,191
SecurityPatrol,neural,42,QP+G,55,-0.2560032682213247,-0.2926907899058496,1.0821329400872073,0.7469507841939859,0.12286004264184584,8.240075288767912e-13,240,8.911027471469879e-11,191
SecurityPatrol,neural,42,QP+G,60,-0.2538557943756904,-0.2912423460291171,1.0802753882921112,0.7444264987510578,0.12434998421328503,8.235634396669411e-13,240,8.907730109086742e-11,191
SecurityPatrol,neural,43,QP+G,0,-0.25666941660296905,-0.6161090650372866,1.4163621283911176,0.8994907838299225,0.24997993518739084,8.351097591230427e-13,240,8.301381804187713e-11,192
SecurityPatrol,neural,43,QP+G,5,-0.2625405654453338,-0.5036353890403547,1.2976560892090636,0.8281727723636796,0.18029467499102045,8.283373986728293e-13,240,8.202127865786224e-11,192
SecurityPatrol,neural,43,QP+G,10,-0.2644675692864581,-0.42592185379114317,1.2201987654480155,0.797328351792728,0.14219703260810085,8.283373986728293e-13,240,8.208855817315452e-11,192
SecurityPatrol,neural,43,QP+G,15,-0.26422380996284545,-0.3715491929231561,1.1693735790497035,0.7849643476769037,0.1225360326338916,8.317790900491673e-13,240,8.250411465127172e-11,192
SecurityPatrol,neural,43,QP+G,20,-0.2629011833652814,-0.33084758798829333,1.1359468018529773,0.7791429796610577,0.11388345102082845,8.40105762733856e-13,240,8.295253373091782e-11,192
SecurityPatrol,neural,43,QP+G,25,-0.26121360844750946,-0.3204128426513875,1.1290122952546082,0.7757454941844684,0.11106198607385157,8.43991543320044e-13,240,8.323763900364156e-11,192
SecurityPatrol,neural,43,QP+G,30,-0.25934625975311965,-0.3198218526015477,1.1297461244555262,0.7731774471351314,0.11110153826706771,8.453238109495942e-13,240,8.337652790402217e-11,192
SecurityPatrol,neural,43,QP+G,35,-0.25735596075897205,-0.31981097957281857,1.1298365233214844,0.770836381940276,0.11255903109630033,8.454348332520567e-13,240,8.341471957606927e-11,192
SecurityPatrol,neural,43,QP+G,40,-0.2559408918480164,-0.3198711379195408,1.1296252675424818,0.7693108354965552,0.11397771057549475,8.451017663446692e-13,240,8.340683699259444e-11,192
SecurityPatrol,neural,43,QP+G,45,-0.25592443240542595,-0.3198643013686491,1.129624280472143,0.7692975940599123,0.11399114429376835,8.453238109495942e-13,240,8.340728108180429e-11,192
SecurityPatrol,neural,43,QP+G,50,-0.25592443240542595,-0.3198643013686491,1.129624280472143,0.7692975940599123,0.11399114429376835,8.453238109495942e-13,240,8.340728108180429e-11,192
SecurityPatrol,neural,43,QP+G,55,-0.25592443240542595,-0.3198643013686491,1.129624280472143,0.7692975940599123,0.11399114429376835,8.453238109495942e-13,240,8.340728108180429e-11,192
SecurityPatrol,neural,43,QP+G,60,-0.25592443240542595,-0.3198643013686491,1.129624280472143,0.7692975940599123,0.11399114429376835,8.453238109495942e-13,240,8.340728108180429e-11,192
SecurityPatrol,neural,44,QP+G,0,-0.2445330652808361,-0.8509924317062301,1.714670169476782,1.1539266746439947,0.35105294216561617,8.113509863960644e-13,241,8.724942990312456e-11,193
SecurityPatrol,neural,44,QP+G,5,-0.25575438585777543,-0.6657297998833955,1.5269698879186873,0.9927081192055548,0.2444009780298549,8.985034938291392e-13,240,8.277811769374921e-11,193
SecurityPatrol,neural,44,QP+G,10,-0.25610701301475924,-0.5190815067578955,1.380343692961641,0.8979134093102368,0.18570704010691874,8.979483823168266e-13,240,8.31990032423846e-11,193
SecurityPatrol,neural,44,QP+G,15,-0.25308547920676944,-0.41874484071313106,1.279537551677418,0.8503226204160836,0.15659893651004084,8.975042931069765e-13,240,8.328326916995366e-11,193
SecurityPatrol,neural,44,QP+G,20,-0.249393853389076,-0.3761803913946673,1.23595944704229,0.8294748396803231,0.14514687951400515,8.961720254774264e-13,240,8.30938651219526e-11,193
SecurityPatrol,neural,44,QP+G,25,-0.24658134852438657,-0.3550054649241631,1.213880822277177,0.8213064181708701,0.141935126124225,8.955058916626513e-13,240,8.278799867866837e-11,193
SecurityPatrol,neural,44,QP+G,30,-0.24595261275631564,-0.35092951109913867,1.2094961450806243,0.8183756976046845,0.1405925537919026,8.956169139651138e-13,240,8.253608907438093e-11,193
SecurityPatrol,neural,44,QP+G,35,-0.2454584284398842,-0.3496687967544929,1.2077279168734725,0.8166668895709871,0.14081944655733747,8.952838470577262e-13,240,8.234657400407741e-11,193
SecurityPatrol,neural,44,QP+G,40,-0.2450177954083858,-0.3493679761704933,1.2067648457394773,0.8155135988633493,0.1416930856720143,8.946177132429511e-13,240,8.218448144248214e-11,193
SecurityPatrol,neural,44,QP+G,45,-0.24483590845908998,-0.3494608684245177,1.2065362417810856,0.8151062387103138,0.14215991578356138,8.942846463355636e-13,240,8.211908930633172e-11,193
SecurityPatrol,neural,44,QP+G,50,-0.24483590845908998,-0.3494608684245177,1.2065362417810856,0.8151062387103138,0.14215991578356138,8.942846463355636e-13,240,8.211908930633172e-11,193
SecurityPatrol,neural,44,QP+G,55,-0.24483590845908998,-0.3494608684245177,1.2065362417810856,0.8151062387103138,0.14215991578356138,8.942846463355636e-13,240,8.211908930633172e-11,193
SecurityPatrol,neural,44,QP+G,60,-0.24483590845908998,-0.3494608684245177,1.2065362417810856,0.8151062387103138,0.14215991578356138,8.942846463355636e-13,240,8.211908930633172e-11,193
SecurityPatrol,neural,45,QP+G,0,-0.2555652433176635,-0.7163572587218971,1.4894212252721282,0.9514398076819167,0.2351581563944297,8.93951579428176e-13,239,8.900813419643328e-11,191
SecurityPatrol,neural,45,QP+G,5,-0.26023107633661,-0.5643455694707612,1.3412664143534276,0.8523144685836316,0.18085353919599548,8.990586053414518e-13,239,8.891332115013029e-11,191
SecurityPatrol,neural,45,QP+G,10,-0.2626174148310624,-0.47388884606263804,1.2533038080994945,0.802589091978944,0.14853682489812658,8.122391648157645e-13,240,8.892103720015143e-11,191
SecurityPatrol,neural,45,QP+G,15,-0.2637837051115277,-0.42603270950647587,1.2070295796973787,0.7800061374493564,0.1316978607271671,8.139044993527023e-13,240,8.895767455996406e-11,191
SecurityPatrol,neural,45,QP+G,20,-0.2629964459569496,-0.3924082575765869,1.1751198484710763,0.7695124704494132,0.12413677482316353,8.15791878494565e-13,240,8.911626991903177e-11,191
SecurityPatrol,neural,45,QP+G,25,-0.26111716507267724,-0.36415892817613266,1.1479263110453897,0.7623558372533681,0.12183314277844304,8.167910792167277e-13,240,8.925887806654487e-11,191
SecurityPatrol,neural,45,QP+G,30,-0.2589296936174321,-0.3470019956462451,1.1310793260127237,0.7570795904554043,0.12215894878991775,8.172351684265777e-13,240,8.930489681091558e-11,191
SecurityPatrol,neural,45,QP+G,35,-0.25655411901928105,-0.3325258100160943,1.1164287484872204,0.7529174326954777,0.12379828561836585,8.171241461241152e-13,240,8.927525385615809e-11,191
SecurityPatrol,neural,45,QP+G,40,-0.2541625835547918,-0.32345341078770895,1.1072857771210032,0.7500299431871852,0.12562636118500461,8.170131238216527e-13,240,8.927258932089899e-11,191
SecurityPatrol,neural,45,QP+G,45,-0.2537117355238765,-0.3233344486046989,1.107189212749815,0.7495936959999125,0.12595284214533803,8.169021015191902e-13,240,8.927908412559304e-11,191
SecurityPatrol,neural,45,QP+G,50,-0.2537117355238765,-0.3233344486046989,1.107189212749815,0.7495936959999125,0.12595284214533803,8.169021015191902e-13,240,8.927908412559304e-11,191
SecurityPatrol,neural,45,QP+G,55,-0.2537117355238765,-0.3233344486046989,1.107189212749815,0.7495936959999125,0.12595284214533803,8.169021015191902e-13,240,8.927908412559304e-11,191
SecurityPatrol,neural,45,QP+G,60,-0.2537117355238765,-0.3233344486046989,1.107189212749815,0.7495936959999125,0.12595284214533803,8.169021015191902e-13,240,8.927908412559304e-11,191
SecurityPatrol,neural,46,QP+G,0,-0.27790953561826326,-0.6272265982376963,1.4954326534620863,0.9944807968850219,0.3315891161218984,8.169021015191902e-13,241,8.37099278783171e-11,193
SecurityPatrol,neural,46,QP+G,5,-0.2708332447357239,-0.5375560627007053,1.3556767315781415,0.8656501627430975,0.23157117776697964,8.555378627761456e-13,240,8.413802987661256e-11,192
SecurityPatrol,neural,46,QP+G,10,-0.26770297459385545,-0.45088129258653514,1.2469645385508323,0.8001445065830377,0.1749850365726888,8.318901123516298e-13,240,8.919009975016934e-11,191
SecurityPatrol,neural,46,QP+G,15,-0.2650497377635871,-0.3926304456235446,1.1781067519662696,0.7712150025752134,0.1457597489057212,8.203437928955282e-13,240,8.764938774774578e-11,191
SecurityPatrol,neural,46,QP+G,20,-0.26253878851023127,-0.37528227477547815,1.1567210325771358,0.7599490285634641,0.13248167653923276,8.15791878494565e-13,240,8.723188837933549e-11,191
SecurityPatrol,neural,46,QP+G,25,-0.2601356270300731,-0.37128373673707527,1.1518692866780307,0.7556098621291996,0.12749956559847483,8.152367669822524e-13,240,8.721035005265776e-11,191
SecurityPatrol,neural,46,QP+G,30,-0.2577907609883997,-0.36839463950042367,1.148407336329823,0.7527484096599879,0.12716651895977976,8.143485885625523e-13,240,8.719219790620514e-11,191
SecurityPatrol,neural,46,QP+G,35,-0.25545052774178656,-0.3643749851063961,1.1435489947715551,0.7502847997637331,0.12807639396655843,8.133493878403897e-13,240,8.714118315822361e-11,191
SecurityPatrol,neural,46,QP+G,40,-0.25307963424362423,-0.3610105054725654,1.1401450319947375,0.7487596875143903,0.12910455656073966,8.133493878403897e-13,240,8.716444233058951e-11,191
SecurityPatrol,neural,46,QP+G,45,-0.25194078587645696,-0.3614423930248799,1.1409621831131327,0.7483160261723891,0.12962404614499914,8.137934770502397e-13,240,8.720602018286172e-11,191
SecurityPatrol,neural,46,QP+G,50,-0.2519346144044802,-0.36145542218049936,1.1409791782894756,0.7483142732383021,0.1296265348559786,8.137934770502397e-13,240,8.720640876092034e-11,191
SecurityPatrol,neural,46,QP+G,55,-0.25193459797719653,-0.361455460934989,1.1409792295722396,0.7483142691075857,0.12962654072785973,8.137934770502397e-13,240,8.720629773861788e-11,191
SecurityPatrol,neural,46,QP+G,60,-0.25193459792812223,-0.3614554610439119,1.1409792297152666,0.7483142690943405,0.12962654074668448,8.137934770502397e-13,240,8.720640876092034e-11,191
SecurityPatrol,neural,47,QP+G,0,-0.30719234240057586,-0.6725962202267598,1.6765067986369226,1.11792674226804,0.3978008595725719,8.507639037702575e-13,242,8.31430480019435e-11,195
SecurityPatrol,neural,47,QP+G,5,-0.2758636008003441,-0.4035664278410752,1.3280607366149417,0.9129604409574036,0.26796433145032966,8.700817843987352e-13,241,8.25921553371245e-11,194
SecurityPatrol,neural,47,QP+G,10,-0.26505631433033366,-0.3455030991649342,1.227417680308378,0.8465832538470224,0.18998988481770698,8.302247778146921e-13,241,8.479461577337588e-11,193
SecurityPatrol,neural,47,QP+G,15,-0.2621953690149966,-0.35053244896326385,1.2091919022453306,0.8191743860312675,0.14868283646110209,8.976153154094391e-13,240,8.991452027373725e-11,192
SecurityPatrol,neural,47,QP+G,20,-0.2603202321324716,-0.34645764305639215,1.189446680609223,0.8041112858439291,0.12990991584014783,8.805178808302117e-13,240,8.768485937338255e-11,192
SecurityPatrol,neural,47,QP+G,25,-0.25839750319882926,-0.33493765470353515,1.1672644673644632,0.7945263712044044,0.12306942355138495,8.6897156137411e-13,240,8.653622263210536e-11,192
SecurityPatrol,neural,47,QP+G,30,-0.2563299952289455,-0.32321361043305147,1.1484397351364546,0.7878294474263406,0.12183720317961913,8.613110225041964e-13,240,8.59351478865733e-11,192
SecurityPatrol,neural,47,QP+G,35,-0.25404123673852924,-0.3186721079871827,1.1391804982823892,0.7828625540312597,0.12317248447222726,8.560929742884582e-13,240,8.558520558921145e-11,192
SecurityPatrol,neural,47,QP+G,40,-0.2515401974050656,-0.31553329729551,1.1328275534555892,0.7790256446699073,0.12575658268799494,8.523182160047327e-13,240,8.534239981372593e-11,192
SecurityPatrol,neural,47,QP+G,45,-0.24883798540485108,-0.31739259997896047,1.1323491340419019,0.7759915388715577,0.12904462271864955,8.497647030480948e-13,240,8.513822979949737e-11,192
SecurityPatrol,neural,47,QP+G,50,-0.24799770382597586,-0.32064616161533643,1.1343655710049703,0.7746321230525782,0.1305665637873094,8.482103908136196e-13,240,8.498046710769813e-11,192
SecurityPatrol,neural,47,QP+G,55,-0.2476480328771862,-0.32270643235550217,1.13538578578107,0.7736676110256057,0.1316354948365908,8.471001677889944e-13,240,8.483214131160821e-11,192
SecurityPatrol,neural,47,QP+G,60,-0.2472933579151754,-0.3245554488586362,1.1362060218512497,0.7727499670907417,0.1327429406665869,8.461009670668318e-13,240,8.468303835940105e-11,192
SecurityPatrol,neural,48,QP+G,0,-0.2600476808900778,-0.3771736037470514,1.2625099527355348,0.8642075772893834,0.23896055962288437,8.338885137959551e-13,241,8.60965743143538e-11,193
SecurityPatrol,neural,48,QP+G,5,-0.2606969565153283,-0.35883862135574407,1.2165732425266993,0.8284820149724572,0.1700629696175403,8.963940700823514e-13,240,8.170075727065296e-11,193
SecurityPatrol,neural,48,QP+G,10,-0.259881655990547,-0.3477554725282229,1.1886272390791788,0.8107732614501024,0.1367080701672484,8.781864124784988e-13,240,8.859235567371115e-11,192
SecurityPatrol,neural,48,QP+G,15,-0.2586286585406462,-0.333502199436305,1.1642322109956842,0.8001789074795542,0.12324792446144452,8.664180484174722e-13,240,8.763334502503994e-11,192
SecurityPatrol,neural,48,QP+G,20,-0.25688744255042545,-0.3185087126648845,1.1479172629181316,0.7933209101801386,0.11948167104309049,8.65085780787922e-13,240,8.720479893753463e-11,192
SecurityPatrol,neural,48,QP+G,25,-0.2547769391899866,-0.30998279614084406,1.1392388803141777,0.7886083111869171,0.11998531069931814,8.65085780787922e-13,240,8.698664011319579e-11,192
SecurityPatrol,neural,48,QP+G,30,-0.25309849924610395,-0.30480017354896527,1.1338695301698392,0.7858520272833368,0.12167923271596129,8.65085780787922e-13,240,8.686795727186336e-11,192
SecurityPatrol,neural,48,QP+G,35,-0.25306950425582786,-0.30431614880153784,1.1333806474846373,0.7857534522606751,0.1217654810969608,8.65085780787922e-13,240,8.686096286680822e-11,192
SecurityPatrol,neural,48,QP+G,40,-0.25306950425582786,-0.30431614880153784,1.1333806474846373,0.7857534522606751,0.1217654810969608,8.65085780787922e-13,240,8.686096286680822e-11,192
SecurityPatrol,neural,48,QP+G,45,-0.25306950425582786,-0.30431614880153784,1.1333806474846373,0.7857534522606751,0.1217654810969608,8.65085780787922e-13,240,8.686096286680822e-11,192
SecurityPatrol,neural,48,QP+G,50,-0.25306950425582786,-0.30431614880153784,1.1333806474846373,0.7857534522606751,0.1217654810969608,8.65085780787922e-13,240,8.686096286680822e-11,192
SecurityPatrol,neural,48,QP+G,55,-0.25306950425582786,-0.30431614880153784,1.1333806474846373,0.7857534522606751,0.1217654810969608,8.65085780787922e-13,240,8.686096286680822e-11,192
SecurityPatrol,neural,48,QP+G,60,-0.25306950425582786,-0.30431614880153784,1.1333806474846373,0.7857534522606751,0.1217654810969608,8.65085780787922e-13,240,8.686096286680822e-11,192
SecurityPatrol,neural,49,QP+G,0,-0.268719630930077,-0.3927395151904165,1.2431035070734897,0.8349440271797071,0.2073353791931158,8.901768211444505e-13,240,8.91546836356838e-11,192
SecurityPatrol,neural,49,QP+G,5,-0.26271329323988185,-0.37002006262297876,1.1979870094148466,0.7947520340167267,0.15122548410173758,8.657519146026971e-13,240,8.526657158114404e-11,192
SecurityPatrol,neural,49,QP+G,10,-0.2599908990794304,-0.3620785383365651,1.1744126801326684,0.776920401761744,0.12580337097253427,8.487655023259322e-13,240,8.308731480610732e-11,192
SecurityPatrol,neural,49,QP+G,15,-0.258039275271946,-0.3548191895773255,1.1567039263927383,0.7671665808732269,0.11671027834883396,8.374412274747556e-13,240,8.187994726682746e-11,192
SecurityPatrol,neural,49,QP+G,20,-0.2561063484075874,-0.34839993574632555,1.1436051529451947,0.7609616135181746,0.11497483403462075,8.301137555122295e-13,240,8.120248917720119e-11,192
SecurityPatrol,neural,49,QP+G,25,-0.2549784978433899,-0.3464877474844042,1.1378535360957398,0.7576644482711437,0.11542573136824297,8.260059303211165e-13,240,8.98133789561939e-11,191
SecurityPatrol,neural,49,QP+G,30,-0.25480222491324517,-0.34770393522692633,1.1367428838603777,0.7562842111411101,0.11596286878518022,8.233413950620161e-13,240,8.955530761411978e-11,191
SecurityPatrol,neural,49,QP+G,35,-0.2547478478034684,-0.34803260773555095,1.136538612828232,0.7559657845810495,0.11618099500545508,8.225642389447785e-13,240,8.94923024574723e-11,191
SecurityPatrol,neural,49,QP+G,40,-0.2547478478034684,-0.34803260773555095,1.136538612828232,0.7559657845810495,0.11618099500545508,8.225642389447785e-13,240,8.94923024574723e-11,191
SecurityPatrol,neural,49,QP+G,45,-0.2547478478034684,-0.34803260773555095,1.136538612828232,0.7559657845810495,0.11618099500545508,8.225642389447785e-13,240,8.94923024574723e-11,191
SecurityPatrol,neural,49,QP+G,50,-0.2547478478034684,-0.34803260773555095,1.136538612828232,0.7559657845810495,0.11618099500545508,8.225642389447785e-13,240,8.94923024574723e-11,191
SecurityPatrol,neural,49,QP+G,55,-0.2547478478034684,-0.34803260773555095,1.136538612828232,0.7559657845810495,0.11618099500545508,8.225642389447785e-13,240,8.94923024574723e-11,191
SecurityPatrol,neural,49,QP+G,60,-0.2547478478034684,-0.34803260773555095,1.136538612828232,0.7559657845810495,0.11618099500545508,8.225642389447785e-13,240,8.94923024574723e-11,191
SecurityPatrol,neural,40,noG,0,-0.2669680320085718,-0.6403383079827387,1.5629908899418892,1.0636561424957423,0.3282510773203066,8.684164498617974e-13,241,8.16630096878157e-11,194
SecurityPatrol,neural,40,noG,5,-0.26794223756834246,-0.6415104588889086,1.5623395967047955,1.0676703460863277,0.32449602110754827,8.670841822322473e-13,241,8.177214461113635e-11,194
SecurityPatrol,neural,40,noG,10,-0.2682624305775152,-0.6497005320145627,1.5693067318084029,1.0696520278003976,0.32323593143453727,8.660849815100846e-13,241,8.182488020480605e-11,194
SecurityPatrol,neural,40,noG,15,-0.26837399647479954,-0.6556680789063201,1.5747301019087838,1.0704689411299693,0.3227765843712823,8.65529869997772e-13,241,8.184786182141579e-11,194
SecurityPatrol,neural,40,noG,20,-0.2684156838873045,-0.6579300436993232,1.5767687201702445,1.0707952750147032,0.32260098912623353,8.65307825392847e-13,241,8.185740973942757e-11,194
SecurityPatrol,neural,40,noG,25,-0.26843179194169076,-0.6588096311674816,1.577558774483709,1.0709247489356613,0.3225324751129231,8.651968030903845e-13,241,8.186107347540883e-11,194
SecurityPatrol,neural,40,noG,30,-0.26843810450786765,-0.6591552334434772,1.577868777590451,1.0709760217921374,0.32250551865953386,8.651968030903845e-13,241,8.18626277876433e-11,194
SecurityPatrol,neural,40,noG,35,-0.26844059248490504,-0.6592915890005728,1.5779910218685282,1.0709963137951823,0.3224948774448097,8.651968030903845e-13,241,8.186329392145808e-11,194
SecurityPatrol,neural,40,noG,40,-0.2684415753080254,-0.6593454759065566,1.5780393217784192,1.071004342857441,0.3224906712096328,8.651968030903845e-13,241,8.186340494376054e-11,194
SecurityPatrol,neural,40,noG,45,-0.26844196390263275,-0.6593667855700196,1.5780584204427224,1.071007519493627,0.32248900770782324,8.65307825392847e-13,241,8.186362698836547e-11,194
SecurityPatrol,neural,40,noG,50,-0.26844211760254105,-0.6593752146838174,1.5780659747354737,1.0710087762629923,0.3224883496819051,8.651968030903845e-13,241,8.1863515966063e-11,194
SecurityPatrol,neural,40,noG,55,-0.2684421784037193,-0.6593785491903645,1.5780689631285898,1.0710092734708545,0.3224880893674097,8.65307825392847e-13,241,8.186362698836547e-11,194
SecurityPatrol,neural,40,noG,60,-0.26844220245702266,-0.6593798683543064,1.5780701453604344,1.0710094701771002,0.32248798638387294,8.65307825392847e-13,241,8.1863515966063e-11,194
SecurityPatrol,neural,41,noG,0,-0.2695562217340635,-0.5761328949997152,1.5421310955100882,1.026255145396724,0.31565601635841484,8.170131238216527e-13,242,8.710399068689867e-11,194
SecurityPatrol,neural,41,noG,5,-0.26414323359792785,-0.5976012123523194,1.5517563177720544,1.0257034863940484,0.3148693600142629,8.962830477798889e-13,241,8.576561683071304e-11,194
SecurityPatrol,neural,41,noG,10,-0.2583020838485838,-0.6182870303990347,1.5501151375925248,1.025196760002999,0.31334396271089704,8.746336987996983e-13,241,8.328926437428663e-11,194
SecurityPatrol,neural,41,noG,15,-0.25450341147602923,-0.6293357180905697,1.5246588696451235,1.021213856337267,0.30995868226980633,8.399947404313934e-13,241,8.829004194410572e-11,193
SecurityPatrol,neural,41,noG,20,-0.25503404445289957,-0.6247894695491368,1.4766194625185876,1.012550446544426,0.30458784653448095,8.86846152070575e-13,240,8.389167138744824e-11,193
SecurityPatrol,neural,41,noG,25,-0.25899463372304643,-0.6369454150576629,1.463920946634988,1.002851732771032,0.2980720318657957,8.61422044806659e-13,240,8.949485597042894e-11,192
SecurityPatrol,neural,41,noG,30,-0.2644429091264273,-0.6617906804945656,1.483544597224653,0.9961411941045234,0.291676163344796,8.555378627761456e-13,240,8.802492068582524e-11,192
SecurityPatrol,neural,41,noG,35,-0.2692158980512751,-0.6676240102471344,1.5067717360512975,0.9910440082079441,0.28645546611942435,8.737455203799982e-13,240,8.862344191840066e-11,192
SecurityPatrol,neural,41,noG,40,-0.27170868550148075,-0.652686502980518,1.5080319792618353,0.9829963600095575,0.2827640293935393,8.909539772616881e-13,240,8.124489969674187e-11,193
SecurityPatrol,neural,41,noG,45,-0.2712929852595868,-0.621984960248222,1.491811162009665,0.9698364608833815,0.28018461006698464,8.156808561921025e-13,241,8.295186759710305e-11,193
SecurityPatrol,neural,41,noG,50,-0.2682791681873663,-0.5916335845271968,1.4738676461824287,0.9524152007559745,0.27788492067280357,8.277822871605167e-13,241,8.453160393884218e-11,193
SecurityPatrol,neural,41,noG,55,-0.2635427315417338,-0.5626357422808514,1.4549076157659677,0.9333174016028662,0.27514861753685876,8.376632720796806e-13,241,8.583778132731368e-11,193
SecurityPatrol,neural,41,noG,60,-0.2580559040343992,-0.517492309110245,1.4171019026826168,0.9165683506734319,0.2717874687442995,8.448797217397441e-13,241,8.680012264505876e-11,193
SecurityPatrol,neural,42,noG,0,-0.2757506410954981,-0.5717954083987292,1.3459430047359335,0.8659534544636036,0.20710002578886066,8.966161146872764e-13,239,8.757095049105601e-11,191
SecurityPatrol,neural,42,noG,5,-0.27781783006969396,-0.5621515783621083,1.354796352040958,0.8701033501890125,0.2022300974673761,8.275602425555917e-13,240,8.942679929901942e-11,191
SecurityPatrol,neural,42,noG,10,-0.27928032968313377,-0.5388278824709332,1.351859713042861,0.8686263285484934,0.1979367618333216,8.495426584431698e-13,240,8.27562463001641e-11,192
SecurityPatrol,neural,42,noG,15,-0.2792753110277223,-0.5034934307794711,1.334167643762863,0.8611773365125202,0.19433485208744103,8.684164498617974e-13,240,8.518519223343901e-11,192
SecurityPatrol,neural,42,noG,20,-0.27744000303718286,-0.45861372336306216,1.303322707956005,0.8491795521438503,0.19129237552133035,8.835154829966996e-13,240,8.73668914991299e-11,192
SecurityPatrol,neural,42,noG,25,-0.27392155150904085,-0.40830379621304796,1.2628992832132773,0.8356791108160784,0.18860257114439308,8.941736240331011e-13,240,8.901179793241454e-11,192
SecurityPatrol,neural,42,noG,30,-0.2692568914721176,-0.3577046306084469,1.217777935661282,0.8244676941274569,0.18614378119920044,8.100187187665142e-13,241,8.995004741052526e-11,192
SecurityPatrol,neural,42,noG,35,-0.26418892726317034,-0.3374344136346106,1.1985500497839883,0.8186704969249459,0.1839453766127372,8.110179194886769e-13,241,8.11050115956391e-11,193
SecurityPatrol,neural,42,noG,40,-0.2599333654250139,-0.3529098781998335,1.211296025404987,0.8189364875088561,0.18226898062597807,8.981704269217516e-13,240,8.962375286358792e-11,192
SecurityPatrol,neural,42,noG,45,-0.25866049747654274,-0.3704362134822225,1.2271068522660926,0.819947999799661,0.18168950126631234,8.965050923848139e-13,240,8.93232154908219e-11,192
SecurityPatrol,neural,42,noG,50,-0.25831688655291174,-0.37619577867984794,1.2323059527748597,0.8202973062137511,0.1815212900831503,8.957279362675763e-13,240,8.922584893156227e-11,192
SecurityPatrol,neural,42,noG,55,-0.2582138247940116,-0.3779369321532856,1.2338699487643012,0.8204085747131618,0.18146981404295912,8.957279362675763e-13,240,8.919531779838508e-11,192
SecurityPatrol,neural,42,noG,60,-0.2581818640510968,-0.37847823005038,1.2343554283290668,0.8204436947395664,0.18145375338996386,8.955058916626513e-13,240,8.918565885807084e-11,192
SecurityPatrol,neural,43,noG,0,-0.25666941660296905,-0.6161090650372866,1.4163621283911176,0.8994907838299225,0.24997993518739084,8.351097591230427e-13,240,8.301381804187713e-11,192
SecurityPatrol,neural,43,noG,5,-0.25729494992496127,-0.6203940620489702,1.411167616318434,0.9023278405677899,0.2482415694780295,8.246736626915663e-13,240,8.238321136389004e-11,192
SecurityPatrol,neural,43,noG,10,-0.25949956196059426,-0.6174714089296752,1.4008433386715224,0.9060217803097677,0.24524460914585888,8.15347789284715e-13,240,8.207101664936545e-11,192
SecurityPatrol,neural,43,noG,15,-0.26319958341519134,-0.595509995592889,1.403316509565242,0.9085448971254907,0.2415455543391075,8.431033649003439e-13,240,8.320921729421116e-11,192
SecurityPatrol,neural,43,noG,20,-0.26661657456376797,-0.5533809478086474,1.3846520329021104,0.9075425080341313,0.23811134089737954,8.6852747216426e-13,240,8.563183495624571e-11,192
SecurityPatrol,neural,43,noG,25,-0.2683930046727515,-0.49658317392025136,1.3488259221764411,0.901678113399846,0.23544666845748172,8.910649995641506e-13,240,8.854261768220795e-11,192
SecurityPatrol,neural,43,noG,30,-0.26772718127425355,-0.46683504056318503,1.3364535244911298,0.8919279945849041,0.2337589220039619,8.187894806610529e-13,241,8.214762203806458e-11,193
SecurityPatrol,neural,43,noG,35,-0.2645601512594179,-0.4512841501861159,1.3339403192433439,0.8812088441544288,0.23290271090154327,8.315570454442422e-13,241,8.407663454335079e-11,193
SecurityPatrol,neural,43,noG,40,-0.2595158509361344,-0.4460720137430554,1.3370304793644636,0.8726729724595014,0.23247279742710145,8.394396289190809e-13,241,8.52853343502602e-11,193
SecurityPatrol,neural,43,noG,45,-0.25364080211984996,-0.43759037950364266,1.3320204601776822,0.8683595306740493,0.23200048712631832,8.428813202954188e-13,241,8.572076382051819e-11,193
SecurityPatrol,neural,43,noG,50,-0.24951467827632667,-0.4263521529764364,1.3202717978858585,0.8680309169759807,0.23124969069352455,8.423262087831063e-13,241,8.55643333963485e-11,193
SecurityPatrol,neural,43,noG,55,-0.24734115628396136,-0.42025405895461704,1.312740194658251,0.8687598419593182,0.23058128803306327,8.408829188510936e-13,241,8.530631756542562e-11,193
SecurityPatrol,neural,43,noG,60,-0.2461140136233158,-0.4184402567316774,1.309648956917774,0.8694960072174509,0.2300974393778516,8.396616735240059e-13,241,8.509259963318527e-11,193
SecurityPatrol,neural,44,noG,0,-0.2445330652808361,-0.8509924317062301,1.714670169476782,1.1539266746439947,0.35105294216561617,8.113509863960644e-13,241,8.724942990312456e-11,193
SecurityPatrol,neural,44,noG,5,-0.25770638468240065,-0.8629946974561828,1.7157426286151791,1.1553743399572036,0.34558786699527116,8.101297410689767e-13,241,8.811840146449867e-11,193
SecurityPatrol,neural,44,noG,10,-0.2697649071675152,-0.841454406711343,1.7193640271091102,1.1420840602145699,0.3411454852638539,8.246736626915663e-13,241,8.461076284049796e-11,193
SecurityPatrol,neural,44,noG,15,-0.27737871305919315,-0.7869260150031887,1.6883413087861134,1.1100553787191998,0.33785835556388394,8.47433234696382e-13,241,8.684331032071668e-11,193
SecurityPatrol,neural,44,noG,20,-0.27862626376596633,-0.7015759126751316,1.6234807795308006,1.0600163545786843,0.3355222013082188,8.674172491396348e-13,241,8.121758821033609e-11,194
SecurityPatrol,neural,44,noG,25,-0.2729980631749219,-0.5887511422429773,1.5267704956052026,0.9995714232125643,0.33408975117734363,8.832934383917745e-13,241,8.412737173557616e-11,194
SecurityPatrol,neural,44,noG,30,-0.261357210791506,-0.45321002657800885,1.4016867907262278,0.9441814724212949,0.3337882608211044,8.929523787060134e-13,241,8.629930103865036e-11,194
SecurityPatrol,neural,44,noG,35,-0.24578822170295778,-0.35798861027434764,1.310239768236372,0.913539483823662,0.33481637524337476,8.961720254774264e-13,241,8.719269750656622e-11,194
SecurityPatrol,neural,44,noG,40,-0.23991276569333125,-0.3455901859056197,1.2973548731599769,0.9110578261982843,0.33521885972302706,8.957279362675763e-13,241,8.711698029628678e-11,194
SecurityPatrol,neural,44,noG,45,-0.23965779634269208,-0.34555863732853404,1.2972754446843684,0.9110443875533666,0.3352243066863305,8.957279362675763e-13,241,8.710787646748486e-11,194
SecurityPatrol,neural,44,noG,50,-0.23964645035192256,-0.3455572220510199,1.2972718466683877,0.9110439689534537,0.33522452564186767,8.957279362675763e-13,241,8.710743237827501e-11,194
SecurityPatrol,neural,44,noG,55,-0.2396459447663937,-0.34555715896279937,1.2972716862123492,0.9110439506559296,0.33522453535217184,8.957279362675763e-13,241,8.710732135597254e-11,194
SecurityPatrol,neural,44,noG,60,-0.23964592223579273,-0.34555715615133076,1.297271679061636,0.9110439498412429,0.3352245357848036,8.957279362675763e-13,241,8.710732135597254e-11,194
SecurityPatrol,neural,45,noG,0,-0.2555652433176635,-0.7163572587218971,1.4894212252721282,0.9514398076819167,0.2351581563944297,8.93951579428176e-13,239,8.900813419643328e-11,191
SecurityPatrol,neural,45,noG,5,-0.2555652433176635,-0.7163572587218971,1.4894212252721282,0.9514398076819167,0.2351581563944297,8.93951579428176e-13,239,8.900813419643328e-11,191
SecurityPatrol,neural,45,noG,10,-0.2555652433176635,-0.7163572587218971,1.4894212252721282,0.9514398076819167,0.2351581563944297,8.93951579428176e-13,239,8.900813419643328e-11,191
SecurityPatrol,neural,45,noG,15,-0.2555652433176635,-0.7163572587218971,1.4894212252721282,0.9514398076819167,0.2351581563944297,8.93951579428176e-13,239,8.900813419643328e-11,191
SecurityPatrol,neural,45,noG,20,-0.2555652433176635,-0.7163572587218971,1.4894212252721282,0.9514398076819167,0.2351581563944297,8.93951579428176e-13,239,8.900813419643328e-11,191
SecurityPatrol,neural,45,noG,25,-0.2555652433176635,-0.7163572587218971,1.4894212252721282,0.9514398076819167,0.2351581563944297,8.93951579428176e-13,239,8.900813419643328e-11,191
SecurityPatrol,neural,45,noG,30,-0.2555652433176635,-0.7163572587218971,1.4894212252721282,0.9514398076819167,0.2351581563944297,8.93951579428176e-13,239,8.900813419643328e-11,191
SecurityPatrol,neural,45,noG,35,-0.2555652433176635,-0.7163572587218971,1.4894212252721282,0.9514398076819167,0.2351581563944297,8.93951579428176e-13,239,8.900813419643328e-11,191
SecurityPatrol,neural,45,noG,40,-0.2555652433176635,-0.7163572587218971,1.4894212252721282,0.9514398076819167,0.2351581563944297,8.93951579428176e-13,239,8.900813419643328e-11,191
SecurityPatrol,neural,45,noG,45,-0.2555652433176635,-0.7163572587218971,1.4894212252721282,0.9514398076819167,0.2351581563944297,8.93951579428176e-13,239,8.900813419643328e-11,191
SecurityPatrol,neural,45,noG,50,-0.2555652433176635,-0.7163572587218971,1.4894212252721282,0.9514398076819167,0.2351581563944297,8.93951579428176e-13,239,8.900813419643328e-11,191
SecurityPatrol,neural,45,noG,55,-0.2555652433176635,-0.7163572587218971,1.4894212252721282,0.9514398076819167,0.2351581563944297,8.93951579428176e-13,239,8.900813419643328e-11,191
SecurityPatrol,neural,45,noG,60,-0.2555652433176635,-0.7163572587218971,1.4894212252721282,0.9514398076819167,0.2351581563944297,8.93951579428176e-13,239,8.900813419643328e-11,191
SecurityPatrol,neural,46,noG,0,-0.27790953561826326,-0.6272265982376963,1.4954326534620863,0.9944807968850219,0.3315891161218984,8.169021015191902e-13,241,8.37099278783171e-11,193
SecurityPatrol,neural,46,noG,5,-0.27159877660096293,-0.6624929293340862,1.5198139313922483,0.9793380026965761,0.32953841456022054,8.953948693601887e-13,240,8.235456760985471e-11,193
SecurityPatrol,neural,46,noG,10,-0.2652953481247345,-0.6795502851250156,1.5141822581252968,0.9648401282561164,0.32713049068778133,8.706368959110478e-13,240,8.884892821470203e-11,192
SecurityPatrol,neural,46,noG,15,-0.26070743003765395,-0.6759081000942365,1.4777829436522112,0.9449080849991458,0.3234710408723823,8.353318037279678e-13,240,8.543127316684718e-11,192
SecurityPatrol,neural,46,noG,20,-0.2585132353059986,-0.648827361742914,1.4282113078618774,0.9197094440475172,0.3184306908518415,8.131273432354647e-13,240,8.206146873135367e-11,192
SecurityPatrol,neural,46,noG,25,-0.2581006942774936,-0.596204815234121,1.3566260012546392,0.89608037333777,0.31280132147355044,8.806289031326742e-13,239,8.872202972298737e-11,191
SecurityPatrol,neural,46,noG,30,-0.25797319807103936,-0.5524303073289221,1.3214043797563666,0.8821747792106227,0.30798965970286263,8.908429549592256e-13,239,8.823763941734342e-11,191
SecurityPatrol,neural,46,noG,35,-0.25700628342439474,-0.552654612867032,1.3372440475104885,0.8802683557086021,0.3054390121705364,8.180123245438153e-13,240,8.887612867880534e-11,191
SecurityPatrol,neural,46,noG,40,-0.2565401033840219,-0.5545513680486138,1.3423843637315862,0.8809238403316425,0.3048368898363087,8.213429936176908e-13,240,8.909800675027668e-11,191
SecurityPatrol,neural,46,noG,45,-0.2564259080869098,-0.5549069604969898,1.3433928403160573,0.881123112929321,0.3047067610673236,8.221201497349284e-13,240,8.914657900760403e-11,191
SecurityPatrol,neural,46,noG,50,-0.2564002697169847,-0.5549786879493022,1.3436050980656407,0.8811694434721609,0.304678280670615,8.223421943398534e-13,240,8.915712612633797e-11,191
SecurityPatrol,neural,46,noG,55,-0.25639460995787033,-0.5549941418672067,1.3436512898380988,0.8811797453789998,0.30467202802100984,8.222311720373909e-13,240,8.915956861699215e-11,191
SecurityPatrol,neural,46,noG,60,-0.2563933650410198,-0.5549975228612342,1.3436614182410636,0.8811820149398499,0.3046706543475672,8.223421943398534e-13,240,8.915995719505077e-11,191
SecurityPatrol,neural,47,noG,0,-0.30719234240057586,-0.6725962202267598,1.6765067986369226,1.11792674226804,0.3978008595725719,8.507639037702575e-13,242,8.31430480019435e-11,195
SecurityPatrol,neural,47,noG,5,-0.29033498090906057,-0.4873072055390394,1.5201991855098957,1.0439130766852476,0.4012841373338827,8.755218772193984e-13,242,8.688494368414013e-11,195
SecurityPatrol,neural,47,noG,10,-0.2690318078722119,-0.33966377078609045,1.381607587515587,1.0086119426585811,0.40620105240563403,8.832934383917745e-13,242,8.811784635298636e-11,195
SecurityPatrol,neural,47,noG,15,-0.26568196663478505,-0.3442814258244988,1.3858251571446805,1.0072880417729655,0.40674195675071223,8.828493491819245e-13,242,8.806266826866249e-11,195
SecurityPatrol,neural,47,noG,20,-0.26551498948025243,-0.3447720924486109,1.3862824177659645,1.0072471225981607,0.40676513973773676,8.830713937868495e-13,242,8.805811635426153e-11,195
SecurityPatrol,neural,47,noG,25,-0.26550654470127794,-0.34479691601430656,1.3863055178662458,1.0072451153955475,0.4067663026055885,8.828493491819245e-13,242,8.805778328735414e-11,195
SecurityPatrol,neural,47,noG,30,-0.26550611728482076,-0.34479817243349065,1.3863066869685192,1.0072450139640614,0.4067663614373535,8.830713937868495e-13,242,8.805778328735414e-11,195
SecurityPatrol,neural,47,noG,35,-0.2655060956511158,-0.3447982360272637,1.386306746142519,1.007245008830508,0.4067663644150628,8.828493491819245e-13,242,8.80578943096566e-11,195
SecurityPatrol,neural,47,noG,40,-0.26550609455611524,-0.34479823924609365,1.3863067491376393,1.0072450085706701,0.40676636456578064,8.828493491819245e-13,242,8.805778328735414e-11,195
SecurityPatrol,neural,47,noG,45,-0.265506094500653,-0.3447982394091292,1.386306749289344,1.0072450085575133,0.4067663645734147,8.830713937868495e-13,242,8.805778328735414e-11,195
SecurityPatrol,neural,47,noG,50,-0.2655060944979195,-0.34479823941716364,1.3863067492968195,1.007245008556862,0.4067663645737908,8.830713937868495e-13,242,8.80578943096566e-11,195
SecurityPatrol,neural,47,noG,55,-0.26550609449775814,-0.34479823941763915,1.3863067492972632,1.0072450085568225,0.4067663645738134,8.828493491819245e-13,242,8.805778328735414e-11,195
SecurityPatrol,neural,47,noG,60,-0.26550609449775814,-0.34479823941763915,1.3863067492972632,1.0072450085568225,0.4067663645738134,8.828493491819245e-13,242,8.805778328735414e-11,195
SecurityPatrol,neural,48,noG,0,-0.2600476808900778,-0.3771736037470514,1.2625099527355348,0.8642075772893834,0.23896055962288437,8.338885137959551e-13,241,8.60965743143538e-11,193
SecurityPatrol,neural,48,noG,5,-0.2592048519227118,-0.3812572393010092,1.2661549968804198,0.8645727511678948,0.23876058329526004,8.333334022836425e-13,241,8.598399769965681e-11,193
SecurityPatrol,neural,48,noG,10,-0.2589417438303805,-0.3827374219758417,1.2674810933842384,0.8647168050585163,0.23869101124099248,8.331113576787175e-13,241,8.594569500530724e-11,193
SecurityPatrol,neural,48,noG,15,-0.2588554134633748,-0.3832243867158365,1.2679156521479618,0.8647672188584985,0.23866741462056879,8.331113576787175e-13,241,8.593270539591913e-11,193
SecurityPatrol,neural,48,noG,20,-0.2588266121277918,-0.3833869933498779,1.2680605695471465,0.8647843850208587,0.23865945680309553,8.331113576787175e-13,241,8.592837552612309e-11,193
SecurityPatrol,neural,48,noG,25,-0.2588169497846723,-0.38344156163182913,1.2681091802503253,0.8647901829347784,0.23865677746417602,8.331113576787175e-13,241,8.592682121388862e-11,193
SecurityPatrol,neural,48,noG,30,-0.25881370216063615,-0.3834599045357385,1.2681255181284294,0.8647921360779076,0.2386558758197267,8.331113576787175e-13,241,8.592637712467877e-11,193
SecurityPatrol,neural,48,noG,35,-0.25881260990925004,-0.3834660738931528,1.2681310128532561,0.8647927934626062,0.2386555724526915,8.3322237998118e-13,241,8.59262661023763e-11,193
SecurityPatrol,neural,48,noG,40,-0.2588122424819156,-0.38346814925500894,1.2681328612389569,0.8647930146594511,0.2386554703877698,8.3322237998118e-13,241,8.59262661023763e-11,193
SecurityPatrol,neural,48,noG,45,-0.2588121188725889,-0.3834688474477093,1.2681334830689068,0.8647930890805253,0.2386554360496731,8.3322237998118e-13,241,8.592604405777138e-11,193
SecurityPatrol,neural,48,noG,50,-0.2588120772871183,-0.3834690823386429,1.2681336922689475,0.864793114118469,0.2386554244972441,8.3322237998118e-13,241,8.592615508007384e-11,193
SecurityPatrol,neural,48,noG,55,-0.2588120632965426,-0.383469161362898,1.268133762649982,0.864793122542058,0.2386554206106468,8.3322237998118e-13,241,8.592604405777138e-11,193
SecurityPatrol,neural,48,noG,60,-0.25881205858969425,-0.3834691879490275,1.2681337863282685,0.8647931253760128,0.23865541930307715,8.3322237998118e-13,241,8.592604405777138e-11,193
SecurityPatrol,neural,49,noG,0,-0.268719630930077,-0.3927395151904165,1.2431035070734897,0.8349440271797071,0.2073353791931158,8.901768211444505e-13,240,8.91546836356838e-11,192
SecurityPatrol,neural,49,noG,5,-0.26308056770668525,-0.3784818127829648,1.2336375959891162,0.8246606521864969,0.20457172876996843,8.950618024528012e-13,240,8.981826393750225e-11,192
SecurityPatrol,neural,49,noG,10,-0.2574316286754678,-0.38638438985162626,1.241571635498759,0.8228926315757297,0.2018950633987854,8.950618024528012e-13,240,8.962375286358792e-11,192
SecurityPatrol,neural,49,noG,15,-0.25476355637794745,-0.3945236183806152,1.247746923289871,0.8253029406522084,0.20033465056308192,8.928413564035509e-13,240,8.917033778033101e-11,192
SecurityPatrol,neural,49,noG,20,-0.2540099116775203,-0.3967807637817789,1.2490884913789513,0.8264401104890223,0.19979552004525897,8.919531779838508e-13,240,8.89781581747684e-11,192
SecurityPatrol,neural,49,noG,25,-0.2537579376038738,-0.39753119453644303,1.2494864884573311,0.826873204734372,0.1996032241195169,8.915090887740007e-13,240,8.89058826558653e-11,192
SecurityPatrol,neural,49,noG,30,-0.2536678471007193,-0.397798964318394,1.2496220105807796,0.8270349044957627,0.19953288129188182,8.912870441690757e-13,240,8.887901525866937e-11,192
SecurityPatrol,neural,49,noG,35,-0.2536348145303947,-0.39789707214341163,1.2496707732232482,0.8270951191110327,0.19950687316610988,8.912870441690757e-13,240,8.886880120684282e-11,192
SecurityPatrol,neural,49,noG,40,-0.25362258852717295,-0.3979333738135175,1.249688693255171,0.8271175327884643,0.1994972172962842,8.912870441690757e-13,240,8.886502644855909e-11,192
SecurityPatrol,neural,49,noG,45,-0.25361804759113393,-0.39794685546756603,1.249695331345981,0.8271258751331518,0.19949362683860408,8.912870441690757e-13,240,8.8863805203232e-11,192
SecurityPatrol,neural,49,noG,50,-0.2536163588168844,-0.39795186910482105,1.24969779760176,0.8271289800781413,0.19949229097836352,8.912870441690757e-13,240,8.886313906941723e-11,192
SecurityPatrol,neural,49,noG,55,-0.253615730457341,-0.3979537345538713,1.2496987149074616,0.8271301357028471,0.1994917938523713,8.912870441690757e-13,240,8.886302804711477e-11,192
SecurityPatrol,neural,49,noG,60,-0.25361549661498484,-0.39795442877219467,1.2496990562333674,0.8271305658120809,0.1994916088373254,8.912870441690757e-13,240,8.88629170248123e-11,192
SecurityPatrol,neural,40,GDA,0,-0.2669680320085718,-0.6403383079827387,1.5629908899418892,1.0636561424957418,0.3282510773203066,8.686384944667225e-13,241,8.166312071011816e-11,194
SecurityPatrol,neural,40,GDA,5,-0.268415227192906,-0.6581005386510684,1.5772452772403391,1.0718105764862105,0.32351285439727295,8.657519146026971e-13,241,8.18913825639811e-11,194
SecurityPatrol,neural,40,GDA,10,-0.2692375336292093,-0.7127154903423816,1.6234531061621675,1.0858648195265281,0.3215792150309545,8.57980353430321e-13,241,8.244416260794196e-11,194
SecurityPatrol,neural,40,GDA,15,-0.26927642567298904,-0.7433308642621177,1.6675663140768227,1.1005776116596766,0.32151001099303905,8.704148513061227e-13,241,8.349576585686691e-11,194
SecurityPatrol,neural,40,GDA,20,-0.26891164315613003,-0.7488301585008919,1.6926254579768418,1.1078707181054923,0.32172049076485604,8.895106873296754e-13,241,8.487932579015478e-11,194
SecurityPatrol,neural,40,GDA,25,-0.26849338071013507,-0.7278493550720266,1.6861071354962334,1.1010570471864247,0.3208899773549938,8.131273432354647e-13,242,8.621392488805668e-11,194
SecurityPatrol,neural,40,GDA,30,-0.267836386798219,-0.6791601562823013,1.6469587625010744,1.0793305799142654,0.31865651092663455,8.214540159201533e-13,242,8.729272860108495e-11,194
SecurityPatrol,neural,40,GDA,35,-0.2661366737789079,-0.6024440408133673,1.5749429203870502,1.049432890367818,0.31578466544651773,8.253397965063414e-13,242,8.811185114865339e-11,194
SecurityPatrol,neural,40,GDA,40,-0.2624278098380872,-0.5074598095632828,1.479609593145248,1.023869512235129,0.31374060062532405,8.248957072964913e-13,242,8.860889799677807e-11,194
SecurityPatrol,neural,40,GDA,45,-0.2563440725802446,-0.5025126489226225,1.4687709409406424,1.0137358801928151,0.31381377713202485,8.200107259881406e-13,242,8.845502108556502e-11,194
SecurityPatrol,neural,40,GDA,50,-0.24870823567495426,-0.5762239015712676,1.5323193876798429,1.0194495764076972,0.31620678454943735,8.100187187665142e-13,242,8.720424382602232e-11,194
SecurityPatrol,neural,40,GDA,55,-0.24149159142498908,-0.6395906019609886,1.575872487951286,1.0308260067392656,0.3197230956469013,8.806289031326742e-13,241,8.463829637150866e-11,194
SecurityPatrol,neural,40,GDA,60,-0.23703075536269985,-0.6846894097270995,1.5959669036518163,1.0363153527719922,0.32238676814491607,8.570921750106208e-13,241,8.994172073784057e-11,193
SecurityPatrol,neural,41,GDA,0,-0.2695562217340635,-0.5761328949997153,1.5421310955100882,1.0262551453967235,0.31565601635841484,8.171241461241152e-13,242,8.710410170920113e-11,194
SecurityPatrol,neural,41,GDA,5,-0.26097048055410743,-0.609515278704606,1.5539666490609196,1.026284177987678,0.314839426641836,8.870681966755001e-13,241,8.468603596156754e-11,194
SecurityPatrol,neural,41,GDA,10,-0.25545742969788415,-0.6276388172794882,1.5393452223001591,1.0242868351258971,0.3123155601360769,8.555378627761456e-13,241,8.114287020077882e-11,194
SecurityPatrol,neural,41,GDA,15,-0.25423918789759153,-0.6279208516391419,1.4984348847910371,1.0173057228292843,0.3076852968212606,8.164580123093401e-13,241,8.567235809664453e-11,193
SecurityPatrol,neural,41,GDA,20,-0.25700861538154496,-0.6310881630965542,1.4681822197783032,1.007381483633507,0.3014721200565678,8.72413252750448e-13,240,8.172396093186762e-11,193
SecurityPatrol,neural,41,GDA,25,-0.2621533902605793,-0.6538323093944378,1.468233806198074,0.9992126395909824,0.294845137245347,8.462119893692943e-13,240,8.833889175718923e-11,192
SecurityPatrol,neural,41,GDA,30,-0.26748186056722234,-0.6687270380596383,1.5008477481054099,0.9939914337892228,0.28902782518728865,8.666400930223972e-13,240,8.81953399201052e-11,192
SecurityPatrol,neural,41,GDA,35,-0.27107297130512176,-0.6620110686851458,1.5109330425948881,0.9876216414715131,0.28470163752654754,8.842926391139372e-13,240,8.954281760509275e-11,192
SecurityPatrol,neural,41,GDA,40,-0.2718717222443622,-0.6372344170965408,1.5014237523222072,0.9765699803108059,0.2817426032927932,8.102407633714392e-13,241,8.227085679379798e-11,193
SecurityPatrol,neural,41,GDA,45,-0.26983516545597186,-0.6032138332388015,1.480725912438289,0.9606119793465429,0.27942343402137804,8.232303727595536e-13,241,8.393363781777907e-11,193
SecurityPatrol,neural,41,GDA,50,-0.26566922986858216,-0.5772261961886229,1.465808501814006,0.9417343855043703,0.2769138782093415,8.339995360984176e-13,241,8.536726880947754e-11,193
SecurityPatrol,neural,41,GDA,55,-0.26036459893679287,-0.5385569333897045,1.4356492940855872,0.9233548242592062,0.27377362680588124,8.423262087831063e-13,241,8.64798233024544e-11,193
SecurityPatrol,neural,41,GDA,60,-0.2547842238051505,-0.4840728968618403,1.3867400523973168,0.9104207448295715,0.27020325368406906,8.479883462086946e-13,241,8.721934285915722e-11,193
SecurityPatrol,neural,42,GDA,0,-0.2757506410954981,-0.5717954083987291,1.3459430047359335,0.8659534544636038,0.20710002578886066,8.966161146872764e-13,239,8.757095049105601e-11,191
SecurityPatrol,neural,42,GDA,5,-0.27781783006969396,-0.5621515783621083,1.354796352040958,0.8701033501890105,0.2022300974673761,8.274492202531292e-13,240,8.942679929901942e-11,191
SecurityPatrol,neural,42,GDA,10,-0.27928032968313377,-0.5388278824709332,1.3518597130428607,0.868626328548492,0.1979367618333216,8.495426584431698e-13,240,8.275613527786163e-11,192
SecurityPatrol,neural,42,GDA,15,-0.2792753110277223,-0.503493430779471,1.3341676437628627,0.861177336512521,0.19433485208744103,8.684164498617974e-13,240,8.518541427804394e-11,192
SecurityPatrol,neural,42,GDA,20,-0.27744000303718286,-0.458613723363062,1.3033227079560046,0.8491795521438483,0.19129237552133035,8.835154829966996e-13,240,8.73668914991299e-11,192
SecurityPatrol,neural,42,GDA,25,-0.27392155150904085,-0.40830379621304796,1.2628992832132773,0.835679110816076,0.18860257114439308,8.941736240331011e-13,240,8.9011908954717e-11,192
SecurityPatrol,neural,42,GDA,30,-0.2692568914721176,-0.3577046306084469,1.217777935661282,0.8244676941274591,0.18614378119920044,8.102407633714392e-13,241,8.995004741052526e-11,192
SecurityPatrol,neural,42,GDA,35,-0.26418892726317034,-0.33743441363461063,1.1985500497839887,0.8186704969249482,0.1839453766127372,8.110179194886769e-13,241,8.11050115956391e-11,193
SecurityPatrol,neural,42,GDA,40,-0.2594763838547478,-0.35819272950705694,1.2160818029187472,0.8193130091235653,0.18215463209161195,8.977263377119016e-13,240,8.9536156266945e-11,192
SecurityPatrol,neural,42,GDA,45,-0.25573427064946636,-0.4223538411229115,1.2730785378721945,0.8247534966886468,0.18094538027612314,8.899547765395255e-13,240,8.831080311466621e-11,192
SecurityPatrol,neural,42,GDA,50,-0.25332296511662933,-0.4759707170018729,1.3160718569004026,0.8314626191330298,0.18042128235297863,8.784084570834239e-13,240,8.660816508410107e-11,192
SecurityPatrol,neural,42,GDA,55,-0.2522917888905377,-0.5151341062393157,1.3417715999163546,0.8355883267701092,0.1805584299870197,8.639755577632968e-13,240,8.465383949385341e-11,192
SecurityPatrol,neural,42,GDA,60,-0.25237740422332344,-0.5378303842191994,1.34892210841866,0.8343204081618303,0.18121157913807828,8.47211190091457e-13,240,8.27221624533081e-11,192
SecurityPatrol,neural,43,GDA,0,-0.25666941660296905,-0.6161090650372865,1.4163621283911176,0.8994907838299204,0.24997993518739084,8.352207814255053e-13,240,8.301381804187713e-11,192
SecurityPatrol,neural,43,GDA,5,-0.2585067645171768,-0.6208594501072336,1.4069661204499226,0.9053297774525014,0.24682345236019598,8.193445921733655e-13,240,8.205980339681673e-11,192
SecurityPatrol,neural,43,GDA,10,-0.2620088066276661,-0.6052387640531824,1.4055054574514876,0.9086140177369894,0.24315323896720045,8.349987368205802e-13,240,8.268974394098905e-11,192
SecurityPatrol,neural,43,GDA,15,-0.2657019629558725,-0.5691579362581962,1.3934396432947092,0.9088998475273118,0.2395587493848653,8.608669332943464e-13,240,8.480149915612856e-11,192
SecurityPatrol,neural,43,GDA,20,-0.268122542483328,-0.5139071576100573,1.3601143644733806,0.904532457711441,0.23660477753510703,8.846257060213247e-13,240,8.765410619560043e-11,192
SecurityPatrol,neural,43,GDA,25,-0.2682609432754547,-0.47375414885011086,1.3385833863797958,0.8956821148004714,0.23460485544449752,8.141265439576273e-13,241,8.145439878148863e-11,193
SecurityPatrol,neural,43,GDA,30,-0.2658230012715903,-0.45617523880585586,1.3354683486598673,0.8848443289243875,0.23351864095338484,8.282263763703668e-13,241,8.35808089405532e-11,193
SecurityPatrol,neural,43,GDA,35,-0.2612446437103691,-0.4475239677739805,1.3366223920882565,0.8752958514763566,0.23300208600729627,8.375522497772181e-13,241,8.5026763407825e-11,193
SecurityPatrol,neural,43,GDA,40,-0.2554832328684976,-0.441370870413366,1.3354336063960273,0.8695232891524284,0.23257983366410603,8.424372310855688e-13,241,8.570055776147001e-11,193
SecurityPatrol,neural,43,GDA,45,-0.24967480776290707,-0.4274316229609128,1.3216994362755603,0.8684951908847875,0.2318696510916105,8.426592756904938e-13,241,8.562495157349304e-11,193
SecurityPatrol,neural,43,GDA,50,-0.2447800711616862,-0.4194045813415326,1.30940348850299,0.871753916152062,0.23076929793994325,8.384404281969182e-13,241,8.489919878229557e-11,193
SecurityPatrol,neural,43,GDA,55,-0.2413365269922395,-0.4262191961465098,1.3079051340957248,0.8778633487005666,0.22951807910505947,8.305578447220796e-13,241,8.366973780482567e-11,193
SecurityPatrol,neural,43,GDA,60,-0.2393874671487234,-0.47944095763121797,1.3492968700694323,0.8848996973280896,0.22858320751588143,8.191225475684405e-13,241,8.212885926894842e-11,193
SecurityPatrol,neural,44,GDA,0,-0.2445330652808361,-0.85099243170623,1.7146701694767819,1.1539266746439945,0.35105294216561617,8.113509863960644e-13,241,8.724954092542703e-11,193
SecurityPatrol,neural,44,GDA,5,-0.2578805282247104,-0.8629728106415175,1.7160545304787354,1.1553436964108803,0.3455450446216088,8.101297410689767e-13,241,8.810630003353026e-11,193
SecurityPatrol,neural,44,GDA,10,-0.2699011607540016,-0.8409915812371815,1.7192239194273857,1.1418281657164266,0.34111756030827634,8.250067295989538e-13,241,8.454226207987858e-11,193
SecurityPatrol,neural,44,GDA,15,-0.2774425294856439,-0.7860412640302956,1.687750339370411,1.1095440587039973,0.33784358945657167,8.477663016037695e-13,241,8.688660901867706e-11,193
SecurityPatrol,neural,44,GDA,20,-0.27860091339058457,-0.7003033394347635,1.6224550755905882,1.0593001455200484,0.33551829512425185,8.676392937445598e-13,241,8.12584444176423e-11,194
SecurityPatrol,neural,44,GDA,25,-0.27288528393354655,-0.5871413940178788,1.5253429449795717,0.9987985934926811,0.3340981850946384,8.834044606942371e-13,241,8.416323193927155e-11,194
SecurityPatrol,neural,44,GDA,30,-0.2611760456922579,-0.4513346349207924,1.3999130508844635,0.9436001319825222,0.33381287699023965,8.929523787060134e-13,241,8.632172754374778e-11,194
SecurityPatrol,neural,44,GDA,35,-0.2455723287372727,-0.357301367663853,1.3095625325913995,0.9133849411477003,0.3348576650219445,8.961720254774264e-13,241,8.71960281756401e-11,194
SecurityPatrol,neural,44,GDA,40,-0.22907639862092127,-0.36323787980523237,1.3119660254893473,0.918946283896541,0.33696793451019474,8.93285445613401e-13,241,8.651757088529166e-11,194
SecurityPatrol,neural,44,GDA,45,-0.21500742037018333,-0.49027347964779056,1.4284364790677762,0.9530980853626526,0.3393238149414769,8.835154829966996e-13,241,8.442890830906435e-11,194
SecurityPatrol,neural,44,GDA,50,-0.20615137646937975,-0.6030052064413771,1.5245216886428195,0.9980893231844858,0.34096459659684164,8.675282714420973e-13,241,8.143652419079217e-11,194
SecurityPatrol,neural,44,GDA,55,-0.2038851862059306,-0.6922189130615908,1.5925803654301798,1.0381223645683777,0.34140154666947947,8.467671008816069e-13,241,8.686906749488799e-11,193
SecurityPatrol,neural,44,GDA,60,-0.2076739951094552,-0.7529711677691917,1.6295468072012,1.0635542906330504,0.3408933779565635,8.237854842718662e-13,241,8.360867553847129e-11,193
SecurityPatrol,neural,45,GDA,0,-0.2555652433176635,-0.7163572587218973,1.4894212252721282,0.9514398076819173,0.2351581563944297,8.940626017306386e-13,239,8.900807868528204e-11,191
SecurityPatrol,neural,45,GDA,5,-0.25924681823288953,-0.7379962974321307,1.5192994852592676,0.9650975032596456,0.23536186892492697,8.141265439576273e-13,240,8.912837135000018e-11,191
SecurityPatrol,neural,45,GDA,10,-0.2635943172091183,-0.7329559416024676,1.5252382283826025,0.963819773362959,0.2357979929677097,8.268941087408166e-13,240,8.108608229306924e-11,192
SecurityPatrol,neural,45,GDA,15,-0.26720483953941987,-0.7012476295061845,1.5045863728216782,0.946426810860552,0.23615785621499832,8.389955397092308e-13,240,8.25172152829623e-11,192
SecurityPatrol,neural,45,GDA,20,-0.268785621829774,-0.6439067086613991,1.4576635608861577,0.9144913625577805,0.23643604142072105,8.503198145604074e-13,240,8.425848907478439e-11,192
SecurityPatrol,neural,45,GDA,25,-0.2674436279820086,-0.5631647952095917,1.3858752010494024,0.873272313332754,0.23689487629541553,8.603118217820338e-13,240,8.603806556095606e-11,192
SecurityPatrol,neural,45,GDA,30,-0.26293382115524644,-0.462640089983263,1.2919965228312187,0.8321734990761139,0.2378876563122201,8.676392937445598e-13,240,8.755163261042753e-11,192
SecurityPatrol,neural,45,GDA,35,-0.2557885512046828,-0.35649916959118244,1.1894652031227713,0.8028395721622146,0.23960672436746983,8.715250743307479e-13,240,8.848621835255699e-11,192
SecurityPatrol,neural,45,GDA,40,-0.24725436005065005,-0.30842656869825824,1.1414926756652646,0.793087779783948,0.24189064152370193,8.718581412381354e-13,240,8.861078537591993e-11,192
SecurityPatrol,neural,45,GDA,45,-0.23900275447480368,-0.3335620479454443,1.16311610437482,0.8016344983533285,0.2442268978548383,8.678613383494849e-13,240,8.788247907176583e-11,192
SecurityPatrol,neural,45,GDA,50,-0.23265943887266577,-0.38627927527232575,1.2090261162988973,0.8203253352823181,0.2459792427576801,8.605338663869588e-13,240,8.647504934344852e-11,192
SecurityPatrol,neural,45,GDA,55,-0.22928875130473347,-0.4300827378477752,1.2434233264402272,0.8399808659738398,0.24671414780863665,8.502087922579449e-13,240,8.470080192779506e-11,192
SecurityPatrol,neural,45,GDA,60,-0.22902699450580694,-0.4629632415951206,1.2652488337656762,0.8537307466616578,0.24642378049999972,8.379963389870682e-13,240,8.289480213363731e-11,192
SecurityPatrol,neural,46,GDA,0,-0.27790953561826326,-0.6272265982376963,1.4954326534620863,0.9944807968850229,0.3315891161218984,8.169021015191902e-13,241,8.37099278783171e-11,193
SecurityPatrol,neural,46,GDA,5,-0.27159877660096293,-0.6624929293340862,1.5198139313922483,0.979338002696577,0.32953841456022054,8.952838470577262e-13,240,8.235456760985471e-11,193
SecurityPatrol,neural,46,GDA,10,-0.2652953481247345,-0.6795502851250155,1.5141822581252966,0.9648401282561168,0.32713049068778133,8.707479182135103e-13,240,8.884892821470203e-11,192
SecurityPatrol,neural,46,GDA,15,-0.26070743003765395,-0.6759081000942362,1.4777829436522105,0.9449080849991449,0.3234710408723823,8.354428260304303e-13,240,8.543116214454471e-11,192
SecurityPatrol,neural,46,GDA,20,-0.2585132353059986,-0.648827361742914,1.4282113078618774,0.9197094440475148,0.3184306908518415,8.131273432354647e-13,240,8.206146873135367e-11,192
SecurityPatrol,neural,46,GDA,25,-0.2581006942774936,-0.596204815234121,1.3566260012546392,0.8960803733377718,0.31280132147355044,8.806289031326742e-13,239,8.872202972298737e-11,191
SecurityPatrol,neural,46,GDA,30,-0.25797319807103936,-0.5524303073289221,1.3214043797563666,0.8821747792106228,0.30798965970286263,8.908429549592256e-13,239,8.823758390619219e-11,191
SecurityPatrol,neural,46,GDA,35,-0.25661088555983974,-0.55487891344033,1.3426284176028933,0.881339330356363,0.30532977144320633,8.212319713152283e-13,240,8.910172599740918e-11,191
SecurityPatrol,neural,46,GDA,40,-0.2533377520753461,-0.6111833647142226,1.4101459038895967,0.8925089578430248,0.3053092154342344,8.3322237998118e-13,240,8.118006267210376e-11,192
SecurityPatrol,neural,46,GDA,45,-0.2487327742114524,-0.6591889320066572,1.4605273684920528,0.9110685409751337,0.30717775350226495,8.364420267525929e-13,240,8.174283472328625e-11,192
SecurityPatrol,neural,46,GDA,50,-0.24434678342062388,-0.690496375275014,1.4865619036791449,0.9298681752894811,0.3092819155264238,8.298917109073045e-13,240,8.178024923921612e-11,192
SecurityPatrol,neural,46,GDA,55,-0.24184760077031714,-0.7028897382831516,1.5063673789383134,0.9431610496123879,0.30997955251825793,8.384404281969182e-13,240,8.166767262451913e-11,192
SecurityPatrol,neural,46,GDA,60,-0.24204530155350612,-0.6935966219106853,1.5029595535719893,0.9479978190440997,0.30855142255169454,8.453238109495942e-13,240,8.192369005399769e-11,192
SecurityPatrol,neural,47,GDA,0,-0.30719234240057586,-0.6725962202267599,1.6765067986369226,1.117926742268042,0.3978008595725719,8.506528814677949e-13,242,8.31430480019435e-11,195
SecurityPatrol,neural,47,GDA,5,-0.29033498090906057,-0.4873072055390394,1.5201991855098953,1.0439130766852434,0.4012841373338827,8.755218772193984e-13,242,8.688505470644259e-11,195
SecurityPatrol,neural,47,GDA,10,-0.2670743853472536,-0.3404553021990664,1.3824502451383218,1.0079755670452024,0.4068116282656601,8.832934383917745e-13,242,8.812472973573904e-11,195
SecurityPatrol,neural,47,GDA,15,-0.2431734050289639,-0.4397070236741252,1.4694178040730814,1.0263726108391413,0.4125913639916763,8.730793865652231e-13,242,8.646872107220815e-11,195
SecurityPatrol,neural,47,GDA,20,-0.2251321049440062,-0.5480531934167118,1.5448300206621328,1.0718052589177447,0.4157248684842912,8.451017663446692e-13,242,8.23371371083681e-11,195
SecurityPatrol,neural,47,GDA,25,-0.21786731589464864,-0.6604200742228266,1.6067924020435107,1.113918290075405,0.4139034316666499,8.911760218666132e-13,241,8.531542139422754e-11,194
SecurityPatrol,neural,47,GDA,30,-0.22266161847145496,-0.7509942739005394,1.6518760626091553,1.1390541735042796,0.4069102516420989,8.485434577210071e-13,241,8.774903026420589e-11,193
SecurityPatrol,neural,47,GDA,35,-0.23664231701817434,-0.8098865627730525,1.6768918820337524,1.1435270501341788,0.3967069288150894,8.156808561921025e-13,241,8.699130304989922e-11,193
SecurityPatrol,neural,47,GDA,40,-0.2541844450151912,-0.8322783562956797,1.6640053511685204,1.1318283340552457,0.38603709471867276,8.681944052568724e-13,240,8.844824872511481e-11,193
SecurityPatrol,neural,47,GDA,45,-0.2693368725029105,-0.81781471429597,1.6633026906809998,1.111628385054647,0.3767127200923105,8.825162822745369e-13,240,8.501266357541226e-11,193
SecurityPatrol,neural,47,GDA,50,-0.2778643951590085,-0.7699106935272619,1.6342545446139358,1.0777520371404654,0.3689215587615457,8.120171202108395e-13,241,8.161626929847898e-11,193
SecurityPatrol,neural,47,GDA,55,-0.27808662456439703,-0.6934698535520496,1.5715491353083575,1.027614368128406,0.36184115256896593,8.248957072964913e-13,241,8.48688896937233e-11,193
SecurityPatrol,neural,47,GDA,60,-0.2706084818351623,-0.5939482299099088,1.4805756608677858,0.968080545624598,0.35472727727480724,8.325562461664049e-13,241,8.795142392159505e-11,193
SecurityPatrol,neural,48,GDA,0,-0.2600476808900778,-0.37717360374705133,1.262509952735535,0.8642075772893822,0.23896055962288437,8.337774914934926e-13,241,8.609646329205134e-11,193
SecurityPatrol,neural,48,GDA,5,-0.2535189177752845,-0.4154674809135778,1.2953884444025567,0.8721346392826108,0.23805474927836479,8.284484209752918e-13,241,8.486700231458144e-11,193
SecurityPatrol,neural,48,GDA,10,-0.24961946859795672,-0.4577331547729879,1.328219797257176,0.8847863045025499,0.23621483229652795,8.19011525265978e-13,241,8.309164467590335e-11,193
SecurityPatrol,neural,48,GDA,15,-0.24879998236349993,-0.4915643469169402,1.3497112384478478,0.8959310558313571,0.23349805963928819,8.965050923848139e-13,240,8.112466254317496e-11,193
SecurityPatrol,neural,48,GDA,20,-0.25058188588023195,-0.5162982201202783,1.3604229384903022,0.9013776160042686,0.23038146553268488,8.812950369474493e-13,240,8.812139906666516e-11,192
SecurityPatrol,neural,48,GDA,25,-0.2537788236181314,-0.5417249720147936,1.3712891399837102,0.8991893282387609,0.22749585235498612,8.65529869997772e-13,240,8.660805406179861e-11,192
SecurityPatrol,neural,48,GDA,30,-0.2569186569638854,-0.5476487804101459,1.363065138820477,0.8893997927033135,0.2252920573458589,8.493206138382448e-13,240,8.585654409642984e-11,192
SecurityPatrol,neural,48,GDA,35,-0.2586827243189287,-0.5337243570281517,1.3470350984757347,0.8734166662740821,0.22386995952259808,8.475442569988445e-13,240,8.598100009749032e-11,192
SecurityPatrol,neural,48,GDA,40,-0.258214523029869,-0.5010586386168746,1.318043604795199,0.8534787556923825,0.22306953252239836,8.522071937022702e-13,240,8.687028874021507e-11,192
SecurityPatrol,neural,48,GDA,45,-0.2552447416713728,-0.4516069096036841,1.2734576792992687,0.8326471324285787,0.2227129774561918,8.575362642204709e-13,240,8.817824248552597e-11,192
SecurityPatrol,neural,48,GDA,50,-0.25006378746874247,-0.3881188566353546,1.2151505913851868,0.8152036468464516,0.2227910720614191,8.621992009238966e-13,240,8.943612517242627e-11,192
SecurityPatrol,neural,48,GDA,55,-0.24340354443916218,-0.3327688268886505,1.164434808466086,0.8061601509528804,0.2234634873932903,8.667511153248597e-13,240,8.120670802469476e-11,193
SecurityPatrol,neural,48,GDA,60,-0.2362713879129019,-0.3276355390788961,1.162695765442019,0.8088912002388086,0.22489696005400214,8.703038290036602e-13,240,8.129619200047955e-11,193
SecurityPatrol,neural,49,GDA,0,-0.268719630930077,-0.3927395151904165,1.24310350707349,0.8349440271797082,0.2073353791931158,8.897327319346005e-13,240,8.91546836356838e-11,192
SecurityPatrol,neural,49,GDA,5,-0.26308056770668525,-0.3784818127829647,1.2336375959891164,0.8246606521864973,0.20457172876996843,8.949507801503387e-13,240,8.981826393750225e-11,192
SecurityPatrol,neural,49,GDA,10,-0.2574316286754678,-0.3863843898516263,1.241571635498759,0.8228926315757312,0.2018950633987854,8.951728247552637e-13,240,8.962386388589039e-11,192
SecurityPatrol,neural,49,GDA,15,-0.25282804536578984,-0.4036184875153951,1.2543964782344093,0.8291196001906509,0.19950069208281537,8.903988657493755e-13,240,8.866307688037978e-11,192
SecurityPatrol,neural,49,GDA,20,-0.2499441048446216,-0.4639124172124819,1.3063413606654493,0.8396996670455117,0.19767517095116335,8.811840146449867e-13,240,8.712175425529267e-11,192
SecurityPatrol,neural,49,GDA,25,-0.24895356459920845,-0.519739281673234,1.3505147185658761,0.8493540961608419,0.19665400585583678,8.686384944667225e-13,240,8.523359795731267e-11,192
SecurityPatrol,neural,49,GDA,30,-0.2495364766673896,-0.5557828106228402,1.3723458745787571,0.8532201928824197,0.19649854727555063,8.533174167268953e-13,240,8.32652280458035e-11,192
SecurityPatrol,neural,49,GDA,35,-0.2509852598323643,-0.5700366851059494,1.370684413485935,0.8484497026929334,0.19706126478125255,8.359979375427429e-13,240,8.15205680737563e-11,192
SecurityPatrol,neural,49,GDA,40,-0.25237525994513343,-0.5615254647597054,1.3455356989237428,0.8348627692405859,0.19807672156150383,8.175682353339653e-13,240,8.923689565065729e-11,191
SecurityPatrol,neural,49,GDA,45,-0.2527715833792371,-0.5303665829421413,1.3045118836864338,0.8146890773749097,0.19933750988523777,8.959499808725013e-13,239,8.872147461147506e-11,191
SecurityPatrol,neural,49,GDA,50,-0.25145084508811266,-0.4779111049883523,1.2535675694832156,0.7918748714145851,0.20084175879196692,8.983924715266767e-13,239,8.896677838876599e-11,191
SecurityPatrol,neural,49,GDA,55,-0.2481083835050933,-0.4118960988510123,1.1922865690905942,0.7715235928511561,0.20278984680655943,8.140155216551648e-13,240,8.958600528075067e-11,191
SecurityPatrol,neural,49,GDA,60,-0.24299643522937422,-0.35358525581745626,1.1413588261357543,0.7588724131284666,0.20539123641452792,8.218981051300034e-13,240,8.106326720991319e-11,192
SecurityPatrol,neural,40,Adam-GDA,0,-0.2669680320085718,-0.6403383079827387,1.5629908899418892,1.0636561424957418,0.3282510773203066,8.686384944667225e-13,241,8.166312071011816e-11,194
SecurityPatrol,neural,40,Adam-GDA,5,-0.2656849011256214,-0.6313660924955669,1.5622449506700478,1.0700779752652634,0.3221466494537092,8.764100556390986e-13,241,8.290657049769834e-11,194
SecurityPatrol,neural,40,Adam-GDA,10,-0.264008045414044,-0.6619710490303161,1.6002725339878598,1.0829987558446221,0.3195411716647231,8.836265052991621e-13,241,8.42895753194739e-11,194
SecurityPatrol,neural,40,Adam-GDA,15,-0.26200705693519,-0.6996358017268135,1.6436666165736522,1.1029585094292749,0.3206496321714234,8.890665981198254e-13,241,8.5725759824129e-11,194
SecurityPatrol,neural,40,Adam-GDA,20,-0.2599098038043428,-0.7362135494877886,1.6836016809880199,1.1294033901252545,0.3256189051000364,8.919531779838508e-13,241,8.724732047937778e-11,194
SecurityPatrol,neural,40,Adam-GDA,25,-0.2580370908134916,-0.7706466120897337,1.7377801966115063,1.1603692218555353,0.33384437434965514,8.193445921733655e-13,242,8.886591462697879e-11,194
SecurityPatrol,neural,40,Adam-GDA,30,-0.2567647237020215,-0.8009031865534223,1.7901875672182337,1.19349469690879,0.34470791020265584,8.388845174067683e-13,242,8.160472297902288e-11,195
SecurityPatrol,neural,40,Adam-GDA,35,-0.25640393875205947,-0.8238143125289117,1.8341171522252853,1.2253181893377993,0.35811257663700835,8.566480858007708e-13,242,8.346034974238137e-11,195
SecurityPatrol,neural,40,Adam-GDA,40,-0.25704144431807807,-0.8351741490990137,1.8650372071033756,1.2505367706214092,0.3738512650163302,8.735234757750732e-13,242,8.54671888816938e-11,195
SecurityPatrol,neural,40,Adam-GDA,45,-0.25844877563902624,-0.830440910113471,1.8774958795806538,1.2632824966384908,0.39116978629355476,8.884004643050503e-13,242,8.74608163670132e-11,195
SecurityPatrol,neural,40,Adam-GDA,50,-0.26003348047528213,-0.8055302838083257,1.8663657525602981,1.2594642283540933,0.40926367370898814,8.102407633714392e-13,243,8.933631612251247e-11,195
SecurityPatrol,neural,40,Adam-GDA,55,-0.2608309446617545,-0.757852330141733,1.8280576886284134,1.2390478530033686,0.4284125716129429,8.175682353339653e-13,243,8.201916923411545e-11,196
SecurityPatrol,neural,40,Adam-GDA,60,-0.2595988297853188,-0.6871165866506392,1.7611229236550927,1.2075006753570379,0.4508352673348983,8.206768598029157e-13,243,8.371126014594665e-11,196
SecurityPatrol,neural,41,Adam-GDA,0,-0.2695562217340635,-0.5761328949997153,1.5421310955100882,1.0262551453967235,0.31565601635841484,8.171241461241152e-13,242,8.710410170920113e-11,194
SecurityPatrol,neural,41,Adam-GDA,5,-0.26581051519209337,-0.5935314855828215,1.5527191804899658,1.0270296557987204,0.31525066415599295,8.107958748837518e-13,242,8.648171068159627e-11,194
SecurityPatrol,neural,41,Adam-GDA,10,-0.2624277305676447,-0.609563187735689,1.559431310991651,1.0296976565010556,0.3174082013401746,8.912870441690757e-13,241,8.572287324426497e-11,194
SecurityPatrol,neural,41,Adam-GDA,15,-0.2594965723476297,-0.6214005475165725,1.5596139023046967,1.0322685952564907,0.3210464973838075,8.79740724712974e-13,241,8.487588409877844e-11,194
SecurityPatrol,neural,41,Adam-GDA,20,-0.2569877456826574,-0.6243238353536644,1.5486582271960168,1.0320592737390748,0.3252297748535636,8.661960038125471e-13,241,8.402090134751461e-11,194
SecurityPatrol,neural,41,Adam-GDA,25,-0.25476791738218885,-0.6137136509445581,1.5212609360914207,1.0266198088712961,0.32759310808328673,8.495426584431698e-13,241,8.315248489765281e-11,194
SecurityPatrol,neural,41,Adam-GDA,30,-0.2528109912862577,-0.5888488429151948,1.4773799971870907,1.016588487841021,0.3264338465116803,8.314460231417797e-13,241,8.220635283606725e-11,194
SecurityPatrol,neural,41,Adam-GDA,35,-0.2512723405787475,-0.5508367236878726,1.4160273220153496,1.0050591579680057,0.32228544313570173,8.966161146872764e-13,240,8.120315531101596e-11,194
SecurityPatrol,neural,41,Adam-GDA,40,-0.25022855955726786,-0.5517387845918418,1.4245505680616308,0.9962723714648859,0.3178898041551848,8.152367669822524e-13,241,8.932476980305637e-11,193
SecurityPatrol,neural,41,Adam-GDA,45,-0.2494387971864223,-0.5661112494612732,1.4533059255371716,0.9935160432066413,0.31662774169139407,8.316680677467048e-13,241,8.890166380837172e-11,193
SecurityPatrol,neural,41,Adam-GDA,50,-0.24834349153437324,-0.5881608814061549,1.4851012472376923,0.9985300436580753,0.32182964576290046,8.40549851943706e-13,241,8.897960146470041e-11,193
SecurityPatrol,neural,41,Adam-GDA,55,-0.24629625435833635,-0.6334459079312482,1.5359983214304451,1.01217110301094,0.3360545887960825,8.448797217397441e-13,241,8.942602214290218e-11,193
SecurityPatrol,neural,41,Adam-GDA,60,-0.24292590231337505,-0.6778671344350362,1.5869804416304578,1.0337508880401578,0.35927077394976675,8.512079929801075e-13,241,8.109057869631897e-11,194
SecurityPatrol,neural,42,Adam-GDA,0,-0.2757506410954981,-0.5717954083987291,1.3459430047359335,0.8659534544636038,0.20710002578886066,8.966161146872764e-13,239,8.757095049105601e-11,191
SecurityPatrol,neural,42,Adam-GDA,5,-0.2760864084236632,-0.5658442974703981,1.3631015692972435,0.8848681599771693,0.21299058151842915,8.321121569565548e-13,240,8.146244789841717e-11,192
SecurityPatrol,neural,42,Adam-GDA,10,-0.2763842360767853,-0.551552600851142,1.3741894469420497,0.893956412373559,0.2122745788778857,8.592015987574086e-13,240,8.449640986896156e-11,192
SecurityPatrol,neural,42,Adam-GDA,15,-0.275883485146574,-0.524367757396299,1.3707437877672282,0.8938950482714576,0.20811988298375966,8.847367283237872e-13,240,8.771527948425728e-11,192
SecurityPatrol,neural,42,Adam-GDA,20,-0.27415045548365613,-0.48478034207740506,1.3534169277823256,0.8881546757369727,0.2048140560284669,8.174572130315028e-13,241,8.193501432884887e-11,193
SecurityPatrol,neural,42,Adam-GDA,25,-0.27095700946978624,-0.43938077684173654,1.328640522642973,0.8807402711482023,0.20564379205576544,8.373302051722931e-13,241,8.491574110536249e-11,193
SecurityPatrol,neural,42,Adam-GDA,30,-0.2662112019948477,-0.3915163344416457,1.2991299156424163,0.8750597431025957,0.21198786908174644,8.550937735662956e-13,241,8.772416126845428e-11,193
SecurityPatrol,neural,42,Adam-GDA,35,-0.2599347835825411,-0.3431923186732935,1.265658436498628,0.8735223191360185,0.22308197762059095,8.693046282814976e-13,241,8.110900839852775e-11,194
SecurityPatrol,neural,42,Adam-GDA,40,-0.25233136283567126,-0.3076575792845111,1.2395939549137545,0.8778352229669502,0.2365080621618613,8.784084570834239e-13,241,8.259670725152546e-11,194
SecurityPatrol,neural,42,Adam-GDA,45,-0.2439074977230875,-0.3628328669701311,1.2969270288886592,0.8893948484789285,0.24934831056033352,8.804068585277491e-13,241,8.309974930398312e-11,194
SecurityPatrol,neural,42,Adam-GDA,50,-0.2354889140271242,-0.45336954567376087,1.3812131537492314,0.9092377881939127,0.2600592896817384,8.744116541947733e-13,241,8.242306837047408e-11,194
SecurityPatrol,neural,42,Adam-GDA,55,-0.2279906453091365,-0.5455522839836016,1.4591259762431426,0.9375477036591441,0.2696710792841029,8.608669332943464e-13,241,8.95725715821527e-11,193
SecurityPatrol,neural,42,Adam-GDA,60,-0.22211990905882723,-0.6364170316916629,1.5292130456003301,0.9726556036358467,0.28066673427306255,8.411049634560186e-13,241,8.658496142288641e-11,193
SecurityPatrol,neural,43,Adam-GDA,0,-0.25666941660296905,-0.6161090650372865,1.4163621283911176,0.8994907838299204,0.24997993518739084,8.352207814255053e-13,240,8.301381804187713e-11,192
SecurityPatrol,neural,43,Adam-GDA,5,-0.2555076894064613,-0.6445078939666167,1.4410510828475762,0.920161000301773,0.25406703615548576,8.305578447220796e-13,240,8.295097941868335e-11,192
SecurityPatrol,neural,43,Adam-GDA,10,-0.2553783092149209,-0.6628904756409236,1.4603511308299382,0.9381121710016416,0.25976411048502035,8.312239785368547e-13,240,8.327538658647882e-11,192
SecurityPatrol,neural,43,Adam-GDA,15,-0.25612817322856507,-0.660131395398414,1.4666496667038476,0.9464701816449556,0.26245346092545346,8.408829188510936e-13,240,8.415079744139575e-11,192
SecurityPatrol,neural,43,Adam-GDA,20,-0.2574337342745028,-0.6398783151603686,1.4653889426238926,0.9478750594708198,0.2624402404244823,8.615330671091215e-13,240,8.563449949150481e-11,192
SecurityPatrol,neural,43,Adam-GDA,25,-0.2589993232115337,-0.6053926814734214,1.4504472831255655,0.9448558923745058,0.2605241718327474,8.826273045769994e-13,240,8.770606463315289e-11,192
SecurityPatrol,neural,43,Adam-GDA,30,-0.26039731715751235,-0.5581452179662515,1.422716313679857,0.9384937765499433,0.25806797043110774,8.132383655379272e-13,241,8.121325834054005e-11,193
SecurityPatrol,neural,43,Adam-GDA,35,-0.2610839822110942,-0.5037548425925112,1.3870583365513265,0.9303736098068769,0.25787189869966193,8.315570454442422e-13,241,8.374034798919183e-11,193
SecurityPatrol,neural,43,Adam-GDA,40,-0.260485525616744,-0.4711372861890821,1.3719517324206456,0.9222946445288003,0.263073280764409,8.485434577210071e-13,241,8.640277382454542e-11,193
SecurityPatrol,neural,43,Adam-GDA,45,-0.2580365999936981,-0.4524946168011913,1.369392715738028,0.9158809835720836,0.27590721256982753,8.644196469731469e-13,241,8.915446159107887e-11,193
SecurityPatrol,neural,43,Adam-GDA,50,-0.2532243373292158,-0.4344520984079664,1.3655926959710518,0.9125978286843883,0.2968040777544037,8.781864124784988e-13,241,8.276090923686752e-11,194
SecurityPatrol,neural,43,Adam-GDA,55,-0.24569855888839337,-0.4156639913270092,1.358218841272488,0.914066623522552,0.32411693739876907,8.895106873296754e-13,241,8.521616745582605e-11,194
SecurityPatrol,neural,43,Adam-GDA,60,-0.23543238378024794,-0.3917335984651073,1.341246106288505,0.9219204760244578,0.3543857270696931,8.948397578478762e-13,241,8.732314871195967e-11,194
SecurityPatrol,neural,44,Adam-GDA,0,-0.2445330652808361,-0.85099243170623,1.7146701694767819,1.1539266746439945,0.35105294216561617,8.113509863960644e-13,241,8.724954092542703e-11,193
SecurityPatrol,neural,44,Adam-GDA,5,-0.24586737055621471,-0.9065950468303277,1.7653344817240932,1.193448353093854,0.36569619830805095,8.509859483751825e-13,241,8.388933991909653e-11,194
SecurityPatrol,neural,44,Adam-GDA,10,-0.24753413769702143,-0.9504733880526357,1.8077825869524002,1.227924510139533,0.3776173772151945,8.921752225887758e-13,241,8.814071694729364e-11,194
SecurityPatrol,neural,44,Adam-GDA,15,-0.24920997736681977,-0.9695964190955407,1.8411734131505209,1.2446558184080185,0.3806170033656424,8.191225475684405e-13,242,8.959022412824424e-11,194
SecurityPatrol,neural,44,Adam-GDA,20,-0.25073354070566567,-0.9673604402097251,1.8531861735661512,1.2464109875123746,0.37831354967195435,8.173461907290402e-13,242,8.866452017031179e-11,194
SecurityPatrol,neural,44,Adam-GDA,25,-0.2520589012659028,-0.9443015185965438,1.8446968811033828,1.2332933736864349,0.37263042195403795,8.86402062860725e-13,241,8.543121765569595e-11,194
SecurityPatrol,neural,44,Adam-GDA,30,-0.25286350770864285,-0.9006646072035525,1.815919562218043,1.2055303950553184,0.3651410846141909,8.606448886894214e-13,241,8.909084581176785e-11,193
SecurityPatrol,neural,44,Adam-GDA,35,-0.25260118653273994,-0.8375669416534597,1.7674165329361227,1.1652455765403045,0.35787388440699364,8.748557434046234e-13,241,8.219691594035794e-11,194
SecurityPatrol,neural,44,Adam-GDA,40,-0.2505399113450656,-0.7551370980238787,1.6982123109426932,1.1158396281214138,0.35299600728404495,8.877343304902752e-13,241,8.425893316399424e-11,194
SecurityPatrol,neural,44,Adam-GDA,45,-0.24587181714159684,-0.6548562205745365,1.6085240882867646,1.0651157051570688,0.35388956800259835,8.986145161316017e-13,241,8.623524117012948e-11,194
SecurityPatrol,neural,44,Adam-GDA,50,-0.23791387743043424,-0.5741759994310729,1.534782272262913,1.023114018249963,0.3643500142081396,8.15347789284715e-13,242,8.802925055562127e-11,194
SecurityPatrol,neural,44,Adam-GDA,55,-0.22627956613148886,-0.5345086620221244,1.4973059190221853,0.9952868810553359,0.38592138635988893,8.170131238216527e-13,242,8.946454688185668e-11,194
SecurityPatrol,neural,44,Adam-GDA,60,-0.21112060244628233,-0.4931093681941764,1.4528288139838406,0.9809106177952056,0.4160701189491521,8.137934770502397e-13,242,8.112610583310698e-11,195
SecurityPatrol,neural,45,Adam-GDA,0,-0.2555652433176635,-0.7163572587218973,1.4894212252721282,0.9514398076819173,0.2351581563944297,8.940626017306386e-13,239,8.900807868528204e-11,191
SecurityPatrol,neural,45,Adam-GDA,5,-0.2553392679936336,-0.7744546173266827,1.5534891387858893,0.9933418820917648,0.25070744177633586,8.113509863960644e-13,240,8.22959478341545e-11,192
SecurityPatrol,neural,45,Adam-GDA,10,-0.2560177256076739,-0.8224809612737229,1.6076697493217538,1.0321152542481624,0.2682789426441327,8.577583088253959e-13,240,8.820966179712286e-11,192
SecurityPatrol,neural,45,Adam-GDA,15,-0.257431474910942,-0.8453426516054758,1.6369279658215004,1.052722203075847,0.28112457993185697,8.817391261572993e-13,240,8.193590250726857e-11,193
SecurityPatrol,neural,45,Adam-GDA,20,-0.2590301944833684,-0.8346467388512918,1.632119781231417,1.0461900512325515,0.2851852242257862,8.706368959110478e-13,240,8.933176420811151e-11,192
SecurityPatrol,neural,45,Adam-GDA,25,-0.260095522907283,-0.7922990593632854,1.5957956287112358,1.0146401658645452,0.28094678891295927,8.391065620116933e-13,240,8.33453306370302e-11,192
SecurityPatrol,neural,45,Adam-GDA,30,-0.26003409954362144,-0.7271006755632801,1.5374952922935887,0.968293613523143,0.27296140996018897,8.469891454865319e-13,240,8.424372310855688e-11,192
SecurityPatrol,neural,45,Adam-GDA,35,-0.25839864766839393,-0.6465924165181229,1.465004177740075,0.9176794301633248,0.26670856697190537,8.559819519859957e-13,240,8.577205612425587e-11,192
SecurityPatrol,neural,45,Adam-GDA,40,-0.25481199316854497,-0.5553577808771595,1.3823725396848312,0.8718108419647812,0.26706261042881885,8.65529869997772e-13,240,8.761180669836222e-11,192
SecurityPatrol,neural,45,Adam-GDA,45,-0.24895440258248125,-0.4557617440554083,1.2905927007649287,0.8381601019651781,0.27727242922503115,8.744116541947733e-13,240,8.959499808725013e-11,192
SecurityPatrol,neural,45,Adam-GDA,50,-0.2406315334926812,-0.3857490784121651,1.2255051861266195,0.821342335373463,0.2977900337834537,8.802958362252866e-13,240,8.224831926639808e-11,193
SecurityPatrol,neural,45,Adam-GDA,55,-0.22994348629932218,-0.3647076159199377,1.20419867551913,0.8214750345047572,0.32578215535155236,8.791856132006615e-13,240,8.321909827913032e-11,193
SecurityPatrol,neural,45,Adam-GDA,60,-0.21753021690400814,-0.4022377903277031,1.238765373917531,0.8341573071883899,0.3559608003868992,8.761880110341735e-13,240,8.296130449281236e-11,193
SecurityPatrol,neural,46,Adam-GDA,0,-0.27790953561826326,-0.6272265982376963,1.4954326534620863,0.9944807968850229,0.3315891161218984,8.169021015191902e-13,241,8.37099278783171e-11,193
SecurityPatrol,neural,46,Adam-GDA,5,-0.27402883001599554,-0.6511786385528546,1.5207886487671316,0.9942933811222007,0.3320469837527325,8.177902799388903e-13,241,8.402933904250176e-11,193
SecurityPatrol,neural,46,Adam-GDA,10,-0.27032462606659774,-0.6760242824044556,1.5387750896438055,0.9952652049640957,0.33091522597031847,8.106848525812893e-13,241,8.34987634590334e-11,193
SecurityPatrol,neural,46,Adam-GDA,15,-0.26733271675797265,-0.6988092724731627,1.5482531447832262,0.9964386893624796,0.3309262464143145,8.86402062860725e-13,240,8.2404083556753e-11,193
SecurityPatrol,neural,46,Adam-GDA,20,-0.26517652221036225,-0.7143981679683415,1.5469227454775427,0.9949607672971948,0.3339871019908874,8.677503160470224e-13,240,8.108136384521458e-11,193
SecurityPatrol,neural,46,Adam-GDA,25,-0.2636987291471059,-0.7172078143175631,1.5413375690912179,0.9865644868985902,0.3393660470283965,8.602007994795713e-13,240,8.8583917978724e-11,192
SecurityPatrol,neural,46,Adam-GDA,30,-0.2625350095799438,-0.7039376996326023,1.523973814822468,0.9698795234310381,0.34656783415538717,8.562039965909207e-13,240,8.732614631412616e-11,192
SecurityPatrol,neural,46,Adam-GDA,35,-0.2611796298242476,-0.6734014262079189,1.4866819726927094,0.9466203418583073,0.3557656916693209,8.479883462086946e-13,240,8.662015549276703e-11,192
SecurityPatrol,neural,46,Adam-GDA,40,-0.25901538395064205,-0.624789486351275,1.427975339429326,0.9202732591790808,0.3674196407550236,8.352207814255053e-13,240,8.670275608579914e-11,192
SecurityPatrol,neural,46,Adam-GDA,45,-0.2553496547743147,-0.5574332843063059,1.3562960063505736,0.895446001677814,0.38226799977067377,8.288925101851419e-13,240,8.753697766650248e-11,192
SecurityPatrol,neural,46,Adam-GDA,50,-0.24954381820610994,-0.4858531751911912,1.2979269549774861,0.8777624553802221,0.40132246199632676,8.435474541101939e-13,240,8.867462319983588e-11,192
SecurityPatrol,neural,46,Adam-GDA,55,-0.24114794654859767,-0.4805262288464972,1.301543209889815,0.8730967270539531,0.425579413616421,8.512079929801075e-13,240,8.951317465033526e-11,192
SecurityPatrol,neural,46,Adam-GDA,60,-0.22997844250013647,-0.5184752449160319,1.3452756139361277,0.8840475486270863,0.4551507587017738,8.58202398035246e-13,240,8.954648134107401e-11,192
SecurityPatrol,neural,47,Adam-GDA,0,-0.30719234240057586,-0.6725962202267599,1.6765067986369226,1.117926742268042,0.3978008595725719,8.506528814677949e-13,242,8.31430480019435e-11,195
SecurityPatrol,neural,47,Adam-GDA,5,-0.3025792470561869,-0.6022427375148436,1.6428946918001488,1.111416127265868,0.4178686177032652,8.821832153671494e-13,242,8.774081461382366e-11,195
SecurityPatrol,neural,47,Adam-GDA,10,-0.2963504334790831,-0.5289508762121966,1.6075776668025896,1.1140693955878291,0.4455806795187257,8.231193504570911e-13,243,8.34872171395773e-11,196
SecurityPatrol,neural,47,Adam-GDA,15,-0.28816218935030596,-0.451625609709206,1.5673304796377134,1.1257287202835038,0.4798711419133123,8.506528814677949e-13,243,8.817890861934075e-11,196
SecurityPatrol,neural,47,Adam-GDA,20,-0.2777275260363759,-0.38659319193642905,1.5445604928946417,1.1426779416919237,0.5173903177133263,8.826273045769994e-13,243,8.318223887471277e-11,197
SecurityPatrol,neural,47,Adam-GDA,25,-0.2649826617438279,-0.3710388995238355,1.5603431268867376,1.1589909265344212,0.5527381674926283,8.160139230994901e-13,244,8.586820143818841e-11,197
SecurityPatrol,neural,47,Adam-GDA,30,-0.2503584947637668,-0.3783980603071113,1.5774351510496543,1.1686495220695807,0.5794132110120678,8.231193504570911e-13,244,8.669553963613907e-11,197
SecurityPatrol,neural,47,Adam-GDA,35,-0.2349478871979826,-0.4154299428251936,1.5989454649586698,1.1683428106308817,0.592660190827528,8.124612094206896e-13,244,8.53164205949497e-11,197
SecurityPatrol,neural,47,Adam-GDA,40,-0.2201624000111631,-0.4559239231803738,1.601389686329295,1.1603935962227556,0.5922914279480654,8.737455203799982e-13,243,8.208544954868557e-11,197
SecurityPatrol,neural,47,Adam-GDA,45,-0.20722014043591344,-0.4959277345054577,1.5877900582254765,1.151785084983866,0.5820781971209793,8.331113576787175e-13,243,8.656397820772099e-11,196
SecurityPatrol,neural,47,Adam-GDA,50,-0.19689530045186843,-0.5338678604896016,1.5803926853855557,1.1508174512164193,0.5674109270267605,8.892886427247504e-13,242,8.201550549813419e-11,196
SecurityPatrol,neural,47,Adam-GDA,55,-0.18954921811908668,-0.5880468300573268,1.608793543235632,1.1633009790208328,0.5533828623625786,8.668621376273222e-13,242,8.706335652419739e-11,195
SecurityPatrol,neural,47,Adam-GDA,60,-0.18523771816557472,-0.6628238120687607,1.670301287866336,1.190164374417801,0.5438525165465672,8.557599073810707e-13,242,8.41915426263995e-11,195
SecurityPatrol,neural,48,Adam-GDA,0,-0.2600476808900778,-0.37717360374705133,1.262509952735535,0.8642075772893822,0.23896055962288437,8.337774914934926e-13,241,8.609646329205134e-11,193
SecurityPatrol,neural,48,Adam-GDA,5,-0.25582874537288025,-0.38770842732527583,1.2664932533518478,0.856755055382655,0.21922211652634277,8.271161533457416e-13,241,8.456224609432184e-11,193
SecurityPatrol,neural,48,Adam-GDA,10,-0.2525698183768726,-0.39961661393130876,1.2712466774566318,0.8547578658444975,0.20556578390283484,8.198997036856781e-13,241,8.317224686749114e-11,193
SecurityPatrol,neural,48,Adam-GDA,15,-0.250242359632347,-0.4162267143742687,1.2798392205947282,0.8562614791287235,0.19813359460598082,8.117950756059145e-13,241,8.18688450365812e-11,193
SecurityPatrol,neural,48,Adam-GDA,20,-0.24880503206520885,-0.44059042349587135,1.2949682379601484,0.8598958612525626,0.19689975594623263,8.917311333789257e-13,240,8.957934394260292e-11,192
SecurityPatrol,neural,48,Adam-GDA,25,-0.24817599286458197,-0.48708779605124697,1.3300403414980009,0.8646589990076272,0.2016593005301099,8.79296635503124e-13,240,8.818901164886483e-11,192
SecurityPatrol,neural,48,Adam-GDA,30,-0.24820366346934708,-0.5300489618021744,1.3585531697452244,0.8701854053854549,0.2124126388082861,8.638645354608343e-13,240,8.68412008969699e-11,192
SecurityPatrol,neural,48,Adam-GDA,35,-0.2486372869292032,-0.5641093472095133,1.3748377522795354,0.8758949623982841,0.22852992096601363,8.44213587924969e-13,240,8.579642551964639e-11,192
SecurityPatrol,neural,48,Adam-GDA,40,-0.24912371185789678,-0.5846113820007235,1.3841527026887763,0.8815764046566613,0.24871899419142837,8.320011346540923e-13,240,8.555134378696039e-11,192
SecurityPatrol,neural,48,Adam-GDA,45,-0.24926860392893335,-0.5873257059840387,1.3866168815831688,0.8878748000847578,0.27157708675388714,8.317790900491673e-13,240,8.676404039675845e-11,192
SecurityPatrol,neural,48,Adam-GDA,50,-0.24862755801944325,-0.5680172942098082,1.3929967086869905,0.894342284123578,0.2967933200675005,8.588685318500211e-13,240,8.973588538907507e-11,192
SecurityPatrol,neural,48,Adam-GDA,55,-0.2463972877475914,-0.5215177432710931,1.380432934004747,0.8989118339978662,0.3253764801814363,8.938405571257135e-13,240,8.473544088616336e-11,193
SecurityPatrol,neural,48,Adam-GDA,60,-0.24118705928111672,-0.44982663489858365,1.3395861689794408,0.9035626116715005,0.3598918722438742,8.328893130737924e-13,241,8.954470498423461e-11,193
SecurityPatrol,neural,49,Adam-GDA,0,-0.268719630930077,-0.3927395151904165,1.24310350707349,0.8349440271797082,0.2073353791931158,8.897327319346005e-13,240,8.91546836356838e-11,192
SecurityPatrol,neural,49,Adam-GDA,5,-0.2646021067139086,-0.37346622929013223,1.2442379792103742,0.840150157097707,0.22369551266776636,8.206768598029157e-13,241,8.31018587277299e-11,193
SecurityPatrol,neural,49,Adam-GDA,10,-0.25959747833857727,-0.36457290208301096,1.2495361717480282,0.8438913191229711,0.23170767056330507,8.341105584008801e-13,241,8.491674030608465e-11,193
SecurityPatrol,neural,49,Adam-GDA,15,-0.2541060031011944,-0.35744831677188116,1.2484338400474648,0.8459032674485769,0.23176496334597665,8.395506512215434e-13,241,8.549705388105622e-11,193
SecurityPatrol,neural,49,Adam-GDA,20,-0.24874521984769904,-0.3855968558584736,1.273587529832912,0.8478914052864672,0.22403077602123472,8.36664071357518e-13,241,8.475142809771796e-11,193
SecurityPatrol,neural,49,Adam-GDA,25,-0.24422780204117134,-0.4520491672637157,1.32974511032734,0.8540090034688346,0.21528919749634984,8.266720641358916e-13,241,8.302680765126524e-11,193
SecurityPatrol,neural,49,Adam-GDA,30,-0.24111418077725902,-0.521003045259711,1.3825745069146238,0.8658519254694333,0.21269895496896785,8.107958748837518e-13,241,8.960709951821855e-11,192
SecurityPatrol,neural,49,Adam-GDA,35,-0.23971300261833434,-0.58449191913314,1.4253184333526052,0.8822761394528312,0.22153890987047944,8.784084570834239e-13,240,8.662914829926649e-11,192
SecurityPatrol,neural,49,Adam-GDA,40,-0.24006204658140018,-0.6369211189970758,1.453182701042997,0.8997045563511316,0.24231556172619897,8.520961713998076e-13,240,8.379652527423787e-11,192
SecurityPatrol,neural,49,Adam-GDA,45,-0.2418987804429742,-0.6704134791265167,1.4586677152309306,0.9131929499622472,0.2710884736769852,8.218981051300034e-13,240,8.17477197045946e-11,192
SecurityPatrol,neural,49,Adam-GDA,50,-0.2444869215393925,-0.6752264584297458,1.4547098090758905,0.917680421916496,0.302572372429756,8.11906097908377e-13,240,8.118711258831013e-11,192
SecurityPatrol,neural,49,Adam-GDA,55,-0.24641230558765062,-0.6433164105849671,1.4460755095913504,0.9103460280961269,0.33343710498611046,8.361089598452054e-13,240,8.247230676161621e-11,192
SecurityPatrol,neural,49,Adam-GDA,60,-0.24576068318865138,-0.5765026268876987,1.4008247329151216,0.8942313085098589,0.3644794276508794,8.575362642204709e-13,240,8.527722972218044e-11,192
SecurityPatrol,neural,40,EGM,0,-0.2669680320085718,-0.6403383079827387,1.5629908899418892,1.0636561424957418,0.3282510773203066,8.686384944667225e-13,241,8.166312071011816e-11,194
SecurityPatrol,neural,40,EGM,5,-0.2683464539226157,-0.6534144232367395,1.5716729700866559,1.0669712201627068,0.3199860164050308,8.647527138805344e-13,241,8.173295373836709e-11,194
SecurityPatrol,neural,40,EGM,10,-0.26904995768210094,-0.7027205995995847,1.6117951339914978,1.0758157294377133,0.3145886631963719,8.563150188933832e-13,241,8.210954138831994e-11,194
SecurityPatrol,neural,40,EGM,15,-0.26906883412792426,-0.7277180079328514,1.6489128191588995,1.084753901964645,0.3110150710805774,8.674172491396348e-13,241,8.296263676044191e-11,194
SecurityPatrol,neural,40,EGM,20,-0.26875334770883186,-0.7276201326211914,1.6669617271334598,1.0862149608546818,0.30772999336996754,8.850697952311748e-13,241,8.414358099173569e-11,194
SecurityPatrol,neural,40,EGM,25,-0.26828025552459417,-0.7016472563694978,1.6541363483646534,1.074541382669382,0.3035618134941808,8.977263377119016e-13,241,8.529743578122861e-11,194
SecurityPatrol,neural,40,EGM,30,-0.267331222658017,-0.6495545914069334,1.610367262709508,1.049874792454212,0.2982627253046059,8.151257446797899e-13,242,8.620304470241535e-11,194
SecurityPatrol,neural,40,EGM,35,-0.2652032176881549,-0.5723757331892998,1.5367224803719417,1.0190985641979156,0.2925506579308848,8.182343691487404e-13,242,8.678968654862729e-11,194
SecurityPatrol,neural,40,EGM,40,-0.2612962056001944,-0.48163253477752166,1.4445294960823127,0.9933088677576907,0.287650035480071,8.170131238216527e-13,242,8.694411857135265e-11,194
SecurityPatrol,neural,40,EGM,45,-0.255670031501112,-0.4769190257740706,1.4330496017528773,0.9810559352744939,0.2845279858520004,8.112399640936019e-13,242,8.64096572072981e-11,194
SecurityPatrol,neural,40,EGM,50,-0.24928921386033992,-0.5408488356002584,1.484648136655803,0.9815626360907674,0.2832286316378962,8.892886427247504e-13,241,8.492206937660285e-11,194
SecurityPatrol,neural,40,EGM,55,-0.24374142846775076,-0.5949488599400807,1.5209475573162434,0.9862415374883285,0.28277351682588947,8.720801858430605e-13,241,8.242928561941198e-11,194
SecurityPatrol,neural,40,EGM,60,-0.2405339930278781,-0.6308958990778225,1.5342574059690643,0.9861649348109948,0.2817437470230152,8.504308368628699e-13,241,8.798728412529044e-11,193
SecurityPatrol,neural,41,EGM,0,-0.2695562217340635,-0.5761328949997153,1.5421310955100882,1.0262551453967235,0.31565601635841484,8.171241461241152e-13,242,8.710410170920113e-11,194
SecurityPatrol,neural,41,EGM,5,-0.2612756501732668,-0.6061579707903257,1.548384492424696,1.0221774158583243,0.311125373198498,8.848477506262498e-13,241,8.440592669245461e-11,194
SecurityPatrol,neural,41,EGM,10,-0.25630501707986625,-0.6201712159145358,1.5284344456212098,1.0159352240572648,0.3049874815885023,8.523182160047327e-13,241,8.969602838249102e-11,193
SecurityPatrol,neural,41,EGM,15,-0.2554348659242429,-0.6160199895859939,1.4832749657753037,1.0050849284086951,0.2970217167512315,8.132383655379272e-13,241,8.52675707818662e-11,193
SecurityPatrol,neural,41,EGM,20,-0.25801879003279404,-0.6146477642746465,1.4521952725341731,0.991926356767217,0.2878596588022304,8.733014311701481e-13,240,8.15250089658548e-11,193
SecurityPatrol,neural,41,EGM,25,-0.2624025229681639,-0.6321510359755742,1.4473803359066448,0.9806231676192432,0.2786350380152728,8.466560785791444e-13,240,8.827627517860037e-11,192
SecurityPatrol,neural,41,EGM,30,-0.26666624254510785,-0.642942260056364,1.4744658916953188,0.9719761299164302,0.270423091407818,8.658629369051596e-13,240,8.802747419878187e-11,192
SecurityPatrol,neural,41,EGM,35,-0.2693137212502007,-0.6341229598316895,1.4811065861224177,0.9626540986554001,0.2637575970372368,8.821832153671494e-13,240,8.907641291244772e-11,192
SecurityPatrol,neural,41,EGM,40,-0.26964461713504123,-0.6088121574055267,1.4696400073592968,0.949864037318235,0.25847535052010234,8.968381592922015e-13,240,8.153488995077396e-11,193
SecurityPatrol,neural,41,EGM,45,-0.26774496261269876,-0.5742377057772448,1.4469479801774654,0.9334228266311004,0.2539412955182461,8.186784583585904e-13,241,8.290113040487768e-11,193
SecurityPatrol,neural,41,EGM,50,-0.2642066558045061,-0.5444140272520552,1.426771697495508,0.9150103751487795,0.24947995445883497,8.281153540679043e-13,241,8.408296281459116e-11,193
SecurityPatrol,neural,41,EGM,55,-0.25976999436452475,-0.5068719538889549,1.3963674363787657,0.8975349099792175,0.24475713507109276,8.351097591230427e-13,241,8.499667636385766e-11,193
SecurityPatrol,neural,41,EGM,60,-0.2550628578672761,-0.45572403469262585,1.3495392727527642,0.8848940635792185,0.23993582237850836,8.394396289190809e-13,241,8.559386532880353e-11,193
SecurityPatrol,neural,42,EGM,0,-0.2757506410954981,-0.5717954083987291,1.3459430047359335,0.8659534544636038,0.20710002578886066,8.966161146872764e-13,239,8.757095049105601e-11,191
SecurityPatrol,neural,42,EGM,5,-0.2777553203952967,-0.559391472065562,1.351782162323475,0.8679921188852826,0.20035249019355927,8.271161533457416e-13,240,8.939721185541316e-11,191
SecurityPatrol,neural,42,EGM,10,-0.27898242252787675,-0.5339757839375072,1.3459907233602078,0.8645721835815203,0.19439481352004373,8.484324354185446e-13,240,8.262690531779526e-11,192
SecurityPatrol,neural,42,EGM,15,-0.2787197544458764,-0.4976545898770839,1.3262240080227303,0.855748008941752,0.18929862488011306,8.661960038125471e-13,240,8.487532898726613e-11,192
SecurityPatrol,neural,42,EGM,20,-0.27675824087498546,-0.45311124192282826,1.294494746637044,0.8431718250675293,0.18491286220492706,8.799627693178991e-13,240,8.683120888974827e-11,192
SecurityPatrol,neural,42,EGM,25,-0.27333826801690747,-0.4045861788448779,1.2546793181723035,0.8297353084719874,0.1810329205565509,8.892886427247504e-13,240,8.824840858068228e-11,192
SecurityPatrol,neural,42,EGM,30,-0.2690027222213929,-0.3567358938102858,1.2113240246719221,0.8186453541545229,0.17753568003234765,8.941736240331011e-13,240,8.899814218921165e-11,192
SecurityPatrol,neural,42,EGM,35,-0.26441961559475735,-0.3372816076621986,1.1922453435209923,0.8122243411843988,0.1744245517249712,8.946177132429511e-13,240,8.904910142604194e-11,192
SecurityPatrol,neural,42,EGM,40,-0.2602192868087625,-0.3488404851189507,1.2003232032588218,0.8109252449915458,0.17179327893055382,8.907319326567631e-13,240,8.844902588123205e-11,192
SecurityPatrol,neural,42,EGM,45,-0.25687082703357367,-0.4019215874749041,1.246470715753945,0.8131548244435376,0.16974914367841334,8.832934383917745e-13,240,8.73091599018494e-11,192
SecurityPatrol,neural,42,EGM,50,-0.2546072744935739,-0.44772193977104036,1.282413942013937,0.8160539629829945,0.16834013585096727,8.728573419602981e-13,240,8.579337240632867e-11,192
SecurityPatrol,neural,42,EGM,55,-0.2534005794751262,-0.47989869896830306,1.3024539692545627,0.8167130418478145,0.16751939264690963,8.595346656647962e-13,240,8.410383500745411e-11,192
SecurityPatrol,neural,42,EGM,60,-0.2529834351105188,-0.4970542650016283,1.3059430131326644,0.8131447787379265,0.1671605858129689,8.447686994372816e-13,240,8.246581195692215e-11,192
SecurityPatrol,neural,43,EGM,0,-0.25666941660296905,-0.6161090650372865,1.4163621283911176,0.8994907838299204,0.24997993518739084,8.352207814255053e-13,240,8.301381804187713e-11,192
SecurityPatrol,neural,43,EGM,5,-0.2586777410512378,-0.6167695207233735,1.402972313304958,0.902330267967688,0.244280780405475,8.19455614475828e-13,240,8.205025547880496e-11,192
SecurityPatrol,neural,43,EGM,10,-0.2620599885068804,-0.5972604213933093,1.397507324478449,0.9026680082466207,0.23825441618557686,8.349987368205802e-13,240,8.267209139489751e-11,192
SecurityPatrol,neural,43,EGM,15,-0.26535215871342377,-0.5582784115366,1.381618049693912,0.9001649893652857,0.2324922237986502,8.598677325721837e-13,240,8.466549683561198e-11,192
SecurityPatrol,neural,43,EGM,20,-0.2672616770376575,-0.5018674957055205,1.345793387473329,0.8936013497921435,0.22751337420288653,8.821832153671494e-13,240,8.727829570176482e-11,192
SecurityPatrol,neural,43,EGM,25,-0.2670242866648053,-0.4620588839380387,1.3230519705789243,0.8834967546571204,0.22357528554600287,8.104628079763643e-13,241,8.981926313822441e-11,192
SecurityPatrol,neural,43,EGM,30,-0.2645498045685952,-0.4444570535383878,1.3183493396708446,0.8722022271927379,0.22060744817960265,8.22897305852166e-13,241,8.267531104166892e-11,193
SecurityPatrol,neural,43,EGM,35,-0.26034557202653275,-0.43470174304462555,1.3170106828926245,0.8624141715650708,0.21828203625944617,8.311129562343922e-13,241,8.387346372984439e-11,193
SecurityPatrol,neural,43,EGM,40,-0.2552765334593381,-0.4273282339415383,1.3135399978431526,0.8559249635627052,0.21618441175010394,8.348877145181177e-13,241,8.437817111683898e-11,193
SecurityPatrol,neural,43,EGM,45,-0.25026069662688344,-0.41242558403231017,1.2982177187512924,0.8532178731531976,0.21401026855866506,8.344436253082677e-13,241,8.423139963298354e-11,193
SecurityPatrol,neural,43,EGM,50,-0.24600453597341898,-0.4011699196947135,1.282573399460146,0.8537157396363678,0.21170448462602545,8.302247778146921e-13,241,8.353395752891402e-11,193
SecurityPatrol,neural,43,EGM,55,-0.2428553177798629,-0.40194117794023715,1.2754500484663713,0.8562218367000473,0.20947618265843904,8.225642389447785e-13,241,8.242395654889378e-11,193
SecurityPatrol,neural,43,EGM,60,-0.24079516559543931,-0.44462022615529573,1.3072640921089707,0.8592932142341032,0.20767599954979363,8.120171202108395e-13,241,8.107470250706683e-11,193
SecurityPatrol,neural,44,EGM,0,-0.2445330652808361,-0.85099243170623,1.7146701694767819,1.1539266746439945,0.35105294216561617,8.113509863960644e-13,241,8.724954092542703e-11,193
SecurityPatrol,neural,44,EGM,5,-0.257747903432072,-0.8562312049640213,1.7091411604766982,1.1493573905300731,0.3418528041351625,8.931744233109384e-13,240,8.720801858430605e-11,193
SecurityPatrol,neural,44,EGM,10,-0.2690100884517974,-0.8281610895685856,1.7054818345124148,1.1301713358807786,0.3340512777222844,8.242295734817162e-13,241,8.389022809751623e-11,193
SecurityPatrol,neural,44,EGM,15,-0.27556001278292874,-0.7686478736202635,1.6682137168907198,1.0932708824928032,0.3276182493666475,8.457679001594443e-13,241,8.660161476825579e-11,193
SecurityPatrol,neural,44,EGM,20,-0.27594796727202053,-0.6806775194361401,1.5990606317299343,1.0404470529560046,0.32230800189303493,8.639755577632968e-13,241,8.96279717110815e-11,193
SecurityPatrol,neural,44,EGM,25,-0.270073624135434,-0.5684161360487843,1.5009757074318282,0.9801688484110649,0.3180424458277226,8.779643678735738e-13,241,8.311451527021063e-11,194
SecurityPatrol,neural,44,EGM,30,-0.2590706806254254,-0.4392346114745582,1.3802756366519036,0.9274515306128542,0.31494736276298146,8.86402062860725e-13,241,8.478051594096314e-11,194
SecurityPatrol,neural,44,EGM,35,-0.24507510666977378,-0.35636395133013976,1.2994811540860256,0.8985766729950557,0.3130625160859193,8.884004643050503e-13,241,8.52666826034465e-11,194
SecurityPatrol,neural,44,EGM,40,-0.23081953338522943,-0.3560667027691259,1.2946819168842403,0.9003254074753064,0.31204478804889485,8.840705945090122e-13,241,8.444600574364358e-11,194
SecurityPatrol,neural,44,EGM,45,-0.21902008226482406,-0.4597028109930502,1.3877131429120046,0.9253451326564902,0.31119750506812116,8.736344980775357e-13,241,8.252576400025191e-11,194
SecurityPatrol,neural,44,EGM,50,-0.2116604992877581,-0.5580010728523133,1.470386020245024,0.9589756549344551,0.3098515173157129,8.58424442640171e-13,241,8.883904722978286e-11,193
SecurityPatrol,neural,44,EGM,55,-0.20942341287259952,-0.6334065626634887,1.5266381882680884,0.9882465953640445,0.3077728007204005,8.397726958264684e-13,241,8.582501376253049e-11,193
SecurityPatrol,neural,44,EGM,60,-0.2115276969993432,-0.6822600926808571,1.5544323002970701,1.005307009460373,0.3052386932956849,8.19455614475828e-13,241,8.316547450704093e-11,193
SecurityPatrol,neural,45,EGM,0,-0.2555652433176635,-0.7163572587218973,1.4894212252721282,0.9514398076819173,0.2351581563944297,8.940626017306386e-13,239,8.900807868528204e-11,191
SecurityPatrol,neural,45,EGM,5,-0.25931511820392805,-0.7326888348232379,1.513986383835169,0.9611119513085492,0.2333882360016833,8.142375662600898e-13,240,8.913014770683958e-11,191
SecurityPatrol,neural,45,EGM,10,-0.26345354095323315,-0.722506400419239,1.5145524570749145,0.9558855721388908,0.2318124190317931,8.26561041833429e-13,240,8.106909588079247e-11,192
SecurityPatrol,neural,45,EGM,15,-0.2666273370033438,-0.6865812841888911,1.4891971629057719,0.935311515704123,0.2301345163812906,8.381073612895307e-13,240,8.242462268270856e-11,192
SecurityPatrol,neural,45,EGM,20,-0.26770101329120055,-0.6267380392794712,1.4390313829558659,0.9017560394831462,0.2283637120299136,8.488765246283947e-13,240,8.401446205397178e-11,192
SecurityPatrol,neural,45,EGM,25,-0.26601064427896426,-0.5459855810877652,1.366292216685896,0.8610429257028376,0.22675257996418544,8.576472865229334e-13,240,8.556633179779283e-11,192
SecurityPatrol,neural,45,EGM,30,-0.26153944535526835,-0.4486221512840666,1.27455150128338,0.8223119304866832,0.22561394211354596,8.639755577632968e-13,240,8.680223206880555e-11,192
SecurityPatrol,neural,45,EGM,35,-0.2549506829067021,-0.35229146484170504,1.1808948693047012,0.7954772862175651,0.2250974318558632,8.666400930223972e-13,240,8.747458313251855e-11,192
SecurityPatrol,neural,45,EGM,40,-0.24743744639474563,-0.30940366311180395,1.1374549349121184,0.7859292460013305,0.2250516406913733,8.661960038125471e-13,240,8.743772372810099e-11,192
SecurityPatrol,neural,45,EGM,45,-0.24040212257983606,-0.3244884532460656,1.148832672861895,0.7914009084440625,0.2250691595651357,8.624212455288216e-13,240,8.671130480308875e-11,192
SecurityPatrol,neural,45,EGM,50,-0.23504748435862333,-0.37004849552042657,1.1879504983372446,0.8047139760361339,0.22469854121222824,8.550937735662956e-13,240,8.54707415953726e-11,192
SecurityPatrol,neural,45,EGM,55,-0.2320145173988439,-0.4070476901034774,1.2164672750543821,0.818378042567895,0.22369052252894428,8.459899447643693e-13,240,8.39739944247242e-11,192
SecurityPatrol,neural,45,EGM,60,-0.2312029067625483,-0.43294655595673615,1.232687578185363,0.8270436152247229,0.2221238748787258,8.352207814255053e-13,240,8.248002281163735e-11,192
SecurityPatrol,neural,46,EGM,0,-0.27790953561826326,-0.6272265982376963,1.4954326534620863,0.9944807968850229,0.3315891161218984,8.169021015191902e-13,241,8.37099278783171e-11,193
SecurityPatrol,neural,46,EGM,5,-0.271591062137371,-0.6583619811922766,1.513388658773926,0.9747438592256022,0.32591922851833593,8.930634010084759e-13,240,8.206457735582262e-11,193
SecurityPatrol,neural,46,EGM,10,-0.26560385342233683,-0.6704787695467933,1.5012141690608718,0.9554020802958121,0.3199519533412404,8.666400930223972e-13,240,8.82960371484387e-11,192
SecurityPatrol,neural,46,EGM,15,-0.26137700522707996,-0.6613997551825808,1.4607266406866066,0.9309791635084191,0.3128951429695675,8.328893130737924e-13,240,8.482081703675703e-11,192
SecurityPatrol,neural,46,EGM,20,-0.25923509676354795,-0.6291578088950927,1.4054360683552478,0.9024021053317675,0.3047349873020788,8.997247391562269e-13,239,8.155764952277877e-11,192
SecurityPatrol,neural,46,EGM,25,-0.25840950458482365,-0.5728762535895653,1.3311031805579772,0.8763715574310862,0.2962797329054969,8.778533455711113e-13,239,8.826545050411028e-11,191
SecurityPatrol,neural,46,EGM,30,-0.257592141973021,-0.5279156604815738,1.2912365783560908,0.8601036365264618,0.28879120462746444,8.844036614163997e-13,239,8.761269487678192e-11,191
SecurityPatrol,neural,46,EGM,35,-0.2557111064221108,-0.5280192479083146,1.3068844403629178,0.8564372207803193,0.2833443324513647,8.12350187118227e-13,240,8.805906004383246e-11,191
SecurityPatrol,neural,46,EGM,40,-0.25251585192513754,-0.5819957441097157,1.3691492130357403,0.8639198119752602,0.28021313860931785,8.212319713152283e-13,240,8.871164913770713e-11,191
SecurityPatrol,neural,46,EGM,45,-0.24867798231704064,-0.6239984096421153,1.4115364251855378,0.8777374516817456,0.27866874532191577,8.215650382226158e-13,240,8.907186099804676e-11,191
SecurityPatrol,neural,46,EGM,50,-0.2453745532762521,-0.649115755728536,1.4405224780164332,0.8914969024472365,0.2773800473958166,8.251177519014163e-13,240,8.91438589611937e-11,191
SecurityPatrol,neural,46,EGM,55,-0.2435950179103315,-0.6555746899005285,1.4534819463373188,0.9002318028153715,0.2751728128217882,8.326672684688674e-13,240,8.926792638419556e-11,191
SecurityPatrol,neural,46,EGM,60,-0.24355904982912188,-0.641631568225838,1.4445824736257948,0.9012596848622118,0.27164154216249853,8.383294058944557e-13,240,8.978173759999208e-11,191
SecurityPatrol,neural,47,EGM,0,-0.30719234240057586,-0.6725962202267599,1.6765067986369226,1.117926742268042,0.3978008595725719,8.506528814677949e-13,242,8.31430480019435e-11,195
SecurityPatrol,neural,47,EGM,5,-0.2896888758026042,-0.48407694719701644,1.5130419410478,1.0382900317720796,0.3964175888355596,8.72191208145523e-13,242,8.635969717118996e-11,195
SecurityPatrol,neural,47,EGM,10,-0.26692014927137997,-0.34120296011110895,1.3749538595769515,0.998622891950023,0.39657314545751376,8.764100556390986e-13,242,8.700207221323808e-11,195
SecurityPatrol,neural,47,EGM,15,-0.2447645119614661,-0.4356589328298396,1.4534880954596527,1.010965722120214,0.3964616219827336,8.628653347386717e-13,242,8.49234016442324e-11,195
SecurityPatrol,neural,47,EGM,20,-0.22902745616299613,-0.533962648842794,1.5170089175506007,1.0475055988098934,0.393568786307444,8.3322237998118e-13,242,8.96958063378861e-11,194
SecurityPatrol,neural,47,EGM,25,-0.22333125964615136,-0.6337349522555831,1.5671113582218532,1.0804007423731234,0.386287698262478,8.789635685957364e-13,241,8.386003003124642e-11,194
SecurityPatrol,neural,47,EGM,30,-0.2277919413863798,-0.7123353245621611,1.6080998983275836,1.097585640308825,0.3749717328727417,8.435474541101939e-13,241,8.676648288741262e-11,193
SecurityPatrol,neural,47,EGM,35,-0.23926431353427585,-0.7610073008944999,1.6253698089257265,1.0961208346584042,0.36161601835991347,8.131273432354647e-13,241,8.148093311177718e-11,193
SecurityPatrol,neural,47,EGM,40,-0.252937436493634,-0.7764751288134097,1.6088179370403084,1.0802885292745592,0.3485264645818097,8.6897156137411e-13,240,8.989220479094229e-11,192
SecurityPatrol,neural,47,EGM,45,-0.26426644552901046,-0.759363258389709,1.5997366688296688,1.0563962124161765,0.3370630263934339,8.772982340587987e-13,240,8.721101618647253e-11,192
SecurityPatrol,neural,47,EGM,50,-0.27028277011924384,-0.7132972750209287,1.569804681992116,1.021786040412389,0.32730342103766574,8.941736240331011e-13,240,8.928779937633635e-11,192
SecurityPatrol,neural,47,EGM,55,-0.2699642144921366,-0.6429207068872396,1.5110266827676089,0.9751781628369764,0.31860170120735903,8.15347789284715e-13,241,8.271427986983326e-11,193
SecurityPatrol,neural,47,EGM,60,-0.26391417827815955,-0.5533131881226738,1.4285054623880893,0.9228448360350359,0.3103759236255127,8.220091274324659e-13,241,8.485312452677363e-11,193
SecurityPatrol,neural,48,EGM,0,-0.2600476808900778,-0.37717360374705133,1.262509952735535,0.8642075772893822,0.23896055962288437,8.337774914934926e-13,241,8.609646329205134e-11,193
SecurityPatrol,neural,48,EGM,5,-0.2537825447094144,-0.4137292452822713,1.292793289898455,0.8702734503450502,0.23540083259351088,8.275602425555917e-13,241,8.47220071875654e-11,193
SecurityPatrol,neural,48,EGM,10,-0.2502290425633931,-0.4528000683867524,1.3219447262346857,0.8803263689060634,0.23102227140840187,8.177902799388903e-13,241,8.289446906672993e-11,193
SecurityPatrol,neural,48,EGM,15,-0.24956707748285317,-0.48258100310175844,1.3393551936226271,0.8884113555540913,0.22598970605404742,8.950618024528012e-13,240,8.996137168537643e-11,192
SecurityPatrol,neural,48,EGM,20,-0.2511403827425757,-0.5020936578147613,1.3452504867455093,0.8908787041109658,0.22082363556677195,8.804068585277491e-13,240,8.805056683769408e-11,192
SecurityPatrol,neural,48,EGM,25,-0.25376347597458204,-0.5222374026808794,1.3515887053213196,0.8863090563971985,0.2161168420143026,8.65307825392847e-13,240,8.66492433360122e-11,192
SecurityPatrol,neural,48,EGM,30,-0.2561331765326301,-0.5245025993687872,1.340704154677518,0.8750567136733367,0.21225076365108073,8.503198145604074e-13,240,8.594236433623337e-11,192
SecurityPatrol,neural,48,EGM,35,-0.2571846666857428,-0.508559270579424,1.3236849957613097,0.8586550269262303,0.20929201682326729,8.494316361407073e-13,240,8.597444978164503e-11,192
SecurityPatrol,neural,48,EGM,40,-0.25630048292955243,-0.47596962989706815,1.2943921457208387,0.8393848939609708,0.20710240992910273,8.538725282392079e-13,240,8.660638872726167e-11,192
SecurityPatrol,neural,48,EGM,45,-0.2533646334590458,-0.429051857695935,1.2516011451149824,0.8202153701081392,0.20553751098001588,8.583134203377085e-13,240,8.753553437657047e-11,192
SecurityPatrol,neural,48,EGM,50,-0.24870439161731986,-0.3736975794149534,1.200443934556509,0.804797772599879,0.20457255847191871,8.629763570411342e-13,240,8.839795562209929e-11,192
SecurityPatrol,neural,48,EGM,55,-0.2429678415019804,-0.332750968769846,1.1630850603337823,0.7967048637403683,0.20428316274512043,8.664180484174722e-13,240,8.889833313929785e-11,192
SecurityPatrol,neural,48,EGM,60,-0.2369662324449936,-0.32031097260744623,1.1531371888538622,0.7977726467807166,0.2047274347857672,8.693046282814976e-13,240,8.889722291627322e-11,192
SecurityPatrol,neural,49,EGM,0,-0.268719630930077,-0.3927395151904165,1.24310350707349,0.8349440271797082,0.2073353791931158,8.897327319346005e-13,240,8.91546836356838e-11,192
SecurityPatrol,neural,49,EGM,5,-0.26307897104751155,-0.37818951785906885,1.2323857814759218,0.823481141215655,0.20253012577703153,8.93951579428176e-13,240,8.963896291902529e-11,192
SecurityPatrol,neural,49,EGM,10,-0.25763751956719694,-0.3847845518999325,1.2381665206023613,0.8203976077497275,0.19799690875783235,8.930634010084759e-13,240,8.929501582599642e-11,192
SecurityPatrol,neural,49,EGM,15,-0.2533317769675739,-0.3987115310804144,1.2470874866858426,0.8245117348016402,0.19390078942881928,8.877343304902752e-13,240,8.824985187061429e-11,192
SecurityPatrol,neural,49,EGM,20,-0.2506730268708747,-0.4510370733568712,1.2908145608403423,0.8320269390996634,0.19047898661576054,8.782974347809613e-13,240,8.670364426421884e-11,192
SecurityPatrol,neural,49,EGM,25,-0.24969348742156344,-0.5006316303908531,1.3289227192482416,0.8381175153125138,0.18790492649737597,8.658629369051596e-13,240,8.488754144053701e-11,192
SecurityPatrol,neural,49,EGM,30,-0.2500022132836767,-0.5307238428735732,1.3454331281897995,0.8387412012599829,0.18618786127545234,8.512079929801075e-13,240,8.305139909126069e-11,192
SecurityPatrol,neural,49,EGM,35,-0.25091563944054285,-0.5400914519804,1.3400034951740882,0.8318690152203032,0.18516609197897294,8.351097591230427e-13,240,8.145795149516744e-11,192
SecurityPatrol,neural,49,EGM,40,-0.2516291961054039,-0.528554853585385,1.313423474710996,0.817842231766072,0.1846066853747952,8.184564137536654e-13,240,8.927092398636205e-11,191
SecurityPatrol,neural,49,EGM,45,-0.25140417294081835,-0.49702633313535094,1.2720751583618877,0.799008254831125,0.18435339942899948,8.96949181594664e-13,239,8.869605050421114e-11,191
SecurityPatrol,neural,49,EGM,50,-0.2497457924939649,-0.44759826951522896,1.2238123465740272,0.7790371131753648,0.1844207854979183,8.990586053414518e-13,239,8.868467071820874e-11,191
SecurityPatrol,neural,49,EGM,55,-0.24653890746081963,-0.39582235241101293,1.1732664821652783,0.7621645792494343,0.18495552751253239,8.104628079763643e-13,240,8.89343043652957e-11,191
SecurityPatrol,neural,49,EGM,60,-0.242095731444073,-0.3490967826190198,1.1275464479889385,0.752031011072634,0.18607551389584226,8.113509863960644e-13,240,8.909883941754515e-11,191
SecurityPatrol,neural,40,PPM-3,0,-0.2669680320085718,-0.6403383079827387,1.5629908899418892,1.0636561424957418,0.3282510773203066,8.686384944667225e-13,241,8.166312071011816e-11,194
SecurityPatrol,neural,40,PPM-3,5,-0.26833984962135343,-0.6533123565178025,1.571582883153753,1.0669808244977232,0.3200162759406514,8.647527138805344e-13,241,8.173173249304e-11,194
SecurityPatrol,neural,40,PPM-3,10,-0.2690481635341822,-0.7025958755802952,1.611716890917428,1.075811430808519,0.3146340066819495,8.562039965909207e-13,241,8.21060996969436e-11,194
SecurityPatrol,neural,40,PPM-3,15,-0.26907511226885794,-0.7276495683926794,1.6487249880207275,1.0847485173561981,0.31107152592614556,8.673062268371723e-13,241,8.295741871222617e-11,194
SecurityPatrol,neural,40,PPM-3,20,-0.2687603690761046,-0.7277032756078303,1.6669455728241487,1.0862739098452758,0.307805213861824,8.850697952311748e-13,241,8.413836294351995e-11,194
SecurityPatrol,neural,40,PPM-3,25,-0.26827852338722347,-0.7020030890201887,1.6544298019545831,1.0747439305375863,0.3036660428204829,8.976153154094391e-13,241,8.529477124596951e-11,194
SecurityPatrol,neural,40,PPM-3,30,-0.2673212587861541,-0.6503240344862125,1.6111214398455025,1.050251097905657,0.298397113004605,8.15347789284715e-13,242,8.620326674702028e-11,194
SecurityPatrol,neural,40,PPM-3,35,-0.2652008440782627,-0.5736951209021017,1.5380839883995412,1.0195778054566234,0.29270102609727744,8.183453914512029e-13,242,8.679168495007161e-11,194
SecurityPatrol,neural,40,PPM-3,40,-0.2613243636182214,-0.48215475066651925,1.4451679814893437,0.9937269096572405,0.2877918574537264,8.171241461241152e-13,242,8.69507799095004e-11,194
SecurityPatrol,neural,40,PPM-3,45,-0.25574040599929015,-0.4761974528332662,1.4325437156209722,0.9812766026509161,0.2846427331590718,8.112399640936019e-13,242,8.642897508792657e-11,194
SecurityPatrol,neural,40,PPM-3,50,-0.24938597111327399,-0.5396614906638775,1.4838051829153862,0.9816130886369088,0.28332207504384604,8.896217096321379e-13,241,8.496436887384107e-11,194
SecurityPatrol,neural,40,PPM-3,55,-0.24382061237719732,-0.5940378891779692,1.520533017637248,0.9862868389022666,0.2828802777973798,8.72635297355373e-13,241,8.249967375917322e-11,194
SecurityPatrol,neural,40,PPM-3,60,-0.24054308893721693,-0.6303834303313635,1.5343990718875002,0.9863767919487763,0.28191066421168637,8.507639037702575e-13,241,8.809075691118551e-11,193
SecurityPatrol,neural,41,PPM-3,0,-0.2695562217340635,-0.5761328949997153,1.5421310955100882,1.0262551453967235,0.31565601635841484,8.171241461241152e-13,242,8.710410170920113e-11,194
SecurityPatrol,neural,41,PPM-3,5,-0.261293285512264,-0.6060869245202616,1.5483919086145477,1.0221800044077114,0.311148350848943,8.850697952311748e-13,241,8.4415141543559e-11,194
SecurityPatrol,neural,41,PPM-3,10,-0.2563149985626164,-0.6200907038247417,1.5285644357927735,1.0159553492937525,0.3050447338548478,8.525402606096577e-13,241,8.972134146745248e-11,193
SecurityPatrol,neural,41,PPM-3,15,-0.25541131694617153,-0.6160267043113042,1.4836463441946965,1.0051552516578934,0.29712279254464663,8.134604101428522e-13,241,8.530509632009853e-11,193
SecurityPatrol,neural,41,PPM-3,20,-0.2579527201432177,-0.614510920375859,1.4523090224134099,0.9920475279729797,0.28800420157489626,8.734124534726107e-13,240,8.156120223645758e-11,193
SecurityPatrol,neural,41,PPM-3,25,-0.2623082522356678,-0.6319392074148767,1.4474555435195264,0.9807711131801966,0.2788116344294578,8.47211190091457e-13,240,8.829548203692639e-11,192
SecurityPatrol,neural,41,PPM-3,30,-0.26657422187655005,-0.6430354666665187,1.4743047826564621,0.9721731360082635,0.27061602655282213,8.65529869997772e-13,240,8.802014672681935e-11,192
SecurityPatrol,neural,41,PPM-3,35,-0.2692554689752264,-0.6345656898511872,1.481291563172563,0.9629584796160604,0.2639566282027811,8.820721930646869e-13,240,8.90522100505109e-11,192
SecurityPatrol,neural,41,PPM-3,40,-0.2696388297734019,-0.6095682973294448,1.4701541007318046,0.9502974747085728,0.2586813836524341,8.966161146872764e-13,240,8.15078005089731e-11,193
SecurityPatrol,neural,41,PPM-3,45,-0.26779150747619684,-0.575049932476361,1.4475505919281861,0.9339515969619847,0.25416415483747995,8.184564137536654e-13,241,8.28755952753113e-11,193
SecurityPatrol,neural,41,PPM-3,50,-0.2642898322430788,-0.5453041751641832,1.4274995608649823,0.9155598074656592,0.24973013809717085,8.280043317654417e-13,241,8.406342288935775e-11,193
SecurityPatrol,neural,41,PPM-3,55,-0.25986751755508236,-0.5081166617346382,1.397511720911766,0.8979998096346586,0.24503680396089964,8.351097591230427e-13,241,8.498535208900648e-11,193
SecurityPatrol,neural,41,PPM-3,60,-0.25515478812935527,-0.4573503750251766,1.3511424932079243,0.8851533537687045,0.2402342284356637,8.394396289190809e-13,241,8.559131181584689e-11,193
SecurityPatrol,neural,42,PPM-3,0,-0.2757506410954981,-0.5717954083987291,1.3459430047359335,0.8659534544636038,0.20710002578886066,8.966161146872764e-13,239,8.757095049105601e-11,191
SecurityPatrol,neural,42,PPM-3,5,-0.27774466980628765,-0.5594365910572716,1.3517696482684896,0.8679933414343504,0.20037960806097432,8.272271756482041e-13,240,8.93917717625925e-11,191
SecurityPatrol,neural,42,PPM-3,10,-0.27896961127499875,-0.5341304409490455,1.3460502032735144,0.864608001277256,0.1944437894097494,8.484324354185446e-13,240,8.261535899833916e-11,192
SecurityPatrol,neural,42,PPM-3,15,-0.27871591700602405,-0.497955937989938,1.3264181454088464,0.8558406830260049,0.18936482155734338,8.661960038125471e-13,240,8.486011893182877e-11,192
SecurityPatrol,neural,42,PPM-3,20,-0.27677130538716077,-0.45356793260836203,1.294858528888437,0.8433168168629656,0.18499381179818888,8.799627693178991e-13,240,8.681655394582322e-11,192
SecurityPatrol,neural,42,PPM-3,25,-0.27336959566007585,-0.4051591855785331,1.255197748668511,0.8298977371582008,0.18112739596130364,8.892886427247504e-13,240,8.823930475188035e-11,192
SecurityPatrol,neural,42,PPM-3,30,-0.26904671171126354,-0.35740553825690585,1.2119972769747123,0.8187734484166216,0.17764190453211742,8.941736240331011e-13,240,8.899891934532889e-11,192
SecurityPatrol,neural,42,PPM-3,35,-0.2644656137690057,-0.33723024473888197,1.1922704370812451,0.8122764844778039,0.1745391664234356,8.946177132429511e-13,240,8.906220205773252e-11,192
SecurityPatrol,neural,42,PPM-3,40,-0.26025475496447775,-0.34787986514049846,1.1995208297257167,0.8108965983788908,0.1719117148211925,8.910649995641506e-13,240,8.847533816691566e-11,192
SecurityPatrol,neural,42,PPM-3,45,-0.2568847872258241,-0.40077130116924164,1.245563327183984,0.8130855761364207,0.1698670830096156,8.836265052991621e-13,240,8.734801770771128e-11,192
SecurityPatrol,neural,42,PPM-3,50,-0.2545932953515463,-0.44680838523234473,1.2818243632570958,0.8160138523604327,0.1684551853151743,8.730793865652231e-13,240,8.584100097408509e-11,192
SecurityPatrol,neural,42,PPM-3,55,-0.25335877648875843,-0.4793217939794453,1.302271700413682,0.8167737475285103,0.16763199431294193,8.599787548746463e-13,240,8.415523833349425e-11,192
SecurityPatrol,neural,42,PPM-3,60,-0.2529211069883563,-0.49690222170121084,1.30623860432919,0.8133555403856964,0.16727354463984304,8.452127886471317e-13,240,8.251421768079581e-11,192
SecurityPatrol,neural,43,PPM-3,0,-0.25666941660296905,-0.6161090650372865,1.4163621283911176,0.8994907838299204,0.24997993518739084,8.352207814255053e-13,240,8.301381804187713e-11,192
SecurityPatrol,neural,43,PPM-3,5,-0.2586651297834295,-0.616777444360444,1.4030002749411246,0.9023203481173574,0.2443044994915099,8.195666367782906e-13,240,8.205108814607343e-11,192
SecurityPatrol,neural,43,PPM-3,10,-0.26203117545570254,-0.597376561314135,1.3974985208608226,0.9026642984269282,0.23830250522856314,8.346656699131927e-13,240,8.266509698984237e-11,192
SecurityPatrol,neural,43,PPM-3,15,-0.265315964817491,-0.5585964844090876,1.3817665405242185,0.9001972754610138,0.23256059428662068,8.597567102697212e-13,240,8.464695611110074e-11,192
SecurityPatrol,neural,43,PPM-3,20,-0.26723459412005346,-0.5024588212963056,1.3461950866240837,0.8937013213392753,0.22759553436237384,8.818501484597618e-13,240,8.725165034917381e-11,192
SecurityPatrol,neural,43,PPM-3,25,-0.2670222243289574,-0.4624693178850814,1.323281219566502,0.8836656999130765,0.22366587497084192,8.103517856739018e-13,241,8.979095245109647e-11,192
SecurityPatrol,neural,43,PPM-3,30,-0.26458041663081955,-0.44480017707206043,1.318548055381139,0.8724026403088723,0.22070502368529715,8.230083281546285e-13,241,8.265421680420104e-11,193
SecurityPatrol,neural,43,PPM-3,35,-0.26040438929475873,-0.4348445312952052,1.3170708579749417,0.8625891220318243,0.21838973986879082,8.311129562343922e-13,241,8.386191741038829e-11,193
SecurityPatrol,neural,43,PPM-3,40,-0.25534824378195675,-0.42756218792323664,1.3137726112595103,0.8560277241526628,0.2163080764018747,8.349987368205802e-13,241,8.437983645137592e-11,193
SecurityPatrol,neural,43,PPM-3,45,-0.25032478176643846,-0.412780399454144,1.2986651110202843,0.8532331509176359,0.21415463974745974,8.346656699131927e-13,241,8.424716479993322e-11,193
SecurityPatrol,neural,43,PPM-3,50,-0.24604274706563817,-0.4010363270902704,1.2826316880644608,0.8536639564346773,0.2118694031764254,8.303358001171546e-13,241,8.35630453721592e-11,193
SecurityPatrol,neural,43,PPM-3,55,-0.2428577997840409,-0.4007249579989267,1.2745234293466923,0.8561490614627341,0.20965516655180327,8.22897305852166e-13,241,8.246325844396551e-11,193
SecurityPatrol,neural,43,PPM-3,60,-0.2407628244656395,-0.44351956617294686,1.3065428851610092,0.8592537782610863,0.207858812201031,8.12350187118227e-13,241,8.111888938344691e-11,193
SecurityPatrol,neural,44,PPM-3,0,-0.2445330652808361,-0.85099243170623,1.7146701694767819,1.1539266746439945,0.35105294216561617,8.113509863960644e-13,241,8.724954092542703e-11,193
SecurityPatrol,neural,44,PPM-3,5,-0.257711665729663,-0.8562758639284653,1.7091247495523156,1.1494079796889052,0.34190116076912236,8.930634010084759e-13,240,8.721623423468827e-11,193
SecurityPatrol,neural,44,PPM-3,10,-0.2689599116745205,-0.8283846800771093,1.7055960139264799,1.1303335446371996,0.3341356640746704,8.241185511792537e-13,241,8.38802360902946e-11,193
SecurityPatrol,neural,44,PPM-3,15,-0.2755282578202085,-0.769166379238079,1.6685928222446047,1.09361827620925,0.32772866618367724,8.455458555545192e-13,241,8.658185279841746e-11,193
SecurityPatrol,neural,44,PPM-3,20,-0.27596378490464946,-0.681586849160638,1.5998238304194907,1.0410099373624762,0.3224374186724477,8.638645354608343e-13,241,8.960199249230527e-11,193
SecurityPatrol,neural,44,PPM-3,25,-0.2701542923425143,-0.5697862631460753,1.5022216391640888,0.9808721144959571,0.3181829124498745,8.779643678735738e-13,241,8.309142263129843e-11,194
SecurityPatrol,neural,44,PPM-3,30,-0.25921565271341196,-0.4407340169426939,1.381706323114823,0.9280689239765944,0.3150891494164721,8.862910405582625e-13,241,8.476663815315533e-11,194
SecurityPatrol,neural,44,PPM-3,35,-0.24526168951216132,-0.35727908362306987,1.300417890557322,0.8988178779804715,0.3131998826557507,8.884004643050503e-13,241,8.527067940633515e-11,194
SecurityPatrol,neural,44,PPM-3,40,-0.23100292948447668,-0.355328028054849,1.2940843905862525,0.9000622719111109,0.3121837931942872,8.841816168114747e-13,241,8.447342825235182e-11,194
SecurityPatrol,neural,44,PPM-3,45,-0.2191424309751971,-0.4575808703399772,1.3858672433704111,0.9247220838031895,0.311356785104511,8.739675649849232e-13,241,8.25749468802428e-11,194
SecurityPatrol,neural,44,PPM-3,50,-0.21167002050910205,-0.5561893756893446,1.4689808771573403,0.958283447720326,0.31005228965647846,8.588685318500211e-13,241,8.890954639184656e-11,193
SecurityPatrol,neural,44,PPM-3,55,-0.20929707578399803,-0.6320943987476144,1.5258387009294112,0.9877627191027654,0.30802530935345007,8.404388296412435e-13,241,8.589906563827299e-11,193
SecurityPatrol,neural,44,PPM-3,60,-0.21128542054394445,-0.6816262421633947,1.5543784772071554,1.0052214497719594,0.30553703807512983,8.202327705930657e-13,241,8.32286461971421e-11,193
SecurityPatrol,neural,45,PPM-3,0,-0.2555652433176635,-0.7163572587218973,1.4894212252721282,0.9514398076819173,0.2351581563944297,8.940626017306386e-13,239,8.900807868528204e-11,191
SecurityPatrol,neural,45,PPM-3,5,-0.25930154120069626,-0.7326865219717582,1.5139621747543175,0.9611050947298007,0.23339598027222463,8.141265439576273e-13,240,8.912903748381495e-11,191
SecurityPatrol,neural,45,PPM-3,10,-0.2634276480086143,-0.7226145442236661,1.5146158726895163,0.9559380992219135,0.23182752810961824,8.26561041833429e-13,240,8.106393334372797e-11,192
SecurityPatrol,neural,45,PPM-3,15,-0.26659865300560115,-0.6869085226278946,1.4894596618714357,0.9354864363376465,0.230157970060529,8.381073612895307e-13,240,8.241424209742831e-11,192
SecurityPatrol,neural,45,PPM-3,20,-0.2676847341051843,-0.6273797060438051,1.439596122919815,0.9020855864815839,0.22839531148213538,8.487655023259322e-13,240,8.39999181323492e-11,192
SecurityPatrol,neural,45,PPM-3,25,-0.2660223650888764,-0.5470114557899842,1.3672422788795302,0.8614941406936122,0.22678970346213928,8.575362642204709e-13,240,8.554956743012099e-11,192
SecurityPatrol,neural,45,PPM-3,30,-0.2615883222689758,-0.45006164252014397,1.2759341682601497,0.8227635020437574,0.22565291645177682,8.637535131583718e-13,240,8.678835428099774e-11,192
SecurityPatrol,neural,45,PPM-3,35,-0.2550333194339368,-0.3534476332176464,1.1820330761186142,0.7957568611144699,0.22513722877279602,8.668621376273222e-13,240,8.746858792818557e-11,192
SecurityPatrol,neural,45,PPM-3,40,-0.247535468974999,-0.3101130444854535,1.1382031486408488,0.785925306273028,0.2250974203671674,8.663070261150096e-13,240,8.744471813315613e-11,192
SecurityPatrol,neural,45,PPM-3,45,-0.24048578620592628,-0.32354131447422324,1.1479927889717836,0.7911392217438928,0.22513237312909032,8.624212455288216e-13,240,8.673295415206894e-11,192
SecurityPatrol,neural,45,PPM-3,50,-0.23508535802199595,-0.36909122401898825,1.1871708336341555,0.8043254867805463,0.22479235989002724,8.553158181712206e-13,240,8.550471441992613e-11,192
SecurityPatrol,neural,45,PPM-3,55,-0.23198604082866392,-0.40626625854654097,1.2159248433605243,0.8180257095471573,0.2238230267120031,8.459899447643693e-13,240,8.401490614318163e-11,192
SecurityPatrol,neural,45,PPM-3,60,-0.23110825495183004,-0.4324624325374199,1.2324854990717102,0.8268694760493702,0.22229359539860782,8.355538483328928e-13,240,8.252087901894356e-11,192
SecurityPatrol,neural,46,PPM-3,0,-0.27790953561826326,-0.6272265982376963,1.4954326534620863,0.9944807968850229,0.3315891161218984,8.169021015191902e-13,241,8.37099278783171e-11,193
SecurityPatrol,neural,46,PPM-3,5,-0.2716083208322775,-0.6582755470268523,1.513352518700128,0.9747754316116619,0.3259415595223705,8.928413564035509e-13,240,8.20705725601556e-11,193
SecurityPatrol,neural,46,PPM-3,10,-0.26562678527854927,-0.6703717052375477,1.5012731608519572,0.9554596935694399,0.32000001606186407,8.667511153248597e-13,240,8.831591014057949e-11,192
SecurityPatrol,neural,46,PPM-3,15,-0.261383033387785,-0.6613796874217057,1.4609004596991595,0.9311026603328196,0.3129762030278144,8.331113576787175e-13,240,8.485490088361303e-11,192
SecurityPatrol,neural,46,PPM-3,20,-0.25920903109128457,-0.6293716559391709,1.4058808074073492,0.9026050393924204,0.30485106691585495,8.998357614586894e-13,239,8.159556363906972e-11,192
SecurityPatrol,neural,46,PPM-3,25,-0.25835718811628033,-0.5734885982722876,1.3320258401384575,0.8765974090340694,0.2964205481925517,8.784084570834239e-13,239,8.829115216713035e-11,191
SecurityPatrol,neural,46,PPM-3,30,-0.2575397480622251,-0.5283348962226961,1.2912919970830383,0.8602750308633416,0.2889351120214453,8.840705945090122e-13,239,8.761069647533759e-11,191
SecurityPatrol,neural,46,PPM-3,35,-0.25568972438081994,-0.5280377507178506,1.306590011938582,0.85650507731403,0.2834692052350962,8.120171202108395e-13,240,8.803802131751581e-11,191
SecurityPatrol,neural,46,PPM-3,40,-0.25254061887349344,-0.5814270045675016,1.368389471342397,0.8638616171174682,0.28031211038883824,8.210099267103033e-13,240,8.868866752109739e-11,191
SecurityPatrol,neural,46,PPM-3,45,-0.2487351624671262,-0.6236110038899785,1.4111411548255524,0.8775837874899122,0.27875935144683106,8.215650382226158e-13,240,8.905876036635618e-11,191
SecurityPatrol,neural,46,PPM-3,50,-0.2454260118169504,-0.648974788568814,1.4402226919987031,0.8913241184008673,0.2774973289593626,8.251177519014163e-13,240,8.914202709320307e-11,191
SecurityPatrol,neural,46,PPM-3,55,-0.2435991215997793,-0.6557842043077039,1.4535820703242048,0.900120443930561,0.27534895393615566,8.324452238639424e-13,240,8.926792638419556e-11,191
SecurityPatrol,neural,46,PPM-3,60,-0.2434960173245348,-0.6423231375672214,1.4452170684538188,0.9012867294135509,0.2718859810999363,8.383294058944557e-13,240,8.977174559277046e-11,191
SecurityPatrol,neural,47,PPM-3,0,-0.30719234240057586,-0.6725962202267599,1.6765067986369226,1.117926742268042,0.3978008595725719,8.506528814677949e-13,242,8.31430480019435e-11,195
SecurityPatrol,neural,47,PPM-3,5,-0.28973763219969634,-0.4845955079198077,1.5135086200038144,1.0384385384042392,0.3964081428566933,8.72191208145523e-13,242,8.635292481073975e-11,195
SecurityPatrol,neural,47,PPM-3,10,-0.26703685005038336,-0.340766672955947,1.3745281187164675,0.9986390094225037,0.39655088876568595,8.764100556390986e-13,242,8.700373754777502e-11,195
SecurityPatrol,neural,47,PPM-3,15,-0.24491585984039038,-0.4346673585424462,1.4526935136275045,1.010651374499389,0.3964481519149959,8.628653347386717e-13,242,8.494871472919385e-11,195
SecurityPatrol,neural,47,PPM-3,20,-0.2291327309192634,-0.5327203253592805,1.5162496399306529,1.0470218239807925,0.3936124201008672,8.337774914934926e-13,242,8.975720167114787e-11,194
SecurityPatrol,neural,47,PPM-3,25,-0.22330342732176972,-0.6325128994202464,1.5667004602318526,1.080006278003944,0.3864378460163446,8.796297024105115e-13,241,8.394751560558689e-11,194
SecurityPatrol,neural,47,PPM-3,30,-0.22759282693661329,-0.7114304169615839,1.607715352299629,1.0974759274317671,0.3752453288381687,8.441025656225065e-13,241,8.687184305244955e-11,193
SecurityPatrol,neural,47,PPM-3,35,-0.23893403511467004,-0.7606312454714357,1.6256204021837086,1.096397058476956,0.36198769676034886,8.137934770502397e-13,241,8.156797459690779e-11,193
SecurityPatrol,neural,47,PPM-3,40,-0.25257703751258975,-0.7767851922311655,1.6098091415528866,1.080864910213374,0.34895168333083754,8.695266728864226e-13,240,8.995582057025331e-11,192
SecurityPatrol,neural,47,PPM-3,45,-0.2639895345896098,-0.7604287502549056,1.6002956131559003,1.0572629342736866,0.33751088713814326,8.767431225464861e-13,240,8.717049304607372e-11,192
SecurityPatrol,neural,47,PPM-3,50,-0.2701695029615059,-0.715104087494665,1.5711935496965017,1.0230814276765923,0.3277697266778692,8.93507490218326e-13,240,8.921530181282833e-11,192
SecurityPatrol,neural,47,PPM-3,55,-0.2700395270454712,-0.6453966048453308,1.5132070930316002,0.976849318803307,0.3190966844728711,8.15347789284715e-13,241,8.264744444375083e-11,193
SecurityPatrol,neural,47,PPM-3,60,-0.26415102960115067,-0.556352157258738,1.4313899122795848,0.9246077462163794,0.3109039017339689,8.216760605250784e-13,241,8.480260937915318e-11,193
SecurityPatrol,neural,48,PPM-3,0,-0.2600476808900778,-0.37717360374705133,1.262509952735535,0.8642075772893822,0.23896055962288437,8.337774914934926e-13,241,8.609646329205134e-11,193
SecurityPatrol,neural,48,PPM-3,5,-0.25379100527320925,-0.41361196918871823,1.2927038374794857,0.8702417635122507,0.23541992676361503,8.275602425555917e-13,241,8.472722523578113e-11,193
SecurityPatrol,neural,48,PPM-3,10,-0.25022809705915533,-0.4525594153493769,1.321775877207703,0.8802648038015445,0.23106750032539022,8.177902799388903e-13,241,8.290657049769834e-11,193
SecurityPatrol,neural,48,PPM-3,15,-0.24954216379869842,-0.48235257941442194,1.3392469261384319,0.8883645579402559,0.22606460989608926,8.951728247552637e-13,240,8.998046752139999e-11,192
SecurityPatrol,neural,48,PPM-3,20,-0.2510887373371551,-0.5019178566760001,1.3452372359905054,0.8909025013714522,0.2209251283365716,8.806289031326742e-13,240,8.807077289674226e-11,192
SecurityPatrol,neural,48,PPM-3,25,-0.253695969547033,-0.5221499692244694,1.3516934403604983,0.8864452172685112,0.2162371331692165,8.656408923002346e-13,240,8.666478645835696e-11,192
SecurityPatrol,neural,48,PPM-3,30,-0.2560695849502781,-0.5246891329634729,1.3410964965271357,0.8753201780018764,0.2123823976946704,8.505418591653324e-13,240,8.594813749596142e-11,192
SecurityPatrol,neural,48,PPM-3,35,-0.25714576741152406,-0.509083448700905,1.3241652286762404,0.8590320344256696,0.20943139362432311,8.494316361407073e-13,240,8.596767742119482e-11,192
SecurityPatrol,neural,48,PPM-3,40,-0.2563008770136332,-0.4768696788145512,1.2952061451604902,0.83983282614453,0.20724902226088457,8.538725282392079e-13,240,8.658840311426275e-11,192
SecurityPatrol,neural,48,PPM-3,45,-0.2534085084294404,-0.43033764452706375,1.252768284702223,0.8206575174075256,0.20569040455850832,8.58202398035246e-13,240,8.751255275996073e-11,192
SecurityPatrol,neural,48,PPM-3,50,-0.24878443874217293,-0.37514796151746965,1.2017601481715041,0.8051247626429887,0.2047278467695735,8.626432901337466e-13,240,8.837841569686589e-11,192
SecurityPatrol,neural,48,PPM-3,55,-0.24306661669693752,-0.33386751965274153,1.164072994761439,0.7968081666701846,0.20443515620148656,8.661960038125471e-13,240,8.888934033279838e-11,192
SecurityPatrol,neural,48,PPM-3,60,-0.23705947376025804,-0.3199660865852563,1.1526895981600436,0.7976056957593451,0.20487261608467114,8.690825836765725e-13,240,8.890277403139635e-11,192
SecurityPatrol,neural,49,PPM-3,0,-0.268719630930077,-0.3927395151904165,1.24310350707349,0.8349440271797082,0.2073353791931158,8.897327319346005e-13,240,8.91546836356838e-11,192
SecurityPatrol,neural,49,PPM-3,5,-0.2630904467894126,-0.3781831698246126,1.2323832265186843,0.8235017391071635,0.20255589581331435,8.940626017306386e-13,240,8.964018416435238e-11,192
SecurityPatrol,neural,49,PPM-3,10,-0.257654620645789,-0.38468416970052677,1.238096245468117,0.820392183563093,0.19804510724001845,8.931744233109384e-13,240,8.930134409723678e-11,192
SecurityPatrol,neural,49,PPM-3,15,-0.25334334545989345,-0.39844568557154747,1.2468946632819589,0.8244625050743807,0.19396691649830414,8.877343304902752e-13,240,8.826361863611965e-11,192
SecurityPatrol,neural,49,PPM-3,20,-0.2506682230219154,-0.4504550453890187,1.2903588458979747,0.831960238454303,0.1905572277331229,8.784084570834239e-13,240,8.672496054629164e-11,192
SecurityPatrol,neural,49,PPM-3,25,-0.24966658004537265,-0.5001670370712785,1.32864189293964,0.8380936486485933,0.1879895940189901,8.659739592076221e-13,240,8.491468639348909e-11,192
SecurityPatrol,neural,49,PPM-3,30,-0.24995524858984144,-0.5304955368953259,1.345443834022816,0.8388275644444549,0.18627553377146855,8.5131901528257e-13,240,8.308076449026203e-11,192
SecurityPatrol,neural,49,PPM-3,35,-0.25085860509853536,-0.5402104455406673,1.3404075192289349,0.832111049314048,0.18525668620605987,8.355538483328928e-13,240,8.148393071394366e-11,192
SecurityPatrol,neural,49,PPM-3,40,-0.2515778657364759,-0.5291161622255098,1.3142985478565377,0.8182432901591057,0.1847021144641691,8.189005029635155e-13,240,8.928957573317575e-11,191
SecurityPatrol,neural,49,PPM-3,45,-0.2513759900008931,-0.4980985309807142,1.2731088318567185,0.7995223958199518,0.18445435741675992,8.96949181594664e-13,239,8.870038037400718e-11,191
SecurityPatrol,neural,49,PPM-3,50,-0.24975430595882425,-0.44920975906990596,1.2253670089317765,0.7795712033420827,0.1845242430673157,8.990586053414518e-13,239,8.867706569049005e-11,191
SecurityPatrol,neural,49,PPM-3,55,-0.24658787196849288,-0.3973425966522573,1.174719364547505,0.762592699838857,0.18505588386464553,8.102407633714392e-13,240,8.892270253468837e-11,191
SecurityPatrol,neural,49,PPM-3,60,-0.24217500617250332,-0.34984875469570725,1.1282294139760938,0.7522382100869649,0.1861698446651866,8.113509863960644e-13,240,8.909273319090971e-11,191
