environment,mode,seed,step,rotation,cos_fg,d,beta,gamma,gamma_active,g_contribution,predicted_decrease,realized_decrease,inflation,backtracks,max_soft_residual
CyclicControl,neural,40,1,9.465455994905096,0.06789883513970493,11.155821088945693,0.03,0.03,1.0,0.6952023631757914,0.34233917794730867,0.34096208328006883,0.0,0,8.969958109616982e-11
CyclicControl,neural,40,2,10.426669773801269,0.07023835108749772,8.270011443752145,0.03,0.03,1.0,0.6938954701580226,0.2540979493894011,0.253043096926012,0.0,0,8.973749521246077e-11
CyclicControl,neural,40,3,11.251477232755235,0.07137256165374205,6.079220445646341,0.03,0.03,1.0,0.6928556420728962,0.18628627291447478,0.18559475426042282,0.0,0,8.987471877830444e-11
CyclicControl,neural,40,4,11.953147480328028,0.07159070791048568,4.442205659796884,0.03,0.03,1.0,0.6920381124514526,0.13533596788769509,0.13493342062480063,0.0,0,8.998735090415266e-11
CyclicControl,neural,40,5,12.56210302586216,0.07113157178224112,3.237830746318676,0.03,0.03,1.0,0.6913950011897924,0.09785423417148208,0.09763550359796619,0.0,0,8.77449640723782e-11
CyclicControl,neural,40,6,13.110664518183185,0.0701843927770778,2.361088049061644,0.03,0.03,1.0,0.6908763956878714,0.07068603819579941,0.07056848036750893,0.0,0,8.996625666668479e-11
CyclicControl,neural,40,7,13.624895534417075,0.06889506892451007,1.7256488359807545,0.03,0.03,1.0,0.6904305006206237,0.051142109180362064,0.05107608869712005,0.0,0,8.98211921507297e-11
CyclicControl,neural,40,8,14.122354154812324,0.06737399347390138,1.2648142787669476,0.03,0.03,1.0,0.6900029523334966,0.03710688876388988,0.03706690695464332,0.0,0,8.98211921507297e-11
CyclicControl,neural,40,9,14.612820264363323,0.06570346274422337,0.9294237826659176,0.03,0.03,1.0,0.6895352073002603,0.02700687388374679,0.02698087475746927,0.0,0,8.982859595052517e-11
CyclicControl,neural,40,10,15.09994172405195,0.06394367418798146,0.6842296624456526,0.03,0.03,1.0,0.688961854794499,0.019710169704323672,0.019692505402521723,0.0,0,8.987066646426456e-11
CyclicControl,neural,40,11,15.582860228806773,0.062137023327558154,0.5042347154345581,0.0284692013074571,0.03,1.0,0.6993329042557259,0.014416250917749727,0.014403767745708423,0.0,0,8.947848018081572e-11
CyclicControl,neural,40,12,16.06429248849012,0.06028813247877628,0.3718065010086179,0.02422515445111497,0.03,1.0,0.7312129977995019,0.010567931178701457,0.01055896200881909,0.0,0,8.98682586680799e-11
CyclicControl,neural,40,13,16.539130918540895,0.0584148885464624,0.2741877172995492,0.020680801191496005,0.03,1.0,0.7599592246759136,0.007758139176562624,0.0077521003840896816,0.0,0,8.966898404350054e-11
CyclicControl,neural,40,14,16.985105740147763,0.0565686474432086,0.2020497617285014,0.017388569657390694,0.03,1.0,0.7886671527660767,0.005696525973169613,0.005692657147965373,0.0,0,8.99781915641995e-11
CyclicControl,neural,40,15,17.38966353163979,0.05474679950214076,0.14877164634268628,0.013920563094240024,0.03,1.0,0.8215918091828506,0.004182193098075264,0.0041797643127851475,0.0,0,8.879824479890441e-11
CyclicControl,neural,40,16,17.746178066937933,0.05291788012706092,0.10949644248504087,0.009824795710038824,0.03,1.0,0.8652017613741294,0.0030708778211163794,0.003069343092597439,0.0,0,8.905294383854123e-11
CyclicControl,neural,40,17,18.05134793757855,0.05103730892837135,0.08061017059777902,0.004568155004111185,0.03,1.0,0.9310598103582534,0.0022570509675004977,0.002256089691651128,0.0,0,8.917010185793828e-11
CyclicControl,neural,40,18,18.303189215325787,0.049060489002051316,0.05941736824270627,0.0,0.03,1.0,1.0,0.001662969196208744,0.00166237203625922,0.0,0,8.903381330804816e-11
CyclicControl,neural,40,19,18.499230141701617,0.046949438103383936,0.04387340436239756,0.0,0.03,1.0,1.0,0.0012281613772239935,0.0012277990223345525,0.0,0,8.965702139041021e-11
CyclicControl,neural,40,20,18.637238649677734,0.04466729247895393,0.032429471219773756,0.0,0.03,1.0,1.0,0.0009082516806083532,0.0009080321183273198,0.0,0,8.976657091264162e-11
CyclicControl,neural,40,21,18.713910021391815,0.04221404987643745,0.024014981062860964,0.0,0.03,1.0,1.0,0.0006731233224480763,0.0006729904003172915,0.0,0,8.71314929928868e-11
CyclicControl,neural,40,22,18.723594950066236,0.03962488154727014,0.017832748437196337,0.0,0.03,1.0,1.0,0.0005004017383923309,0.0005003213096725738,0.0,0,8.420591307567449e-11
CyclicControl,neural,40,23,18.65793936274902,0.03697017696363726,0.01329192862324774,0.0,0.03,1.0,1.0,0.0003735338715687049,0.000373485219588951,0.0,0,8.997915086628172e-11
CyclicControl,neural,40,24,18.505760126659514,0.03434740308948023,0.009956231453255894,0.0,0.03,1.0,1.0,0.00028031419266683413,0.00028028476704170316,0.0,0,8.934895184831149e-11
CyclicControl,neural,40,25,18.25337405283309,0.031866734176224355,0.007504432747940451,0.0,0.03,1.0,1.0,0.00021176624402146835,0.00021174844814790192,0.0,0,8.800280469623001e-11
CyclicControl,neural,40,26,17.885671205035,0.02963536288190538,0.005700561131253071,0.0,0.03,1.0,1.0,0.00016130148638357836,0.00016129072430189073,0.0,0,8.698995863920533e-11
CyclicControl,neural,40,27,17.38821751452336,0.027745544268391317,0.004371566131901143,0.0,0.03,1.0,1.0,0.00012409115208249916,0.00012408464386076332,0.0,0,8.622277544723111e-11
CyclicControl,neural,40,28,16.75047940287337,0.026268946547729318,0.003390694530776457,0.0,0.03,1.0,1.0,9.659979526212628e-05,9.65958595773933e-05,0.0,0,8.563697320718155e-11
CyclicControl,neural,40,29,15.969800051608125,0.02525684290723826,0.00266517733305445,0.0,0.03,1.0,1.0,7.624046375528937e-05,7.623808375877006e-05,0.0,0,8.518539172663875e-11
CyclicControl,neural,40,30,15.055100741663132,0.024743867308896834,0.002127145679518133,0.0,0.03,1.0,1.0,6.112068872812793e-05,6.111924945208236e-05,0.0,0,8.48334492931091e-11
CyclicControl,neural,40,31,14.028797816002035,0.024752804033301188,0.0017269500247779276,0.0,0.03,1.0,1.0,4.985590195063713e-05,4.9855031489496465e-05,0.0,0,8.455573047294607e-11
CyclicControl,neural,40,32,12.92564613468354,0.025298514854784,0.0014282589880941846,0.0,0.03,1.0,1.0,4.1432686549137954e-05,4.143215999704089e-05,0.0,0,8.433353841652558e-11
CyclicControl,neural,40,33,11.788344471053508,0.026389887711102133,0.0012044707750994213,0.0,0.03,1.0,1.0,3.510872414709196e-05,3.510840551980074e-05,0.0,0,8.415308033749014e-11
CyclicControl,neural,40,34,10.661208282729541,0.028029261317510042,0.0010360895558883185,0.0,0.03,1.0,1.0,3.0339686370135094e-05,3.0339493448792998e-05,0.0,0,8.400417514375924e-11
CyclicControl,neural,40,35,9.584026282392772,0.030209149535520466,0.0009088094309370187,0.0,0.03,1.0,1.0,2.672586461995377e-05,2.672574770335584e-05,0.0,0,8.38792542368072e-11
CyclicControl,neural,40,36,8.587845105893471,0.032906458051689874,0.0008121162131342896,0.0,0.03,1.0,1.0,2.397323327889278e-05,2.3973162330267334e-05,0.0,0,8.377269884729532e-11
CyclicControl,neural,40,37,7.693292293786765,0.036074999505315244,0.0007382675531117378,0.0,0.03,1.0,1.0,2.1865052388627543e-05,2.1865009248316775e-05,0.0,0,8.368028492355961e-11
CyclicControl,neural,40,38,6.9109987743245345,0.03963811295527394,0.0006815491694180456,0.0,0.03,1.0,1.0,2.0241158265228015e-05,2.024113196311128e-05,0.0,0,8.359886394249116e-11
CyclicControl,neural,40,39,6.2432236275003055,0.04348439433641647,0.0006377323953815281,0.0,0.03,1.0,1.0,1.8982857925200353e-05,1.8982841828857344e-05,0.0,0,8.35260229037349e-11
CyclicControl,neural,40,40,5.685872690452408,0.04747020831995657,0.0006036784240662924,0.0,0.03,1.0,1.0,1.8001906072453305e-05,1.8001896174089926e-05,0.0,0,8.345995596015232e-11
CyclicControl,neural,40,41,5.230431336838177,0.051431618076140675,0.0005770494135692861,0.0,0.03,1.0,1.0,1.723245576706542e-05,1.723244963720144e-05,0.0,0,8.339925451628094e-11
CyclicControl,neural,40,42,4.86563480206449,0.05520497461072916,0.0005560974249526479,0.0,0.03,1.0,1.0,1.662517494863125e-05,1.6625171119860616e-05,0.0,0,8.334285518662998e-11
CyclicControl,neural,40,43,4.57886204294961,0.05865082565608186,0.000539510055909409,0.0,0.03,1.0,1.0,1.6142940873261485e-05,1.614293845655576e-05,0.0,0,8.328991316086665e-11
CyclicControl,neural,40,44,4.357272470992748,0.061673098133679244,0.0005262973865608617,0.0,0.03,1.0,1.0,1.5757684515622927e-05,1.57576829694743e-05,0.0,0,8.323977097879354e-11
CyclicControl,neural,40,45,4.188680799689526,0.06422718611801301,0.0005157090445137916,0.0,0.03,1.0,1.0,1.54480736386034e-05,1.544807263140907e-05,0.0,0,8.319191689698524e-11
CyclicControl,neural,40,46,4.0621515461157705,0.0663157861938344,0.00050717324537701,0.0,0.03,1.0,1.0,1.5197808014504044e-05,1.519780734761042e-05,0.0,0,8.314593805125448e-11
CyclicControl,neural,40,47,3.9683153782143075,0.06797637820031494,0.0005002518826941957,0.0,0.03,1.0,1.0,1.4994361994587896e-05,1.4994361544503482e-05,0.0,0,8.310150657886428e-11
CyclicControl,neural,40,48,3.8994472720663396,0.06926616350619104,0.0004946073542863236,0.0,0.03,1.0,1.0,1.4828054373392657e-05,1.482805406196469e-05,0.0,0,8.305834839350545e-11
CyclicControl,neural,40,49,3.8493741260811207,0.07024901805917388,0.0004899779837251247,0.0,0.03,1.0,1.0,1.4691358162656487e-05,1.4691357942263339e-05,0.0,0,8.301626573670173e-11
CyclicControl,neural,40,50,3.8132846823126765,0.07098650772307914,0.00048615974767522024,0.0,0.03,1.0,1.0,1.4578386543232652e-05,1.4578386386361608e-05,0.0,0,8.297507125831771e-11
CyclicControl,neural,40,51,3.787501843388915,0.0715329662490053,0.0004829926397822634,0.0,0.03,1.0,1.0,1.4484508497822346e-05,1.448450838281018e-05,0.0,0,8.29346123026875e-11
CyclicControl,neural,40,52,3.7692576287768746,0.07193363797627349,0.00048035045133974774,0.0,0.03,1.0,1.0,1.440606010516543e-05,1.4406060017742306e-05,0.0,0,8.28947882558495e-11
CyclicControl,neural,40,53,3.756492586647056,0.07222471758684049,0.0004781330776386025,0.0,0.03,1.0,1.0,1.4340126672503922e-05,1.434012660871467e-05,0.0,0,8.285548809550125e-11
CyclicControl,neural,40,54,3.7476881493575904,0.07243435108534652,0.0004762606966697558,0.0,0.03,1.0,1.0,1.4284377489348632e-05,1.4284377440561269e-05,0.0,0,8.281663722853327e-11
CyclicControl,neural,40,55,3.7417323983158064,0.07258398523167514,0.0004746693410152131,0.0,0.03,1.0,1.0,1.4236939739651483e-05,1.4236939702746976e-05,0.0,0,8.277816453128306e-11
CyclicControl,neural,40,56,3.73781570719529,0.07268972300446737,0.00047330751072275495,0.0,0.03,1.0,1.0,1.4196301806424644e-05,1.4196301779453163e-05,0.0,0,8.274002143149328e-11
CyclicControl,neural,40,57,3.735351279852081,0.07276352513343146,0.00047213356694237457,0.0,0.03,1.0,1.0,1.4161238633569884e-05,1.416123861458507e-05,0.0,0,8.27021454791188e-11
CyclicControl,neural,40,58,3.733915532625972,0.07281420450186012,0.0004711137144314259,0.0,0.03,1.0,1.0,1.4130753768229476e-05,1.4130753752887582e-05,0.0,0,8.266451065330749e-11
CyclicControl,neural,40,59,3.7332038393829583,0.07284821507599515,0.0004702204302223234,0.0,0.03,1.0,1.0,1.410403406646582e-05,1.4104034057525056e-05,0.0,0,8.262707185124896e-11
CyclicControl,neural,40,60,3.732997934738226,0.07287026075951931,0.00046943123221676597,0.0,0.03,1.0,1.0,1.4080414119915091e-05,1.408041411577951e-05,0.0,0,8.258981172570845e-11
CyclicControl,neural,41,1,9.98940776672118,0.027590686665573922,11.943100807194059,0.03,0.03,1.0,0.7023808932705738,0.3543361960719108,0.3525293856288957,0.0,0,8.749029278831699e-11
CyclicControl,neural,41,2,11.170901690762795,0.028968524821635384,8.776361219890873,0.03,0.03,1.0,0.7019502244414841,0.25647389649361385,0.25557329190723344,0.0,0,8.641187765334735e-11
CyclicControl,neural,41,3,12.47312780427619,0.030688496603428626,6.412953171946209,0.02909121993126157,0.03,1.0,0.7077175893280929,0.18464172121836214,0.18417149175703695,0.0,0,8.957379282747979e-11
CyclicControl,neural,41,4,13.86577120477455,0.03275984366262333,4.667541683956782,0.022511744346105193,0.03,1.0,0.7571303956802612,0.1328360335732333,0.13253164936837064,0.0,0,8.9676099879199e-11
CyclicControl,neural,41,5,15.302083402459967,0.0351838899688456,3.3798471059853266,0.01880386948055793,0.03,1.0,0.7879501683657609,0.09537173713997343,0.09517876917792512,0.0,0,8.9676099879199e-11
CyclicControl,neural,41,6,16.607384493165206,0.03761996183025386,2.430285933019674,0.016458769070288103,0.03,1.0,0.8086599142222204,0.06814103943798244,0.06803191419092397,0.0,0,8.982997679041205e-11
CyclicControl,neural,41,7,17.670383994779467,0.03988395524723458,1.7366724138333276,0.014675137529715476,0.03,1.0,0.8251199894536119,0.04846777341572295,0.04841212236857073,0.0,0,8.838506315722583e-11
CyclicControl,neural,41,8,18.4466711735164,0.04188687912287124,1.2356200958978925,0.01299374106389342,0.03,1.0,0.8413363918430515,0.034372518472398216,0.03434668110453987,0.0,0,8.872601264808821e-11
CyclicControl,neural,41,9,18.95052578662614,0.04358859670235468,0.877042007748183,0.011133666065533234,0.03,1.0,0.8602247740387657,0.024344887506169303,0.02433406608242976,0.0,0,8.998365941259578e-11
CyclicControl,neural,41,10,19.23175363031219,0.04497206203205008,0.622125674763311,0.008905894673486785,0.03,1.0,0.88430187704627,0.017245886156985916,0.01724199497099864,0.0,0,8.97410964983969e-11
CyclicControl,neural,41,11,19.3506057004404,0.046029285939996244,0.441634110447297,0.00616599130482319,0.03,1.0,0.9163112392494834,0.012234342806088865,0.012233348804726402,0.0,0,8.892200864529798e-11
CyclicControl,neural,41,12,19.3610595064028,0.04675323219674289,0.31407893542283355,0.0027725939349063375,0.03,1.0,0.9601492590985308,0.008700424361990462,0.008700482371073764,0.0,0,8.977996124315268e-11
CyclicControl,neural,41,13,19.303983555995444,0.04713294033203399,0.22395428991945723,0.0,0.03,1.0,1.0,0.006207917557391938,0.006208258014078795,0.0,0,8.995471381667564e-11
CyclicControl,neural,41,14,19.20631965128519,0.04714983274298556,0.1601714813559262,0.0,0.03,1.0,1.0,0.004444325489010164,0.004444670704437145,0.0,0,8.978828097694347e-11
CyclicControl,neural,41,15,19.082793029639777,0.046776078009491864,0.114882614433243,0.0,0.03,1.0,1.0,0.003191497624220385,0.00319177334903694,0.0,0,8.978828097694347e-11
CyclicControl,neural,41,16,18.94040474020456,0.04598288766586753,0.08266470012595235,0.0,0.03,1.0,1.0,0.0022996290690948384,0.002299826386058773,0.0,0,8.909446791438569e-11
CyclicControl,neural,41,17,18.77963028495508,0.04474830565275365,0.05969575635317685,0.0,0.03,1.0,1.0,0.001663243902169327,0.0016633768290265916,0.0,0,8.667102799342352e-11
CyclicControl,neural,41,18,18.59565549266097,0.04307039851987769,0.04328219718114923,0.0,0.03,1.0,1.0,0.0012080320671257333,0.0012081182764975829,0.0,0,8.44230917812494e-11
CyclicControl,neural,41,19,18.379079383684974,0.040981015819594055,0.03152395322954596,0.0,0.03,1.0,1.0,0.0008815701429005299,0.0008816246193868241,0.0,0,8.433347076231001e-11
CyclicControl,neural,41,20,18.116322161178267,0.0385548637589957,0.02307873418156206,0.0,0.03,1.0,1.0,0.0006468100915955066,0.0006468438730440756,0.0,0,8.425841274695145e-11
CyclicControl,neural,41,21,17.79006968263109,0.03590850229926218,0.016996576854074255,0.0,0.03,1.0,1.0,0.00047751757477206003,0.00047753822555590686,0.0,0,8.419634781042795e-11
CyclicControl,neural,41,22,17.38018439890334,0.03318749980287676,0.012603832765788192,0.0,0.03,1.0,1.0,0.0003550761758241011,0.00035508865835982145,0.0,0,8.414536949163942e-11
CyclicControl,neural,41,23,16.86557731709665,0.030545790392866253,0.00942179310159108,0.0,0.03,1.0,1.0,0.00026624638042887366,0.00026625385674473173,0.0,0,8.410350540999367e-11
CyclicControl,neural,41,24,16.227440116941903,0.0281250713057984,0.007109543296621168,0.0,0.03,1.0,1.0,0.00020159163295293409,0.00020159607652945472,0.0,0,8.406888379886013e-11
CyclicControl,neural,41,25,15.45380260517066,0.02604106092212397,0.005423767144887431,0.0,0.03,1.0,1.0,0.000154370817348308,0.00015437344092703031,0.0,0,8.403982891536099e-11
CyclicControl,neural,41,26,14.544538823654985,0.024379020095593514,0.004190419544354909,0.0,0.03,1.0,1.0,0.0001197573435122376,0.00011975888340839264,0.0,0,8.401488879594687e-11
CyclicControl,neural,41,27,13.515011207680711,0.023196730209026163,0.003284723174232576,0.0,0.03,1.0,1.0,9.42873619490317e-05,9.428826090893128e-05,0.0,0,8.399285607307849e-11
CyclicControl,neural,41,28,12.396295671985794,0.022531310603065346,0.0026170141408515812,0.0,0.03,1.0,1.0,7.546905648295882e-05,7.546957860121717e-05,0.0,0,8.397275062799192e-11
CyclicControl,neural,41,29,11.231046469632297,0.022406602401651196,0.00212270592368502,0.0,0.03,1.0,1.0,6.15054191211925e-05,6.15057208602221e-05,0.0,0,8.395378836567602e-11
CyclicControl,neural,41,30,10.066157658127688,0.022839045734670122,0.0017551591000614097,0.0,0.03,1.0,1.0,5.109714664157383e-05,5.109732014414031e-05,0.0,0,8.393537254125505e-11
CyclicControl,neural,41,31,8.944969556287555,0.023841042701679666,0.0014806055587700262,0.0,0.03,1.0,1.0,4.330222392259081e-05,4.330232316451105e-05,0.0,0,8.391707294330697e-11
CyclicControl,neural,41,32,7.901652534659512,0.025421400966677273,0.001274528230780711,0.0,0.03,1.0,1.0,3.743569478677905e-05,3.743575123379278e-05,0.0,0,8.389855823964787e-11
CyclicControl,neural,41,33,6.9588897296778995,0.027582696122373365,0.001119073994370473,0.0,0.03,1.0,1.0,3.2997978915420834e-05,3.299801082437548e-05,0.0,0,8.387961679401368e-11
CyclicControl,neural,41,34,6.128381071448034,0.030315547939638015,0.0010012013382802026,0.0,0.03,1.0,1.0,2.9623503817466368e-05,2.962352172853483e-05,0.0,0,8.386009595073851e-11
CyclicControl,neural,41,35,5.412926310149135,0.033590191581133466,0.0009113515104006153,0.0,0.03,1.0,1.0,2.7043820653049888e-05,2.7043830626689858e-05,0.0,0,8.383992285143638e-11
CyclicControl,neural,41,36,4.80892390842619,0.03734661857271662,0.0008424932939423563,0.0,0.03,1.0,1.0,2.506106512880496e-05,2.5061070633110305e-05,0.0,0,8.38190593321908e-11
CyclicControl,neural,41,37,4.308586907417883,0.04148602579403727,0.0007894349242493909,0.0,0.03,1.0,1.0,2.3528820554043206e-05,2.352882356106145e-05,0.0,0,8.379750018883136e-11
CyclicControl,neural,41,38,3.9016330218889403,0.045867845357663896,0.0007483273473763569,0.0,0.03,1.0,1.0,2.2338286945554342e-05,2.2338288567999576e-05,0.0,0,8.377526623803977e-11
CyclicControl,neural,41,39,3.57649156212354,0.05031692280408825,0.0007163047768595637,0.0,0.03,1.0,1.0,2.1408260693835113e-05,2.140826155969111e-05,0.0,0,8.375239043956206e-11
CyclicControl,neural,41,40,3.321177152031813,0.05464287366498897,0.0006912239532218256,0.0,0.03,1.0,1.0,2.0677856103400172e-05,2.0677856561124308e-05,0.0,0,8.372892136565557e-11
CyclicControl,neural,41,41,3.1239628381681377,0.05866815049647278,0.0006714744982313364,0.0,0.03,1.0,1.0,2.0101203776469456e-05,2.010120401745724e-05,0.0,0,8.370489718023677e-11
CyclicControl,neural,41,42,2.9739126274036485,0.062255806890974374,0.0006558405840122183,0.0,0.03,1.0,1.0,1.964357737448824e-05,1.964357750053325e-05,0.0,0,8.368038033335079e-11
CyclicControl,neural,41,43,2.8612702625892648,0.0653268488624086,0.0006433997213652065,0.0,0.03,1.0,1.0,1.9278554795304492e-05,1.9278554865796715e-05,0.0,0,8.365542807087234e-11
CyclicControl,neural,41,44,2.7776825941807393,0.0678620202429225,0.0006334484617884217,0.0,0.03,1.0,1.0,1.8985930355749914e-05,1.8985930398153494e-05,0.0,0,8.363007161782399e-11
CyclicControl,neural,41,45,2.7162569421677403,0.0698903081483673,0.0006254476631654959,0.0,0.03,1.0,1.0,1.875017358622666e-05,1.8750173614905108e-05,0.0,0,8.360436648535696e-11
CyclicControl,neural,41,46,2.671483428536752,0.07147112891906511,0.0006189820153539027,0.0,0.03,1.0,1.0,1.8559287098401933e-05,1.8559287118698198e-05,0.0,0,8.357836298045207e-11
CyclicControl,neural,41,47,2.6390715132755274,0.07267707325958817,0.000613729989877923,0.0,0.03,1.0,1.0,1.84039566423419e-05,1.8403956660931198e-05,0.0,0,8.35520905934084e-11
CyclicControl,neural,41,48,2.615749344742306,0.07358111439665195,0.0006094414349122612,0.0,0.03,1.0,1.0,1.8276915872708632e-05,1.8276915888688905e-05,0.0,0,8.35255892228659e-11
CyclicControl,neural,41,49,2.5990621554892837,0.07424908649827064,0.0006059207954229456,0.0,0.03,1.0,1.0,1.8172469355960674e-05,1.817246937285688e-05,0.0,0,8.349888835912367e-11
CyclicControl,neural,41,50,2.587190903860768,0.07473644146925232,0.000603014488700232,0.0,0.03,1.0,1.0,1.8086132775346764e-05,1.8086132791292342e-05,0.0,0,8.347202096192774e-11
CyclicControl,neural,41,51,2.5788001449067495,0.07508777844183981,0.0006006013601869004,0.0,0.03,1.0,1.0,1.801436015235608e-05,1.801436016476976e-05,0.0,0,8.344500784795983e-11
CyclicControl,neural,41,52,2.5729162642606282,0.07533784166655387,0.0005985854330172596,0.0,0.03,1.0,1.0,1.7954336048585373e-05,1.7954336060062304e-05,0.0,0,8.341787850751903e-11
CyclicControl,neural,41,53,2.5688331168720415,0.07551310121230981,0.000596890372607517,0.0,0.03,1.0,1.0,1.7903816491859903e-05,1.790381649946493e-05,0.0,0,8.339063987949924e-11
CyclicControl,neural,41,54,2.5660405403247433,0.07563341041026045,0.0005954552393043488,0.0,0.03,1.0,1.0,1.7861006535051238e-05,1.786100654143502e-05,0.0,0,8.336331625002913e-11
CyclicControl,neural,41,55,2.564171056701517,0.07571349777086568,0.0005942312134254307,0.0,0.03,1.0,1.0,1.7824465620215613e-05,1.782446562411527e-05,0.0,0,8.333592496634346e-11
CyclicControl,neural,41,56,2.5629605836207965,0.07576420731257272,0.0005931790574387891,0.0,0.03,1.0,1.0,1.7793034003052433e-05,1.779303400557819e-05,0.0,0,8.33084747020596e-11
CyclicControl,neural,41,57,2.5622197054161258,0.07579348197735886,0.0005922671399573309,0.0,0.03,1.0,1.0,1.7765775341932466e-05,1.776577534278595e-05,0.0,0,8.328097586551841e-11
CyclicControl,neural,41,58,2.5618127872595617,0.07580712008422906,0.0005914698901331866,0.0,0.03,1.0,1.0,1.7741931651264753e-05,1.774193165052923e-05,0.0,0,8.325343019144338e-11
CyclicControl,neural,41,59,2.561642854204851,0.07580934562606584,0.0005907665829699843,0.0,0.03,1.0,1.0,1.7720887826873366e-05,1.7720887824743126e-05,0.0,0,8.322586196596315e-11
CyclicControl,neural,41,60,2.5616406770009674,0.07580323240962206,0.0005901403809367017,0.0,0.03,1.0,1.0,1.7702143582924712e-05,1.7702143580572427e-05,0.0,0,8.319826078073689e-11
CyclicControl,neural,42,1,10.817855581983327,0.06955079065967036,11.273264394813342,0.0010667334133862372,0.03,1.0,0.9850054212466957,0.31715024664657937,0.3166624018123956,0.0,0,8.835396303474852e-11
CyclicControl,neural,42,2,11.632576390428206,0.0685058929674706,8.20613889082706,0.00572288301389347,0.03,1.0,0.9239676581303888,0.231024891536764,0.23066373650114136,0.0,0,8.989592403807478e-11
CyclicControl,neural,42,3,12.45307748346337,0.06694110199858609,5.998918415929119,0.009256626865025616,0.03,1.0,0.8817880764415585,0.16899078184736996,0.16872888708831568,0.0,0,8.713080257294337e-11
CyclicControl,neural,42,4,13.251352679378094,0.06513293880909564,4.39531737155649,0.012135688497289172,0.03,1.0,0.8496299249505597,0.12386846982855816,0.12368650810402193,0.0,0,8.972661502681945e-11
CyclicControl,neural,42,5,14.00976044464478,0.06323019307614189,3.223647396582145,0.014728412433012653,0.03,1.0,0.8221512986972397,0.09088507953427115,0.09076334179303325,0.0,0,8.904613157945107e-11
CyclicControl,neural,42,6,14.718475851166877,0.0613005969441006,2.365325860984543,0.017340910450258182,0.03,1.0,0.7957672213056124,0.06673095404256774,0.06665176752107088,0.0,0,8.916205967990365e-11
CyclicControl,neural,42,7,15.373670352297795,0.05936195663094735,1.7360790007885574,0.020268464046298895,0.03,1.0,0.7676801084501591,0.049040139837584665,0.04898958251130514,0.0,0,8.99323532310703e-11
CyclicControl,neural,42,8,15.976047615606825,0.057400562456533785,1.2748447163508936,0.023856139497047728,0.03,1.0,0.7352945081467518,0.03609233688407462,0.03606023606261641,0.0,0,8.985219512869236e-11
CyclicControl,neural,42,9,16.529496514274353,0.05538251050175522,0.9369089069855597,0.02856023397287161,0.03,1.0,0.696002389603399,0.026627371227140192,0.026606797039229163,0.0,0,8.978889853850092e-11
CyclicControl,neural,42,10,17.039411319890476,0.05326333032035449,0.6893826452958841,0.03,0.03,1.0,0.6817880066178001,0.019713148106474444,0.01970073793700583,0.0,0,8.891614874939613e-11
CyclicControl,neural,42,11,17.47594345419874,0.051088247683804384,0.5076495160112521,0.03,0.03,1.0,0.6769619592172477,0.014635666261599158,0.014628429221407113,0.0,0,8.919917582339565e-11
CyclicControl,neural,42,12,17.82691759650477,0.04883066972107037,0.374139134075005,0.03,0.03,1.0,0.6706724473186432,0.010898431181961384,0.010894226167734777,0.0,0,8.674580498357898e-11
CyclicControl,neural,42,13,18.091002208608188,0.04643684085734908,0.2760695210391295,0.03,0.03,1.0,0.6625091363651727,0.008144197062770177,0.008141782691382576,0.0,0,8.833994993850958e-11
CyclicControl,neural,42,14,18.264398063748292,0.043872225136832955,0.2040186986028633,0.03,0.03,1.0,0.6520240783701846,0.0061111836773218645,0.006109810873817928,0.0,0,8.798226730499792e-11
CyclicControl,neural,42,15,18.33930504151498,0.04113249015009669,0.15105728638463017,0.03,0.03,1.0,0.6387698159250597,0.004607627738051678,0.004606853453286125,0.0,0,8.892325764620068e-11
CyclicControl,neural,42,16,18.30304199738621,0.03825123638524818,0.11209969207222059,0.03,0.03,1.0,0.6223554846668308,0.003493143965756784,0.003492710250106848,0.0,0,8.607671173055387e-11
CyclicControl,neural,42,17,18.138225647895194,0.035300346167647496,0.08341875139796506,0.03,0.03,1.0,0.602513326674449,0.0026649878498766384,0.002664746393491013,0.0,0,8.398485032423686e-11
CyclicControl,neural,42,18,17.824538544295972,0.032380861646908614,0.062284849712292145,0.03,0.03,1.0,0.5791608752520038,0.00204794734354077,0.0020478137281952913,0.0,0,8.998832581874616e-11
CyclicControl,neural,42,19,17.34255563339226,0.02960646499685252,0.04669913728341732,0.03,0.03,1.0,0.5524417221025092,0.0015869240935760774,0.001586850654948943,0.0,0,8.998832581874616e-11
CyclicControl,neural,42,20,16.679571019748376,0.027085219653248768,0.03519725460893047,0.03,0.03,1.0,0.5227328927794533,0.0012415032213690946,0.0012414632197429165,0.0,0,8.933138256894679e-11
CyclicControl,neural,42,21,15.836239852739393,0.02490555692538995,0.026705469323173164,0.03,0.03,1.0,0.490617198545916,0.000981987857970209,0.0009819663668771544,0.0,0,8.857898442515832e-11
CyclicControl,neural,42,22,14.831564660937694,0.023129591883926326,0.020435507138709397,0.03,0.03,1.0,0.4568288789612631,0.0007865083535648111,0.0007864970710861618,0.0,0,8.798803352583207e-11
CyclicControl,neural,42,23,13.703439384216528,0.02179318395135641,0.01580779674001595,0.03,0.03,1.0,0.4221859372437134,0.0006389171723136383,0.0006389114918187444,0.0,0,8.751386074146161e-11
CyclicControl,neural,42,24,12.503556016085366,0.020909978566831564,0.012395497072929806,0.03,0.03,1.0,0.3875221919837506,0.0005272565459908396,0.0005272539142754801,0.0,0,8.712449858783167e-11
CyclicControl,neural,42,25,11.288333286846768,0.02047642841806579,0.009883683751322342,0.03,0.03,1.0,0.3536283997276715,0.0004426427845802272,0.00044264178684243205,0.0,0,8.67969793261203e-11
CyclicControl,neural,42,26,10.109504831111774,0.020475677280715567,0.008039574356460272,0.03,0.03,1.0,0.32120734008911844,0.0003784532782519154,0.0003784531305128236,0.0,0,8.651477104160143e-11
CyclicControl,neural,42,27,9.007611827184887,0.020879301203558184,0.006690785892699003,0.03,0.03,1.0,0.29084397491721264,0.00032973326038942055,0.00032973352864046346,0.0,0,8.626584169224571e-11
CyclicControl,neural,42,28,8.009566473125947,0.02164684217020231,0.0057094361906741276,0.03,0.03,1.0,0.2629891934977623,0.00029276212711492125,0.0002927625722102395,0.0,0,8.604140663837079e-11
CyclicControl,neural,42,29,7.129496672407387,0.02272385453440461,0.005000499338540798,0.03,0.03,1.0,0.23795427287295237,0.0002647356756635792,0.000264736167409782,0.0,0,8.58349710752826e-11
CyclicControl,neural,42,30,6.371299031955198,0.02403992744909339,0.004493260792057252,0.03,0.03,1.0,0.21591293794925373,0.00024353265564264898,0.00024353312518796133,0.0,0,8.564168124669536e-11
CyclicControl,neural,42,31,5.731555082507097,0.02550875477421957,0.004135034083067174,0.03,0.03,1.0,0.1969086591633187,0.0002275427459401229,0.00022754315909279121,0.0,0,8.545788035552171e-11
CyclicControl,neural,42,32,5.202069011580221,0.027032342889370935,0.0038865303439841736,0.03,0.03,1.0,0.18086623049752407,0.00021553937450879967,0.00021553971667596927,0.0,0,8.52808067219879e-11
CyclicControl,neural,42,33,4.771806820906015,0.02851026732183129,0.0037184379923366206,0.03,0.03,1.0,0.16760802838446767,0.00020658535510879525,0.00020658562270735314,0.0,0,8.510830235008982e-11
CyclicControl,neural,42,34,4.4283060309723705,0.029852463125259267,0.003608890288220312,0.03,0.03,1.0,0.15687573561361445,0.00019996260689549017,0.00019996280234327313,0.0,0,8.493873659976003e-11
CyclicControl,neural,42,35,4.158709773297554,0.030991569377903264,0.003541585738392472,0.03,0.03,1.0,0.14835716316463932,0.00019511960155597918,0.00019511973038040253,0.0,0,8.477083618396719e-11
CyclicControl,neural,42,36,3.9505447613681866,0.031890296052061846,0.0035043896445256795,0.03,0.03,1.0,0.141715627306002,0.000191631903873727,0.00019163197300357815,0.0,0,8.460359496309522e-11
CyclicControl,neural,42,37,3.792294510666346,0.032541456728277594,0.003488291108682401,0.03,0.03,1.0,0.1366176393037776,0.00018917241776556654,0.00018917243450361498,0.0,0,8.443624618936774e-11
CyclicControl,neural,42,38,3.6737750446359088,0.032961735585952875,0.003486623295193003,0.03,0.03,1.0,0.13275475326072345,0.0001874888540071007,0.00018748882546926193,0.0,0,8.426819311790901e-11
CyclicControl,neural,42,39,3.5863169627446294,0.033182515694376746,0.0034944791661363495,0.03,0.03,1.0,0.12985726773895878,0.00018638659337362473,0.00018638652619849816,0.0,0,8.409897084282747e-11
CyclicControl,neural,42,40,3.522778866358405,0.03324112164904235,0.0035082727388266455,0.03,0.03,1.0,0.1276998797705049,0.00018571559768054344,0.0001857154978921055,0.0,0,8.392822894998098e-11
CyclicControl,neural,42,41,3.477437803071063,0.033174402905201544,0.0035254089684189083,0.03,0.03,1.0,0.12610110523225934,0.0001853603711243837,0.00018536024401721862,0.0,0,8.375571070029508e-11
CyclicControl,neural,42,42,3.445808841180583,0.033015042378610075,0.0035440349290635775,0.03,0.03,1.0,0.12491885907397902,0.00018523223016015875,0.00018523208036212713,0.0,0,8.358121833529353e-11
CyclicControl,neural,42,43,3.424438604411422,0.03279006063019696,0.0035628520072855663,0.03,0.03,1.0,0.12404430557265203,0.0001852633290303253,0.00018526316054737202,0.0,0,8.340461307709823e-11
CyclicControl,neural,42,44,3.410703769074903,0.03252072450183307,0.003580974000688686,0.03,0.03,1.0,0.12339544191442645,0.00018540202624129157,0.0001854018424771453,0.0,0,8.322580472008845e-11
CyclicControl,neural,42,45,3.4026317507394377,0.03222317906825157,0.0035978198454723886,0.03,0.03,1.0,0.12291123816116985,0.00018560927982305686,0.00018560908368635276,0.0,0,8.304473775311294e-11
CyclicControl,neural,42,46,3.398750395215929,0.03190934519716356,0.003613032528759774,0.03,0.03,1.0,0.12254668377065758,0.0001858558358631933,0.00018585562977246894,0.0,0,8.286136707336134e-11
CyclicControl,neural,42,47,3.3979670039315915,0.03158782623070342,0.0036264178437925287,0.03,0.03,1.0,0.12226880258605816,0.00018612003070732006,0.00018611981668748,0.0,0,8.267569615028059e-11
CyclicControl,neural,42,48,3.3994736898643376,0.031264705774065225,0.003637898211913959,0.03,0.03,1.0,0.12205355164951136,0.0001863860703802886,0.00018638585015304243,0.0,0,8.248771804497679e-11
CyclicControl,neural,42,49,3.4026747968915285,0.030944199206430274,0.0036474779622798492,0.03,0.03,1.0,0.12188346237741131,0.0001866426823460797,0.00018664245731088436,0.0,0,8.229745357413165e-11
CyclicControl,neural,42,50,3.4071320183794636,0.030629162016356425,0.0036552173346734995,0.03,0.03,1.0,0.12174587483587768,0.00018688205841016492,0.00018688182972884104,0.0,0,8.210492702387384e-11
CyclicControl,neural,42,51,3.412523308173195,0.03032147475699175,0.0036612131275808035,0.03,0.03,1.0,0.12163163079335629,0.00018709902652428584,0.00018709879516749794,0.0,0,8.191016961922593e-11
CyclicControl,neural,42,52,3.418612328753507,0.030022328638351185,0.003665584407667316,0.03,0.03,1.0,0.12153411403432447,0.00018729040266083838,0.00018729016939732224,0.0,0,8.171321605465742e-11
CyclicControl,neural,42,53,3.425225840169578,0.029732434281123876,0.0036684620711879834,0.03,0.03,1.0,0.12144854964020853,0.00018745448445538562,0.00018745424995393611,0.0,0,8.151411143297871e-11
CyclicControl,neural,42,54,3.432237016672341,0.029452172573111102,0.0036699813319968078,0.03,0.03,1.0,0.12137149440226484,0.0001875906572380917,0.00018759042201174636,0.0,0,8.13128765708715e-11
CyclicControl,neural,42,55,3.4395531596437516,0.029181702648714076,0.00367027642505513,0.03,0.03,1.0,0.1213004672781484,0.00018769908833038418,0.00018769885279454335,0.0,0,8.996892814083779e-11
CyclicControl,neural,42,56,3.4471066568805924,0.028921038492121912,0.0036694769814910044,0.03,0.03,1.0,0.12123368193493657,0.00018778049144183365,0.00018778025595807268,0.0,0,8.989357522248831e-11
CyclicControl,neural,42,57,3.4548483324280927,0.028670102776418883,0.003667705655893,0.03,0.03,1.0,0.12116985344076656,0.00018783594636625697,0.0001878357112059248,0.0,0,8.966317271985602e-11
CyclicControl,neural,42,58,3.4627425539435017,0.02842876429505331,0.0036650766843691895,0.03,0.03,1.0,0.12110805867622516,0.00018786676204918945,0.00018786652744003096,0.0,0,8.943059487398486e-11
CyclicControl,neural,42,59,3.470763631264156,0.028196863632248277,0.0036616951270287967,0.03,0.03,1.0,0.1210476355960888,0.00018787437404375537,0.0001878741401426104,0.0,0,8.919585903210958e-11
CyclicControl,neural,42,60,3.4788931635504383,0.027974230446992293,0.0036576566053679593,0.03,0.03,1.0,0.12098811055351745,0.00018786026858489194,0.0001878600355667004,0.0,0,8.895902070538142e-11
CyclicControl,neural,43,1,13.630321400643314,0.03126944956767829,11.025925665288787,0.0,0.03,1.0,1.0,0.3162603053167947,0.3153087499664793,0.0,0,8.960443498295945e-11
CyclicControl,neural,43,2,14.874130914436547,0.0358381372247806,8.563333146317774,0.0,0.03,1.0,1.0,0.2440273636766285,0.24333674756358492,0.0,0,8.97260044041559e-11
CyclicControl,neural,43,3,15.922028992408697,0.039541378645994156,6.549333921433143,0.0,0.03,1.0,1.0,0.1855095527759141,0.1850524333682223,0.0,0,8.990508337802794e-11
CyclicControl,neural,43,4,16.74666358519475,0.0425217106805845,4.942300610371165,0.0,0.03,1.0,1.0,0.1392707048364223,0.13899089501659495,0.0,0,8.930256534256387e-11
CyclicControl,neural,43,5,17.357162816934025,0.04489999757053137,3.6890983572919676,0.0,0.03,1.0,1.0,0.10353294688841533,0.10337194809262373,0.0,0,8.976645815561568e-11
CyclicControl,neural,43,6,17.786832846554844,0.046777928364844644,2.7307411006924505,0.0,0.03,1.0,1.0,0.0764053739676447,0.07631679254016621,0.0,0,8.911040655368296e-11
CyclicControl,neural,43,7,18.077959946074024,0.04824027941410863,2.009132297123145,0.0,0.03,1.0,1.0,0.056096115883741714,0.05604872497382318,0.0,0,8.897416137187975e-11
CyclicControl,neural,43,8,18.270720208487823,0.04935687799085039,1.4720594497226829,0.0,0.03,1.0,1.0,0.04104364651970613,0.041018607679920494,0.0,0,8.969121972901561e-11
CyclicControl,neural,43,9,18.397854916697195,0.05018424131530557,1.075639862965327,0.0012778182848699883,0.03,1.0,0.9813354724701484,0.02996632116801598,0.029952511664391113,0.0,0,8.989506708467765e-11
CyclicControl,neural,43,10,18.51293973709689,0.050682718900982957,0.7848207954832798,0.004623160548383041,0.03,1.0,0.9354783671139761,0.02186094790515618,0.0218523048836389,0.0,0,8.997500314245066e-11
CyclicControl,neural,43,11,18.662920422735418,0.05080484477589381,0.5722664060039965,0.007795484955359951,0.03,1.0,0.8955188859990137,0.015946386275230578,0.01594078228553994,0.0,0,8.953280131174246e-11
CyclicControl,neural,43,12,18.82982800714326,0.05066156270235001,0.41710981246585005,0.01082930804845203,0.03,1.0,0.8600099347764046,0.011632583700384074,0.011628934529302616,0.0,0,8.934811918104302e-11
CyclicControl,neural,43,13,18.999042903322984,0.05032765232470861,0.30395173859095864,0.013834739876783318,0.03,1.0,0.827020551726799,0.008487525207292611,0.008485162890496348,0.0,0,8.934811918104302e-11
CyclicControl,neural,43,14,19.160197437179253,0.04984527959785248,0.22148591368859466,0.016980510907425084,0.03,1.0,0.794457231414206,0.00619570447262413,0.006194164650187406,0.0,0,8.998342175547958e-11
CyclicControl,neural,43,15,19.306369096018877,0.04923056652753307,0.16142413336690356,0.020498111217877375,0.03,1.0,0.7601157582093464,0.004526617784214684,0.004525610307027805,0.0,0,8.994543304607916e-11
CyclicControl,neural,43,16,19.432637303496453,0.04848071120149747,0.11769855036746317,0.02470510283954935,0.03,1.0,0.721653091615902,0.0033118989187503555,0.0033112309997916298,0.0,0,8.963861944377705e-11
CyclicControl,neural,43,17,19.53429562591373,0.04758166211776858,0.08587102419466801,0.03,0.03,1.0,0.6769709754796783,0.0024286528038803545,0.002428198081179632,0.0,0,8.710421706831228e-11
CyclicControl,neural,43,18,19.604341609856483,0.04651827095491597,0.06269925112971121,0.03,0.03,1.0,0.6715762643169825,0.0017859606829249766,0.0017857387407903338,0.0,0,8.831059668257257e-11
CyclicControl,neural,43,19,19.611383998172013,0.045321107710869606,0.04580477059137958,0.03,0.03,1.0,0.6644888319523266,0.001315524202878211,0.0013154234936683037,0.0,0,8.472030021966503e-11
CyclicControl,neural,43,20,19.56695470847957,0.04392850458285719,0.033495823652104906,0.03,0.03,1.0,0.6552875277076984,0.0009712834096765235,0.0009712430976689737,0.0,0,8.932262915428701e-11
CyclicControl,neural,43,21,19.479111238076513,0.04230608791810201,0.024529133650760815,0.03,0.03,1.0,0.6435294489052399,0.0007193067765675267,0.0007192947206263248,0.0,0,8.970460051854756e-11
CyclicControl,neural,43,22,19.351775933658036,0.04045732544339351,0.01799507724280086,0.03,0.03,1.0,0.6287963641990219,0.0005347018535733199,0.0005347017400379392,0.0,0,8.856562185022288e-11
CyclicControl,neural,43,23,19.184366875257055,0.03842970605006943,0.013230335873632391,0.03,0.03,1.0,0.6107555057575248,0.0003992654512178957,0.00039926944337077483,0.0,0,8.78501776532814e-11
CyclicControl,neural,43,24,18.97162958070552,0.036312629374515196,0.009752320310826672,0.03,0.03,1.0,0.5892235304655359,0.0002997166320639396,0.0002997212707814799,0.0,0,8.74307258535989e-11
CyclicControl,neural,43,25,18.703677920534734,0.03422598859810482,0.007210444646643666,0.03,0.03,1.0,0.5642174863228211,0.00022638022679353012,0.0002263842061128174,0.0,0,8.723275053690305e-11
CyclicControl,neural,43,26,18.366384197451865,0.032302762120119885,0.005350209456245376,0.03,0.03,1.0,0.5359780436708113,0.000172213337583077,0.00017221633719665189,0.0,0,8.715698128491933e-11
CyclicControl,neural,43,27,17.942395648746363,0.030671668020700003,0.003986890409793387,0.03,0.03,1.0,0.5049583278222983,0.00013208979040769692,0.00013209188895280805,0.0,0,8.716370333838874e-11
CyclicControl,neural,43,28,17.41313674097887,0.029445171437335823,0.0029863541062838395,0.03,0.03,1.0,0.47178218263892996,0.0001022766872282102,0.00010227808514507927,0.0,0,8.726038901868405e-11
CyclicControl,neural,43,29,16.762067250876612,0.028714872572952764,0.002251119117776916,0.03,0.03,1.0,0.4371832509941987,8.005289474252719e-05,8.005379576957183e-05,0.0,0,8.738618509362972e-11
CyclicControl,neural,43,30,15.979065022688044,0.028553086711990562,0.0017102529280116005,0.03,0.03,1.0,0.4019383693571571,6.343174569732168e-05,6.343231543315397e-05,0.0,0,8.75291306448589e-11
CyclicControl,neural,43,31,15.065066646123135,0.029017885546505865,0.001312060740218425,0.03,0.03,1.0,0.3668064756924263,5.095987423091135e-05,5.096023313895873e-05,0.0,0,8.768376042606052e-11
CyclicControl,neural,43,32,14.03533704715786,0.030158938711759745,0.0010187991428977153,0.03,0.03,1.0,0.3324800429763843,4.157145710856694e-05,4.157168675908082e-05,0.0,0,8.784631702618562e-11
CyclicControl,neural,43,33,12.91960674633326,0.03202228657676637,0.0008028547087509177,0.03,0.03,1.0,0.2995519716454975,3.44826589751086e-05,3.4482811711540606e-05,0.0,0,8.801417233916808e-11
CyclicControl,neural,43,34,11.758324563164498,0.034652936448344426,0.0006439807339615744,0.03,0.03,1.0,0.2684977892643962,2.9115190288833e-05,2.9115298209383966e-05,0.0,0,8.818549189493208e-11
CyclicControl,neural,43,35,10.596058993492242,0.038094601537236907,0.0005272976157627562,0.03,0.03,1.0,0.23967103812965143,2.5040917837175665e-05,2.504099982962235e-05,0.0,0,8.835897638559409e-11
CyclicControl,neural,43,36,9.474421766082688,0.04238602910114899,0.0004418441853381097,0.03,0.03,1.0,0.21330870498476404,2.1941688317623533e-05,2.194175508872867e-05,0.0,0,8.853368385630667e-11
CyclicControl,neural,43,37,8.42681547858595,0.047553393156144805,0.00037952664421452703,0.03,0.03,1.0,0.18954323310953686,1.958014354726343e-05,1.9580200949304016e-05,0.0,0,8.870894643853156e-11
CyclicControl,neural,43,38,7.476060459491123,0.05359845252811938,0.0003343546308631415,0.03,0.03,1.0,0.16841785119447442,1.7778479782856217e-05,1.7778530907678475e-05,0.0,0,8.888427667497201e-11
CyclicControl,neural,43,39,6.63458298867241,0.06048296066897208,0.00030188485358826483,0.03,0.03,1.0,0.14990249047925142,1.6402953095933336e-05,1.640299956820468e-05,0.0,0,8.905932328412414e-11
CyclicControl,neural,43,40,5.906133614601943,0.06811149375068944,0.00027881497677659933,0.03,0.03,1.0,0.13390832398764768,1.5352546024950675e-05,1.5352588709226928e-05,0.0,0,8.923382432274307e-11
CyclicControl,neural,43,41,5.28801047459524,0.07631741540688812,0.0002626864498705625,0.03,0.03,1.0,0.12029987519884626,1.4550652317040988e-05,1.4550691731455428e-05,0.0,0,8.940759851222557e-11
CyclicControl,neural,43,42,4.773132681517275,0.08485917373173799,0.000251666475031484,0.03,0.03,1.0,0.10890463636684299,1.39389551583732e-05,1.3938991657455602e-05,0.0,0,8.958053222818396e-11
CyclicControl,neural,43,43,4.351703342076196,0.09343432992995901,0.00024438758480307965,0.03,0.03,1.0,0.09952105754621257,1.347290301793088e-05,1.3472936909175726e-05,0.0,0,8.975253179555054e-11
CyclicControl,neural,43,44,4.012460564509347,0.10171418623945767,0.00023982925551405132,0.03,0.03,1.0,0.09192632648563792,1.311835249292407e-05,1.3118384052143717e-05,0.0,0,8.992354864206797e-11
CyclicControl,neural,43,45,3.743618424246192,0.109392690328213,0.00023723027146680536,0.03,0.03,1.0,0.08588522309047396,1.284906594987284e-05,1.2849095436365948e-05,0.0,0,8.999613207438806e-11
CyclicControl,neural,43,46,3.5335938196526446,0.116234338052489,0.00023602364622541533,0.03,0.03,1.0,0.08116041877123986,1.2644837604679215e-05,1.2644865274743372e-05,0.0,0,8.123625730438455e-11
CyclicControl,neural,43,47,3.371563494921751,0.12210422847037058,0.00023578814029243111,0.03,0.03,1.0,0.07752333159305566,1.2490083355896388e-05,1.2490109459858262e-05,0.0,0,8.138739682195251e-11
CyclicControl,neural,43,48,3.2478529760919543,0.1269716466151563,0.00023621202812663944,0.03,0.03,1.0,0.07476381155191206,1.2372774261377312e-05,1.2372799012280028e-05,0.0,0,8.153762040552515e-11
CyclicControl,neural,43,49,3.1541509856765835,0.1308908172884675,0.00023706593644916285,0.03,0.03,1.0,0.07269702700921733,1.2283625720773024e-05,1.2283649316623124e-05,0.0,0,8.168692458565552e-11
CyclicControl,neural,43,50,3.083561715019921,0.1339703686596412,0.00023818242348774832,0.03,0.03,1.0,0.07116679154075543,1.2215478078644697e-05,1.221550070032093e-05,0.0,0,8.183534232208967e-11
CyclicControl,neural,43,51,3.0305307209720325,0.13634320031628383,0.00023944058603047463,0.03,0.03,1.0,0.07004559551318391,1.2162821092977054e-05,1.2162842884012176e-05,0.0,0,8.198288402316845e-11
CyclicControl,neural,43,52,2.9906917585402364,0.13814367738729375,0.00024075442928185586,0.03,0.03,1.0,0.0692322662784099,1.2121427080095601e-05,1.2121448179403665e-05,0.0,0,8.212956530140314e-11
CyclicControl,neural,43,53,2.9606788579746692,0.13949385761067773,0.00024206406426929145,0.03,0.03,1.0,0.06864833897117041,1.2088066850009412e-05,1.2088087367499029e-05,0.0,0,8.227541391236937e-11
CyclicControl,neural,43,54,2.937936343027497,0.1404972695153582,0.00024332903627178465,0.03,0.03,1.0,0.06823403269364671,1.2060288719328328e-05,1.2060308756747101e-05,0.0,0,8.242044199913146e-11
CyclicControl,neural,43,55,2.920546230676179,0.14123772699508294,0.0002445232657778684,0.03,0.03,1.0,0.06794441611065281,1.2036246186577192e-05,1.2036265814734798e-05,0.0,0,8.256466517420069e-11
CyclicControl,neural,43,56,2.9070816960454957,0.14178090700028548,0.00024563121249106257,0.03,0.03,1.0,0.06774606191610641,1.2014563020418777e-05,1.2014582312067784e-05,0.0,0,8.270810425425879e-11
CyclicControl,neural,43,57,2.896488225368309,0.14217709516925156,0.000246644970382931,0.03,0.03,1.0,0.06761428914680488,1.1994227604367191e-05,1.1994246616409132e-05,0.0,0,8.28507696476466e-11
CyclicControl,neural,43,58,2.887990240790723,0.14246415702311865,0.000247562072625343,0.03,0.03,1.0,0.06753097583611758,1.1974509929017947e-05,1.1974528708123822e-05,0.0,0,8.299267956896061e-11
CyclicControl,neural,43,59,2.881019365793967,0.14267026368978913,0.00024838383860352475,0.03,0.03,1.0,0.06748286975588529,1.1954896423848997e-05,1.1954915004930983e-05,0.0,0,8.313384269181823e-11
CyclicControl,neural,43,60,2.8751601886691684,0.14281618972684315,0.00024911413581026054,0.03,0.03,1.0,0.06746030810298309,1.1935038764454564e-05,1.19350571827527e-05,0.0,0,8.327427376136898e-11
CyclicControl,neural,44,1,9.101988295365054,-0.021346590271925498,11.191378609795159,0.021448169708622546,0.03,1.0,0.764004501912023,0.32621604570688756,0.32530624690405163,0.0,0,8.81621442516689e-11
CyclicControl,neural,44,2,11.000012992438224,-0.007036746874036666,8.661186913039527,0.02669469758437,0.03,1.0,0.7214311640832569,0.2524477157554108,0.2514141978200163,0.0,0,8.995709732673163e-11
CyclicControl,neural,44,3,13.118755406147917,0.006198000492320296,6.622707616693285,0.03,0.03,1.0,0.6967988827399388,0.19260461337268991,0.1916212742946508,0.0,0,8.402778473026729e-11
CyclicControl,neural,44,4,15.178858481159455,0.01793520530152149,4.965681373127816,0.03,0.03,1.0,0.6965403815957097,0.1437318611078353,0.14299693494282784,0.0,0,8.963085829094553e-11
CyclicControl,neural,44,5,16.822382827371964,0.02753892723911084,3.6391940413044566,0.03,0.03,1.0,0.6965102716805682,0.10467136014747726,0.10422725817906614,0.0,0,8.983530586093025e-11
CyclicControl,neural,44,6,17.84823268822386,0.03511027567416742,2.6143229922114712,0.03,0.03,1.0,0.6965522804430568,0.07471269947640628,0.0744916474917321,0.0,0,8.757478076049097e-11
CyclicControl,neural,44,7,18.310350298552457,0.040865159721009216,1.8515080409015081,0.03,0.03,1.0,0.6965340059271379,0.052616147794465135,0.05252374726653283,0.0,0,8.979958443511293e-11
CyclicControl,neural,44,8,18.411219100543565,0.04506275970669795,1.3003316001665768,0.03,0.03,1.0,0.6963379110898501,0.03678395018197173,0.03675183133570356,0.0,0,8.965962694507112e-11
CyclicControl,neural,44,9,18.346883228529197,0.047962131805500435,0.9096875180473857,0.03,0.03,1.0,0.6958487621893032,0.02564231878539436,0.02563389690543731,0.0,0,8.972842607812836e-11
CyclicControl,neural,44,10,18.243241531575876,0.04979824718343687,0.6356819780475464,0.03,0.03,1.0,0.6949392716498529,0.01787363836161806,0.017872840841003962,0.0,0,8.859792760551599e-11
CyclicControl,neural,44,11,18.162146488667126,0.05077039512571812,0.44429684649942314,0.03,0.03,1.0,0.6934545468497584,0.01247451485776155,0.012475396926724405,0.0,0,8.94303173182287e-11
CyclicControl,neural,44,12,18.124734630817194,0.05103816014385639,0.31069900738585554,0.03,0.03,1.0,0.6911956359068394,0.008721095204306042,0.008721903737275175,0.0,0,8.767348652627405e-11
CyclicControl,neural,44,13,18.129764489722117,0.050722255015515805,0.2173367746495944,0.03,0.03,1.0,0.6879029714422881,0.0061062824176797,0.006106720928560218,0.0,0,8.97777789610199e-11
CyclicControl,neural,44,14,18.164277299074463,0.049909134288478596,0.15199113234556594,0.03,0.03,1.0,0.6832418927098097,0.004279746452767049,0.004279908338055305,0.0,0,8.687012567620833e-11
CyclicControl,neural,44,15,18.20898902454085,0.04865943178116142,0.10619747179859175,0.03,0.03,1.0,0.6767946580477615,0.00300058134329792,0.0030005777442229306,0.0,0,8.819559665917964e-11
CyclicControl,neural,44,16,18.240766752896306,0.04702059203972943,0.07408542609649849,0.03,0.03,1.0,0.6680659667173394,0.0021029147225237275,0.0021028427726829738,0.0,0,8.430657907898542e-11
CyclicControl,neural,44,17,18.23369208078673,0.04504313418033056,0.05157159267976906,0.03,0.03,1.0,0.6565105217398773,0.0014721538427622232,0.0014720705267229975,0.0,0,8.936953260763048e-11
CyclicControl,neural,44,18,18.159631378083517,0.042797624553878796,0.035803758892127835,0.03,0.03,1.0,0.6415890074905691,0.0010287410663586214,0.0010286700079016192,0.0,0,8.964491302054789e-11
CyclicControl,neural,44,19,17.988979579408245,0.04038672950422529,0.02478190504825624,0.03,0.03,1.0,0.6228507261357531,0.0007171620651927543,0.0007171093994081737,0.0,0,8.884759594707248e-11
CyclicControl,neural,44,20,17.692179184703885,0.03794632560532459,0.017099381874888936,0.03,0.03,1.0,0.6000281736247565,0.0004985078206074176,0.0004984720803479295,0.0,0,8.845493434939122e-11
CyclicControl,neural,44,21,17.24254533009476,0.03563370702401504,0.011764858818744811,0.03,0.03,1.0,0.573117781345442,0.0003454088572073001,0.00034538617436348507,0.0,0,8.830362482892262e-11
CyclicControl,neural,44,22,16.62061427073406,0.033607701401332506,0.008078937132453834,0.03,0.03,1.0,0.5424207117137929,0.00023856021481011118,0.00023854665799483143,0.0,0,8.837828385788171e-11
CyclicControl,neural,44,23,15.819487589136877,0.03200966937282595,0.005548055393322232,0.03,0.03,1.0,0.5085304766074288,0.0001643196323618326,0.0001643120331504891,0.0,0,8.848549670759098e-11
CyclicControl,neural,44,24,14.849582548272236,0.030952527414269706,0.003824073787190088,0.03,0.03,1.0,0.4722727201636017,0.00011303590224327233,0.00011303198488353539,0.0,0,8.860712163993867e-11
CyclicControl,neural,44,25,13.740477353629318,0.030519320305938066,0.0026616966589808333,0.03,0.03,1.0,0.4346159172564372,7.787848104582468e-05,7.787672705102111e-05,0.0,0,8.873300705314335e-11
CyclicControl,neural,44,26,12.538079606754724,0.0307681727705432,0.0018883786617029247,0.03,0.03,1.0,0.3965749645541272,5.4014126010483096e-05,5.401357645824778e-05,0.0,0,8.885766601685052e-11
CyclicControl,neural,44,27,11.297347103136508,0.03173895397924531,0.0013830167914643393,0.018629499711834252,0.03,1.0,0.47434439703208003,3.820947384510619e-05,3.820956546427695e-05,0.0,0,8.892542605054565e-11
CyclicControl,neural,44,28,10.083402943952493,0.033395303066649035,0.0010678055581185564,0.0,0.03,1.0,1.0,2.9396521469673975e-05,2.9396768564005082e-05,0.0,0,8.898093720177691e-11
CyclicControl,neural,44,29,8.957121529065367,0.03568929806097914,0.0008824241631195245,0.0,0.03,1.0,1.0,2.46131788841919e-05,2.461331459121391e-05,0.0,0,8.895782721562995e-11
CyclicControl,neural,44,30,7.918086653481122,0.03874430601465425,0.00077078551087989,0.0,0.03,1.0,1.0,2.1812219242675623e-05,2.181229176320687e-05,0.0,0,8.892883998634638e-11
CyclicControl,neural,44,31,6.988201822062015,0.042534793570683266,0.0007081538504313117,0.0,0.03,1.0,1.0,2.031951879898769e-05,2.031955616695058e-05,0.0,0,8.889408653622866e-11
CyclicControl,neural,44,32,6.178134479197369,0.04699391468511847,0.000677552307940324,0.0,0.03,1.0,1.0,1.9673616400692207e-05,1.9673634659808648e-05,0.0,0,8.88539485044415e-11
CyclicControl,neural,44,33,5.489417483322084,0.052000235538468775,0.0006674004350424451,0.0,0.03,1.0,1.0,1.956079778220321e-05,1.9560805955505522e-05,0.0,0,8.880892202189905e-11
CyclicControl,neural,44,34,4.916930458461244,0.057370802336385744,0.0006698615543934694,0.0,0.03,1.0,1.0,1.976970422853247e-05,1.9769707292324745e-05,0.0,0,8.87595413834319e-11
CyclicControl,neural,44,35,4.451126540746389,0.06286851320558941,0.0006796877692588632,0.0,0.03,1.0,1.0,2.0159628619766112e-05,2.015962925031728e-05,0.0,0,8.870634782276454e-11
CyclicControl,neural,44,36,4.079812981903395,0.0682287357965805,0.0006934138373364956,0.0,0.03,1.0,1.0,2.0638404403743038e-05,2.0638403999378996e-05,0.0,0,8.864985134859893e-11
CyclicControl,neural,44,37,3.7895400939951824,0.07320132992165472,0.000708795508450738,0.0,0.03,1.0,1.0,2.114701484554754e-05,2.1147014101080552e-05,0.0,0,8.859050298903881e-11
CyclicControl,neural,44,38,3.5667046350321745,0.07759399413627185,0.000724419067139534,0.0,0.03,1.0,1.0,2.164890679833692e-05,2.164890603850722e-05,0.0,0,8.852872428188885e-11
CyclicControl,neural,44,39,3.3984174933874614,0.08129969371510042,0.0007394306730912348,0.0,0.03,1.0,1.0,2.21225947294873e-05,2.2122594086675107e-05,0.0,0,8.846488125380247e-11
CyclicControl,neural,44,40,3.2731234333197743,0.08429896798935947,0.0007533494305343724,0.0,0.03,1.0,1.0,2.255656282022095e-05,2.2556562332687324e-05,0.0,0,8.83992982980697e-11
CyclicControl,neural,44,41,3.180951526689069,0.08664102363536882,0.0007659388883571316,0.0,0.03,1.0,1.0,2.2945769422626217e-05,2.2945769087324985e-05,0.0,0,8.833224082738234e-11
CyclicControl,neural,44,42,3.11381236652654,0.08841561634239196,0.0007771192352921952,0.0,0.03,1.0,1.0,2.328926632665096e-05,2.328926612074622e-05,0.0,0,8.826395170302703e-11
CyclicControl,neural,44,43,3.0653013927086246,0.08972706973168224,0.00078690776673003,0.0,0.03,1.0,1.0,2.3588591398046588e-05,2.358859129954205e-05,0.0,0,8.8194632152927e-11
CyclicControl,neural,44,44,3.030486633057507,0.09067621790834295,0.0007953789284309565,0.0,0.03,1.0,1.0,2.3846695885412772e-05,2.384669587106314e-05,0.0,0,8.812445738415331e-11
CyclicControl,neural,44,45,3.0056512713574817,0.09135080682460933,0.0008026378613953944,0.0,0.03,1.0,1.0,2.4067239592563683e-05,2.4067239641399618e-05,0.0,0,8.805357137875447e-11
CyclicControl,neural,44,46,2.988039791243606,0.09182222457305185,0.0008088032090396158,0.0,0.03,1.0,1.0,2.425413773825269e-05,2.4254137836465794e-05,0.0,0,8.798210077154422e-11
CyclicControl,neural,44,47,2.9756340406780373,0.09214596977663227,0.0008139962363765824,0.0,0.03,1.0,1.0,2.441127871937593e-05,2.4411278853136986e-05,0.0,0,8.791015311537809e-11
CyclicControl,neural,44,48,2.966968914102034,0.09236384606378494,0.0008183342128924298,0.0,0.03,1.0,1.0,2.4542356742290883e-05,2.454235690253076e-05,0.0,0,8.783780994225943e-11
CyclicControl,neural,44,49,2.9609874438419777,0.09250664348406368,0.0008219266429625172,0.0,0.03,1.0,1.0,2.4650780708970754e-05,2.4650780889715063e-05,0.0,0,8.776515972308552e-11
CyclicControl,neural,44,50,2.956930384525439,0.09259667523304567,0.0008248733687786503,0.0,0.03,1.0,1.0,2.4739632791620503e-05,2.473963298842835e-05,0.0,0,8.769224582594326e-11
CyclicControl,neural,44,51,2.954253885421611,0.0926499178537106,0.0008272638780629227,0.0,0.03,1.0,1.0,2.4811658584887597e-05,2.4811658792783797e-05,0.0,0,8.761913937449517e-11
CyclicControl,neural,44,52,2.952569029268267,0.09267770520604555,0.0008291773633730543,0.0,0.03,1.0,1.0,2.486927656856347e-05,2.4869276787270467e-05,0.0,0,8.754587679793424e-11
CyclicControl,neural,44,53,2.9515978995326497,0.09268801748535081,0.0008306832277781007,0.0,0.03,1.0,1.0,2.4914598717847014e-05,2.491459894289616e-05,0.0,0,8.747249799490042e-11
CyclicControl,neural,44,54,2.95114189494338,0.09268643723314961,0.0008318418344845091,0.0,0.03,1.0,1.0,2.494945679065025e-05,2.4949457019772525e-05,0.0,0,8.739903592513976e-11
CyclicControl,neural,44,55,2.9510589958084528,0.09267684615715888,0.0008327053680128732,0.0,0.03,1.0,1.0,2.497543086196069e-05,2.4975431094656497e-05,0.0,0,8.732550620116353e-11
CyclicControl,neural,44,56,2.951247511617897,0.09266192691265568,0.000833318723177448,0.0,0.03,1.0,1.0,2.4993877883808246e-05,2.4993878118863277e-05,0.0,0,8.725194698688821e-11
CyclicControl,neural,44,57,2.951634490298079,0.09264352129879368,0.0008337203699814583,0.0,0.03,1.0,1.0,2.5005958958844443e-05,2.5005959196459926e-05,0.0,0,8.717836175176075e-11
CyclicControl,neural,44,58,2.9521674649190683,0.09262288429589598,0.0008339431649472678,0.0,0.03,1.0,1.0,2.5012664619371294e-05,2.5012664857521072e-05,0.0,0,8.710478172080371e-11
CyclicControl,neural,44,59,2.952808582174585,0.09260086331207552,0.0008340150932480833,0.0,0.03,1.0,1.0,2.50148377443013e-05,2.5014837982575977e-05,0.0,0,8.703120515929363e-11
CyclicControl,neural,44,60,2.953530426900613,0.09257802411745807,0.0008339599360102784,0.0,0.03,1.0,1.0,2.5013194033550457e-05,2.501319427367782e-05,0.0,0,8.695764941446527e-11
CyclicControl,neural,45,1,11.444538318398973,0.04834731381844342,10.810950451487297,0.03,0.03,1.0,0.6853818068493487,0.3337060491836554,0.3326137678826677,0.0,0,8.397618711519783e-11
CyclicControl,neural,45,2,12.40202201726266,0.05278439843959328,8.205410672489998,0.03,0.03,1.0,0.6872441041828438,0.2495662572501114,0.2488282668939168,0.0,0,8.56494042356104e-11
CyclicControl,neural,45,3,13.285715748886606,0.05564537242692331,6.162315631501008,0.03,0.03,1.0,0.6888529476390294,0.18480967436505852,0.18434018104331318,0.0,0,8.651582228402788e-11
CyclicControl,neural,45,4,14.081167761251994,0.05725850265967033,4.582557616826464,0.03,0.03,1.0,0.6901742769373496,0.1357153404570898,0.13543248096901417,0.0,0,8.673274598525182e-11
CyclicControl,neural,45,5,14.78859759390062,0.05792151923352352,3.3786786240541535,0.03,0.03,1.0,0.6911875493311708,0.09900213298261494,0.09883802100111194,0.0,0,8.985960586738173e-11
CyclicControl,neural,45,6,15.417664052620585,0.05789204956752565,2.4733125221109113,0.03,0.03,1.0,0.6918784753586305,0.07185682609382178,0.07176332352664527,0.0,0,8.916790222857074e-11
CyclicControl,neural,45,7,15.981075369855072,0.057383486925026886,1.7999548085128114,0.03,0.03,1.0,0.6922319296891074,0.05195905924473863,0.05190584846777893,0.0,0,8.94644150428725e-11
CyclicControl,neural,45,8,16.48972999825433,0.05656450748118178,1.3035886125049085,0.03,0.03,1.0,0.6922248140695975,0.03746579410385496,0.037435192931724925,0.0,0,8.953651361998105e-11
CyclicControl,neural,45,9,16.95028044523051,0.05556083126504858,0.9402648885742854,0.03,0.03,1.0,0.6918185311962678,0.02695702991093108,0.026939177421214128,0.0,0,8.883161567441178e-11
CyclicControl,neural,45,10,17.364766258452857,0.05445820569594359,0.6758272624539917,0.03,0.03,1.0,0.690950691419937,0.019362757309839274,0.01935222143357082,0.0,0,8.898693934500379e-11
CyclicControl,neural,45,11,17.731548736363596,0.05330594744105214,0.4842603936598218,0.03,0.03,1.0,0.6895257447921768,0.013888812796775993,0.013882556679167476,0.0,0,8.974728772648266e-11
CyclicControl,neural,45,12,18.046831851516508,0.05212072980714971,0.34603504599199897,0.03,0.03,1.0,0.6874044749902715,0.009951569988420545,0.009947854649172916,0.0,0,8.973358167629897e-11
CyclicControl,neural,45,13,18.306230317479145,0.050890687408107,0.24664601049538756,0.03,0.03,1.0,0.6843928214410553,0.0071249147301263235,0.007122686591488937,0.0,0,8.964654192589183e-11
CyclicControl,neural,45,14,18.5060136474034,0.049580346943034675,0.1754017504238342,0.03,0.03,1.0,0.6802314510848694,0.005098971974913203,0.005097643682019218,0.0,0,8.960077298170166e-11
CyclicControl,neural,45,15,18.6438059278512,0.04813732182906668,0.12447490502908547,0.03,0.03,1.0,0.6745889652457517,0.003649198134959012,0.003648421742353365,0.0,0,8.6328897155874e-11
CyclicControl,neural,45,16,18.718668177231518,0.04650190201116829,0.08816461359670638,0.03,0.03,1.0,0.6670634308454918,0.0026132700119581784,0.0026128276182577626,0.0,0,8.84508924436922e-11
CyclicControl,neural,45,17,18.730625095415192,0.04462019531402971,0.06233722672500906,0.03,0.03,1.0,0.6571983448216177,0.001874085073424422,0.0018738410040298054,0.0,0,8.907459839169185e-11
CyclicControl,neural,45,18,18.679797142251015,0.04245989081180544,0.044007544968192175,0.03,0.03,1.0,0.6445187105736206,0.0013473363023993913,0.0013472071954226325,0.0,0,8.72494420461889e-11
CyclicControl,neural,45,19,18.565348130518522,0.04002517424223243,0.03102746242476355,0.03,0.03,1.0,0.6285888869489263,0.0009724458181656122,0.0009723814079330081,0.0,0,8.599042138068835e-11
CyclicControl,neural,45,20,18.38446805522821,0.03736526712347791,0.02185612781259519,0.03,0.03,1.0,0.6090858375612176,0.0007059664438660677,0.0007059371198293238,0.0,0,8.508283140529205e-11
CyclicControl,neural,45,21,18.131609704210796,0.03457178044411424,0.015391340054675406,0.03,0.03,1.0,0.5858721615379388,0.0005167907515322857,0.0005167795503643255,0.0,0,8.438926987763828e-11
CyclicControl,neural,45,22,17.798213816939594,0.03176448025257733,0.01084655709198551,0.03,0.03,1.0,0.5590485395093667,0.0003826807491042906,0.0003826782744401208,0.0,0,8.382305786980293e-11
CyclicControl,neural,45,23,17.373194195130182,0.029070682543205058,0.0076616331097737606,0.03,0.03,1.0,0.5289694673126538,0.00028776035641992284,0.0002877616192291932,0.0,0,8.333035997343252e-11
CyclicControl,neural,45,24,16.844466837439423,0.026606115972795615,0.005438330755044851,0.03,0.03,1.0,0.4962179817809157,0.0002207080955766317,0.00022071059450042008,0.0,0,8.28783534856381e-11
CyclicControl,neural,45,25,16.201695076914444,0.02446301113742876,0.00389392131805201,0.03,0.03,1.0,0.4615477909215304,0.0001734576806655362,0.00017346026617418714,0.0,0,8.244742909224723e-11
CyclicControl,neural,45,26,15.44006508920917,0.022706678605738547,0.0028279178273145356,0.03,0.03,1.0,0.4258084634795344,0.00014026596849509888,0.0001402681906062797,0.0,0,8.202617231278797e-11
CyclicControl,neural,45,27,14.564285089343063,0.0213782990991639,0.0020982960748785334,0.03,0.03,1.0,0.38986955990240535,0.00011704584991280124,0.0001170475964648865,0.0,0,8.160816293567574e-11
CyclicControl,neural,45,28,13.591375226487402,0.020500496289712653,0.00160454019335933,0.03,0.03,1.0,0.35455531076298175,0.0001008896737897582,0.0001008909783162884,0.0,0,8.990881129877781e-11
CyclicControl,neural,45,29,12.550725806179555,0.02008285257355005,0.001275578449445522,0.03,0.03,1.0,0.32059596616033104,8.972932671234314e-05,8.973027204375872e-05,0.0,0,8.974421900065366e-11
CyclicControl,neural,45,30,11.48076875099786,0.020125658778061977,0.0010612119885785448,0.03,0.03,1.0,0.2885972691886054,8.209408843029391e-05,8.209476236673008e-05,0.0,0,8.927441424999571e-11
CyclicControl,neural,45,31,10.423130940066223,0.020621138277614463,0.000926031985363715,0.03,0.03,1.0,0.2590262888935122,7.693829731789635e-05,7.693877518642755e-05,0.0,0,8.880140026090722e-11
CyclicControl,neural,45,32,9.416302810099877,0.021552033025283683,0.0008451059117325216,0.03,0.03,1.0,0.2322100258932092,7.35187710098617e-05,7.351911119836407e-05,0.0,0,8.832525162649763e-11
CyclicControl,neural,45,33,8.490834166132469,0.022887988035521754,0.0008009196251764633,0.03,0.03,1.0,0.2083425510625206,7.130763958424456e-05,7.130788470426086e-05,0.0,0,8.784619039137187e-11
CyclicControl,neural,45,34,7.667030066563736,0.024580870064864088,0.00078120997329921,0.03,0.03,1.0,0.18749675774357352,6.993035798816619e-05,6.99305379139939e-05,0.0,0,8.736449931545653e-11
CyclicControl,neural,45,35,6.954942415612799,0.0265610514993709,0.0007774284838928808,0.03,0.03,1.0,0.16963792445054995,6.91216103174009e-05,6.912174539946275e-05,0.0,0,8.688048197535991e-11
CyclicControl,neural,45,36,6.355826771568182,0.02873739127869467,0.0007836521815941799,0.03,0.03,1.0,0.15463792444491292,6.869392429825413e-05,6.869402817014786e-05,0.0,0,8.639444541713726e-11
CyclicControl,neural,45,37,5.864224761454012,0.031003299569687642,0.0007958112197965078,0.03,0.03,1.0,0.14229055886332811,6.851531599838534e-05,6.851539769626991e-05,0.0,0,8.590667760488557e-11
CyclicControl,neural,45,38,5.470122484620607,0.0332491555010266,0.0008111410700190752,0.03,0.03,1.0,0.1323293561786296,6.849335251152798e-05,6.849341802082909e-05,0.0,0,8.541746303325493e-11
CyclicControl,neural,45,39,5.160915527666565,0.035377988249618256,0.0008277939599683759,0.03,0.03,1.0,0.12444862785607076,6.856377932454999e-05,6.856383264686877e-05,0.0,0,8.492705844131976e-11
CyclicControl,neural,45,40,4.923060975042156,0.03731891908315034,0.0008445633186700274,0.03,0.03,1.0,0.118326752734986,6.868239717090253e-05,6.868244103401533e-05,0.0,0,8.443571015981366e-11
CyclicControl,neural,45,41,4.743350286203612,0.03903356773598337,0.0008606884701237161,0.03,0.03,1.0,0.11364876600103038,6.881925471783831e-05,6.881929104100848e-05,0.0,0,8.394365584585284e-11
CyclicControl,neural,45,42,4.609770590318179,0.040514174970739676,0.0008757163518512828,0.03,0.03,1.0,0.11012475294316361,6.89544938350297e-05,6.895452401791541e-05,0.0,0,8.345111754404222e-11
CyclicControl,neural,45,43,4.511971756770054,0.041775898220664576,0.0008894037782054137,0.03,0.03,1.0,0.10750169311898543,6.90753757352329e-05,6.907540084567093e-05,0.0,0,8.295828347187895e-11
CyclicControl,neural,45,44,4.441409156438021,0.04284723079122679,0.0009016485425585724,0.03,0.03,1.0,0.10556840986392005,6.917415220200444e-05,6.91741730778836e-05,0.0,0,8.24653609288184e-11
CyclicControl,neural,45,45,4.391261928458594,0.0437616649806436,0.000912441034279024,0.03,0.03,1.0,0.10415494812727331,6.92465423447336e-05,6.924655968326004e-05,0.0,0,8.197251211150558e-11
CyclicControl,neural,45,46,4.356225777586012,0.04455197696569238,0.0009218304443784492,0.03,0.03,1.0,0.10312841563823713,6.929064399604883e-05,6.92906583778935e-05,0.0,0,8.980368011723971e-11
CyclicControl,neural,45,47,4.332257800908628,0.04524711429917978,0.0009299013380075632,0.03,0.03,1.0,0.10238719280616113,6.930615725482016e-05,6.930616916885762e-05,0.0,0,8.998629792700275e-11
CyclicControl,neural,45,48,4.316323245344654,0.0458710149174592,0.0009367575824561353,0.03,0.03,1.0,0.10185487730701093,6.929383255391969e-05,6.929384241665532e-05,0.0,0,8.943994503352037e-11
CyclicControl,neural,45,49,4.306170335976195,0.04644259805670459,0.000942511481708333,0.03,0.03,1.0,0.10147474758100376,6.925508027081327e-05,6.925508845026518e-05,0.0,0,8.88943068461101e-11
CyclicControl,neural,45,50,4.30014292802179,0.046976335283580584,0.0009472765842007819,0.03,0.03,1.0,0.10120508392500033,6.919169662845254e-05,6.919170344223124e-05,0.0,0,8.83494943870744e-11
CyclicControl,neural,45,51,4.297031238358956,0.047483024698022805,0.0009511630684844868,0.03,0.03,1.0,0.10101540921322145,6.910567318074365e-05,6.910567890040104e-05,0.0,0,8.780561694399225e-11
CyclicControl,neural,45,52,4.295956360106381,0.04797056368857517,0.0009542749266108763,0.03,0.03,1.0,0.10088356928671999,6.899906637767086e-05,6.899907123401189e-05,0.0,0,8.726278380444263e-11
CyclicControl,neural,45,53,4.296282713991465,0.048444628000928955,0.0009567083878690708,0.03,0.03,1.0,0.10079351776882574,6.887391017878705e-05,6.887391436349172e-05,0.0,0,8.672107042889676e-11
CyclicControl,neural,45,54,4.297552618308253,0.04890922855300193,0.0009585511882823777,0.03,0.03,1.0,0.10073366244694006,6.873215937021164e-05,6.873216306307883e-05,0.0,0,8.618055574727279e-11
CyclicControl,neural,45,55,4.299437879453458,0.0493671490288454,0.0009598824048002996,0.03,0.03,1.0,0.10069564485204742,6.857565478170409e-05,6.857565812579819e-05,0.0,0,8.56413169547654e-11
CyclicControl,neural,45,56,4.301704230744549,0.04982028031697572,0.0009607726562509827,0.03,0.03,1.0,0.10067344674601125,6.84061037928927e-05,6.840610689626964e-05,0.0,0,8.51034112972493e-11
CyclicControl,neural,45,57,4.304185342733865,0.050269871228778844,0.0009612845327931774,0.03,0.03,1.0,0.10066273963197099,6.822507152115173e-05,6.822507448996096e-05,0.0,0,8.456689341851398e-11
CyclicControl,neural,45,58,4.30676389884865,0.050716713845484915,0.0009614731568408086,0.03,0.03,1.0,0.10066041306433077,6.803397942256942e-05,6.803398234402763e-05,0.0,0,8.403181969707241e-11
CyclicControl,neural,45,59,4.309357853135956,0.051161279079409615,0.0009613868092554767,0.03,0.03,1.0,0.1006642335623333,6.783410870541025e-05,6.783411165110775e-05,0.0,0,8.349823957254365e-11
CyclicControl,neural,45,60,4.311910471906187,0.051603814955232384,0.0009610675763868648,0.03,0.03,1.0,0.10067259844481467,6.762660692238333e-05,6.762660993759467e-05,0.0,0,8.296617733105638e-11
CyclicControl,neural,46,1,9.932825932300123,0.04015030657835834,12.326812779803932,0.03,0.03,1.0,0.7040593148071661,0.37197206129603394,0.36956154360109883,0.0,0,8.984402111167356e-11
CyclicControl,neural,46,2,10.885564858846527,0.04305672522317227,8.873708714687515,0.03,0.03,1.0,0.7031493699838998,0.2662179372502023,0.2646185793325406,0.0,0,8.969908149580874e-11
CyclicControl,neural,46,3,11.826277429396768,0.04492339256305172,6.29024488308604,0.03,0.03,1.0,0.7021961759054354,0.18619240156918077,0.18540481729678626,0.0,0,8.977013576938475e-11
CyclicControl,neural,46,4,12.777810831440643,0.04619460964584062,4.423481219147276,0.03,0.03,1.0,0.7011775841358121,0.12877654306651523,0.1284523960338545,0.0,0,8.875594703638967e-11
CyclicControl,neural,46,5,13.737401104328946,0.04714442750724587,3.1059066592905284,0.03,0.03,1.0,0.7000924636275546,0.08888804649283524,0.08875643776597841,0.0,0,8.804330875467059e-11
CyclicControl,neural,46,6,14.679891137753323,0.047922049328976944,2.1834017878860243,0.023381199245228374,0.03,1.0,0.7486666099801406,0.061533741055576976,0.06145796228709963,0.0,0,8.946877960713806e-11
CyclicControl,neural,46,7,15.65272067653339,0.04845509462286332,1.5387282009960237,0.015177379130500764,0.03,1.0,0.8201585192354993,0.04291378076999488,0.04286248850427443,0.0,0,8.944600615734544e-11
CyclicControl,neural,46,8,16.56731100744973,0.04883860811459215,1.0843813757652043,0.008350331800982302,0.03,1.0,0.891678020542281,0.030035331670249833,0.03000534151611836,0.0,0,8.918571436922207e-11
CyclicControl,neural,46,9,17.335496480892044,0.04913365516059524,0.7629731915358957,0.00214344332422873,0.03,1.0,0.9695316562449431,0.02104119039630397,0.02102551588070023,0.0,0,8.972432519183116e-11
CyclicControl,neural,46,10,17.926515591527963,0.04934672369910565,0.5358225222754106,0.0,0.03,1.0,1.0,0.014736719243872036,0.01472978357282008,0.0,0,8.95041887827297e-11
CyclicControl,neural,46,11,18.317413539357744,0.049506078009385376,0.3752006129263092,0.0,0.03,1.0,1.0,0.010294672358567885,0.010292101241813165,0.0,0,8.980241897327268e-11
CyclicControl,neural,46,12,18.524852340299084,0.049590900309625714,0.261837420511675,0.0,0.03,1.0,1.0,0.007167862465614008,0.0071671515126210394,0.0,0,8.849972144009399e-11
CyclicControl,neural,46,13,18.585474478084738,0.049549331170379934,0.1820738370263772,0.0,0.03,1.0,1.0,0.0049723238784985,0.004972317951937241,0.0,0,8.771708706611925e-11
CyclicControl,neural,46,14,18.530486531909748,0.049327119437718614,0.12608676969371121,0.0,0.03,1.0,1.0,0.0034339022419448183,0.0034341041039568504,0.0,0,8.718278529662449e-11
CyclicControl,neural,46,15,18.382483556625594,0.04886998400448357,0.08687520755898681,0.0,0.03,1.0,1.0,0.0023581701030772756,0.0023583967039873255,0.0,0,8.682067564880214e-11
CyclicControl,neural,46,16,18.154977690082745,0.04812939774512024,0.059478163615383356,0.0,0.03,1.0,1.0,0.001607817567547798,0.0016080085238810993,0.0,0,8.660901162915735e-11
CyclicControl,neural,46,17,17.85331418970218,0.04707218227263033,0.04039134183918339,0.0,0.03,1.0,1.0,0.001086067662444734,0.001086211006472132,0.0,0,8.655283781355827e-11
CyclicControl,neural,46,18,17.47619295087378,0.04569259395820328,0.02714368779190568,0.0,0.03,1.0,1.0,0.0007247792432729591,0.0007248804324784877,0.0,0,8.65705632180358e-11
CyclicControl,neural,46,19,17.01751796149569,0.04402325379026942,0.01799422290811141,0.0,0.03,1.0,1.0,0.0004759921859988289,0.00047606098858339607,0.0,0,8.662123796021604e-11
CyclicControl,neural,46,20,16.46860593342826,0.0421398285601775,0.011716787281287541,0.0,0.03,1.0,1.0,0.0003059535346338557,0.00030599916751864603,0.0,0,8.668712275783363e-11
CyclicControl,neural,46,21,15.82087149230683,0.04015570540882165,0.007447971188843591,0.0,0.03,1.0,1.0,0.00019091055691663333,0.00019094029887788133,0.0,0,8.675992216322648e-11
CyclicControl,neural,46,22,15.068965244035413,0.038207220440465886,0.004579955155045029,0.0,0.03,1.0,1.0,0.00011415202316338025,0.00011417116132900196,0.0,0,8.683369995265977e-11
CyclicControl,neural,46,23,14.213998568895882,0.036434645039828045,0.002685065732819028,0.0,0.03,1.0,1.0,6.392763711545596e-05,6.393983264740832e-05,0.0,0,8.690436564817716e-11
CyclicControl,neural,46,24,13.266079661940735,0.03496566762854226,0.0014626575505678058,0.0,0.03,1.0,1.0,3.1984162552393947e-05,3.1991874687456456e-05,0.0,0,8.696919226447442e-11
CyclicControl,neural,46,25,12.245191149663642,0.03390574883025864,0.0007016920793745385,0.0,0.03,1.0,1.0,1.2534503794028873e-05,1.2539350489747247e-05,0.0,0,8.702650405867374e-11
CyclicControl,neural,46,26,11.179753354174045,0.03333578748383212,0.000254351801961053,0.0,0.018764805123926972,1.0,1.0,2.3864309983594123e-06,2.3870277465129486e-06,0.0,0,8.707537815788591e-11
CyclicControl,neural,46,27,10.526427213955609,0.03325358175469851,9.153475066144001e-05,0.0,0.008265510675976912,1.0,1.0,3.782907294075085e-07,3.7826596386431044e-07,0.0,0,8.709997306732831e-11
CyclicControl,neural,46,28,10.247255874605777,0.03328231624564429,4.111894641375957e-05,0.0,0.004048608366397567,1.0,1.0,8.323725523410013e-08,8.320897198349497e-08,0.0,0,8.71091879184327e-11
CyclicControl,neural,46,29,10.11240230623969,0.03331035445808276,2.0297819059919564e-05,0.0,0.0020840985996664423,1.0,1.0,2.115132813953059e-08,2.1135643311909202e-08,0.0,0,8.71133755409037e-11
CyclicControl,neural,46,30,10.043463802343156,0.033328317633184085,1.0486696283909525e-05,0.0,0.001100098210306288,1.0,1.0,5.768197906977235e-09,5.759906787639046e-09,0.0,0,8.711544333128707e-11
CyclicControl,neural,46,31,10.007205241648784,0.033338760961070184,5.545563250275443e-06,0.0,0.0005883660782090703,1.0,1.0,1.6314106505124537e-09,1.6270097630277647e-09,0.0,0,8.711651539039522e-11
CyclicControl,neural,46,32,9.987850061691013,0.03334461819235111,2.9687666776301302e-06,0.0,0.0003168838976532189,1.0,1.0,4.703771780152164e-10,4.680214479857447e-10,0.0,0,8.711708437969534e-11
CyclicControl,neural,46,33,9.977436361742118,0.03334785116297328,1.5997379098492415e-06,0.0,0.00017131058568778417,1.0,1.0,1.3702601914161262e-10,1.3575759960637868e-10,0.0,0,8.711738969102711e-11
CyclicControl,neural,46,34,9.971809719809594,0.033349621767499324,8.650696714518347e-07,0.0,9.280024138149566e-05,1.0,1.0,4.0139337161270695e-11,3.9453940114952957e-11,0.0,0,8.711755275503386e-11
CyclicControl,neural,46,35,9.968762635631512,0.03335058760455213,4.686836484885104e-07,0.0,5.032582174553606e-05,1.0,1.0,1.1793444874440129e-11,1.1421766310526493e-11,0.0,0,8.711764643010156e-11
CyclicControl,neural,46,36,9.967110461118404,0.03335111334537447,2.5418861251957914e-07,0.0,2.730807832211332e-05,1.0,1.0,3.470701269636991e-12,3.269828852126011e-12,0.0,0,8.711769153291193e-11
CyclicControl,neural,46,37,9.966214027675669,0.03335139920401076,1.3793518202631638e-07,0.0,1.4822847104736103e-05,1.0,1.0,1.0222960567700156e-12,9.129225153614584e-13,0.0,0,8.711771928848755e-11
CyclicControl,neural,46,38,9.96572746605993,0.033351554538624956,7.487308828491024e-08,0.0,8.047264701256591e-06,1.0,1.0,3.012617802146133e-13,2.4202861936828413e-13,0.0,0,8.711772622738145e-11
CyclicControl,neural,46,39,9.965463320527686,0.033351638919358904,4.064881556353761e-08,0.0,4.3692434726312375e-06,1.0,1.0,8.880228603558888e-14,5.642708522657358e-14,0.0,0,8.711773663572231e-11
CyclicControl,neural,46,40,9.96531990534522,0.03335168474847456,2.2070322305833834e-08,0.0,2.372392100131923e-06,1.0,1.0,2.6179729142862776e-14,8.895661984809067e-15,0.0,0,8.711774704406317e-11
CyclicControl,neural,46,41,9.965242035010542,0.033351709636922536,1.1983692510542099e-08,0.0,1.2881872837298317e-06,1.0,1.0,7.718620152104375e-15,-1.880440247958859e-15,0.0,0,8.711775051351012e-11
CyclicControl,neural,46,42,9.965199752303649,0.033351723152408974,6.5070580868020755e-09,0.0,6.99485581662715e-07,1.0,1.0,2.2757966553799117e-15,-2.921274333544943e-15,0.0,0,8.711774357461621e-11
CyclicControl,neural,46,43,9.96517679284938,0.03335173049169582,3.5333232867307274e-09,0.0,3.798223981879251e-07,1.0,1.0,6.710176621696533e-16,-2.0261570199409107e-15,0.0,0,8.711774357461621e-11
CyclicControl,neural,46,44,9.96516432582399,0.03335173447705857,1.918617348328766e-09,0.0,2.0624681618408887e-07,1.0,1.0,1.978543597841835e-16,-1.2836953722228372e-15,0.0,0,8.711774704406317e-11
CyclicControl,neural,46,45,9.96515755612686,0.03335173664117769,1.0418197554651343e-09,0.0,1.1199339036775214e-07,1.0,1.0,5.833846328332143e-17,-8.326672684688674e-16,0.0,0,8.711774704406317e-11
CyclicControl,neural,46,46,9.96515388013779,0.03335173781631852,5.657172647000053e-10,0.0,6.081346302667855e-08,1.0,1.0,1.7201612980193746e-17,-4.996003610813204e-16,0.0,0,8.711774704406317e-11
CyclicControl,neural,46,47,9.96515188404168,0.03335173845443371,3.071910781304865e-10,0.0,3.3022440862653126e-08,1.0,1.0,5.072099605549324e-18,-1.5265566588595902e-16,0.0,0,8.711774704406317e-11
CyclicControl,neural,46,48,9.965150800137456,0.03335173880093887,1.6679643777273157e-10,0.0,1.793029731946825e-08,1.0,1.0,1.4953548605466311e-18,-2.1510571102112408e-16,0.0,0,8.711774704406317e-11
CyclicControl,neural,46,49,9.965150211606684,0.03335173898908222,9.057234129361547e-11,0.0,9.736354855463128e-09,1.0,1.0,4.409222274623781e-19,1.6653345369377348e-16,0.0,0,8.711774704406317e-11
CyclicControl,neural,46,50,9.965149892027988,0.03335173909124597,4.91780227651617e-11,0.0,5.286544672607303e-09,1.0,1.0,1.299909071292631e-19,-1.5265566588595902e-16,0.0,0,8.711774704406317e-11
CyclicControl,neural,46,51,9.965149718506272,0.033351739146718073,2.6720292645165955e-11,0.0,2.8723812073345467e-09,1.0,1.0,3.8375433224227097e-20,-1.1102230246251565e-16,0.0,0,8.711774357461621e-11
CyclicControl,neural,46,52,9.965149624225313,0.03335173917685809,1.45102679871556e-11,0.0,1.5598265656507009e-09,1.0,1.0,1.1316750740538113e-20,-2.7755575615628914e-17,0.0,0,8.711774704406317e-11
CyclicControl,neural,46,53,9.965149573026595,0.03335173919322558,7.86627707416443e-12,0.0,8.456100299418132e-10,1.0,1.0,3.3259013961073914e-21,5.551115123125783e-17,0.0,0,8.711774704406317e-11
CyclicControl,neural,46,54,9.96514954527111,0.03335173920209835,4.278868925844392e-12,0.0,4.5997038721627016e-10,1.0,1.0,9.840764983341556e-22,-7.632783294297951e-17,0.0,0,8.711774704406317e-11
CyclicControl,neural,46,55,9.965149530173193,0.03335173920692488,2.3293866835416566e-12,0.0,2.504047024689472e-10,1.0,1.0,2.916446897136881e-22,1.3877787807814457e-17,0.0,0,8.711774704406317e-11
CyclicControl,neural,46,56,9.965149521954325,0.03335173920955243,1.2732870313669764e-12,0.0,1.3687596966590044e-10,1.0,1.0,8.714119854068535e-23,2.0122792321330962e-16,0.0,0,8.711775051351012e-11
CyclicControl,neural,46,57,9.965149517461638,0.03335173921098871,6.810524366684945e-13,0.0,7.321186068356801e-11,0.0,1.0,2.493055805578917e-23,6.938893903907228e-18,0.0,0,8.711774704406317e-11
CyclicControl,neural,46,58,9.965149515058352,0.033351739211756944,3.587408148320037e-13,0.0,3.8563965356498263e-11,0.0,1.0,6.917234177571674e-24,-1.3877787807814457e-17,0.0,0,8.711774704406317e-11
CyclicControl,neural,46,59,9.965149513792667,0.03335173921216153,1.9741153156616065e-13,0.0,2.1221369725843657e-11,0.0,1.0,2.0946715497552756e-24,-1.3183898417423734e-16,0.0,0,8.711775051351012e-11
CyclicControl,neural,46,60,9.965149513096081,0.03335173921238421,1.0720591081536668e-13,0.0,1.1524434534065902e-11,0.0,1.0,6.177437504283006e-25,-1.1796119636642288e-16,0.0,0,8.711775051351012e-11
CyclicControl,neural,47,1,7.1040501624246275,0.08153961004454334,12.22817924912758,0.03,0.03,1.0,0.7099713583555579,0.3500827001200969,0.3483311271801641,0.0,0,8.749129198903915e-11
CyclicControl,neural,47,2,8.150576605566132,0.07767036486273902,8.691849209161004,0.027545430504697134,0.03,1.0,0.7220688479315029,0.24890478881118025,0.24818051715005918,0.0,0,8.851186450442583e-11
CyclicControl,neural,47,3,9.195730279683694,0.07366124310640411,6.300274750465471,0.02294559899696859,0.03,1.0,0.7536802602417996,0.1803715677208162,0.17997526547610176,0.0,0,8.946660079445223e-11
CyclicControl,neural,47,4,10.232915524740793,0.07001299311043177,4.646222366926804,0.021215593046980268,0.03,1.0,0.7655386334337327,0.13285513079809746,0.13254913967982307,0.0,0,8.960490682774491e-11
CyclicControl,neural,47,5,11.264166770009282,0.06678345704140229,3.4525154009096237,0.02120020254887122,0.03,1.0,0.7640090449995717,0.09849899104163734,0.09826658080325423,0.0,0,8.594258638083829e-11
CyclicControl,neural,47,6,12.276451065814873,0.06397514506414705,2.566063894626947,0.02179973238220966,0.03,1.0,0.7577968595583111,0.07300249994505567,0.07283878259075693,0.0,0,8.905448600771138e-11
CyclicControl,neural,47,7,13.248372809415233,0.06157852546095207,1.900050581273563,0.022351662961597688,0.03,1.0,0.7523831710798725,0.0538922317780614,0.053784483780614956,0.0,0,8.91266227487364e-11
CyclicControl,neural,47,8,14.156684591611377,0.05957178091932422,1.3992795700162566,0.02253677513068345,0.03,1.0,0.750273012260936,0.03956844270607631,0.03950135027786522,0.0,0,8.693651354363396e-11
CyclicControl,neural,47,9,14.98080281568186,0.05791910642981338,1.0245939009487393,0.022253879353470993,0.03,1.0,0.7521808331771169,0.028886831918021445,0.02884679461318833,0.0,0,8.974319204435588e-11
CyclicControl,neural,47,10,15.70572238299642,0.05657233312371614,0.7462354756933633,0.02151206613083564,0.03,1.0,0.7580249881303955,0.020977666374485743,0.02095450667373397,0.0,0,8.835918108296426e-11
CyclicControl,neural,47,11,16.323532654023392,0.055474672283745786,0.5409628723047513,0.02036030064062094,0.03,1.0,0.7675078153081257,0.015164143413655747,0.015151045092419393,0.0,0,8.972097023662862e-11
CyclicControl,neural,47,12,16.83361872467832,0.054564623107026644,0.3906067609915328,0.01885493101769642,0.03,1.0,0.7803534701272343,0.01091955177915779,0.010912266331352172,0.0,0,8.788497360412428e-11
CyclicControl,neural,47,13,17.241704555599064,0.053778717222798596,0.28111409535030946,0.017050424519807632,0.03,1.0,0.7963608472830723,0.007838273652984395,0.00783428253929739,0.0,0,8.992838418375726e-11
CyclicControl,neural,47,14,17.558066232800353,0.05305274141506201,0.20176404227569905,0.015007738523375634,0.03,1.0,0.8153057241271864,0.005612137045126592,0.005609981611725663,0.0,0,8.786831678930795e-11
CyclicControl,neural,47,15,17.795425267876823,0.052321659834773326,0.14448460040655922,0.012802764482580723,0.03,1.0,0.8368217092761124,0.0040099882806371445,0.004008840352668713,0.0,0,8.794050557203725e-11
CyclicControl,neural,47,16,17.966975370884448,0.05151906207396663,0.10326736909346754,0.010538060215230727,0.03,1.0,0.8602035891038443,0.0028603913509115254,0.0028597784218083733,0.0,0,8.667917772431366e-11
CyclicControl,neural,47,17,18.08485822025809,0.05057708640345682,0.07368164800106834,0.008356794932614573,0.03,1.0,0.884102125466063,0.0020373774761986703,0.002037043542943321,0.0,0,8.783956374769364e-11
CyclicControl,neural,47,18,18.15917225446898,0.04942798551687104,0.05248597657241064,0.006459301198951241,0.03,1.0,0.9060582422519255,0.0014491262200053364,0.0014489428770752197,0.0,0,8.964376463360679e-11
CyclicControl,neural,47,19,18.197418825694808,0.048008498476945785,0.03732479695035887,0.005121428034964813,0.03,1.0,0.921867210995536,0.0010291764716813816,0.0010290742106939428,0.0,0,8.876817336744836e-11
CyclicControl,neural,47,20,18.20420632994035,0.04626770562948118,0.026495147516259615,0.004712028134800193,0.03,1.0,0.924944957431105,0.0007296992612497503,0.0007296407132473225,0.0,0,8.982164664828041e-11
CyclicControl,neural,47,21,18.181044959891924,0.044177807117606244,0.018771548541926877,0.005704993533953358,0.03,1.0,0.9063176885734257,0.000516468362379467,0.0005164334833766583,0.0,0,8.697031463056337e-11
CyclicControl,neural,47,22,18.126158439176074,0.04174545800575626,0.01327583322505068,0.008679541237611771,0.03,1.0,0.8564925890664113,0.0003651280040786841,0.00036510598492464977,0.0,0,8.496017778192311e-11
CyclicControl,neural,47,23,18.034414202916366,0.03901986330732115,0.009381283301394469,0.014303329641080458,0.03,1.0,0.7702605519892988,0.00025843775351014006,0.00025842264273061993,0.0,0,8.351982820620218e-11
CyclicControl,neural,47,24,17.897750595077728,0.03609404533758822,0.006642434794420192,0.02330044131878797,0.03,1.0,0.6525729729475126,0.00018424166531621401,0.0001842300115457579,0.0,0,8.243809627994647e-11
CyclicControl,neural,47,25,17.706876428028142,0.03309777855576786,0.00474380847298294,0.03,0.03,1.0,0.5676641218886611,0.0001338562953689332,0.0001338477826752782,0.0,0,8.950267436913517e-11
CyclicControl,neural,47,26,17.44811614706319,0.030187170953041253,0.003437192992922569,0.03,0.03,1.0,0.5385588026392,9.978459825828786e-05,9.977953385954114e-05,0.0,0,8.97450828929447e-11
CyclicControl,neural,47,27,17.100314025770583,0.02750229329228151,0.0025250035976703486,0.03,0.03,1.0,0.5064742975659895,7.657507349361544e-05,7.657201783879339e-05,0.0,0,8.903729142861749e-11
CyclicControl,neural,47,28,16.64596103907741,0.025148958238319107,0.0018887576588855204,0.03,0.03,1.0,0.47210100756196616,6.088092153279552e-05,6.08790496650323e-05,0.0,0,8.843577953276949e-11
CyclicControl,neural,47,29,16.068775267899845,0.023204814947735283,0.0014450818487100198,0.03,0.03,1.0,0.4362539120454278,5.035639139571498e-05,5.035522687876076e-05,0.0,0,8.790710867567775e-11
CyclicControl,neural,47,30,15.357865195191842,0.021721835273554885,0.0011354608891825727,0.03,0.03,1.0,0.3997954166807059,4.336403193607938e-05,4.336329679375736e-05,0.0,0,8.742711415932192e-11
CyclicControl,neural,47,31,14.512644477579729,0.02073273848701704,0.0009189352098542755,0.03,0.03,1.0,0.3635649528162131,3.87659703102736e-05,3.876550027146278e-05,0.0,0,8.697861875184287e-11
CyclicControl,neural,47,32,13.546894027437702,0.020258100056521976,0.0007669133023576608,0.03,0.03,1.0,0.32832361344092953,3.5775544600227804e-05,3.577524111839786e-05,0.0,0,8.654960428899905e-11
CyclicControl,neural,47,33,12.489885116988543,0.02031206239645433,0.0006594954593605942,0.03,0.03,1.0,0.2947171172780784,3.3852137669119174e-05,3.385194062592925e-05,0.0,0,8.613185165096127e-11
CyclicControl,neural,47,34,11.383242754956667,0.020905613650870025,0.0005828745850807587,0.03,0.03,1.0,0.2632566642169926,3.262683978324382e-05,3.262671184662419e-05,0.0,0,8.571987043792806e-11
CyclicControl,neural,47,35,10.274182872571455,0.022046992798340343,0.0005275026273709668,0.03,0.03,1.0,0.23431488900896597,3.185005026954974e-05,3.184996783194352e-05,0.0,0,8.531015650847795e-11
CyclicControl,neural,47,36,9.207601764641101,0.023739024266705867,0.00048680000911682786,0.03,0.03,1.0,0.20813291408386067,3.135465208200464e-05,3.13545999600269e-05,0.0,0,8.490055360133031e-11
CyclicControl,neural,47,37,8.219810261860657,0.025973372261578653,0.00045624936726683385,0.03,0.03,1.0,0.184834191742998,3.103021366783129e-05,3.103018194390572e-05,0.0,0,8.448985608366932e-11
CyclicControl,neural,47,38,7.335423439732312,0.02872217240923453,0.0004327607456300689,0.03,0.03,1.0,0.16444120122438263,3.080498063181506e-05,3.080496273042896e-05,0.0,0,8.407748802730097e-11
CyclicControl,neural,47,39,6.5672437588389725,0.031928527092937586,0.0004142281508296222,0.03,0.03,1.0,0.1468919707318161,3.0633356679666233e-05,3.063334819577296e-05,0.0,0,8.366328983766547e-11
CyclicControl,neural,47,40,5.918020830152428,0.035498921823619155,0.0003992207380173335,0.03,0.03,1.0,0.13205470273582562,3.04872427337316e-05,3.0487240679506755e-05,0.0,0,8.324733957731922e-11
CyclicControl,neural,47,41,5.382925653681647,0.039302016995730896,0.0003867685080309602,0.03,0.03,1.0,0.11974031387202494,3.035007987861344e-05,3.0350082210528484e-05,0.0,0,8.282988357699583e-11
CyclicControl,neural,47,42,4.952004558320662,0.04317794639051778,0.00037621419359187835,0.03,0.03,1.0,0.10971408949464653,3.021278106154785e-05,3.0212786374585188e-05,0.0,0,8.241121847440969e-11
CyclicControl,neural,47,43,4.6123145559925565,0.04695878756685452,0.0003671113750011376,0.03,0.03,1.0,0.10170830219226973,3.0070977114382558e-05,3.0070984435557474e-05,0.0,0,8.199169294897946e-11
CyclicControl,neural,47,44,4.349678737571364,0.05049503075753923,0.00035915478324155536,0.03,0.03,1.0,0.09543703818328686,2.9923173196912817e-05,2.9923181846441826e-05,0.0,0,8.157163659816558e-11
CyclicControl,neural,47,45,4.150057579485657,0.05367852286814982,0.0003521329323184427,0.03,0.03,1.0,0.09061276988877198,2.9769532403444918e-05,2.9769541908638425e-05,0.0,0,8.987407693061833e-11
CyclicControl,neural,47,46,4.000523378393377,0.05645349911993438,0.00034589617478059803,0.03,0.03,1.0,0.0869624566991305,2.9611088478165466e-05,2.9611098510774758e-05,0.0,0,8.970127592100585e-11
CyclicControl,neural,47,47,3.8898371987273417,0.05881352936228713,0.0003403353552788521,0.03,0.03,1.0,0.08424037853747143,2.9449249603533123e-05,2.9449259930390548e-05,0.0,0,8.923473071575927e-11
CyclicControl,neural,47,48,3.8086725809209185,0.0607886736492503,0.00033536770130751514,0.03,0.03,1.0,0.08223583752663062,2.9285497447557526e-05,2.9285507914558057e-05,0.0,0,8.876877531649452e-11
CyclicControl,neural,47,49,3.7495743254819383,0.062429647330906037,0.0003309276192207944,0.03,0.03,1.0,0.08077552545396813,2.9121215431837308e-05,2.9121225928335076e-05,0.0,0,8.83036265636461e-11
CyclicControl,neural,47,50,3.7067564052691373,0.06379424204514718,0.00032696078380300975,0.03,0.03,1.0,0.07972170082868602,2.8957600753869855e-05,2.89576112085764e-05,0.0,0,8.783945966428508e-11
CyclicControl,neural,47,51,3.6758295644833248,0.06493820553461581,0.0003234204145713751,0.03,0.03,1.0,0.07896784784870342,2.8795629407500807e-05,2.8795639774086e-05,0.0,0,8.737639951850174e-11
CyclicControl,neural,47,52,3.6535213092061287,0.06591043220177832,0.00032026498319390195,0.03,0.03,1.0,0.07843332971134172,2.8636053364563922e-05,2.8636063611139212e-05,0.0,0,8.691457623055676e-11
CyclicControl,neural,47,53,3.6374231784260336,0.06675127829275777,0.0003174568401606917,0.03,0.03,1.0,0.0780580783694629,2.8479416117625257e-05,2.847942623530539e-05,0.0,0,8.645409214913524e-11
CyclicControl,neural,47,54,3.625779530508799,0.06749272290747099,0.00031496141823187523,0.03,0.03,1.0,0.07779788427997844,2.8326077659795654e-05,2.8326087638280706e-05,0.0,0,8.642976438710814e-11
CyclicControl,neural,47,55,3.6173195795438198,0.06815940756707302,0.00031274678603185335,0.03,0.03,1.0,0.07762049822686974,2.8176243051793518e-05,2.8176252891223136e-05,0.0,0,8.667074870294389e-11
CyclicControl,neural,47,56,3.611128220718082,0.06876995452756145,0.00031078340423235096,0.03,0.03,1.0,0.0775025487851604,2.802999119998987e-05,2.8030000910519992e-05,0.0,0,8.691127505178198e-11
CyclicControl,neural,47,57,3.6065489516569236,0.06933824814319234,0.0003090439909311099,0.03,0.03,1.0,0.07742717899988871,2.788730177892204e-05,2.78873113652503e-05,0.0,0,8.715129833081203e-11
CyclicControl,neural,47,58,3.6031120810729647,0.06987454372255422,0.00030750343840719313,0.03,0.03,1.0,0.07738227284829836,2.7748079198098782e-05,2.774808867304912e-05,0.0,0,8.739075608998892e-11
CyclicControl,neural,47,59,3.600482237897706,0.07038636757236108,0.00030613874740185315,0.03,0.03,1.0,0.07735914408649285,2.7612173294406378e-05,2.76121826663471e-05,0.0,0,8.762960669594921e-11
CyclicControl,neural,47,60,3.5984203011053344,0.07087921947285157,0.0003049289603606481,0.03,0.03,1.0,0.07735157710375186,2.7479396599991088e-05,2.7479405883185093e-05,0.0,0,8.786782065839382e-11
CyclicControl,neural,48,1,9.286195693914161,0.08198912793183719,12.602062080008904,0.007407304526922042,0.03,1.0,0.9090886675975999,0.3558948896253302,0.35512804909793616,0.0,0,8.778230919936902e-11
CyclicControl,neural,48,2,10.365331979992662,0.07762167263670602,9.083187776187556,0.013585098698574133,0.03,1.0,0.8442741595642155,0.25724089219629875,0.25655776615565296,0.0,0,8.861844591478985e-11
CyclicControl,neural,48,3,11.49870335007246,0.07317210003269053,6.560620587467727,0.01857285708739529,0.03,1.0,0.7978892060808888,0.1859654224729646,0.1854151253427253,0.0,0,8.859975253461272e-11
CyclicControl,neural,48,4,12.651979759351455,0.0689837332809099,4.721306285708193,0.023462443639050513,0.03,1.0,0.7569018032597629,0.13382854181071388,0.13342036237782995,0.0,0,8.769887593906844e-11
CyclicControl,neural,48,5,13.80186828631816,0.06515527548611082,3.37474856344489,0.02890368102706315,0.03,1.0,0.7158503776551974,0.09570479152443692,0.0954184700999623,0.0,0,8.970667264573962e-11
CyclicControl,neural,48,6,14.930823118417738,0.061695911655251144,2.3924975620424553,0.03,0.03,1.0,0.707574532274757,0.06796676187306908,0.06778584789778333,0.0,0,8.900371412101649e-11
CyclicControl,neural,48,7,15.951112827197834,0.05885521857620188,1.6783549667161675,0.03,0.03,1.0,0.7069141860706615,0.04783714050202347,0.04773105122043905,0.0,0,8.864037281952619e-11
CyclicControl,neural,48,8,16.815036612386418,0.056616192711828266,1.1651915245947138,0.03,0.03,1.0,0.7061926101272168,0.03337207454454723,0.033312948810948845,0.0,0,8.944890314555032e-11
CyclicControl,neural,48,9,17.506104536278954,0.05488144058990716,0.8012269550979215,0.03,0.03,1.0,0.7053482690408647,0.02309131326065955,0.023059698422942795,0.0,0,8.919469156321025e-11
CyclicControl,neural,48,10,18.026135225184966,0.053546321382571926,0.5460963609844084,0.03,0.03,1.0,0.7042960163685679,0.015857846341854224,0.01584152163842384,0.0,0,8.962102067411326e-11
CyclicControl,neural,48,11,18.391004521999054,0.05250198336731267,0.36907100148386923,0.03,0.03,1.0,0.7029163045630418,0.010813277728866104,0.010805088544800431,0.0,0,8.796544222200442e-11
CyclicControl,neural,48,12,18.624510900654865,0.05163654123908514,0.24731750362071772,0.03,0.03,1.0,0.7010413006859175,0.007322070594907661,0.007318011890763476,0.0,0,8.994831442177276e-11
CyclicControl,neural,48,13,18.75261803152733,0.05083493575213942,0.16422094965194492,0.03,0.03,1.0,0.6984377281088499,0.004921897253811449,0.0049199369182202635,0.0,0,8.994831442177276e-11
CyclicControl,neural,48,14,18.79928317984627,0.04997858781983889,0.1079090535996096,0.03,0.03,1.0,0.6947873382922292,0.0032817420280294683,0.0032808208590530616,0.0,0,8.90426343769235e-11
CyclicControl,neural,48,15,18.784032458192563,0.048946802586552186,0.07001186280124645,0.03,0.03,1.0,0.6896681918255995,0.002167396467170006,0.0021669770193258955,0.0,0,8.735394005365826e-11
CyclicControl,neural,48,16,18.72086612694166,0.047622748619548065,0.044692543536820756,0.03,0.03,1.0,0.6825436933708926,0.001414763262966431,0.0014145794778145093,0.0,0,8.612572460764412e-11
CyclicControl,neural,48,17,18.617941100628993,0.04590687055652184,0.027915237890997063,0.03,0.03,1.0,0.6727709697046103,0.0009097505792514324,0.0009096739810568882,0.0,0,8.526568166800086e-11
CyclicControl,neural,48,18,18.47758004666236,0.04373825480766069,0.016908006522105626,0.03,0.03,1.0,0.6596429957243966,0.0005735124021503876,0.0005734826304407276,0.0,0,8.469005531586138e-11
CyclicControl,neural,48,19,18.296335873574648,0.041118781243829866,0.009777260080663652,0.03,0.03,1.0,0.6424747031745388,0.0003518207146021666,0.000351810324076475,0.0,0,8.434265091894488e-11
CyclicControl,neural,48,20,18.065029966067968,0.03812828735126477,0.005235292429459082,0.03,0.03,1.0,0.6207277386229098,0.000207523440253609,0.0002075204636983255,0.0,0,8.414382905719275e-11
CyclicControl,neural,48,21,17.768880836540696,0.03491829797292796,0.0024099723308600163,0.03,0.03,1.0,0.5941451955666068,0.00011525063034411795,0.000115250141986524,0.0,0,8.404974112530272e-11
CyclicControl,neural,48,22,17.388064982005698,0.031682055978456476,0.0007129618377444552,0.03,0.022197268916879183,1.0,0.4878812956919612,5.873749340302609e-05,5.8737339131011146e-05,0.0,0,8.404421603103174e-11
CyclicControl,neural,48,23,17.040650124493325,0.029453489581865295,-7.84815863939109e-05,0.03,0.0,0.0,0.0,4.175866099397074e-05,4.175805340719818e-05,0.0,0,8.404517359839048e-11
CyclicControl,neural,48,24,17.019364141699466,0.02948263916350874,-0.0002020201203413452,0.03,0.0,0.0,0.0,3.73361697840191e-05,3.733555986696474e-05,0.0,0,8.400043334522156e-11
CyclicControl,neural,48,25,17.005532769898537,0.0294966573314184,-0.00029655975904985254,0.03,0.0,0.0,0.0,3.281224711350339e-05,3.2811647613630035e-05,0.0,0,8.39582743605849e-11
CyclicControl,neural,48,26,16.999588464214813,0.029494636557975077,-0.0003617436615737518,0.03,0.0,0.0,0.0,2.8214961624896395e-05,2.821438449993746e-05,0.0,0,8.391866541945792e-11
CyclicControl,neural,48,27,17.001830548893096,0.029475952257851663,-0.0003974068925546165,0.03,0.0,0.0,0.0,2.357274314575275e-05,2.35721991198104e-05,0.0,0,8.38816446857571e-11
CyclicControl,neural,48,28,17.01240538880596,0.02944030566025422,-0.00040357815071466463,0.03,0.0,0.0,0.0,1.891415015746467e-05,1.89136482902294e-05,0.0,0,8.384730583455013e-11
CyclicControl,neural,48,29,17.03128954067012,0.029387755066318157,-0.0003804792411823271,0.03,0.0,0.0,0.0,1.4267632353882898e-05,1.4267179762161852e-05,0.0,0,8.381579111316206e-11
CyclicControl,neural,48,30,17.058276346648274,0.029318733601684053,-0.0003285222196315607,0.03,0.0,0.0,0.0,9.661292908420827e-06,9.660894527398212e-06,0.0,0,8.378728093283438e-11
CyclicControl,neural,48,31,17.092966532272932,0.029234052174065828,-0.0002483041999627039,0.03,0.0,0.0,0.0,5.122654794499637e-06,5.1223132575134445e-06,0.0,0,8.376201121595983e-11
CyclicControl,neural,48,32,17.13476350698034,0.029134887009153745,-0.0001405998852094248,0.019810603224263017,0.0,0.0,0.0,9.224723958760353e-07,9.224037129870744e-07,0.0,0,8.374026125301803e-11
CyclicControl,neural,48,33,17.16425440976927,0.029053015441965563,-5.703934388631704e-05,0.0,0.0,0.0,0.0,-0.0,-0.0,0.0,0,8.372824482349994e-11
CyclicControl,neural,48,34,17.16425440976927,0.029053015441965563,-5.703934388631704e-05,0.0,0.0,0.0,0.0,-0.0,-0.0,0.0,0,8.372824482349994e-11
CyclicControl,neural,48,35,17.16425440976927,0.029053015441965563,-5.703934388631704e-05,0.0,0.0,0.0,0.0,-0.0,-0.0,0.0,0,8.372824482349994e-11
CyclicControl,neural,48,36,17.16425440976927,0.029053015441965563,-5.703934388631704e-05,0.0,0.0,0.0,0.0,-0.0,-0.0,0.0,0,8.372824482349994e-11
CyclicControl,neural,48,37,17.16425440976927,0.029053015441965563,-5.703934388631704e-05,0.0,0.0,0.0,0.0,-0.0,-0.0,0.0,0,8.372824482349994e-11
CyclicControl,neural,48,38,17.16425440976927,0.029053015441965563,-5.703934388631704e-05,0.0,0.0,0.0,0.0,-0.0,-0.0,0.0,0,8.372824482349994e-11
CyclicControl,neural,48,39,17.16425440976927,0.029053015441965563,-5.703934388631704e-05,0.0,0.0,0.0,0.0,-0.0,-0.0,0.0,0,8.372824482349994e-11
CyclicControl,neural,48,40,17.16425440976927,0.029053015441965563,-5.703934388631704e-05,0.0,0.0,0.0,0.0,-0.0,-0.0,0.0,0,8.372824482349994e-11
CyclicControl,neural,48,41,17.16425440976927,0.029053015441965563,-5.703934388631704e-05,0.0,0.0,0.0,0.0,-0.0,-0.0,0.0,0,8.372824482349994e-11
CyclicControl,neural,48,42,17.16425440976927,0.029053015441965563,-5.703934388631704e-05,0.0,0.0,0.0,0.0,-0.0,-0.0,0.0,0,8.372824482349994e-11
CyclicControl,neural,48,43,17.16425440976927,0.029053015441965563,-5.703934388631704e-05,0.0,0.0,0.0,0.0,-0.0,-0.0,0.0,0,8.372824482349994e-11
CyclicControl,neural,48,44,17.16425440976927,0.029053015441965563,-5.703934388631704e-05,0.0,0.0,0.0,0.0,-0.0,-0.0,0.0,0,8.372824482349994e-11
CyclicControl,neural,48,45,17.16425440976927,0.029053015441965563,-5.703934388631704e-05,0.0,0.0,0.0,0.0,-0.0,-0.0,0.0,0,8.372824482349994e-11
CyclicControl,neural,48,46,17.16425440976927,0.029053015441965563,-5.703934388631704e-05,0.0,0.0,0.0,0.0,-0.0,-0.0,0.0,0,8.372824482349994e-11
CyclicControl,neural,48,47,17.16425440976927,0.029053015441965563,-5.703934388631704e-05,0.0,0.0,0.0,0.0,-0.0,-0.0,0.0,0,8.372824482349994e-11
CyclicControl,neural,48,48,17.16425440976927,0.029053015441965563,-5.703934388631704e-05,0.0,0.0,0.0,0.0,-0.0,-0.0,0.0,0,8.372824482349994e-11
CyclicControl,neural,48,49,17.16425440976927,0.029053015441965563,-5.703934388631704e-05,0.0,0.0,0.0,0.0,-0.0,-0.0,0.0,0,8.372824482349994e-11
CyclicControl,neural,48,50,17.16425440976927,0.029053015441965563,-5.703934388631704e-05,0.0,0.0,0.0,0.0,-0.0,-0.0,0.0,0,8.372824482349994e-11
CyclicControl,neural,48,51,17.16425440976927,0.029053015441965563,-5.703934388631704e-05,0.0,0.0,0.0,0.0,-0.0,-0.0,0.0,0,8.372824482349994e-11
CyclicControl,neural,48,52,17.16425440976927,0.029053015441965563,-5.703934388631704e-05,0.0,0.0,0.0,0.0,-0.0,-0.0,0.0,0,8.372824482349994e-11
CyclicControl,neural,48,53,17.16425440976927,0.029053015441965563,-5.703934388631704e-05,0.0,0.0,0.0,0.0,-0.0,-0.0,0.0,0,8.372824482349994e-11
CyclicControl,neural,48,54,17.16425440976927,0.029053015441965563,-5.703934388631704e-05,0.0,0.0,0.0,0.0,-0.0,-0.0,0.0,0,8.372824482349994e-11
CyclicControl,neural,48,55,17.16425440976927,0.029053015441965563,-5.703934388631704e-05,0.0,0.0,0.0,0.0,-0.0,-0.0,0.0,0,8.372824482349994e-11
CyclicControl,neural,48,56,17.16425440976927,0.029053015441965563,-5.703934388631704e-05,0.0,0.0,0.0,0.0,-0.0,-0.0,0.0,0,8.372824482349994e-11
CyclicControl,neural,48,57,17.16425440976927,0.029053015441965563,-5.703934388631704e-05,0.0,0.0,0.0,0.0,-0.0,-0.0,0.0,0,8.372824482349994e-11
CyclicControl,neural,48,58,17.16425440976927,0.029053015441965563,-5.703934388631704e-05,0.0,0.0,0.0,0.0,-0.0,-0.0,0.0,0,8.372824482349994e-11
CyclicControl,neural,48,59,17.16425440976927,0.029053015441965563,-5.703934388631704e-05,0.0,0.0,0.0,0.0,-0.0,-0.0,0.0,0,8.372824482349994e-11
CyclicControl,neural,48,60,17.16425440976927,0.029053015441965563,-5.703934388631704e-05,0.0,0.0,0.0,0.0,-0.0,-0.0,0.0,0,8.372824482349994e-11
CyclicControl,neural,49,1,18.40648435523646,0.014691025592278707,11.60299720462522,0.013326058917598384,0.03,1.0,0.8368884087843655,0.32860322314424584,0.3276570359595157,0.0,0,8.629208458899029e-11
CyclicControl,neural,49,2,19.96732544084908,0.020778780324367578,8.583825834708026,0.015899711222857885,0.03,1.0,0.8111211264819048,0.2420500919973301,0.24142692125671406,0.0,0,8.843473175979e-11
CyclicControl,neural,49,3,21.23456933686394,0.025759878616835527,6.287421917107292,0.019903009468285826,0.03,1.0,0.7741613536088909,0.17674602744897516,0.17636424348657964,0.0,0,8.874423418347988e-11
CyclicControl,neural,49,4,22.162784214092042,0.029785077915471483,4.558951116447514,0.024945336342219626,0.03,1.0,0.7320961666526131,0.1280084355987593,0.12778510249600117,0.0,0,8.807801710197793e-11
CyclicControl,neural,49,5,22.750492396515394,0.03305788199612553,3.2741941241454615,0.03,0.03,1.0,0.694082807828854,0.09204244272436614,0.09191567588549271,0.0,0,8.962718067717645e-11
CyclicControl,neural,49,6,23.011000430532878,0.03577881344624458,2.3304001815545012,0.03,0.03,1.0,0.6935191926498409,0.06569526778309581,0.06562892456349578,0.0,0,8.899974507370345e-11
CyclicControl,neural,49,7,22.94778340974685,0.03808541014878423,1.6431940683469097,0.03,0.03,1.0,0.6925687962792063,0.04648920263740951,0.046457528341896204,0.0,0,8.886120311801804e-11
CyclicControl,neural,49,8,22.664991655721476,0.03994980435200162,1.1493766350179846,0.03,0.03,1.0,0.6910658831393428,0.03265711275728695,0.03264354635782574,0.0,0,8.941989163013808e-11
CyclicControl,neural,49,9,22.257537248154215,0.04135833328342043,0.7984898174161773,0.03,0.03,1.0,0.6887950093965973,0.022798304387634395,0.022793323409186383,0.0,0,8.946119192665414e-11
CyclicControl,neural,49,10,21.79282850827304,0.04230095456750273,0.5514485331097602,0.03,0.03,1.0,0.6854772448774051,0.015832005557253594,0.015830667392976172,0.0,0,8.995636874287172e-11
CyclicControl,neural,49,11,21.309927423303964,0.042763886885114864,0.3788139174279087,0.03,0.03,1.0,0.6807572288956746,0.010944815939643658,0.010944802963320649,0.0,0,8.999738801418466e-11
CyclicControl,neural,49,12,20.826077727377587,0.04272776236055708,0.2589165901658627,0.03,0.03,1.0,0.6741962650178465,0.0075370558041264815,0.007537427387331874,0.0,0,8.978002369319782e-11
CyclicControl,neural,49,13,20.344025029162182,0.04217302823974986,0.17608954954971695,0.03,0.03,1.0,0.6652792999404228,0.005173784513473688,0.0051741755626383,0.0,0,8.904134721210433e-11
CyclicControl,neural,49,14,19.857639283801905,0.04109282785218807,0.11915157659598552,0.03,0.03,1.0,0.6534449505360822,0.0035432918840445637,0.0035435960918116516,0.0,0,8.825024738756682e-11
CyclicControl,neural,49,15,19.355546133169565,0.039510412004692394,0.08020006025078394,0.03,0.03,1.0,0.6381450047865391,0.0024242344349888686,0.0024244434134734344,0.0,0,8.749632615656644e-11
CyclicControl,neural,49,16,18.823254345571403,0.03749415301029533,0.053689299101772336,0.03,0.03,1.0,0.6189307346888697,0.0016605163071958806,0.0016606505257550919,0.0,0,8.67957511418993e-11
CyclicControl,neural,49,17,18.244432558511413,0.035161648310409896,0.035748433848419026,0.03,0.03,1.0,0.5955495439048851,0.001142637600321992,0.0011427203436073924,0.0,0,8.612124208218219e-11
CyclicControl,neural,49,18,17.60197673237617,0.03266842591642013,0.023687132342494616,0.03,0.03,1.0,0.5680244891013337,0.0007941128181552029,0.0007941624704001921,0.0,0,8.54828083318715e-11
CyclicControl,neural,49,19,16.879452393741378,0.03018507339704236,0.015642343423723226,0.03,0.03,1.0,0.5366901872874955,0.0005617136335867544,0.0005617428390633783,0.0,0,8.488333647083124e-11
CyclicControl,neural,49,20,16.063353954268702,0.02787285119468599,0.010328245642820394,0.03,0.03,1.0,0.5021732436458637,0.0004085241973312108,0.000408541057931186,0.0,0,8.432114034784277e-11
CyclicControl,neural,49,21,15.146281914891233,0.02586710559215868,0.006860391014147649,0.03,0.03,1.0,0.4653248224321782,0.0003090304189423722,0.0003090399245429254,0.0,0,8.379200111541252e-11
CyclicControl,neural,49,22,14.130527347101715,0.024271851554638364,0.004632595860625671,0.03,0.03,1.0,0.4271260516035065,0.0002456637315215379,0.0002456688906655735,0.0,0,8.329059664191618e-11
CyclicControl,neural,49,23,13.030831389175434,0.02316320286064568,0.0032310533578841505,0.03,0.03,1.0,0.3885891680985254,0.00020637708434976046,0.00020637969422418467,0.0,0,8.281141397614711e-11
CyclicControl,neural,49,24,11.874750952992745,0.022597042189000934,0.0023745803843892854,0.03,0.03,1.0,0.35067180851292884,0.00018294967509686552,0.0001829508075004982,0.0,0,8.234933915329812e-11
CyclicControl,neural,49,25,10.699664623505543,0.022616890810674566,0.0018731485233625111,0.03,0.03,1.0,0.31421392435853845,0.0001698042446910998,0.00016980454006590429,0.0,0,8.18999243423768e-11
CyclicControl,neural,49,26,9.546948735719269,0.023259447708564522,0.0015991721532715442,0.03,0.03,1.0,0.2798998727345035,0.00016318386671347954,0.00016318370835879947,0.0,0,8.986750232864438e-11
CyclicControl,neural,49,27,8.455294899431967,0.024556461654963332,0.0014676769576844884,0.03,0.03,1.0,0.2482434174940449,0.00016058029117353712,0.0001605799078303466,0.0,0,8.98758116540943e-11
CyclicControl,neural,49,28,7.455432753543283,0.026532212373931212,0.0014226373071538068,0.03,0.03,1.0,0.2195906021917626,0.00016033795012340354,0.00016033747668167675,0.0,0,8.954962466001248e-11
CyclicControl,neural,49,29,6.567534791689769,0.029196241372230366,0.00142759012721691,0.03,0.03,1.0,0.19413434160068976,0.00016138038781753766,0.000161379901780917,0.0,0,8.907379001055205e-11
CyclicControl,neural,49,30,5.8012010722250515,0.032531667678771095,0.0014592071507432691,0.03,0.03,1.0,0.17193475404219077,0.00016302184377766163,0.00016302138744414552,0.0,0,8.859917313697174e-11
CyclicControl,neural,49,31,5.1570739024076575,0.036481024226794896,0.0015029091639952308,0.03,0.03,1.0,0.15294042879327127,0.0001648379408857245,0.00016483753510267152,0.0,0,8.81249274942153e-11
CyclicControl,neural,49,32,4.629053881491912,0.04093417956050207,0.0015498863271887209,0.03,0.03,1.0,0.13700774795993506,0.0001665773067571208,0.00016657695962968289,0.0,0,8.765053960413383e-11
CyclicControl,neural,49,33,4.20646112243559,0.045725448670914555,0.0015950841159628748,0.03,0.03,1.0,0.12391773381013703,0.0001681014738361894,0.00016810118605593838,0.0,0,8.717573884986507e-11
CyclicControl,neural,49,34,3.8759012938350943,0.05064670497379675,0.0016358504222449555,0.03,0.03,1.0,0.11339202910851295,0.000169344260705636,0.00016934402893382938,0.0,0,8.670041073965962e-11
CyclicControl,neural,49,35,3.6228287024844503,0.05547755391888463,0.0016710337957880073,0.03,0.03,1.0,0.10511053448995841,0.00017028453153411505,0.00017028435052252044,0.0,0,8.622457609019918e-11
CyclicControl,neural,49,36,3.4328320006602584,0.06002391140181985,0.0017003882816099547,0.03,0.03,1.0,0.09873213215470908,0.00017092810789473556,0.0001709279716759493,0.0,0,8.574832857655146e-11
CyclicControl,neural,49,37,3.292614398978621,0.0641497609441146,0.0017241856132971245,0.03,0.03,1.0,0.0939172642708983,0.00017129591318043244,0.00017129581582414621,0.0,0,8.527180350714758e-11
CyclicControl,neural,49,38,3.190618753287509,0.06779000389654825,0.0017429668170955426,0.03,0.03,1.0,0.09034877797821206,0.0001714163382149289,0.0001714162741607711,0.0,0,8.479516047654734e-11
CyclicControl,neural,49,39,3.11729382484837,0.07094305970567767,0.001757386850794601,0.03,0.03,1.0,0.08774720093012599,0.00017132044525455456,0.00017132040950799954,0.0,0,8.431857642654528e-11
CyclicControl,neural,49,40,3.0650673609011188,0.07365127788808207,0.0017681207445642555,0.03,0.03,1.0,0.08587850512797951,0.00017103906382038084,0.00017103905202076053,0.0,0,8.384221442114814e-11
CyclicControl,neural,49,41,3.028131918796641,0.07597937119021866,0.0017758098962275537,0.03,0.03,1.0,0.08455489822722964,0.0001706011325448252,0.0001706011408932756,0.0,0,8.336624099380963e-11
CyclicControl,neural,49,42,3.0021466131241428,0.07799748751670604,0.0017810341497496995,0.03,0.03,1.0,0.08363075893732755,0.0001700328483275372,0.00017003287363404063,0.0,0,8.289079145296085e-11
CyclicControl,neural,49,43,2.9839293190266476,0.07977085355588126,0.0017843000492442918,0.03,0.03,1.0,0.082996124106901,0.00016935732774559648,0.00016935736726737816,0.0,0,8.241601151537381e-11
CyclicControl,neural,49,44,2.9711809329923984,0.08135499218973553,0.0017860389028026558,0.03,0.03,1.0,0.08256960240743183,0.00016859458204350822,0.00016859463350887838,0.0,0,8.194202261169181e-11
CyclicControl,neural,49,45,2.9622580312409683,0.0827945889223236,0.0017866104874621203,0.03,0.03,1.0,0.0822918332395294,0.00016776167550010615,0.0001677617369723189,0.0,0,8.982160154547003e-11
CyclicControl,neural,49,46,2.9559951233740804,0.08412429505683988,0.00178630970889479,0.03,0.03,1.0,0.08211998395550052,0.00016687298092870478,0.0001668730508203875,0.0,0,8.999643738571983e-11
CyclicControl,neural,49,47,2.9515705096369897,0.08537031437786942,0.0017853745227197626,0.03,0.03,1.0,0.08202338255239776,0.00016594047821211905,0.00016594055517797635,0.0,0,8.94730296796542e-11
CyclicControl,neural,49,48,2.948407451662629,0.08655212706181391,0.0017839940835713552,0.03,0.03,1.0,0.08198018212419998,0.00016497406129712539,0.0001649741442292657,0.0,0,8.895087444393823e-11
CyclicControl,neural,49,49,2.9461025585908622,0.08768404852511726,0.0017823165237358662,0.03,0.03,1.0,0.08197487857432881,0.00016398183379933567,0.00016398192177104198,0.0,0,8.843003412861705e-11
CyclicControl,neural,49,50,2.944374491243412,0.08877651820138828,0.0017804560407654046,0.03,0.03,1.0,0.08199649583435994,0.0001629703817422265,0.00016297047400343212,0.0,0,8.79105711837358e-11
CyclicControl,neural,49,51,2.9430275189127824,0.08983711154119241,0.0017784991557599772,0.03,0.03,1.0,0.08203727522605933,0.00016194501834694217,0.0001619451142481354,0.0,0,8.739250989542313e-11
CyclicControl,neural,49,52,2.941925779794192,0.09087130960621372,0.0017765101099763425,0.03,0.03,1.0,0.08209173688160437,0.0001609099989219008,0.00016091009793137157,0.0,0,8.687591271372419e-11
CyclicControl,neural,49,53,2.940975179722051,0.09188307226472416,0.0017745354341257291,0.03,0.03,1.0,0.08215601151112012,0.00015986870673315515,0.000159868808447719,0.0,0,8.636080219004416e-11
CyclicControl,neural,49,54,2.9401107043880197,0.09287525924831555,0.001772607758696032,0.03,0.03,1.0,0.0822273665474623,0.00015882381177160024,0.00015882391581206745,0.0,0,8.584720954940561e-11
CyclicControl,neural,49,55,2.9392875494173443,0.09384993660475693,0.0017707489492230222,0.03,0.03,1.0,0.08230387103946545,0.00015777740454812547,0.00015777751061925305,0.0,0,8.533516601683111e-11
CyclicControl,neural,49,56,2.938474933233588,0.09480859837856814,0.0017689726568397013,0.03,0.03,1.0,0.0823841590953165,0.0001567311082758885,0.00015673121613861418,0.0,0,8.48246681228737e-11
CyclicControl,neural,49,57,2.937651789845209,0.0957523263434481,0.0017672863686160611,0.03,0.03,1.0,0.08246726308712725,0.0001556861718851818,0.000155686281348405,0.0,0,8.431576270506724e-11
CyclicControl,neural,49,58,2.9368037759613466,0.0966819048363536,0.0017656930387861813,0.03,0.03,1.0,0.0825524961244731,0.00015464354667949973,0.00015464365758594,0.0,0,8.380844802868825e-11
CyclicControl,neural,49,59,2.9359211951883992,0.09759790323104275,0.0017641923720154717,0.03,0.03,1.0,0.08263936927125932,0.0001536039490447512,0.00015360406125672355,0.0,0,8.330275184931235e-11
CyclicControl,neural,49,60,2.9349975609468464,0.09850073517336289,0.0017627818206009116,0.03,0.03,1.0,0.08272753323896748,0.00015256791140663348,0.00015256802480521914,0.0,0,8.279867069749258e-11
FrequencyHopping,neural,40,1,6.135945644265532,0.011891675946685117,3.875270033045551,0.0,0.03,1.0,1.0,0.10935043495848594,0.10922255703449779,0.0,0,8.298028930653345e-11
FrequencyHopping,neural,40,2,5.737493786107257,0.021654174351359478,2.914381628636668,0.0,0.03,1.0,1.0,0.08201825020197387,0.08190859126699479,0.0,0,8.295431008775722e-11
FrequencyHopping,neural,40,3,5.2691254993263,0.030091232849892662,2.1789637396807477,0.0,0.03,1.0,1.0,0.06110284481669828,0.06101330651436543,0.0,0,8.319656075173043e-11
FrequencyHopping,neural,40,4,4.775625961102582,0.037453309730433294,1.6164053002286958,0.0,0.03,1.0,1.0,0.045126666709217354,0.04506038847846705,0.0,0,8.351186409072398e-11
FrequencyHopping,neural,40,5,4.284153411958266,0.0439641583622873,1.1876208211075492,0.0,0.03,1.0,1.0,0.03298707315533013,0.032943046109803475,0.0,0,8.386114025427105e-11
FrequencyHopping,neural,40,6,3.810900688363814,0.0498332699008622,0.8629347247681034,0.0,0.03,1.0,1.0,0.023834166491891615,0.023807697459167554,0.0,0,8.421663366675602e-11
FrequencyHopping,neural,40,7,3.365547790661215,0.05526369542335205,0.6190898820295806,0.0,0.03,1.0,1.0,0.016992872958373942,0.01697824830596617,0.0,0,8.456169098280952e-11
FrequencyHopping,neural,40,8,2.9537197340767545,0.0604518724357262,0.43750886839401737,0.0,0.03,1.0,1.0,0.011921904295690412,0.01191436376120858,0.0,0,8.4886098150605e-11
FrequencyHopping,neural,40,9,2.578294976100477,0.06557810838442137,0.30336193270237466,0.0,0.03,1.0,1.0,0.008191261270290327,0.008187590191100269,0.0,0,8.518430405501931e-11
FrequencyHopping,neural,40,10,2.2401716792563535,0.07078954983476961,0.20496743202472648,0.0076802796592228,0.03,1.0,0.8205880308105328,0.005475399522472764,0.005473161864954057,0.0,0,8.549583263572913e-11
FrequencyHopping,neural,40,11,1.9379352245425736,0.07217345037063509,0.13456547786945947,0.021803039952129104,0.03,1.0,0.5934712438857279,0.003592390574971202,0.0035898142280192946,0.0,0,8.582934363232653e-11
FrequencyHopping,neural,40,12,1.6702947939114068,0.06507847411094123,0.08610327961447455,0.029943328446459066,0.03,1.0,0.4904303182779703,0.002306529532448096,0.0023040831262822747,0.0,0,8.613754154396247e-11
FrequencyHopping,neural,40,13,1.435773216331822,0.05108354221314976,0.05288664302543097,0.03,0.03,1.0,0.46580741927269115,0.001406736087031454,0.0014051801347187975,0.0,0,8.638778581371298e-11
FrequencyHopping,neural,40,14,1.2315128779281073,0.03425699960881708,0.029581278246375527,0.03,0.03,1.0,0.44306701690189376,0.0007745257098695547,0.0007734580549610959,0.0,0,8.658784800275043e-11
FrequencyHopping,neural,40,15,1.0552719616926058,0.014646063410514344,0.013453990263487413,0.03,0.03,1.0,0.422353220230038,0.0003351301322470756,0.0003343151811323608,0.0,0,8.674527762764228e-11
FrequencyHopping,neural,40,16,0.9046296407809681,-0.0075223834068235285,0.0024441012671675253,0.03,0.009567163351263838,1.0,0.17779243147193385,8.330052930425954e-05,8.297484387176368e-05,0.0,0,8.682921048830394e-11
FrequencyHopping,neural,40,17,0.8650484665141147,-0.030377825182981568,0.0020831025341404054,0.011709467119127934,0.009086244533863768,1.0,0.33992999851930467,1.8179940780184343e-05,1.8148298826958786e-05,0.0,0,8.68660698927215e-11
FrequencyHopping,neural,40,18,0.828029280723938,-0.039869975593347345,7.347633309899168e-05,0.007762018681727859,0.0002382570751074512,1.0,0.01959167583600467,3.675501543037728e-06,3.673565731943107e-06,0.0,0,8.68829452826958e-11
FrequencyHopping,neural,40,19,0.8273901280309178,-0.045784542576743775,0.000768862159753248,8.361124891924174e-05,0.003746785904925842,1.0,0.966830525325442,1.4413438693255555e-06,1.4412979767453038e-06,0.0,0,8.689871044964548e-11
FrequencyHopping,neural,40,20,0.8126884020723811,-0.04615455785550244,-0.0004693554692848929,0.003109579011078014,0.0,0.0,0.0,5.823746589039688e-07,5.825840566631157e-07,0.0,0,8.690181907411443e-11
FrequencyHopping,neural,40,21,0.8127930372698922,-0.04852923052855263,-0.0001646100987270965,0.0,0.0,0.0,0.0,-0.0,-0.0,0.0,0,8.690825836765725e-11
FrequencyHopping,neural,40,22,0.8127930372698922,-0.04852923052855263,-0.0001646100987270965,0.0,0.0,0.0,0.0,-0.0,-0.0,0.0,0,8.690825836765725e-11
FrequencyHopping,neural,40,23,0.8127930372698922,-0.04852923052855263,-0.0001646100987270965,0.0,0.0,0.0,0.0,-0.0,-0.0,0.0,0,8.690825836765725e-11
FrequencyHopping,neural,40,24,0.8127930372698922,-0.04852923052855263,-0.0001646100987270965,0.0,0.0,0.0,0.0,-0.0,-0.0,0.0,0,8.690825836765725e-11
FrequencyHopping,neural,40,25,0.8127930372698922,-0.04852923052855263,-0.0001646100987270965,0.0,0.0,0.0,0.0,-0.0,-0.0,0.0,0,8.690825836765725e-11
FrequencyHopping,neural,40,26,0.8127930372698922,-0.04852923052855263,-0.0001646100987270965,0.0,0.0,0.0,0.0,-0.0,-0.0,0.0,0,8.690825836765725e-11
FrequencyHopping,neural,40,27,0.8127930372698922,-0.04852923052855263,-0.0001646100987270965,0.0,0.0,0.0,0.0,-0.0,-0.0,0.0,0,8.690825836765725e-11
FrequencyHopping,neural,40,28,0.8127930372698922,-0.04852923052855263,-0.0001646100987270965,0.0,0.0,0.0,0.0,-0.0,-0.0,0.0,0,8.690825836765725e-11
FrequencyHopping,neural,40,29,0.8127930372698922,-0.04852923052855263,-0.0001646100987270965,0.0,0.0,0.0,0.0,-0.0,-0.0,0.0,0,8.690825836765725e-11
FrequencyHopping,neural,40,30,0.8127930372698922,-0.04852923052855263,-0.0001646100987270965,0.0,0.0,0.0,0.0,-0.0,-0.0,0.0,0,8.690825836765725e-11
FrequencyHopping,neural,40,31,0.8127930372698922,-0.04852923052855263,-0.0001646100987270965,0.0,0.0,0.0,0.0,-0.0,-0.0,0.0,0,8.690825836765725e-11
FrequencyHopping,neural,40,32,0.8127930372698922,-0.04852923052855263,-0.0001646100987270965,0.0,0.0,0.0,0.0,-0.0,-0.0,0.0,0,8.690825836765725e-11
FrequencyHopping,neural,40,33,0.8127930372698922,-0.04852923052855263,-0.0001646100987270965,0.0,0.0,0.0,0.0,-0.0,-0.0,0.0,0,8.690825836765725e-11
FrequencyHopping,neural,40,34,0.8127930372698922,-0.04852923052855263,-0.0001646100987270965,0.0,0.0,0.0,0.0,-0.0,-0.0,0.0,0,8.690825836765725e-11
FrequencyHopping,neural,40,35,0.8127930372698922,-0.04852923052855263,-0.0001646100987270965,0.0,0.0,0.0,0.0,-0.0,-0.0,0.0,0,8.690825836765725e-11
FrequencyHopping,neural,40,36,0.8127930372698922,-0.04852923052855263,-0.0001646100987270965,0.0,0.0,0.0,0.0,-0.0,-0.0,0.0,0,8.690825836765725e-11
FrequencyHopping,neural,40,37,0.8127930372698922,-0.04852923052855263,-0.0001646100987270965,0.0,0.0,0.0,0.0,-0.0,-0.0,0.0,0,8.690825836765725e-11
FrequencyHopping,neural,40,38,0.8127930372698922,-0.04852923052855263,-0.0001646100987270965,0.0,0.0,0.0,0.0,-0.0,-0.0,0.0,0,8.690825836765725e-11
FrequencyHopping,neural,40,39,0.8127930372698922,-0.04852923052855263,-0.0001646100987270965,0.0,0.0,0.0,0.0,-0.0,-0.0,0.0,0,8.690825836765725e-11
FrequencyHopping,neural,40,40,0.8127930372698922,-0.04852923052855263,-0.0001646100987270965,0.0,0.0,0.0,0.0,-0.0,-0.0,0.0,0,8.690825836765725e-11
FrequencyHopping,neural,40,41,0.8127930372698922,-0.04852923052855263,-0.0001646100987270965,0.0,0.0,0.0,0.0,-0.0,-0.0,0.0,0,8.690825836765725e-11
FrequencyHopping,neural,40,42,0.8127930372698922,-0.04852923052855263,-0.0001646100987270965,0.0,0.0,0.0,0.0,-0.0,-0.0,0.0,0,8.690825836765725e-11
FrequencyHopping,neural,40,43,0.8127930372698922,-0.04852923052855263,-0.0001646100987270965,0.0,0.0,0.0,0.0,-0.0,-0.0,0.0,0,8.690825836765725e-11
FrequencyHopping,neural,40,44,0.8127930372698922,-0.04852923052855263,-0.0001646100987270965,0.0,0.0,0.0,0.0,-0.0,-0.0,0.0,0,8.690825836765725e-11
FrequencyHopping,neural,40,45,0.8127930372698922,-0.04852923052855263,-0.0001646100987270965,0.0,0.0,0.0,0.0,-0.0,-0.0,0.0,0,8.690825836765725e-11
FrequencyHopping,neural,40,46,0.8127930372698922,-0.04852923052855263,-0.0001646100987270965,0.0,0.0,0.0,0.0,-0.0,-0.0,0.0,0,8.690825836765725e-11
FrequencyHopping,neural,40,47,0.8127930372698922,-0.04852923052855263,-0.0001646100987270965,0.0,0.0,0.0,0.0,-0.0,-0.0,0.0,0,8.690825836765725e-11
FrequencyHopping,neural,40,48,0.8127930372698922,-0.04852923052855263,-0.0001646100987270965,0.0,0.0,0.0,0.0,-0.0,-0.0,0.0,0,8.690825836765725e-11
FrequencyHopping,neural,40,49,0.8127930372698922,-0.04852923052855263,-0.0001646100987270965,0.0,0.0,0.0,0.0,-0.0,-0.0,0.0,0,8.690825836765725e-11
FrequencyHopping,neural,40,50,0.8127930372698922,-0.04852923052855263,-0.0001646100987270965,0.0,0.0,0.0,0.0,-0.0,-0.0,0.0,0,8.690825836765725e-11
FrequencyHopping,neural,40,51,0.8127930372698922,-0.04852923052855263,-0.0001646100987270965,0.0,0.0,0.0,0.0,-0.0,-0.0,0.0,0,8.690825836765725e-11
FrequencyHopping,neural,40,52,0.8127930372698922,-0.04852923052855263,-0.0001646100987270965,0.0,0.0,0.0,0.0,-0.0,-0.0,0.0,0,8.690825836765725e-11
FrequencyHopping,neural,40,53,0.8127930372698922,-0.04852923052855263,-0.0001646100987270965,0.0,0.0,0.0,0.0,-0.0,-0.0,0.0,0,8.690825836765725e-11
FrequencyHopping,neural,40,54,0.8127930372698922,-0.04852923052855263,-0.0001646100987270965,0.0,0.0,0.0,0.0,-0.0,-0.0,0.0,0,8.690825836765725e-11
FrequencyHopping,neural,40,55,0.8127930372698922,-0.04852923052855263,-0.0001646100987270965,0.0,0.0,0.0,0.0,-0.0,-0.0,0.0,0,8.690825836765725e-11
FrequencyHopping,neural,40,56,0.8127930372698922,-0.04852923052855263,-0.0001646100987270965,0.0,0.0,0.0,0.0,-0.0,-0.0,0.0,0,8.690825836765725e-11
FrequencyHopping,neural,40,57,0.8127930372698922,-0.04852923052855263,-0.0001646100987270965,0.0,0.0,0.0,0.0,-0.0,-0.0,0.0,0,8.690825836765725e-11
FrequencyHopping,neural,40,58,0.8127930372698922,-0.04852923052855263,-0.0001646100987270965,0.0,0.0,0.0,0.0,-0.0,-0.0,0.0,0,8.690825836765725e-11
FrequencyHopping,neural,40,59,0.8127930372698922,-0.04852923052855263,-0.0001646100987270965,0.0,0.0,0.0,0.0,-0.0,-0.0,0.0,0,8.690825836765725e-11
FrequencyHopping,neural,40,60,0.8127930372698922,-0.04852923052855263,-0.0001646100987270965,0.0,0.0,0.0,0.0,-0.0,-0.0,0.0,0,8.690825836765725e-11
FrequencyHopping,neural,41,1,5.938780287462468,0.07815467812796394,2.8998630617945347,0.03,0.03,1.0,0.6630183150607029,0.08479077343985084,0.08482465814433815,0.0,0,8.658673777972581e-11
FrequencyHopping,neural,41,2,5.753879337367372,0.0723568930978757,2.1946665993401493,0.03,0.03,1.0,0.653481608399615,0.06472608860286856,0.06472987412224729,0.0,0,8.506995108348292e-11
FrequencyHopping,neural,41,3,5.3926714422039455,0.06770800496597029,1.663739523573648,0.03,0.03,1.0,0.6419932763468721,0.04975480509824496,0.049746166608255926,0.0,0,8.379585914042309e-11
FrequencyHopping,neural,41,4,4.911930442417799,0.06410041903228005,1.257388717223551,0.03,0.03,1.0,0.6282823049586249,0.03831615992356715,0.03830375875383263,0.0,0,8.273870477637502e-11
FrequencyHopping,neural,41,5,4.3783123761254235,0.0612729093207653,0.9439221682993554,0.03,0.03,1.0,0.6121913366617499,0.029450525681453375,0.029438595453955108,0.0,0,8.187250877256247e-11
FrequencyHopping,neural,41,6,3.8456010175123017,0.05880679421380299,0.7017247872844428,0.03,0.03,1.0,0.5937130164612399,0.022532074037248127,0.0225223648371502,0.0,0,8.949863072871267e-11
FrequencyHopping,neural,41,7,3.3469061336893087,0.05614304443685931,0.5151071337607637,0.03,0.03,1.0,0.5730198663787385,0.01712518740901992,0.017118058098688715,0.0,0,8.956146935190645e-11
FrequencyHopping,neural,41,8,2.897696476467473,0.05261815837669019,0.3720984761003796,0.03,0.03,1.0,0.550477246908351,0.012907515193895765,0.012902646246369609,0.0,0,8.906408943687438e-11
FrequencyHopping,neural,41,9,2.5020558312743306,0.04751408751845128,0.26326691817475545,0.03,0.03,1.0,0.5266314271943735,0.009629199623454335,0.009626041736036539,0.0,0,8.867084844155215e-11
FrequencyHopping,neural,41,10,2.157988594058257,0.040118337712555505,0.18107039602903924,0.03,0.03,1.0,0.5021701345788363,0.007091237640120777,0.007089253850026456,0.0,0,8.836509302057038e-11
FrequencyHopping,neural,41,11,1.8608220143376955,0.02979259299125337,0.11946778631880374,0.03,0.03,1.0,0.4778590929908974,0.005133456416472275,0.005132220726163261,0.0,0,8.812905960553508e-11
FrequencyHopping,neural,41,12,1.6050732695721015,0.01604782264684466,0.07365022770428804,0.03,0.03,1.0,0.4544633516581151,0.0036270236517233264,0.0036262371421319495,0.0,0,8.795653094750833e-11
FrequencyHopping,neural,41,13,1.3853574954696977,-0.0013818646322689369,0.039827870439557746,0.03,0.03,1.0,0.43266594017896515,0.002469008624641276,0.0024684788973529104,0.0,0,8.782685689823211e-11
FrequencyHopping,neural,41,14,1.196770112113776,-0.02248344035010473,0.015046844801700134,0.03,0.03,1.0,0.4129981347655506,0.0015779235269930824,0.0015775346786068845,0.0,0,8.77300454504848e-11
FrequencyHopping,neural,41,15,1.0350057626168123,-0.04694929685779946,-0.0029708224939611278,0.03,0.0,0.0,0.0,0.0010780905396965963,0.0010780412789251903,0.0,0,8.765788095388416e-11
FrequencyHopping,neural,41,16,1.0305044244906618,-0.06518559989624247,-0.005375822220945041,0.03,0.0,0.0,0.0,0.000989375025104083,0.0009893175587151193,0.0,0,8.756129155074177e-11
FrequencyHopping,neural,41,17,1.0253253829968307,-0.08341394917330634,-0.0077892892573171125,0.03,0.0,0.0,0.0,0.0008985144564146495,0.0008984487456100698,0.0,0,8.746514623680923e-11
FrequencyHopping,neural,41,18,1.0194876067412644,-0.10162367976159657,-0.010201384659932753,0.03,0.0,0.0,0.0,0.0008053468746104172,0.0008052730167921185,0.0,0,8.737099932432102e-11
FrequencyHopping,neural,41,19,1.0130134280794283,-0.11980391705924827,-0.012600777243553183,0.03,0.0,0.0,0.0,0.0007097193489927046,0.0007096375685260448,0.0,0,8.727885081327713e-11
FrequencyHopping,neural,41,20,1.0059286700475991,-0.13794356795658705,-0.014974777095637368,0.03,0.0,0.0,0.0,0.0006114915965274705,0.0006114022377521344,0.0,0,8.71889227482825e-11
FrequencyHopping,neural,41,21,0.9982627321608682,-0.15603132120630195,-0.01730952963340001,0.03,0.0,0.0,0.0,0.0005105392926800631,0.0005104428061042388,0.0,0,8.71021033077568e-11
FrequencyHopping,neural,41,22,0.9900486289357797,-0.17405565653086014,-0.01959026244980861,0.03,0.0,0.0,0.0,0.00040675693938195464,0.0004066538678823006,0.0,0,8.701794840249022e-11
FrequencyHopping,neural,41,23,0.981322976217425,-0.19200486136589584,-0.021801575564171154,0.03,0.0,0.0,0.0,0.00030006019783910827,0.00029995116254077914,0.0,0,8.693712416629751e-11
FrequencyHopping,neural,41,24,0.9721259216216944,-0.20986705360834282,-0.0239277643932817,0.03,0.0,0.0,0.0,0.0001903876100703768,0.0001902732938113827,0.0,0,8.685918650996882e-11
FrequencyHopping,neural,41,25,0.9625010166063392,-0.22763020835943698,-0.02595316390422288,0.03,0.0,0.0,0.0,7.770165128609918e-05,7.758278059533108e-05,0.0,0,8.678546770113371e-11
FrequencyHopping,neural,41,26,0.9524950288408314,-0.2452821864606127,-0.02786250173928395,0.0026728235446841307,0.0,0.0,0.0,3.67142020052093e-07,3.6734568331642237e-07,0.0,0,8.671507956137248e-11
FrequencyHopping,neural,41,27,0.9514314685560731,-0.246877556676345,-0.028036120989414746,0.0,0.0,0.0,0.0,-0.0,-0.0,0.0,0,8.670952844624935e-11
FrequencyHopping,neural,41,28,0.9514314685560731,-0.246877556676345,-0.028036120989414746,0.0,0.0,0.0,0.0,-0.0,-0.0,0.0,0,8.670952844624935e-11
FrequencyHopping,neural,41,29,0.9514314685560731,-0.246877556676345,-0.028036120989414746,0.0,0.0,0.0,0.0,-0.0,-0.0,0.0,0,8.670952844624935e-11
FrequencyHopping,neural,41,30,0.9514314685560731,-0.246877556676345,-0.028036120989414746,0.0,0.0,0.0,0.0,-0.0,-0.0,0.0,0,8.670952844624935e-11
FrequencyHopping,neural,41,31,0.9514314685560731,-0.246877556676345,-0.028036120989414746,0.0,0.0,0.0,0.0,-0.0,-0.0,0.0,0,8.670952844624935e-11
FrequencyHopping,neural,41,32,0.9514314685560731,-0.246877556676345,-0.028036120989414746,0.0,0.0,0.0,0.0,-0.0,-0.0,0.0,0,8.670952844624935e-11
FrequencyHopping,neural,41,33,0.9514314685560731,-0.246877556676345,-0.028036120989414746,0.0,0.0,0.0,0.0,-0.0,-0.0,0.0,0,8.670952844624935e-11
FrequencyHopping,neural,41,34,0.9514314685560731,-0.246877556676345,-0.028036120989414746,0.0,0.0,0.0,0.0,-0.0,-0.0,0.0,0,8.670952844624935e-11
FrequencyHopping,neural,41,35,0.9514314685560731,-0.246877556676345,-0.028036120989414746,0.0,0.0,0.0,0.0,-0.0,-0.0,0.0,0,8.670952844624935e-11
FrequencyHopping,neural,41,36,0.9514314685560731,-0.246877556676345,-0.028036120989414746,0.0,0.0,0.0,0.0,-0.0,-0.0,0.0,0,8.670952844624935e-11
FrequencyHopping,neural,41,37,0.9514314685560731,-0.246877556676345,-0.028036120989414746,0.0,0.0,0.0,0.0,-0.0,-0.0,0.0,0,8.670952844624935e-11
FrequencyHopping,neural,41,38,0.9514314685560731,-0.246877556676345,-0.028036120989414746,0.0,0.0,0.0,0.0,-0.0,-0.0,0.0,0,8.670952844624935e-11
FrequencyHopping,neural,41,39,0.9514314685560731,-0.246877556676345,-0.028036120989414746,0.0,0.0,0.0,0.0,-0.0,-0.0,0.0,0,8.670952844624935e-11
FrequencyHopping,neural,41,40,0.9514314685560731,-0.246877556676345,-0.028036120989414746,0.0,0.0,0.0,0.0,-0.0,-0.0,0.0,0,8.670952844624935e-11
FrequencyHopping,neural,41,41,0.9514314685560731,-0.246877556676345,-0.028036120989414746,0.0,0.0,0.0,0.0,-0.0,-0.0,0.0,0,8.670952844624935e-11
FrequencyHopping,neural,41,42,0.9514314685560731,-0.246877556676345,-0.028036120989414746,0.0,0.0,0.0,0.0,-0.0,-0.0,0.0,0,8.670952844624935e-11
FrequencyHopping,neural,41,43,0.9514314685560731,-0.246877556676345,-0.028036120989414746,0.0,0.0,0.0,0.0,-0.0,-0.0,0.0,0,8.670952844624935e-11
FrequencyHopping,neural,41,44,0.9514314685560731,-0.246877556676345,-0.028036120989414746,0.0,0.0,0.0,0.0,-0.0,-0.0,0.0,0,8.670952844624935e-11
FrequencyHopping,neural,41,45,0.9514314685560731,-0.246877556676345,-0.028036120989414746,0.0,0.0,0.0,0.0,-0.0,-0.0,0.0,0,8.670952844624935e-11
FrequencyHopping,neural,41,46,0.9514314685560731,-0.246877556676345,-0.028036120989414746,0.0,0.0,0.0,0.0,-0.0,-0.0,0.0,0,8.670952844624935e-11
FrequencyHopping,neural,41,47,0.9514314685560731,-0.246877556676345,-0.028036120989414746,0.0,0.0,0.0,0.0,-0.0,-0.0,0.0,0,8.670952844624935e-11
FrequencyHopping,neural,41,48,0.9514314685560731,-0.246877556676345,-0.028036120989414746,0.0,0.0,0.0,0.0,-0.0,-0.0,0.0,0,8.670952844624935e-11
FrequencyHopping,neural,41,49,0.9514314685560731,-0.246877556676345,-0.028036120989414746,0.0,0.0,0.0,0.0,-0.0,-0.0,0.0,0,8.670952844624935e-11
FrequencyHopping,neural,41,50,0.9514314685560731,-0.246877556676345,-0.028036120989414746,0.0,0.0,0.0,0.0,-0.0,-0.0,0.0,0,8.670952844624935e-11
FrequencyHopping,neural,41,51,0.9514314685560731,-0.246877556676345,-0.028036120989414746,0.0,0.0,0.0,0.0,-0.0,-0.0,0.0,0,8.670952844624935e-11
FrequencyHopping,neural,41,52,0.9514314685560731,-0.246877556676345,-0.028036120989414746,0.0,0.0,0.0,0.0,-0.0,-0.0,0.0,0,8.670952844624935e-11
FrequencyHopping,neural,41,53,0.9514314685560731,-0.246877556676345,-0.028036120989414746,0.0,0.0,0.0,0.0,-0.0,-0.0,0.0,0,8.670952844624935e-11
FrequencyHopping,neural,41,54,0.9514314685560731,-0.246877556676345,-0.028036120989414746,0.0,0.0,0.0,0.0,-0.0,-0.0,0.0,0,8.670952844624935e-11
FrequencyHopping,neural,41,55,0.9514314685560731,-0.246877556676345,-0.028036120989414746,0.0,0.0,0.0,0.0,-0.0,-0.0,0.0,0,8.670952844624935e-11
FrequencyHopping,neural,41,56,0.9514314685560731,-0.246877556676345,-0.028036120989414746,0.0,0.0,0.0,0.0,-0.0,-0.0,0.0,0,8.670952844624935e-11
FrequencyHopping,neural,41,57,0.9514314685560731,-0.246877556676345,-0.028036120989414746,0.0,0.0,0.0,0.0,-0.0,-0.0,0.0,0,8.670952844624935e-11
FrequencyHopping,neural,41,58,0.9514314685560731,-0.246877556676345,-0.028036120989414746,0.0,0.0,0.0,0.0,-0.0,-0.0,0.0,0,8.670952844624935e-11
FrequencyHopping,neural,41,59,0.9514314685560731,-0.246877556676345,-0.028036120989414746,0.0,0.0,0.0,0.0,-0.0,-0.0,0.0,0,8.670952844624935e-11
FrequencyHopping,neural,41,60,0.9514314685560731,-0.246877556676345,-0.028036120989414746,0.0,0.0,0.0,0.0,-0.0,-0.0,0.0,0,8.670952844624935e-11
FrequencyHopping,neural,42,1,4.57738190139462,0.06353456741766748,2.5253205610362355,0.0020208490378710495,0.03,1.0,0.9613820223578805,0.07006806386390645,0.06997590831422129,0.0,0,8.428724385112218e-11
FrequencyHopping,neural,42,2,3.820504018136265,0.08613804079762727,1.7629254078258858,0.009521786529314201,0.03,1.0,0.8274114980470245,0.04882070341738944,0.04874325985527528,0.0,0,8.413847396582241e-11
FrequencyHopping,neural,42,3,3.18060926225065,0.10825724076630613,1.2253856678985782,0.023542936219006695,0.03,1.0,0.6355570762266691,0.03402639637443244,0.03396876568219587,0.0,0,8.431744191739199e-11
FrequencyHopping,neural,42,4,2.656410024909483,0.12696020394967203,0.8490787520512529,0.03,0.03,1.0,0.5505389444209724,0.02396487923544973,0.023936115474683328,0.0,0,8.45508107971682e-11
FrequencyHopping,neural,42,5,2.224206963954146,0.14210846762945598,0.5846499550206682,0.03,0.03,1.0,0.5225385560707453,0.016938325028814257,0.01692959188816867,0.0,0,8.470180112851722e-11
FrequencyHopping,neural,42,6,1.8649375629054445,0.15465619042891196,0.3986790656461447,0.03,0.03,1.0,0.4946827911985624,0.011994707476385926,0.01199432682554602,0.0,0,8.479017488127738e-11
FrequencyHopping,neural,42,7,1.5669789601603787,0.16401052476178468,0.2687043228715999,0.03,0.03,1.0,0.46803933616118537,0.008538828520162783,0.008540833207942633,0.0,0,8.485057101381699e-11
FrequencyHopping,neural,42,8,1.320029572137687,0.1695493821991803,0.1778657978234593,0.03,0.03,1.0,0.4435162663590137,0.0061200297756834705,0.0061220989581247665,0.0,0,8.489076108730842e-11
FrequencyHopping,neural,42,9,1.1154264771345077,0.17073369111281475,0.11405288777437346,0.03,0.03,1.0,0.42176403689058656,0.004413116693845501,0.004414617814846755,0.0,0,8.489609015782662e-11
FrequencyHopping,neural,42,10,0.9460267193945663,0.16723706164241303,0.06881537430534657,0.03,0.03,1.0,0.403129583414558,0.003190389532592255,0.0031913067368636305,0.0,0,8.487566205417352e-11
FrequencyHopping,neural,42,11,0.8059796845367073,0.1590364996137731,0.03635195304204152,0.03,0.03,1.0,0.38766660818031745,0.002295150993094522,0.0022956293462230715,0.0,0,8.483591606989194e-11
FrequencyHopping,neural,42,12,0.6904976523816921,0.14642383433091877,0.012708592335329857,0.03,0.03,1.0,0.3751917751934876,0.0016205510564391377,0.0016207379528623278,0.0,0,8.478262536470993e-11
FrequencyHopping,neural,42,13,0.5956530641613111,0.1299372865309274,-0.004805908219946161,0.03,0.0,0.0,0.0,0.0013228290507473527,0.0013228718880995416,0.0,0,8.474931867397117e-11
FrequencyHopping,neural,42,14,0.5997571919549569,0.10529539068332984,-0.0012140465012792255,0.03,0.0,0.0,0.0,0.0011597923872072135,0.0011598335686338057,0.0,0,8.481948476912748e-11
FrequencyHopping,neural,42,15,0.6037852509319831,0.08054863788342997,0.00212135465600346,0.03,0.011783309591774737,1.0,0.18472016107870143,0.0010141136417074178,0.0010140941942318182,0.0,0,8.486722435918637e-11
FrequencyHopping,neural,42,16,0.5750437212740682,0.05695998050082464,-0.001702951643137456,0.03,0.0,0.0,0.0,0.0008792692028401161,0.0008793030621763176,0.0,0,8.487965885706217e-11
FrequencyHopping,neural,42,17,0.5788959100281006,0.03174577508158327,0.0010942311473342362,0.03,0.0073876848529957715,1.0,0.12304826060851627,0.0007279205335526287,0.0007279036845473374,0.0,0,8.49278425363309e-11
FrequencyHopping,neural,42,18,0.5634737892113411,0.006845097360087949,-0.00039855646776557193,0.03,0.0,0.0,0.0,0.0005877869814617588,0.0005878131645198348,0.0,0,8.49385006773673e-11
FrequencyHopping,neural,42,19,0.5671478135750104,-0.01852783019692514,0.0018954339913351925,0.03,0.013208986601837011,1.0,0.19944474717277272,0.00044839972975787656,0.0004483235120260609,0.0,0,8.498535208900648e-11
FrequencyHopping,neural,42,20,0.5379612619854366,-0.04398582161945176,-0.0029643459768789278,0.03,0.0,0.0,0.0,0.00030956112888782833,0.0003095781519351082,0.0,0,8.494693837235445e-11
FrequencyHopping,neural,42,21,0.5414717703194575,-0.06951239219874554,-0.0011768585362929155,0.03,0.0,0.0,0.0,0.00015780971278834822,0.0001578230205727671,0.0,0,8.498024506309321e-11
FrequencyHopping,neural,42,22,0.5448687002322771,-0.09487131992359879,0.0003771460278693455,0.016557844671465632,0.0029931635099926007,1.0,0.09170770258439383,2.3277922861302545e-05,2.3272058693235564e-05,0.0,0,8.500844472791869e-11
FrequencyHopping,neural,42,23,0.5395172485428236,-0.10902145102953513,-0.00039547559755458346,0.0006273489002822658,0.0,0.0,0.0,3.249949343857079e-08,3.24969342546666e-08,0.0,0,8.500244952358571e-11
FrequencyHopping,neural,42,24,0.5395649724115675,-0.10954956214883767,-0.0003727513874868353,0.0,0.0,0.0,0.0,-0.0,-0.0,0.0,0,8.500311565740049e-11
FrequencyHopping,neural,42,25,0.5395649724115675,-0.10954956214883767,-0.0003727513874868353,0.0,0.0,0.0,0.0,-0.0,-0.0,0.0,0,8.500311565740049e-11
FrequencyHopping,neural,42,26,0.5395649724115675,-0.10954956214883767,-0.0003727513874868353,0.0,0.0,0.0,0.0,-0.0,-0.0,0.0,0,8.500311565740049e-11
FrequencyHopping,neural,42,27,0.5395649724115675,-0.10954956214883767,-0.0003727513874868353,0.0,0.0,0.0,0.0,-0.0,-0.0,0.0,0,8.500311565740049e-11
FrequencyHopping,neural,42,28,0.5395649724115675,-0.10954956214883767,-0.0003727513874868353,0.0,0.0,0.0,0.0,-0.0,-0.0,0.0,0,8.500311565740049e-11
FrequencyHopping,neural,42,29,0.5395649724115675,-0.10954956214883767,-0.0003727513874868353,0.0,0.0,0.0,0.0,-0.0,-0.0,0.0,0,8.500311565740049e-11
FrequencyHopping,neural,42,30,0.5395649724115675,-0.10954956214883767,-0.0003727513874868353,0.0,0.0,0.0,0.0,-0.0,-0.0,0.0,0,8.500311565740049e-11
FrequencyHopping,neural,42,31,0.5395649724115675,-0.10954956214883767,-0.0003727513874868353,0.0,0.0,0.0,0.0,-0.0,-0.0,0.0,0,8.500311565740049e-11
FrequencyHopping,neural,42,32,0.5395649724115675,-0.10954956214883767,-0.0003727513874868353,0.0,0.0,0.0,0.0,-0.0,-0.0,0.0,0,8.500311565740049e-11
FrequencyHopping,neural,42,33,0.5395649724115675,-0.10954956214883767,-0.0003727513874868353,0.0,0.0,0.0,0.0,-0.0,-0.0,0.0,0,8.500311565740049e-11
FrequencyHopping,neural,42,34,0.5395649724115675,-0.10954956214883767,-0.0003727513874868353,0.0,0.0,0.0,0.0,-0.0,-0.0,0.0,0,8.500311565740049e-11
FrequencyHopping,neural,42,35,0.5395649724115675,-0.10954956214883767,-0.0003727513874868353,0.0,0.0,0.0,0.0,-0.0,-0.0,0.0,0,8.500311565740049e-11
FrequencyHopping,neural,42,36,0.5395649724115675,-0.10954956214883767,-0.0003727513874868353,0.0,0.0,0.0,0.0,-0.0,-0.0,0.0,0,8.500311565740049e-11
FrequencyHopping,neural,42,37,0.5395649724115675,-0.10954956214883767,-0.0003727513874868353,0.0,0.0,0.0,0.0,-0.0,-0.0,0.0,0,8.500311565740049e-11
FrequencyHopping,neural,42,38,0.5395649724115675,-0.10954956214883767,-0.0003727513874868353,0.0,0.0,0.0,0.0,-0.0,-0.0,0.0,0,8.500311565740049e-11
FrequencyHopping,neural,42,39,0.5395649724115675,-0.10954956214883767,-0.0003727513874868353,0.0,0.0,0.0,0.0,-0.0,-0.0,0.0,0,8.500311565740049e-11
FrequencyHopping,neural,42,40,0.5395649724115675,-0.10954956214883767,-0.0003727513874868353,0.0,0.0,0.0,0.0,-0.0,-0.0,0.0,0,8.500311565740049e-11
FrequencyHopping,neural,42,41,0.5395649724115675,-0.10954956214883767,-0.0003727513874868353,0.0,0.0,0.0,0.0,-0.0,-0.0,0.0,0,8.500311565740049e-11
FrequencyHopping,neural,42,42,0.5395649724115675,-0.10954956214883767,-0.0003727513874868353,0.0,0.0,0.0,0.0,-0.0,-0.0,0.0,0,8.500311565740049e-11
FrequencyHopping,neural,42,43,0.5395649724115675,-0.10954956214883767,-0.0003727513874868353,0.0,0.0,0.0,0.0,-0.0,-0.0,0.0,0,8.500311565740049e-11
FrequencyHopping,neural,42,44,0.5395649724115675,-0.10954956214883767,-0.0003727513874868353,0.0,0.0,0.0,0.0,-0.0,-0.0,0.0,0,8.500311565740049e-11
FrequencyHopping,neural,42,45,0.5395649724115675,-0.10954956214883767,-0.0003727513874868353,0.0,0.0,0.0,0.0,-0.0,-0.0,0.0,0,8.500311565740049e-11
FrequencyHopping,neural,42,46,0.5395649724115675,-0.10954956214883767,-0.0003727513874868353,0.0,0.0,0.0,0.0,-0.0,-0.0,0.0,0,8.500311565740049e-11
FrequencyHopping,neural,42,47,0.5395649724115675,-0.10954956214883767,-0.0003727513874868353,0.0,0.0,0.0,0.0,-0.0,-0.0,0.0,0,8.500311565740049e-11
FrequencyHopping,neural,42,48,0.5395649724115675,-0.10954956214883767,-0.0003727513874868353,0.0,0.0,0.0,0.0,-0.0,-0.0,0.0,0,8.500311565740049e-11
FrequencyHopping,neural,42,49,0.5395649724115675,-0.10954956214883767,-0.0003727513874868353,0.0,0.0,0.0,0.0,-0.0,-0.0,0.0,0,8.500311565740049e-11
FrequencyHopping,neural,42,50,0.5395649724115675,-0.10954956214883767,-0.0003727513874868353,0.0,0.0,0.0,0.0,-0.0,-0.0,0.0,0,8.500311565740049e-11
FrequencyHopping,neural,42,51,0.5395649724115675,-0.10954956214883767,-0.0003727513874868353,0.0,0.0,0.0,0.0,-0.0,-0.0,0.0,0,8.500311565740049e-11
FrequencyHopping,neural,42,52,0.5395649724115675,-0.10954956214883767,-0.0003727513874868353,0.0,0.0,0.0,0.0,-0.0,-0.0,0.0,0,8.500311565740049e-11
FrequencyHopping,neural,42,53,0.5395649724115675,-0.10954956214883767,-0.0003727513874868353,0.0,0.0,0.0,0.0,-0.0,-0.0,0.0,0,8.500311565740049e-11
FrequencyHopping,neural,42,54,0.5395649724115675,-0.10954956214883767,-0.0003727513874868353,0.0,0.0,0.0,0.0,-0.0,-0.0,0.0,0,8.500311565740049e-11
FrequencyHopping,neural,42,55,0.5395649724115675,-0.10954956214883767,-0.0003727513874868353,0.0,0.0,0.0,0.0,-0.0,-0.0,0.0,0,8.500311565740049e-11
FrequencyHopping,neural,42,56,0.5395649724115675,-0.10954956214883767,-0.0003727513874868353,0.0,0.0,0.0,0.0,-0.0,-0.0,0.0,0,8.500311565740049e-11
FrequencyHopping,neural,42,57,0.5395649724115675,-0.10954956214883767,-0.0003727513874868353,0.0,0.0,0.0,0.0,-0.0,-0.0,0.0,0,8.500311565740049e-11
FrequencyHopping,neural,42,58,0.5395649724115675,-0.10954956214883767,-0.0003727513874868353,0.0,0.0,0.0,0.0,-0.0,-0.0,0.0,0,8.500311565740049e-11
FrequencyHopping,neural,42,59,0.5395649724115675,-0.10954956214883767,-0.0003727513874868353,0.0,0.0,0.0,0.0,-0.0,-0.0,0.0,0,8.500311565740049e-11
FrequencyHopping,neural,42,60,0.5395649724115675,-0.10954956214883767,-0.0003727513874868353,0.0,0.0,0.0,0.0,-0.0,-0.0,0.0,0,8.500311565740049e-11
FrequencyHopping,neural,43,1,5.267814964541395,0.05127793083348151,3.133913914729171,0.03,0.03,1.0,0.6494483911185601,0.09641399425170914,0.09624787974929028,0.0,0,8.893752401206712e-11
FrequencyHopping,neural,43,2,4.7334628102996525,0.04388171353452815,2.2842599330274562,0.03,0.03,1.0,0.6380345825024644,0.07035866729064875,0.07028130202838279,0.0,0,8.902545367561743e-11
FrequencyHopping,neural,43,3,4.2050435643362185,0.03250124525018414,1.6767221608102436,0.03,0.03,1.0,0.6242972092093949,0.051561863888341566,0.05153699145967483,0.0,0,8.794320827121282e-11
FrequencyHopping,neural,43,4,3.702517497187587,0.017491668245570278,1.240740962156822,0.03,0.03,1.0,0.6080537722344521,0.03804165257250873,0.03803600350420577,0.0,0,8.696021680520971e-11
FrequencyHopping,neural,43,5,3.238008417700502,-0.0008673619430540881,0.9248394927909362,0.03,0.03,1.0,0.5893194849220486,0.028252306382192074,0.028250849143363288,0.0,0,8.607714541142286e-11
FrequencyHopping,neural,43,6,2.817790851531979,-0.022365194310403864,0.6929068068035227,0.03,0.03,1.0,0.5683359859498637,0.021075275772133972,0.02107369925273206,0.0,0,8.529466022366705e-11
FrequencyHopping,neural,43,7,2.4438095915270157,-0.0468481034843492,0.5203159449094898,0.03,0.03,1.0,0.5455680688685687,0.015736488073885592,0.01573429181603503,0.0,0,8.460387945774528e-11
FrequencyHopping,neural,43,8,2.1150431260150606,-0.07418900761272675,0.3903539976326317,0.03,0.03,1.0,0.5216653014131484,0.011707611483311007,0.011705156112246873,0.0,0,8.399481110643592e-11
FrequencyHopping,neural,43,9,1.8286633021861602,-0.10423491443395173,0.29154085820177084,0.03,0.03,1.0,0.4973940258868497,0.008626143490383755,0.00862377379353818,0.0,0,8.345879543014689e-11
FrequencyHopping,neural,43,10,1.580918963725892,-0.13674130839762108,0.2158278232427908,0.02560113269384989,0.03,1.0,0.513164046090825,0.006242911334086062,0.006240945789157792,0.0,0,8.298939313533538e-11
FrequencyHopping,neural,43,11,1.3678940838272442,-0.16896646780597147,0.15782948576383418,0.005684616896685294,0.03,1.0,0.8125335479588938,0.004478363889383629,0.004477668336277052,0.0,0,8.258749240042107e-11
FrequencyHopping,neural,43,12,1.1860434715142474,-0.19068643629637025,0.11471208840987934,0.0,0.03,1.0,1.0,0.0032423012894151402,0.003241956909040722,0.0,0,8.227951653339005e-11
FrequencyHopping,neural,43,13,1.0287243453013324,-0.2077655372754659,0.08150300940697229,0.0,0.03,1.0,1.0,0.0022925190851415807,0.00229226231536539,0.0,0,8.202416523772627e-11
FrequencyHopping,neural,43,14,0.8922189362356906,-0.22300026601081546,0.05532155757442561,0.0,0.03,1.0,1.0,0.0015422280569311728,0.001542036297653926,0.0,0,8.180123245438153e-11
FrequencyHopping,neural,43,15,0.774227681503013,-0.23615539852668627,0.03456313889570304,0.0,0.03,1.0,1.0,0.0009460740378514934,0.0009459302695302707,0.0,0,8.160561115744258e-11
FrequencyHopping,neural,43,16,0.6726323711692875,-0.24713593975354795,0.018002494773353268,0.0,0.03,1.0,1.0,0.0004693894902283942,0.0004692810279864901,0.0,0,8.143397067783553e-11
FrequencyHopping,neural,43,17,0.5855223751114632,-0.2559883202991982,0.004701453970294147,0.0,0.03,1.0,1.0,8.560338199122014e-05,8.55208628328663e-05,0.0,0,8.128298034648651e-11
FrequencyHopping,neural,43,18,0.5111987122443723,-0.26287510439205874,-0.0060601862579322775,0.0,0.0,0.0,0.0,-0.0,-0.0,0.0,0,8.114908744971672e-11
FrequencyHopping,neural,43,19,0.5111987122443723,-0.26287510439205874,-0.0060601862579322775,0.0,0.0,0.0,0.0,-0.0,-0.0,0.0,0,8.114908744971672e-11
FrequencyHopping,neural,43,20,0.5111987122443723,-0.26287510439205874,-0.0060601862579322775,0.0,0.0,0.0,0.0,-0.0,-0.0,0.0,0,8.114908744971672e-11
FrequencyHopping,neural,43,21,0.5111987122443723,-0.26287510439205874,-0.0060601862579322775,0.0,0.0,0.0,0.0,-0.0,-0.0,0.0,0,8.114908744971672e-11
FrequencyHopping,neural,43,22,0.5111987122443723,-0.26287510439205874,-0.0060601862579322775,0.0,0.0,0.0,0.0,-0.0,-0.0,0.0,0,8.114908744971672e-11
FrequencyHopping,neural,43,23,0.5111987122443723,-0.26287510439205874,-0.0060601862579322775,0.0,0.0,0.0,0.0,-0.0,-0.0,0.0,0,8.114908744971672e-11
FrequencyHopping,neural,43,24,0.5111987122443723,-0.26287510439205874,-0.0060601862579322775,0.0,0.0,0.0,0.0,-0.0,-0.0,0.0,0,8.114908744971672e-11
FrequencyHopping,neural,43,25,0.5111987122443723,-0.26287510439205874,-0.0060601862579322775,0.0,0.0,0.0,0.0,-0.0,-0.0,0.0,0,8.114908744971672e-11
FrequencyHopping,neural,43,26,0.5111987122443723,-0.26287510439205874,-0.0060601862579322775,0.0,0.0,0.0,0.0,-0.0,-0.0,0.0,0,8.114908744971672e-11
FrequencyHopping,neural,43,27,0.5111987122443723,-0.26287510439205874,-0.0060601862579322775,0.0,0.0,0.0,0.0,-0.0,-0.0,0.0,0,8.114908744971672e-11
FrequencyHopping,neural,43,28,0.5111987122443723,-0.26287510439205874,-0.0060601862579322775,0.0,0.0,0.0,0.0,-0.0,-0.0,0.0,0,8.114908744971672e-11
FrequencyHopping,neural,43,29,0.5111987122443723,-0.26287510439205874,-0.0060601862579322775,0.0,0.0,0.0,0.0,-0.0,-0.0,0.0,0,8.114908744971672e-11
FrequencyHopping,neural,43,30,0.5111987122443723,-0.26287510439205874,-0.0060601862579322775,0.0,0.0,0.0,0.0,-0.0,-0.0,0.0,0,8.114908744971672e-11
FrequencyHopping,neural,43,31,0.5111987122443723,-0.26287510439205874,-0.0060601862579322775,0.0,0.0,0.0,0.0,-0.0,-0.0,0.0,0,8.114908744971672e-11
FrequencyHopping,neural,43,32,0.5111987122443723,-0.26287510439205874,-0.0060601862579322775,0.0,0.0,0.0,0.0,-0.0,-0.0,0.0,0,8.114908744971672e-11
FrequencyHopping,neural,43,33,0.5111987122443723,-0.26287510439205874,-0.0060601862579322775,0.0,0.0,0.0,0.0,-0.0,-0.0,0.0,0,8.114908744971672e-11
FrequencyHopping,neural,43,34,0.5111987122443723,-0.26287510439205874,-0.0060601862579322775,0.0,0.0,0.0,0.0,-0.0,-0.0,0.0,0,8.114908744971672e-11
FrequencyHopping,neural,43,35,0.5111987122443723,-0.26287510439205874,-0.0060601862579322775,0.0,0.0,0.0,0.0,-0.0,-0.0,0.0,0,8.114908744971672e-11
FrequencyHopping,neural,43,36,0.5111987122443723,-0.26287510439205874,-0.0060601862579322775,0.0,0.0,0.0,0.0,-0.0,-0.0,0.0,0,8.114908744971672e-11
FrequencyHopping,neural,43,37,0.5111987122443723,-0.26287510439205874,-0.0060601862579322775,0.0,0.0,0.0,0.0,-0.0,-0.0,0.0,0,8.114908744971672e-11
FrequencyHopping,neural,43,38,0.5111987122443723,-0.26287510439205874,-0.0060601862579322775,0.0,0.0,0.0,0.0,-0.0,-0.0,0.0,0,8.114908744971672e-11
FrequencyHopping,neural,43,39,0.5111987122443723,-0.26287510439205874,-0.0060601862579322775,0.0,0.0,0.0,0.0,-0.0,-0.0,0.0,0,8.114908744971672e-11
FrequencyHopping,neural,43,40,0.5111987122443723,-0.26287510439205874,-0.0060601862579322775,0.0,0.0,0.0,0.0,-0.0,-0.0,0.0,0,8.114908744971672e-11
FrequencyHopping,neural,43,41,0.5111987122443723,-0.26287510439205874,-0.0060601862579322775,0.0,0.0,0.0,0.0,-0.0,-0.0,0.0,0,8.114908744971672e-11
FrequencyHopping,neural,43,42,0.5111987122443723,-0.26287510439205874,-0.0060601862579322775,0.0,0.0,0.0,0.0,-0.0,-0.0,0.0,0,8.114908744971672e-11
FrequencyHopping,neural,43,43,0.5111987122443723,-0.26287510439205874,-0.0060601862579322775,0.0,0.0,0.0,0.0,-0.0,-0.0,0.0,0,8.114908744971672e-11
FrequencyHopping,neural,43,44,0.5111987122443723,-0.26287510439205874,-0.0060601862579322775,0.0,0.0,0.0,0.0,-0.0,-0.0,0.0,0,8.114908744971672e-11
FrequencyHopping,neural,43,45,0.5111987122443723,-0.26287510439205874,-0.0060601862579322775,0.0,0.0,0.0,0.0,-0.0,-0.0,0.0,0,8.114908744971672e-11
FrequencyHopping,neural,43,46,0.5111987122443723,-0.26287510439205874,-0.0060601862579322775,0.0,0.0,0.0,0.0,-0.0,-0.0,0.0,0,8.114908744971672e-11
FrequencyHopping,neural,43,47,0.5111987122443723,-0.26287510439205874,-0.0060601862579322775,0.0,0.0,0.0,0.0,-0.0,-0.0,0.0,0,8.114908744971672e-11
FrequencyHopping,neural,43,48,0.5111987122443723,-0.26287510439205874,-0.0060601862579322775,0.0,0.0,0.0,0.0,-0.0,-0.0,0.0,0,8.114908744971672e-11
FrequencyHopping,neural,43,49,0.5111987122443723,-0.26287510439205874,-0.0060601862579322775,0.0,0.0,0.0,0.0,-0.0,-0.0,0.0,0,8.114908744971672e-11
FrequencyHopping,neural,43,50,0.5111987122443723,-0.26287510439205874,-0.0060601862579322775,0.0,0.0,0.0,0.0,-0.0,-0.0,0.0,0,8.114908744971672e-11
FrequencyHopping,neural,43,51,0.5111987122443723,-0.26287510439205874,-0.0060601862579322775,0.0,0.0,0.0,0.0,-0.0,-0.0,0.0,0,8.114908744971672e-11
FrequencyHopping,neural,43,52,0.5111987122443723,-0.26287510439205874,-0.0060601862579322775,0.0,0.0,0.0,0.0,-0.0,-0.0,0.0,0,8.114908744971672e-11
FrequencyHopping,neural,43,53,0.5111987122443723,-0.26287510439205874,-0.0060601862579322775,0.0,0.0,0.0,0.0,-0.0,-0.0,0.0,0,8.114908744971672e-11
FrequencyHopping,neural,43,54,0.5111987122443723,-0.26287510439205874,-0.0060601862579322775,0.0,0.0,0.0,0.0,-0.0,-0.0,0.0,0,8.114908744971672e-11
FrequencyHopping,neural,43,55,0.5111987122443723,-0.26287510439205874,-0.0060601862579322775,0.0,0.0,0.0,0.0,-0.0,-0.0,0.0,0,8.114908744971672e-11
FrequencyHopping,neural,43,56,0.5111987122443723,-0.26287510439205874,-0.0060601862579322775,0.0,0.0,0.0,0.0,-0.0,-0.0,0.0,0,8.114908744971672e-11
FrequencyHopping,neural,43,57,0.5111987122443723,-0.26287510439205874,-0.0060601862579322775,0.0,0.0,0.0,0.0,-0.0,-0.0,0.0,0,8.114908744971672e-11
FrequencyHopping,neural,43,58,0.5111987122443723,-0.26287510439205874,-0.0060601862579322775,0.0,0.0,0.0,0.0,-0.0,-0.0,0.0,0,8.114908744971672e-11
FrequencyHopping,neural,43,59,0.5111987122443723,-0.26287510439205874,-0.0060601862579322775,0.0,0.0,0.0,0.0,-0.0,-0.0,0.0,0,8.114908744971672e-11
FrequencyHopping,neural,43,60,0.5111987122443723,-0.26287510439205874,-0.0060601862579322775,0.0,0.0,0.0,0.0,-0.0,-0.0,0.0,0,8.114908744971672e-11
FrequencyHopping,neural,44,1,5.80134436665501,0.008537522821378709,4.051653600348596,0.004673447769337847,0.03,1.0,0.9261969791130326,0.11593230012562147,0.11575709434841852,0.0,0,8.312062149684607e-11
FrequencyHopping,neural,44,2,5.565005306843157,0.011063897601150702,3.1222435418320993,0.0004592832726361696,0.03,1.0,0.9919330567550988,0.08926098028222791,0.08911924158961293,0.0,0,8.231948456227656e-11
FrequencyHopping,neural,44,3,5.198500759592489,0.00997298086750185,2.41044571695121,0.0,0.03,1.0,1.0,0.06881936341023319,0.06870710245293776,0.0,0,8.972289577968695e-11
FrequencyHopping,neural,44,4,4.754640176375908,0.005341569727553183,1.8599074849391315,0.0,0.03,1.0,1.0,0.05299974452778208,0.05291496663403317,0.0,0,8.981793087059486e-11
FrequencyHopping,neural,44,5,4.275047596891206,-0.002391863082681198,1.4311090625606582,0.0,0.03,1.0,1.0,0.04068680714938811,0.04062577366154552,0.0,0,8.916933857960885e-11
FrequencyHopping,neural,44,6,3.7929959921774077,-0.012769082007613413,1.0961871000498327,0.0,0.03,1.0,1.0,0.031085764511542435,0.03104385849766922,0.0,0,8.86224427176785e-11
FrequencyHopping,neural,44,7,3.3314152034603586,-0.02537686998278931,0.8347050745848528,0.0,0.03,1.0,1.0,0.023607664538010362,0.02358012185623526,0.0,0,8.816458674232308e-11
FrequencyHopping,neural,44,8,2.903826028790783,-0.039837709293534564,0.6311217461104489,0.0,0.03,1.0,1.0,0.017800816681955055,0.017783330771918626,0.0,0,8.77815597988274e-11
FrequencyHopping,neural,44,9,2.5166453029758484,-0.055801913474286376,0.47326049136038817,0.0,0.03,1.0,1.0,0.013309780714495035,0.01329893226956591,0.0,0,8.746314783536491e-11
FrequencyHopping,neural,44,10,2.1715633569003665,-0.07293501036572614,0.35140995233139466,0.0,0.03,1.0,1.0,0.009851283677451072,0.009844637632794417,0.0,0,8.719669430945487e-11
FrequencyHopping,neural,44,11,1.8674328694557283,-0.09089688792644969,0.25778308114162596,0.0,0.03,1.0,1.0,0.007199140588969636,0.007195091721873048,0.0,0,8.697509379373969e-11
FrequencyHopping,neural,44,12,1.6015796230071413,-0.10931649032445079,0.18615296453486457,0.0,0.03,1.0,1.0,0.005173471915975024,0.005171010268347875,0.0,0,8.678990859323221e-11
FrequencyHopping,neural,44,13,1.3706387300358862,-0.1277729013682799,0.13157186879299024,0.0,0.03,1.0,1.0,0.003632098977971816,0.003630603612016947,0.0,0,8.663492145899454e-11
FrequencyHopping,neural,44,14,1.1710566986126145,-0.14579606295326195,0.09013679574577305,0.0,0.03,1.0,1.0,0.002463360121669384,0.0024624524550971305,0.0,0,8.650391514208877e-11
FrequencyHopping,neural,44,15,0.9993768569680418,-0.1628955116491436,0.05879012103639232,0.0,0.03,1.0,1.0,0.001580088599324667,0.0015795381330518943,0.0,0,8.639311488423118e-11
FrequencyHopping,neural,44,16,0.8523910563893838,-0.17861390401121363,0.035151494349567894,0.0,0.03,1.0,1.0,0.0009146152769588041,0.0009142816034717338,0.0,0,8.629785774871834e-11
FrequencyHopping,neural,44,17,0.7272111489194787,-0.1925889537993301,0.017378240610999414,0.0,0.03,1.0,1.0,0.00041467277299428354,0.0004144703856090448,0.0,0,8.621547920029116e-11
FrequencyHopping,neural,44,18,0.6212925774325279,-0.20460109559953701,0.004051115124525464,0.0,0.022379896260722468,1.0,1.0,4.5331768113561834e-05,4.528287422589372e-05,0.0,0,8.61430926590856e-11
FrequencyHopping,neural,44,19,0.5546771688972918,-0.2121038819878754,-0.0035157061142775145,0.0,0.0,0.0,0.0,-0.0,-0.0,0.0,0,8.609535306902671e-11
FrequencyHopping,neural,44,20,0.5546771688972918,-0.2121038819878754,-0.0035157061142775145,0.0,0.0,0.0,0.0,-0.0,-0.0,0.0,0,8.609535306902671e-11
FrequencyHopping,neural,44,21,0.5546771688972918,-0.2121038819878754,-0.0035157061142775145,0.0,0.0,0.0,0.0,-0.0,-0.0,0.0,0,8.609535306902671e-11
FrequencyHopping,neural,44,22,0.5546771688972918,-0.2121038819878754,-0.0035157061142775145,0.0,0.0,0.0,0.0,-0.0,-0.0,0.0,0,8.609535306902671e-11
FrequencyHopping,neural,44,23,0.5546771688972918,-0.2121038819878754,-0.0035157061142775145,0.0,0.0,0.0,0.0,-0.0,-0.0,0.0,0,8.609535306902671e-11
FrequencyHopping,neural,44,24,0.5546771688972918,-0.2121038819878754,-0.0035157061142775145,0.0,0.0,0.0,0.0,-0.0,-0.0,0.0,0,8.609535306902671e-11
FrequencyHopping,neural,44,25,0.5546771688972918,-0.2121038819878754,-0.0035157061142775145,0.0,0.0,0.0,0.0,-0.0,-0.0,0.0,0,8.609535306902671e-11
FrequencyHopping,neural,44,26,0.5546771688972918,-0.2121038819878754,-0.0035157061142775145,0.0,0.0,0.0,0.0,-0.0,-0.0,0.0,0,8.609535306902671e-11
FrequencyHopping,neural,44,27,0.5546771688972918,-0.2121038819878754,-0.0035157061142775145,0.0,0.0,0.0,0.0,-0.0,-0.0,0.0,0,8.609535306902671e-11
FrequencyHopping,neural,44,28,0.5546771688972918,-0.2121038819878754,-0.0035157061142775145,0.0,0.0,0.0,0.0,-0.0,-0.0,0.0,0,8.609535306902671e-11
FrequencyHopping,neural,44,29,0.5546771688972918,-0.2121038819878754,-0.0035157061142775145,0.0,0.0,0.0,0.0,-0.0,-0.0,0.0,0,8.609535306902671e-11
FrequencyHopping,neural,44,30,0.5546771688972918,-0.2121038819878754,-0.0035157061142775145,0.0,0.0,0.0,0.0,-0.0,-0.0,0.0,0,8.609535306902671e-11
FrequencyHopping,neural,44,31,0.5546771688972918,-0.2121038819878754,-0.0035157061142775145,0.0,0.0,0.0,0.0,-0.0,-0.0,0.0,0,8.609535306902671e-11
FrequencyHopping,neural,44,32,0.5546771688972918,-0.2121038819878754,-0.0035157061142775145,0.0,0.0,0.0,0.0,-0.0,-0.0,0.0,0,8.609535306902671e-11
FrequencyHopping,neural,44,33,0.5546771688972918,-0.2121038819878754,-0.0035157061142775145,0.0,0.0,0.0,0.0,-0.0,-0.0,0.0,0,8.609535306902671e-11
FrequencyHopping,neural,44,34,0.5546771688972918,-0.2121038819878754,-0.0035157061142775145,0.0,0.0,0.0,0.0,-0.0,-0.0,0.0,0,8.609535306902671e-11
FrequencyHopping,neural,44,35,0.5546771688972918,-0.2121038819878754,-0.0035157061142775145,0.0,0.0,0.0,0.0,-0.0,-0.0,0.0,0,8.609535306902671e-11
FrequencyHopping,neural,44,36,0.5546771688972918,-0.2121038819878754,-0.0035157061142775145,0.0,0.0,0.0,0.0,-0.0,-0.0,0.0,0,8.609535306902671e-11
FrequencyHopping,neural,44,37,0.5546771688972918,-0.2121038819878754,-0.0035157061142775145,0.0,0.0,0.0,0.0,-0.0,-0.0,0.0,0,8.609535306902671e-11
FrequencyHopping,neural,44,38,0.5546771688972918,-0.2121038819878754,-0.0035157061142775145,0.0,0.0,0.0,0.0,-0.0,-0.0,0.0,0,8.609535306902671e-11
FrequencyHopping,neural,44,39,0.5546771688972918,-0.2121038819878754,-0.0035157061142775145,0.0,0.0,0.0,0.0,-0.0,-0.0,0.0,0,8.609535306902671e-11
FrequencyHopping,neural,44,40,0.5546771688972918,-0.2121038819878754,-0.0035157061142775145,0.0,0.0,0.0,0.0,-0.0,-0.0,0.0,0,8.609535306902671e-11
FrequencyHopping,neural,44,41,0.5546771688972918,-0.2121038819878754,-0.0035157061142775145,0.0,0.0,0.0,0.0,-0.0,-0.0,0.0,0,8.609535306902671e-11
FrequencyHopping,neural,44,42,0.5546771688972918,-0.2121038819878754,-0.0035157061142775145,0.0,0.0,0.0,0.0,-0.0,-0.0,0.0,0,8.609535306902671e-11
FrequencyHopping,neural,44,43,0.5546771688972918,-0.2121038819878754,-0.0035157061142775145,0.0,0.0,0.0,0.0,-0.0,-0.0,0.0,0,8.609535306902671e-11
FrequencyHopping,neural,44,44,0.5546771688972918,-0.2121038819878754,-0.0035157061142775145,0.0,0.0,0.0,0.0,-0.0,-0.0,0.0,0,8.609535306902671e-11
FrequencyHopping,neural,44,45,0.5546771688972918,-0.2121038819878754,-0.0035157061142775145,0.0,0.0,0.0,0.0,-0.0,-0.0,0.0,0,8.609535306902671e-11
FrequencyHopping,neural,44,46,0.5546771688972918,-0.2121038819878754,-0.0035157061142775145,0.0,0.0,0.0,0.0,-0.0,-0.0,0.0,0,8.609535306902671e-11
FrequencyHopping,neural,44,47,0.5546771688972918,-0.2121038819878754,-0.0035157061142775145,0.0,0.0,0.0,0.0,-0.0,-0.0,0.0,0,8.609535306902671e-11
FrequencyHopping,neural,44,48,0.5546771688972918,-0.2121038819878754,-0.0035157061142775145,0.0,0.0,0.0,0.0,-0.0,-0.0,0.0,0,8.609535306902671e-11
FrequencyHopping,neural,44,49,0.5546771688972918,-0.2121038819878754,-0.0035157061142775145,0.0,0.0,0.0,0.0,-0.0,-0.0,0.0,0,8.609535306902671e-11
FrequencyHopping,neural,44,50,0.5546771688972918,-0.2121038819878754,-0.0035157061142775145,0.0,0.0,0.0,0.0,-0.0,-0.0,0.0,0,8.609535306902671e-11
FrequencyHopping,neural,44,51,0.5546771688972918,-0.2121038819878754,-0.0035157061142775145,0.0,0.0,0.0,0.0,-0.0,-0.0,0.0,0,8.609535306902671e-11
FrequencyHopping,neural,44,52,0.5546771688972918,-0.2121038819878754,-0.0035157061142775145,0.0,0.0,0.0,0.0,-0.0,-0.0,0.0,0,8.609535306902671e-11
FrequencyHopping,neural,44,53,0.5546771688972918,-0.2121038819878754,-0.0035157061142775145,0.0,0.0,0.0,0.0,-0.0,-0.0,0.0,0,8.609535306902671e-11
FrequencyHopping,neural,44,54,0.5546771688972918,-0.2121038819878754,-0.0035157061142775145,0.0,0.0,0.0,0.0,-0.0,-0.0,0.0,0,8.609535306902671e-11
FrequencyHopping,neural,44,55,0.5546771688972918,-0.2121038819878754,-0.0035157061142775145,0.0,0.0,0.0,0.0,-0.0,-0.0,0.0,0,8.609535306902671e-11
FrequencyHopping,neural,44,56,0.5546771688972918,-0.2121038819878754,-0.0035157061142775145,0.0,0.0,0.0,0.0,-0.0,-0.0,0.0,0,8.609535306902671e-11
FrequencyHopping,neural,44,57,0.5546771688972918,-0.2121038819878754,-0.0035157061142775145,0.0,0.0,0.0,0.0,-0.0,-0.0,0.0,0,8.609535306902671e-11
FrequencyHopping,neural,44,58,0.5546771688972918,-0.2121038819878754,-0.0035157061142775145,0.0,0.0,0.0,0.0,-0.0,-0.0,0.0,0,8.609535306902671e-11
FrequencyHopping,neural,44,59,0.5546771688972918,-0.2121038819878754,-0.0035157061142775145,0.0,0.0,0.0,0.0,-0.0,-0.0,0.0,0,8.609535306902671e-11
FrequencyHopping,neural,44,60,0.5546771688972918,-0.2121038819878754,-0.0035157061142775145,0.0,0.0,0.0,0.0,-0.0,-0.0,0.0,0,8.609535306902671e-11
FrequencyHopping,neural,45,1,4.1649307380385885,0.0413642478366453,2.117413265554531,0.008468360012273201,0.03,1.0,0.853026702184515,0.061134870610902906,0.06105773426835226,0.0,0,8.814060592499118e-11
FrequencyHopping,neural,45,2,3.810986386268732,0.02983715009466396,1.713363271924925,0.0009113737265608198,0.03,1.0,0.9809168736411403,0.04931085095272064,0.049252040645358264,0.0,0,8.73929817402086e-11
FrequencyHopping,neural,45,3,3.4480465522135804,0.020378826427053465,1.377109106482164,0.0,0.03,1.0,1.0,0.039537546700523736,0.03949133853081199,0.0,0,8.659295502866371e-11
FrequencyHopping,neural,45,4,3.08370373038468,0.010959649061815714,1.0961840214491179,0.0,0.03,1.0,1.0,0.0313907666004692,0.03135487887767141,0.0,0,8.588951772026121e-11
FrequencyHopping,neural,45,5,2.7307208340248996,0.0014416229163566829,0.8632182991693491,0.0,0.03,1.0,1.0,0.02465048992707441,0.02462322199300493,0.0,0,8.52871107070996e-11
FrequencyHopping,neural,45,6,2.3986870655745047,-0.008008745550564467,0.6717506767024356,0.0,0.03,1.0,1.0,0.019123840284452624,0.019103572288698745,0.0,0,8.477307744669815e-11
FrequencyHopping,neural,45,7,2.0931599083121397,-0.017236289164016247,0.5157372909479996,0.0,0.03,1.0,1.0,0.014630911942465831,0.014616154718741559,0.0,0,8.433498344118107e-11
FrequencyHopping,neural,45,8,1.8166356562234367,-0.02610168292194917,0.3896366748028172,0.0,0.03,1.0,1.0,0.01100733769175284,0.010996789665361995,0.0,0,8.396283668332671e-11
FrequencyHopping,neural,45,9,1.5694847675831167,-0.034479487744901165,0.28846841051312194,0.0,0.03,1.0,1.0,0.008106020320145839,0.008098599896344094,0.0,0,8.36468672105184e-11
FrequencyHopping,neural,45,10,1.3507179953270247,-0.042253877769656646,0.20784302393697238,0.0,0.03,1.0,1.0,0.005797925811318734,0.0057927737318583805,0.0,0,8.33790814169788e-11
FrequencyHopping,neural,45,11,1.1585567279534745,-0.04931745210376937,0.14396335725951767,0.0,0.03,1.0,1.0,0.003971971040680685,0.003968430406162238,0.0,0,8.315170774153557e-11
FrequencyHopping,neural,45,12,0.990830875242838,-0.0555766820673804,0.09360107060617734,0.0,0.03,1.0,1.0,0.0025341563470065594,0.0025317409254714818,0.0,0,8.295875097985572e-11
FrequencyHopping,neural,45,13,0.8452428955506314,-0.060963422980660674,0.054054324625007893,0.0,0.03,1.0,1.0,0.001406156344893454,0.0014045157996152025,0.0,0,8.279510410602597e-11
FrequencyHopping,neural,45,14,0.7195353375438711,-0.0654477446359126,0.02309350703855287,0.0,0.03,1.0,1.0,0.0005235908290340199,0.0005224782744128742,0.0,0,8.265566009413305e-11
FrequencyHopping,neural,45,15,0.6115921112058161,-0.06904573954365807,-0.0010986346290443071,0.0,0.0,0.0,0.0,-0.0,-0.0,0.0,0,8.253731031970801e-11
FrequencyHopping,neural,45,16,0.6115921112058161,-0.06904573954365807,-0.0010986346290443071,0.0,0.0,0.0,0.0,-0.0,-0.0,0.0,0,8.253731031970801e-11
FrequencyHopping,neural,45,17,0.6115921112058161,-0.06904573954365807,-0.0010986346290443071,0.0,0.0,0.0,0.0,-0.0,-0.0,0.0,0,8.253731031970801e-11
FrequencyHopping,neural,45,18,0.6115921112058161,-0.06904573954365807,-0.0010986346290443071,0.0,0.0,0.0,0.0,-0.0,-0.0,0.0,0,8.253731031970801e-11
FrequencyHopping,neural,45,19,0.6115921112058161,-0.06904573954365807,-0.0010986346290443071,0.0,0.0,0.0,0.0,-0.0,-0.0,0.0,0,8.253731031970801e-11
FrequencyHopping,neural,45,20,0.6115921112058161,-0.06904573954365807,-0.0010986346290443071,0.0,0.0,0.0,0.0,-0.0,-0.0,0.0,0,8.253731031970801e-11
FrequencyHopping,neural,45,21,0.6115921112058161,-0.06904573954365807,-0.0010986346290443071,0.0,0.0,0.0,0.0,-0.0,-0.0,0.0,0,8.253731031970801e-11
FrequencyHopping,neural,45,22,0.6115921112058161,-0.06904573954365807,-0.0010986346290443071,0.0,0.0,0.0,0.0,-0.0,-0.0,0.0,0,8.253731031970801e-11
FrequencyHopping,neural,45,23,0.6115921112058161,-0.06904573954365807,-0.0010986346290443071,0.0,0.0,0.0,0.0,-0.0,-0.0,0.0,0,8.253731031970801e-11
FrequencyHopping,neural,45,24,0.6115921112058161,-0.06904573954365807,-0.0010986346290443071,0.0,0.0,0.0,0.0,-0.0,-0.0,0.0,0,8.253731031970801e-11
FrequencyHopping,neural,45,25,0.6115921112058161,-0.06904573954365807,-0.0010986346290443071,0.0,0.0,0.0,0.0,-0.0,-0.0,0.0,0,8.253731031970801e-11
FrequencyHopping,neural,45,26,0.6115921112058161,-0.06904573954365807,-0.0010986346290443071,0.0,0.0,0.0,0.0,-0.0,-0.0,0.0,0,8.253731031970801e-11
FrequencyHopping,neural,45,27,0.6115921112058161,-0.06904573954365807,-0.0010986346290443071,0.0,0.0,0.0,0.0,-0.0,-0.0,0.0,0,8.253731031970801e-11
FrequencyHopping,neural,45,28,0.6115921112058161,-0.06904573954365807,-0.0010986346290443071,0.0,0.0,0.0,0.0,-0.0,-0.0,0.0,0,8.253731031970801e-11
FrequencyHopping,neural,45,29,0.6115921112058161,-0.06904573954365807,-0.0010986346290443071,0.0,0.0,0.0,0.0,-0.0,-0.0,0.0,0,8.253731031970801e-11
FrequencyHopping,neural,45,30,0.6115921112058161,-0.06904573954365807,-0.0010986346290443071,0.0,0.0,0.0,0.0,-0.0,-0.0,0.0,0,8.253731031970801e-11
FrequencyHopping,neural,45,31,0.6115921112058161,-0.06904573954365807,-0.0010986346290443071,0.0,0.0,0.0,0.0,-0.0,-0.0,0.0,0,8.253731031970801e-11
FrequencyHopping,neural,45,32,0.6115921112058161,-0.06904573954365807,-0.0010986346290443071,0.0,0.0,0.0,0.0,-0.0,-0.0,0.0,0,8.253731031970801e-11
FrequencyHopping,neural,45,33,0.6115921112058161,-0.06904573954365807,-0.0010986346290443071,0.0,0.0,0.0,0.0,-0.0,-0.0,0.0,0,8.253731031970801e-11
FrequencyHopping,neural,45,34,0.6115921112058161,-0.06904573954365807,-0.0010986346290443071,0.0,0.0,0.0,0.0,-0.0,-0.0,0.0,0,8.253731031970801e-11
FrequencyHopping,neural,45,35,0.6115921112058161,-0.06904573954365807,-0.0010986346290443071,0.0,0.0,0.0,0.0,-0.0,-0.0,0.0,0,8.253731031970801e-11
FrequencyHopping,neural,45,36,0.6115921112058161,-0.06904573954365807,-0.0010986346290443071,0.0,0.0,0.0,0.0,-0.0,-0.0,0.0,0,8.253731031970801e-11
FrequencyHopping,neural,45,37,0.6115921112058161,-0.06904573954365807,-0.0010986346290443071,0.0,0.0,0.0,0.0,-0.0,-0.0,0.0,0,8.253731031970801e-11
FrequencyHopping,neural,45,38,0.6115921112058161,-0.06904573954365807,-0.0010986346290443071,0.0,0.0,0.0,0.0,-0.0,-0.0,0.0,0,8.253731031970801e-11
FrequencyHopping,neural,45,39,0.6115921112058161,-0.06904573954365807,-0.0010986346290443071,0.0,0.0,0.0,0.0,-0.0,-0.0,0.0,0,8.253731031970801e-11
FrequencyHopping,neural,45,40,0.6115921112058161,-0.06904573954365807,-0.0010986346290443071,0.0,0.0,0.0,0.0,-0.0,-0.0,0.0,0,8.253731031970801e-11
FrequencyHopping,neural,45,41,0.6115921112058161,-0.06904573954365807,-0.0010986346290443071,0.0,0.0,0.0,0.0,-0.0,-0.0,0.0,0,8.253731031970801e-11
FrequencyHopping,neural,45,42,0.6115921112058161,-0.06904573954365807,-0.0010986346290443071,0.0,0.0,0.0,0.0,-0.0,-0.0,0.0,0,8.253731031970801e-11
FrequencyHopping,neural,45,43,0.6115921112058161,-0.06904573954365807,-0.0010986346290443071,0.0,0.0,0.0,0.0,-0.0,-0.0,0.0,0,8.253731031970801e-11
FrequencyHopping,neural,45,44,0.6115921112058161,-0.06904573954365807,-0.0010986346290443071,0.0,0.0,0.0,0.0,-0.0,-0.0,0.0,0,8.253731031970801e-11
FrequencyHopping,neural,45,45,0.6115921112058161,-0.06904573954365807,-0.0010986346290443071,0.0,0.0,0.0,0.0,-0.0,-0.0,0.0,0,8.253731031970801e-11
FrequencyHopping,neural,45,46,0.6115921112058161,-0.06904573954365807,-0.0010986346290443071,0.0,0.0,0.0,0.0,-0.0,-0.0,0.0,0,8.253731031970801e-11
FrequencyHopping,neural,45,47,0.6115921112058161,-0.06904573954365807,-0.0010986346290443071,0.0,0.0,0.0,0.0,-0.0,-0.0,0.0,0,8.253731031970801e-11
FrequencyHopping,neural,45,48,0.6115921112058161,-0.06904573954365807,-0.0010986346290443071,0.0,0.0,0.0,0.0,-0.0,-0.0,0.0,0,8.253731031970801e-11
FrequencyHopping,neural,45,49,0.6115921112058161,-0.06904573954365807,-0.0010986346290443071,0.0,0.0,0.0,0.0,-0.0,-0.0,0.0,0,8.253731031970801e-11
FrequencyHopping,neural,45,50,0.6115921112058161,-0.06904573954365807,-0.0010986346290443071,0.0,0.0,0.0,0.0,-0.0,-0.0,0.0,0,8.253731031970801e-11
FrequencyHopping,neural,45,51,0.6115921112058161,-0.06904573954365807,-0.0010986346290443071,0.0,0.0,0.0,0.0,-0.0,-0.0,0.0,0,8.253731031970801e-11
FrequencyHopping,neural,45,52,0.6115921112058161,-0.06904573954365807,-0.0010986346290443071,0.0,0.0,0.0,0.0,-0.0,-0.0,0.0,0,8.253731031970801e-11
FrequencyHopping,neural,45,53,0.6115921112058161,-0.06904573954365807,-0.0010986346290443071,0.0,0.0,0.0,0.0,-0.0,-0.0,0.0,0,8.253731031970801e-11
FrequencyHopping,neural,45,54,0.6115921112058161,-0.06904573954365807,-0.0010986346290443071,0.0,0.0,0.0,0.0,-0.0,-0.0,0.0,0,8.253731031970801e-11
FrequencyHopping,neural,45,55,0.6115921112058161,-0.06904573954365807,-0.0010986346290443071,0.0,0.0,0.0,0.0,-0.0,-0.0,0.0,0,8.253731031970801e-11
FrequencyHopping,neural,45,56,0.6115921112058161,-0.06904573954365807,-0.0010986346290443071,0.0,0.0,0.0,0.0,-0.0,-0.0,0.0,0,8.253731031970801e-11
FrequencyHopping,neural,45,57,0.6115921112058161,-0.06904573954365807,-0.0010986346290443071,0.0,0.0,0.0,0.0,-0.0,-0.0,0.0,0,8.253731031970801e-11
FrequencyHopping,neural,45,58,0.6115921112058161,-0.06904573954365807,-0.0010986346290443071,0.0,0.0,0.0,0.0,-0.0,-0.0,0.0,0,8.253731031970801e-11
FrequencyHopping,neural,45,59,0.6115921112058161,-0.06904573954365807,-0.0010986346290443071,0.0,0.0,0.0,0.0,-0.0,-0.0,0.0,0,8.253731031970801e-11
FrequencyHopping,neural,45,60,0.6115921112058161,-0.06904573954365807,-0.0010986346290443071,0.0,0.0,0.0,0.0,-0.0,-0.0,0.0,0,8.253731031970801e-11
FrequencyHopping,neural,46,1,4.498620570293487,0.0739944175480418,3.0323490150674397,0.03,0.03,1.0,0.6595977675786752,0.08917130494449778,0.08912871104439013,0.0,0,8.6556539713456e-11
FrequencyHopping,neural,46,2,4.290344963644018,0.06450840058894351,2.2950402725009726,0.03,0.03,1.0,0.6471826827752517,0.069176050367545,0.0691137054554376,0.0,0,8.536571449724306e-11
FrequencyHopping,neural,46,3,3.985860377324293,0.05646132863380472,1.7243597924760496,0.03,0.03,1.0,0.6329788292941265,0.05338789687434207,0.053323172821929,0.0,0,8.446310317822281e-11
FrequencyHopping,neural,46,4,3.629701838463161,0.04900796303990807,1.2797990810015447,0.03,0.03,1.0,0.616741825021664,0.040796689957450595,0.04073943590112772,0.0,0,8.379386073897876e-11
FrequencyHopping,neural,46,5,3.2582693697066354,0.041227285040198916,0.9341611230999166,0.03,0.03,1.0,0.59835535301499,0.030752472289359217,0.030707106207242374,0.0,0,8.331801915062442e-11
FrequencyHopping,neural,46,6,2.8956652815431774,0.032189730513528025,0.6676031489912303,0.03,0.03,1.0,0.577879707499574,0.022791973251732465,0.022758926951393588,0.0,0,8.298539633244673e-11
FrequencyHopping,neural,46,7,2.555427872427638,0.021024979667874335,0.4644793311494528,0.03,0.03,1.0,0.5555818243836125,0.016546941785756764,0.016524353313424944,0.0,0,8.276268559370692e-11
FrequencyHopping,neural,46,8,2.2439225340061446,0.00698548898039506,0.311822882879165,0.03,0.03,1.0,0.5319355135540806,0.011702551767619179,0.011687774037900445,0.0,0,8.262301953720907e-11
FrequencyHopping,neural,46,9,1.963243748508306,-0.01049591001259769,0.19872117163473016,0.03,0.03,1.0,0.5075867230945562,0.007983373149483872,0.007973929292866111,0.0,0,8.254508188088039e-11
FrequencyHopping,neural,46,10,1.7131449367998566,-0.03175318663080972,0.11607983867753639,0.03,0.03,1.0,0.48328703026817244,0.005151112394929583,0.005145091094335252,0.0,0,8.251133110093178e-11
FrequencyHopping,neural,46,11,1.4921745184025785,-0.05684055889266906,0.05648575780093379,0.03,0.03,1.0,0.45980636439949235,0.0030049089507739727,0.003000998593874815,0.0,0,8.250822247646283e-11
FrequencyHopping,neural,46,12,1.2983055380937158,-0.08550240223644834,0.014047515052603047,0.03,0.020482949867107896,1.0,0.34716312760828505,0.001410306133894462,0.001408103612365208,0.0,0,8.252443173262236e-11
FrequencyHopping,neural,46,13,1.1816402751281543,-0.11206155392545854,-0.008691798527256179,0.03,0.0,0.0,0.0,0.0009095637407673869,0.0009088195166192525,0.0,0,8.249445571095748e-11
FrequencyHopping,neural,46,14,1.177475862510274,-0.1291976735579006,-0.013437910766292997,0.03,0.0,0.0,0.0,0.0006545811369779795,0.0006537994092032928,0.0,0,8.235367943143501e-11
FrequencyHopping,neural,46,15,1.1729825428873704,-0.1461867277533663,-0.017865209665269104,0.03,0.0,0.0,0.0,0.0003887924634012633,0.00038799600835259795,0.0,0,8.221867631164059e-11
FrequencyHopping,neural,46,16,1.1681564973923695,-0.1630128777796594,-0.021893229614984182,0.027941496547901803,0.0,0.0,0.0,0.00011298761450174313,0.00011235390941122247,0.0,0,8.208966839617915e-11
FrequencyHopping,neural,46,17,1.1632184334649875,-0.17854534382890105,-0.02523205369942532,0.0,0.0,0.0,0.0,-0.0,-0.0,0.0,0,8.197575951385261e-11
FrequencyHopping,neural,46,18,1.1632184334649875,-0.17854534382890105,-0.02523205369942532,0.0,0.0,0.0,0.0,-0.0,-0.0,0.0,0,8.197575951385261e-11
FrequencyHopping,neural,46,19,1.1632184334649875,-0.17854534382890105,-0.02523205369942532,0.0,0.0,0.0,0.0,-0.0,-0.0,0.0,0,8.197575951385261e-11
FrequencyHopping,neural,46,20,1.1632184334649875,-0.17854534382890105,-0.02523205369942532,0.0,0.0,0.0,0.0,-0.0,-0.0,0.0,0,8.197575951385261e-11
FrequencyHopping,neural,46,21,1.1632184334649875,-0.17854534382890105,-0.02523205369942532,0.0,0.0,0.0,0.0,-0.0,-0.0,0.0,0,8.197575951385261e-11
FrequencyHopping,neural,46,22,1.1632184334649875,-0.17854534382890105,-0.02523205369942532,0.0,0.0,0.0,0.0,-0.0,-0.0,0.0,0,8.197575951385261e-11
FrequencyHopping,neural,46,23,1.1632184334649875,-0.17854534382890105,-0.02523205369942532,0.0,0.0,0.0,0.0,-0.0,-0.0,0.0,0,8.197575951385261e-11
FrequencyHopping,neural,46,24,1.1632184334649875,-0.17854534382890105,-0.02523205369942532,0.0,0.0,0.0,0.0,-0.0,-0.0,0.0,0,8.197575951385261e-11
FrequencyHopping,neural,46,25,1.1632184334649875,-0.17854534382890105,-0.02523205369942532,0.0,0.0,0.0,0.0,-0.0,-0.0,0.0,0,8.197575951385261e-11
FrequencyHopping,neural,46,26,1.1632184334649875,-0.17854534382890105,-0.02523205369942532,0.0,0.0,0.0,0.0,-0.0,-0.0,0.0,0,8.197575951385261e-11
FrequencyHopping,neural,46,27,1.1632184334649875,-0.17854534382890105,-0.02523205369942532,0.0,0.0,0.0,0.0,-0.0,-0.0,0.0,0,8.197575951385261e-11
FrequencyHopping,neural,46,28,1.1632184334649875,-0.17854534382890105,-0.02523205369942532,0.0,0.0,0.0,0.0,-0.0,-0.0,0.0,0,8.197575951385261e-11
FrequencyHopping,neural,46,29,1.1632184334649875,-0.17854534382890105,-0.02523205369942532,0.0,0.0,0.0,0.0,-0.0,-0.0,0.0,0,8.197575951385261e-11
FrequencyHopping,neural,46,30,1.1632184334649875,-0.17854534382890105,-0.02523205369942532,0.0,0.0,0.0,0.0,-0.0,-0.0,0.0,0,8.197575951385261e-11
FrequencyHopping,neural,46,31,1.1632184334649875,-0.17854534382890105,-0.02523205369942532,0.0,0.0,0.0,0.0,-0.0,-0.0,0.0,0,8.197575951385261e-11
FrequencyHopping,neural,46,32,1.1632184334649875,-0.17854534382890105,-0.02523205369942532,0.0,0.0,0.0,0.0,-0.0,-0.0,0.0,0,8.197575951385261e-11
FrequencyHopping,neural,46,33,1.1632184334649875,-0.17854534382890105,-0.02523205369942532,0.0,0.0,0.0,0.0,-0.0,-0.0,0.0,0,8.197575951385261e-11
FrequencyHopping,neural,46,34,1.1632184334649875,-0.17854534382890105,-0.02523205369942532,0.0,0.0,0.0,0.0,-0.0,-0.0,0.0,0,8.197575951385261e-11
FrequencyHopping,neural,46,35,1.1632184334649875,-0.17854534382890105,-0.02523205369942532,0.0,0.0,0.0,0.0,-0.0,-0.0,0.0,0,8.197575951385261e-11
FrequencyHopping,neural,46,36,1.1632184334649875,-0.17854534382890105,-0.02523205369942532,0.0,0.0,0.0,0.0,-0.0,-0.0,0.0,0,8.197575951385261e-11
FrequencyHopping,neural,46,37,1.1632184334649875,-0.17854534382890105,-0.02523205369942532,0.0,0.0,0.0,0.0,-0.0,-0.0,0.0,0,8.197575951385261e-11
FrequencyHopping,neural,46,38,1.1632184334649875,-0.17854534382890105,-0.02523205369942532,0.0,0.0,0.0,0.0,-0.0,-0.0,0.0,0,8.197575951385261e-11
FrequencyHopping,neural,46,39,1.1632184334649875,-0.17854534382890105,-0.02523205369942532,0.0,0.0,0.0,0.0,-0.0,-0.0,0.0,0,8.197575951385261e-11
FrequencyHopping,neural,46,40,1.1632184334649875,-0.17854534382890105,-0.02523205369942532,0.0,0.0,0.0,0.0,-0.0,-0.0,0.0,0,8.197575951385261e-11
FrequencyHopping,neural,46,41,1.1632184334649875,-0.17854534382890105,-0.02523205369942532,0.0,0.0,0.0,0.0,-0.0,-0.0,0.0,0,8.197575951385261e-11
FrequencyHopping,neural,46,42,1.1632184334649875,-0.17854534382890105,-0.02523205369942532,0.0,0.0,0.0,0.0,-0.0,-0.0,0.0,0,8.197575951385261e-11
FrequencyHopping,neural,46,43,1.1632184334649875,-0.17854534382890105,-0.02523205369942532,0.0,0.0,0.0,0.0,-0.0,-0.0,0.0,0,8.197575951385261e-11
FrequencyHopping,neural,46,44,1.1632184334649875,-0.17854534382890105,-0.02523205369942532,0.0,0.0,0.0,0.0,-0.0,-0.0,0.0,0,8.197575951385261e-11
FrequencyHopping,neural,46,45,1.1632184334649875,-0.17854534382890105,-0.02523205369942532,0.0,0.0,0.0,0.0,-0.0,-0.0,0.0,0,8.197575951385261e-11
FrequencyHopping,neural,46,46,1.1632184334649875,-0.17854534382890105,-0.02523205369942532,0.0,0.0,0.0,0.0,-0.0,-0.0,0.0,0,8.197575951385261e-11
FrequencyHopping,neural,46,47,1.1632184334649875,-0.17854534382890105,-0.02523205369942532,0.0,0.0,0.0,0.0,-0.0,-0.0,0.0,0,8.197575951385261e-11
FrequencyHopping,neural,46,48,1.1632184334649875,-0.17854534382890105,-0.02523205369942532,0.0,0.0,0.0,0.0,-0.0,-0.0,0.0,0,8.197575951385261e-11
FrequencyHopping,neural,46,49,1.1632184334649875,-0.17854534382890105,-0.02523205369942532,0.0,0.0,0.0,0.0,-0.0,-0.0,0.0,0,8.197575951385261e-11
FrequencyHopping,neural,46,50,1.1632184334649875,-0.17854534382890105,-0.02523205369942532,0.0,0.0,0.0,0.0,-0.0,-0.0,0.0,0,8.197575951385261e-11
FrequencyHopping,neural,46,51,1.1632184334649875,-0.17854534382890105,-0.02523205369942532,0.0,0.0,0.0,0.0,-0.0,-0.0,0.0,0,8.197575951385261e-11
FrequencyHopping,neural,46,52,1.1632184334649875,-0.17854534382890105,-0.02523205369942532,0.0,0.0,0.0,0.0,-0.0,-0.0,0.0,0,8.197575951385261e-11
FrequencyHopping,neural,46,53,1.1632184334649875,-0.17854534382890105,-0.02523205369942532,0.0,0.0,0.0,0.0,-0.0,-0.0,0.0,0,8.197575951385261e-11
FrequencyHopping,neural,46,54,1.1632184334649875,-0.17854534382890105,-0.02523205369942532,0.0,0.0,0.0,0.0,-0.0,-0.0,0.0,0,8.197575951385261e-11
FrequencyHopping,neural,46,55,1.1632184334649875,-0.17854534382890105,-0.02523205369942532,0.0,0.0,0.0,0.0,-0.0,-0.0,0.0,0,8.197575951385261e-11
FrequencyHopping,neural,46,56,1.1632184334649875,-0.17854534382890105,-0.02523205369942532,0.0,0.0,0.0,0.0,-0.0,-0.0,0.0,0,8.197575951385261e-11
FrequencyHopping,neural,46,57,1.1632184334649875,-0.17854534382890105,-0.02523205369942532,0.0,0.0,0.0,0.0,-0.0,-0.0,0.0,0,8.197575951385261e-11
FrequencyHopping,neural,46,58,1.1632184334649875,-0.17854534382890105,-0.02523205369942532,0.0,0.0,0.0,0.0,-0.0,-0.0,0.0,0,8.197575951385261e-11
FrequencyHopping,neural,46,59,1.1632184334649875,-0.17854534382890105,-0.02523205369942532,0.0,0.0,0.0,0.0,-0.0,-0.0,0.0,0,8.197575951385261e-11
FrequencyHopping,neural,46,60,1.1632184334649875,-0.17854534382890105,-0.02523205369942532,0.0,0.0,0.0,0.0,-0.0,-0.0,0.0,0,8.197575951385261e-11
FrequencyHopping,neural,47,1,5.2582636537506895,0.10819597022807369,3.5604520717365546,0.0,0.03,1.0,1.0,0.10012749140813805,0.10003889755069628,0.0,0,8.328737699514477e-11
FrequencyHopping,neural,47,2,5.273317750103978,0.1011609485940975,2.6762886962462678,0.0,0.03,1.0,1.0,0.07506899140459415,0.07496558009114707,0.0,0,8.285261365870156e-11
FrequencyHopping,neural,47,3,5.147400132838309,0.09546923624647018,1.9837004337895576,0.0,0.03,1.0,1.0,0.055436413871609504,0.05535096525199745,0.0,0,8.251532790382043e-11
FrequencyHopping,neural,47,4,4.891461026454678,0.09101754672981235,1.450653406192284,0.0,0.03,1.0,1.0,0.0403725550670937,0.04031429135779119,0.0,0,8.22497625563301e-11
FrequencyHopping,neural,47,5,4.5337229042092995,0.08773776200495352,1.0477516440199524,0.0,0.03,1.0,1.0,0.02903972509018215,0.02900414456698952,0.0,0,8.204104062770057e-11
FrequencyHopping,neural,47,6,4.112126455318474,0.08559669149373718,0.7481346064571159,0.0,0.03,1.0,1.0,0.020652092650521973,0.020631721042910556,0.0,0,8.188050237833977e-11
FrequencyHopping,neural,47,7,3.6645090103186577,0.08458735864116665,0.5282277725526818,0.0,0.03,1.0,1.0,0.014521019035598805,0.014509722881248743,0.0,0,8.175948806865563e-11
FrequencyHopping,neural,47,8,3.221436063652604,0.08471367531078293,0.36839786522968077,0.0,0.03,1.0,1.0,0.010079245332611942,0.010073021530059512,0.0,0,8.166933795905607e-11
FrequencyHopping,neural,47,9,2.803565094221042,0.08597065289248024,0.2530407758341069,0.0,0.03,1.0,1.0,0.006881281638260327,0.006877807314248585,0.0,0,8.16040568452081e-11
FrequencyHopping,neural,47,10,2.4224511582433585,0.08832317383732347,0.17019234779120004,0.008745304121107314,0.03,1.0,0.8040110270603887,0.0046053077397881104,0.004603904310847451,0.0,0,8.155742747817385e-11
FrequencyHopping,neural,47,11,2.080669181398966,0.0885083921603875,0.11392165914047409,0.03,0.03,1.0,0.5185230298546489,0.003225363259706986,0.0032241968697913626,0.0,0,8.153255848242225e-11
FrequencyHopping,neural,47,12,1.7788350993345623,0.07943006913652724,0.07986625447366869,0.03,0.03,1.0,0.4921577363641203,0.0023797962283720786,0.002378860046375997,0.0,0,8.153144825939762e-11
FrequencyHopping,neural,47,13,1.5158433415917343,0.0671249004708534,0.05464644896205308,0.03,0.03,1.0,0.4666564113026175,0.0017655830773190585,0.0017648534296669238,0.0,0,8.15330025716321e-11
FrequencyHopping,neural,47,14,1.2887382429384246,0.05123589591024353,0.03586020767712484,0.03,0.03,1.0,0.4428421294270366,0.0013107707026868125,0.0013101947464301267,0.0,0,8.15347789284715e-11
FrequencyHopping,neural,47,15,1.0938814670274701,0.031671859457151175,0.02180709442511004,0.03,0.03,1.0,0.4213633204175974,0.0009665939289612024,0.0009661190021614807,0.0,0,8.15338907500518e-11
FrequencyHopping,neural,47,16,0.9275667415576412,0.00864592130610576,0.011264060162539245,0.03,0.03,1.0,0.40263214125734703,0.0006995822374522439,0.0006991661143791461,0.0,0,8.152922781334837e-11
FrequencyHopping,neural,47,17,0.7863251323899226,-0.017344966460396592,0.0033391965384080504,0.03,0.023038215773248688,1.0,0.32633669083568434,0.0004909833167822918,0.0004907131761170413,0.0,0,8.151990193994152e-11
FrequencyHopping,neural,47,18,0.693555996386173,-0.04426979668893624,-0.0007098844109966757,0.03,0.0,0.0,0.0,0.00041873207916040317,0.00041870500407070743,0.0,0,8.150924379890512e-11
FrequencyHopping,neural,47,19,0.6898324253965851,-0.06780617178350412,0.0016866588672054944,0.03,0.01410846835798408,1.0,0.22115748044479952,0.000354389030838172,0.0003542234382475362,0.0,0,8.150879970969527e-11
FrequencyHopping,neural,47,20,0.6383055856616102,-0.09476667558038922,0.00016936107381487826,0.03,0.004167243983353377,1.0,0.0757474000981337,0.00029025743091153224,0.00029018282793502603,0.0,0,8.149814156865887e-11
FrequencyHopping,neural,47,21,0.6216609508634381,-0.11979939039575403,0.001109218999787996,0.03,0.009722213793829652,1.0,0.15957047778597386,0.00022638229940178528,0.000226252493293555,0.0,0,8.149236840893082e-11
FrequencyHopping,neural,47,22,0.5885929510115472,-0.1465355542417969,0.00048685364487045395,0.03,0.004923384848164272,1.0,0.08656228187939063,0.0001605977912176353,0.00016050860451732873,0.0,0,8.148060004486979e-11
FrequencyHopping,neural,47,23,0.5711883202093428,-0.17210272214957037,0.0008817920179272149,0.03,0.00700332807861596,1.0,0.11800992054532998,9.352019856129216e-05,9.340737856777803e-05,0.0,0,8.147149621606786e-11
FrequencyHopping,neural,47,24,0.5486810680508257,-0.1983376181553486,0.0006107253149293278,0.024141436968772852,0.004401991357194585,1.0,0.09378398376961614,2.577947411297654e-05,2.5726656156743744e-05,0.0,0,8.145839558437729e-11
FrequencyHopping,neural,47,25,0.5345647793962881,-0.21907329838016804,0.0005465964356441201,0.001582092468941104,0.004091364998213298,1.0,0.5932786199196903,1.2351611541205488e-06,1.2360625420981819e-06,0.0,0,8.144795948794581e-11
FrequencyHopping,neural,47,26,0.5238101061298163,-0.22161949013679696,-0.0003244342845109588,0.0015404848194136918,0.0,0.0,0.0,9.937193581135134e-08,9.94255183739412e-08,0.0,0,8.144285246203253e-11
FrequencyHopping,neural,47,27,0.5236258639013959,-0.2228611725683135,-0.00027388190360753826,0.0,0.0,0.0,0.0,-0.0,-0.0,0.0,0,8.144218632821776e-11
FrequencyHopping,neural,47,28,0.5236258639013959,-0.2228611725683135,-0.00027388190360753826,0.0,0.0,0.0,0.0,-0.0,-0.0,0.0,0,8.144218632821776e-11
FrequencyHopping,neural,47,29,0.5236258639013959,-0.2228611725683135,-0.00027388190360753826,0.0,0.0,0.0,0.0,-0.0,-0.0,0.0,0,8.144218632821776e-11
FrequencyHopping,neural,47,30,0.5236258639013959,-0.2228611725683135,-0.00027388190360753826,0.0,0.0,0.0,0.0,-0.0,-0.0,0.0,0,8.144218632821776e-11
FrequencyHopping,neural,47,31,0.5236258639013959,-0.2228611725683135,-0.00027388190360753826,0.0,0.0,0.0,0.0,-0.0,-0.0,0.0,0,8.144218632821776e-11
FrequencyHopping,neural,47,32,0.5236258639013959,-0.2228611725683135,-0.00027388190360753826,0.0,0.0,0.0,0.0,-0.0,-0.0,0.0,0,8.144218632821776e-11
FrequencyHopping,neural,47,33,0.5236258639013959,-0.2228611725683135,-0.00027388190360753826,0.0,0.0,0.0,0.0,-0.0,-0.0,0.0,0,8.144218632821776e-11
FrequencyHopping,neural,47,34,0.5236258639013959,-0.2228611725683135,-0.00027388190360753826,0.0,0.0,0.0,0.0,-0.0,-0.0,0.0,0,8.144218632821776e-11
FrequencyHopping,neural,47,35,0.5236258639013959,-0.2228611725683135,-0.00027388190360753826,0.0,0.0,0.0,0.0,-0.0,-0.0,0.0,0,8.144218632821776e-11
FrequencyHopping,neural,47,36,0.5236258639013959,-0.2228611725683135,-0.00027388190360753826,0.0,0.0,0.0,0.0,-0.0,-0.0,0.0,0,8.144218632821776e-11
FrequencyHopping,neural,47,37,0.5236258639013959,-0.2228611725683135,-0.00027388190360753826,0.0,0.0,0.0,0.0,-0.0,-0.0,0.0,0,8.144218632821776e-11
FrequencyHopping,neural,47,38,0.5236258639013959,-0.2228611725683135,-0.00027388190360753826,0.0,0.0,0.0,0.0,-0.0,-0.0,0.0,0,8.144218632821776e-11
FrequencyHopping,neural,47,39,0.5236258639013959,-0.2228611725683135,-0.00027388190360753826,0.0,0.0,0.0,0.0,-0.0,-0.0,0.0,0,8.144218632821776e-11
FrequencyHopping,neural,47,40,0.5236258639013959,-0.2228611725683135,-0.00027388190360753826,0.0,0.0,0.0,0.0,-0.0,-0.0,0.0,0,8.144218632821776e-11
FrequencyHopping,neural,47,41,0.5236258639013959,-0.2228611725683135,-0.00027388190360753826,0.0,0.0,0.0,0.0,-0.0,-0.0,0.0,0,8.144218632821776e-11
FrequencyHopping,neural,47,42,0.5236258639013959,-0.2228611725683135,-0.00027388190360753826,0.0,0.0,0.0,0.0,-0.0,-0.0,0.0,0,8.144218632821776e-11
FrequencyHopping,neural,47,43,0.5236258639013959,-0.2228611725683135,-0.00027388190360753826,0.0,0.0,0.0,0.0,-0.0,-0.0,0.0,0,8.144218632821776e-11
FrequencyHopping,neural,47,44,0.5236258639013959,-0.2228611725683135,-0.00027388190360753826,0.0,0.0,0.0,0.0,-0.0,-0.0,0.0,0,8.144218632821776e-11
FrequencyHopping,neural,47,45,0.5236258639013959,-0.2228611725683135,-0.00027388190360753826,0.0,0.0,0.0,0.0,-0.0,-0.0,0.0,0,8.144218632821776e-11
FrequencyHopping,neural,47,46,0.5236258639013959,-0.2228611725683135,-0.00027388190360753826,0.0,0.0,0.0,0.0,-0.0,-0.0,0.0,0,8.144218632821776e-11
FrequencyHopping,neural,47,47,0.5236258639013959,-0.2228611725683135,-0.00027388190360753826,0.0,0.0,0.0,0.0,-0.0,-0.0,0.0,0,8.144218632821776e-11
FrequencyHopping,neural,47,48,0.5236258639013959,-0.2228611725683135,-0.00027388190360753826,0.0,0.0,0.0,0.0,-0.0,-0.0,0.0,0,8.144218632821776e-11
FrequencyHopping,neural,47,49,0.5236258639013959,-0.2228611725683135,-0.00027388190360753826,0.0,0.0,0.0,0.0,-0.0,-0.0,0.0,0,8.144218632821776e-11
FrequencyHopping,neural,47,50,0.5236258639013959,-0.2228611725683135,-0.00027388190360753826,0.0,0.0,0.0,0.0,-0.0,-0.0,0.0,0,8.144218632821776e-11
FrequencyHopping,neural,47,51,0.5236258639013959,-0.2228611725683135,-0.00027388190360753826,0.0,0.0,0.0,0.0,-0.0,-0.0,0.0,0,8.144218632821776e-11
FrequencyHopping,neural,47,52,0.5236258639013959,-0.2228611725683135,-0.00027388190360753826,0.0,0.0,0.0,0.0,-0.0,-0.0,0.0,0,8.144218632821776e-11
FrequencyHopping,neural,47,53,0.5236258639013959,-0.2228611725683135,-0.00027388190360753826,0.0,0.0,0.0,0.0,-0.0,-0.0,0.0,0,8.144218632821776e-11
FrequencyHopping,neural,47,54,0.5236258639013959,-0.2228611725683135,-0.00027388190360753826,0.0,0.0,0.0,0.0,-0.0,-0.0,0.0,0,8.144218632821776e-11
FrequencyHopping,neural,47,55,0.5236258639013959,-0.2228611725683135,-0.00027388190360753826,0.0,0.0,0.0,0.0,-0.0,-0.0,0.0,0,8.144218632821776e-11
FrequencyHopping,neural,47,56,0.5236258639013959,-0.2228611725683135,-0.00027388190360753826,0.0,0.0,0.0,0.0,-0.0,-0.0,0.0,0,8.144218632821776e-11
FrequencyHopping,neural,47,57,0.5236258639013959,-0.2228611725683135,-0.00027388190360753826,0.0,0.0,0.0,0.0,-0.0,-0.0,0.0,0,8.144218632821776e-11
FrequencyHopping,neural,47,58,0.5236258639013959,-0.2228611725683135,-0.00027388190360753826,0.0,0.0,0.0,0.0,-0.0,-0.0,0.0,0,8.144218632821776e-11
FrequencyHopping,neural,47,59,0.5236258639013959,-0.2228611725683135,-0.00027388190360753826,0.0,0.0,0.0,0.0,-0.0,-0.0,0.0,0,8.144218632821776e-11
FrequencyHopping,neural,47,60,0.5236258639013959,-0.2228611725683135,-0.00027388190360753826,0.0,0.0,0.0,0.0,-0.0,-0.0,0.0,0,8.144218632821776e-11
FrequencyHopping,neural,48,1,4.304276102694006,0.023340302955802063,1.7100380846977665,0.03,0.03,1.0,0.6413251898720997,0.04950771622385393,0.04959268457132682,0.0,0,8.205480739320592e-11
FrequencyHopping,neural,48,2,3.8879543959397207,0.0074118451076156,1.10387684714655,0.03,0.03,1.0,0.6251752818055862,0.03112158442322537,0.031189578890541858,0.0,0,8.264056106099815e-11
FrequencyHopping,neural,48,3,3.459614578586219,-0.01057966887835739,0.7051176335834609,0.028215217848274153,0.03,1.0,0.6207023472300996,0.019038826218210528,0.019085689851253473,0.0,0,8.32973690023664e-11
FrequencyHopping,neural,48,4,3.0428531057823154,-0.030670350468843935,0.44123662715699774,0.01208904179035716,0.03,1.0,0.7772323663144431,0.011339427442231308,0.011367621809157402,0.0,0,8.397571527041237e-11
FrequencyHopping,neural,48,5,2.656114304245545,-0.049084531905208235,0.26148698560964007,0.005465252922001554,0.03,1.0,0.8750227043909828,0.006462189873370993,0.0064783717728498225,0.0,0,8.461342737575706e-11
FrequencyHopping,neural,48,6,2.3051688603137106,-0.06681299705129486,0.13905527949372404,0.00280997216155701,0.03,1.0,0.9247996454969127,0.0031895123284571437,0.0031985498235063137,0.0,0,8.519052130395721e-11
FrequencyHopping,neural,48,7,1.9920887743036872,-0.08429789226071492,0.05618515782793597,0.001466058818209699,0.03,1.0,0.9550461869324214,0.0009859773792707557,0.0009909752901318125,0.0,0,8.570255616291433e-11
FrequencyHopping,neural,48,8,1.716528490381276,-0.10146845718447285,0.0005735297635676784,0.0,0.0005146606733298618,1.0,1.0,1.4758660714622895e-07,1.4643542778358665e-07,0.0,0,8.577472065951497e-11
FrequencyHopping,neural,48,9,1.712429461051433,-0.10173156863504268,-0.00014162376481688708,0.0,0.0,0.0,0.0,-0.0,-0.0,0.0,0,8.578249222068735e-11
FrequencyHopping,neural,48,10,1.712429461051433,-0.10173156863504268,-0.00014162376481688708,0.0,0.0,0.0,0.0,-0.0,-0.0,0.0,0,8.578249222068735e-11
FrequencyHopping,neural,48,11,1.712429461051433,-0.10173156863504268,-0.00014162376481688708,0.0,0.0,0.0,0.0,-0.0,-0.0,0.0,0,8.578249222068735e-11
FrequencyHopping,neural,48,12,1.712429461051433,-0.10173156863504268,-0.00014162376481688708,0.0,0.0,0.0,0.0,-0.0,-0.0,0.0,0,8.578249222068735e-11
FrequencyHopping,neural,48,13,1.712429461051433,-0.10173156863504268,-0.00014162376481688708,0.0,0.0,0.0,0.0,-0.0,-0.0,0.0,0,8.578249222068735e-11
FrequencyHopping,neural,48,14,1.712429461051433,-0.10173156863504268,-0.00014162376481688708,0.0,0.0,0.0,0.0,-0.0,-0.0,0.0,0,8.578249222068735e-11
FrequencyHopping,neural,48,15,1.712429461051433,-0.10173156863504268,-0.00014162376481688708,0.0,0.0,0.0,0.0,-0.0,-0.0,0.0,0,8.578249222068735e-11
FrequencyHopping,neural,48,16,1.712429461051433,-0.10173156863504268,-0.00014162376481688708,0.0,0.0,0.0,0.0,-0.0,-0.0,0.0,0,8.578249222068735e-11
FrequencyHopping,neural,48,17,1.712429461051433,-0.10173156863504268,-0.00014162376481688708,0.0,0.0,0.0,0.0,-0.0,-0.0,0.0,0,8.578249222068735e-11
FrequencyHopping,neural,48,18,1.712429461051433,-0.10173156863504268,-0.00014162376481688708,0.0,0.0,0.0,0.0,-0.0,-0.0,0.0,0,8.578249222068735e-11
FrequencyHopping,neural,48,19,1.712429461051433,-0.10173156863504268,-0.00014162376481688708,0.0,0.0,0.0,0.0,-0.0,-0.0,0.0,0,8.578249222068735e-11
FrequencyHopping,neural,48,20,1.712429461051433,-0.10173156863504268,-0.00014162376481688708,0.0,0.0,0.0,0.0,-0.0,-0.0,0.0,0,8.578249222068735e-11
FrequencyHopping,neural,48,21,1.712429461051433,-0.10173156863504268,-0.00014162376481688708,0.0,0.0,0.0,0.0,-0.0,-0.0,0.0,0,8.578249222068735e-11
FrequencyHopping,neural,48,22,1.712429461051433,-0.10173156863504268,-0.00014162376481688708,0.0,0.0,0.0,0.0,-0.0,-0.0,0.0,0,8.578249222068735e-11
FrequencyHopping,neural,48,23,1.712429461051433,-0.10173156863504268,-0.00014162376481688708,0.0,0.0,0.0,0.0,-0.0,-0.0,0.0,0,8.578249222068735e-11
FrequencyHopping,neural,48,24,1.712429461051433,-0.10173156863504268,-0.00014162376481688708,0.0,0.0,0.0,0.0,-0.0,-0.0,0.0,0,8.578249222068735e-11
FrequencyHopping,neural,48,25,1.712429461051433,-0.10173156863504268,-0.00014162376481688708,0.0,0.0,0.0,0.0,-0.0,-0.0,0.0,0,8.578249222068735e-11
FrequencyHopping,neural,48,26,1.712429461051433,-0.10173156863504268,-0.00014162376481688708,0.0,0.0,0.0,0.0,-0.0,-0.0,0.0,0,8.578249222068735e-11
FrequencyHopping,neural,48,27,1.712429461051433,-0.10173156863504268,-0.00014162376481688708,0.0,0.0,0.0,0.0,-0.0,-0.0,0.0,0,8.578249222068735e-11
FrequencyHopping,neural,48,28,1.712429461051433,-0.10173156863504268,-0.00014162376481688708,0.0,0.0,0.0,0.0,-0.0,-0.0,0.0,0,8.578249222068735e-11
FrequencyHopping,neural,48,29,1.712429461051433,-0.10173156863504268,-0.00014162376481688708,0.0,0.0,0.0,0.0,-0.0,-0.0,0.0,0,8.578249222068735e-11
FrequencyHopping,neural,48,30,1.712429461051433,-0.10173156863504268,-0.00014162376481688708,0.0,0.0,0.0,0.0,-0.0,-0.0,0.0,0,8.578249222068735e-11
FrequencyHopping,neural,48,31,1.712429461051433,-0.10173156863504268,-0.00014162376481688708,0.0,0.0,0.0,0.0,-0.0,-0.0,0.0,0,8.578249222068735e-11
FrequencyHopping,neural,48,32,1.712429461051433,-0.10173156863504268,-0.00014162376481688708,0.0,0.0,0.0,0.0,-0.0,-0.0,0.0,0,8.578249222068735e-11
FrequencyHopping,neural,48,33,1.712429461051433,-0.10173156863504268,-0.00014162376481688708,0.0,0.0,0.0,0.0,-0.0,-0.0,0.0,0,8.578249222068735e-11
FrequencyHopping,neural,48,34,1.712429461051433,-0.10173156863504268,-0.00014162376481688708,0.0,0.0,0.0,0.0,-0.0,-0.0,0.0,0,8.578249222068735e-11
FrequencyHopping,neural,48,35,1.712429461051433,-0.10173156863504268,-0.00014162376481688708,0.0,0.0,0.0,0.0,-0.0,-0.0,0.0,0,8.578249222068735e-11
FrequencyHopping,neural,48,36,1.712429461051433,-0.10173156863504268,-0.00014162376481688708,0.0,0.0,0.0,0.0,-0.0,-0.0,0.0,0,8.578249222068735e-11
FrequencyHopping,neural,48,37,1.712429461051433,-0.10173156863504268,-0.00014162376481688708,0.0,0.0,0.0,0.0,-0.0,-0.0,0.0,0,8.578249222068735e-11
FrequencyHopping,neural,48,38,1.712429461051433,-0.10173156863504268,-0.00014162376481688708,0.0,0.0,0.0,0.0,-0.0,-0.0,0.0,0,8.578249222068735e-11
FrequencyHopping,neural,48,39,1.712429461051433,-0.10173156863504268,-0.00014162376481688708,0.0,0.0,0.0,0.0,-0.0,-0.0,0.0,0,8.578249222068735e-11
FrequencyHopping,neural,48,40,1.712429461051433,-0.10173156863504268,-0.00014162376481688708,0.0,0.0,0.0,0.0,-0.0,-0.0,0.0,0,8.578249222068735e-11
FrequencyHopping,neural,48,41,1.712429461051433,-0.10173156863504268,-0.00014162376481688708,0.0,0.0,0.0,0.0,-0.0,-0.0,0.0,0,8.578249222068735e-11
FrequencyHopping,neural,48,42,1.712429461051433,-0.10173156863504268,-0.00014162376481688708,0.0,0.0,0.0,0.0,-0.0,-0.0,0.0,0,8.578249222068735e-11
FrequencyHopping,neural,48,43,1.712429461051433,-0.10173156863504268,-0.00014162376481688708,0.0,0.0,0.0,0.0,-0.0,-0.0,0.0,0,8.578249222068735e-11
FrequencyHopping,neural,48,44,1.712429461051433,-0.10173156863504268,-0.00014162376481688708,0.0,0.0,0.0,0.0,-0.0,-0.0,0.0,0,8.578249222068735e-11
FrequencyHopping,neural,48,45,1.712429461051433,-0.10173156863504268,-0.00014162376481688708,0.0,0.0,0.0,0.0,-0.0,-0.0,0.0,0,8.578249222068735e-11
FrequencyHopping,neural,48,46,1.712429461051433,-0.10173156863504268,-0.00014162376481688708,0.0,0.0,0.0,0.0,-0.0,-0.0,0.0,0,8.578249222068735e-11
FrequencyHopping,neural,48,47,1.712429461051433,-0.10173156863504268,-0.00014162376481688708,0.0,0.0,0.0,0.0,-0.0,-0.0,0.0,0,8.578249222068735e-11
FrequencyHopping,neural,48,48,1.712429461051433,-0.10173156863504268,-0.00014162376481688708,0.0,0.0,0.0,0.0,-0.0,-0.0,0.0,0,8.578249222068735e-11
FrequencyHopping,neural,48,49,1.712429461051433,-0.10173156863504268,-0.00014162376481688708,0.0,0.0,0.0,0.0,-0.0,-0.0,0.0,0,8.578249222068735e-11
FrequencyHopping,neural,48,50,1.712429461051433,-0.10173156863504268,-0.00014162376481688708,0.0,0.0,0.0,0.0,-0.0,-0.0,0.0,0,8.578249222068735e-11
FrequencyHopping,neural,48,51,1.712429461051433,-0.10173156863504268,-0.00014162376481688708,0.0,0.0,0.0,0.0,-0.0,-0.0,0.0,0,8.578249222068735e-11
FrequencyHopping,neural,48,52,1.712429461051433,-0.10173156863504268,-0.00014162376481688708,0.0,0.0,0.0,0.0,-0.0,-0.0,0.0,0,8.578249222068735e-11
FrequencyHopping,neural,48,53,1.712429461051433,-0.10173156863504268,-0.00014162376481688708,0.0,0.0,0.0,0.0,-0.0,-0.0,0.0,0,8.578249222068735e-11
FrequencyHopping,neural,48,54,1.712429461051433,-0.10173156863504268,-0.00014162376481688708,0.0,0.0,0.0,0.0,-0.0,-0.0,0.0,0,8.578249222068735e-11
FrequencyHopping,neural,48,55,1.712429461051433,-0.10173156863504268,-0.00014162376481688708,0.0,0.0,0.0,0.0,-0.0,-0.0,0.0,0,8.578249222068735e-11
FrequencyHopping,neural,48,56,1.712429461051433,-0.10173156863504268,-0.00014162376481688708,0.0,0.0,0.0,0.0,-0.0,-0.0,0.0,0,8.578249222068735e-11
FrequencyHopping,neural,48,57,1.712429461051433,-0.10173156863504268,-0.00014162376481688708,0.0,0.0,0.0,0.0,-0.0,-0.0,0.0,0,8.578249222068735e-11
FrequencyHopping,neural,48,58,1.712429461051433,-0.10173156863504268,-0.00014162376481688708,0.0,0.0,0.0,0.0,-0.0,-0.0,0.0,0,8.578249222068735e-11
FrequencyHopping,neural,48,59,1.712429461051433,-0.10173156863504268,-0.00014162376481688708,0.0,0.0,0.0,0.0,-0.0,-0.0,0.0,0,8.578249222068735e-11
FrequencyHopping,neural,48,60,1.712429461051433,-0.10173156863504268,-0.00014162376481688708,0.0,0.0,0.0,0.0,-0.0,-0.0,0.0,0,8.578249222068735e-11
FrequencyHopping,neural,49,1,4.053582773620839,0.01918052511037126,1.4171128635685097,0.0,0.03,1.0,1.0,0.03762062316485963,0.037605701469677344,0.0,0,8.44035952241029e-11
FrequencyHopping,neural,49,2,3.6696944289513267,0.01810391766507592,0.9321078264388454,0.0,0.03,1.0,1.0,0.024376718254589355,0.024379999241963768,0.0,0,8.558731501295824e-11
FrequencyHopping,neural,49,3,3.2648690007693295,0.015394959509862274,0.588224164405902,0.0,0.03,1.0,1.0,0.015057395190405595,0.015062662389048853,0.0,0,8.664602368924079e-11
FrequencyHopping,neural,49,4,2.8648419462632666,0.011046384757085113,0.3485538887592159,0.0,0.03,1.0,1.0,0.008599276757418844,0.008602051677625955,0.0,0,8.757372604861757e-11
FrequencyHopping,neural,49,5,2.4868680236542136,0.00516227071455998,0.18390854410698732,0.0,0.03,1.0,1.0,0.004187266133295513,0.004187923488203404,0.0,0,8.837752751844619e-11
FrequencyHopping,neural,49,6,2.1409604626666137,-0.002067315789514846,0.07250584969607277,0.0,0.03,1.0,1.0,0.001222931059715463,0.0012225481839520658,0.0,0,8.906675397213348e-11
FrequencyHopping,neural,49,7,1.8317354292241679,-0.010387838151152896,-0.0014723396921840302,0.0,0.0,0.0,0.0,-0.0,-0.0,0.0,0,8.914957660977052e-11
FrequencyHopping,neural,49,8,1.8317354292241679,-0.010387838151152896,-0.0014723396921840302,0.0,0.0,0.0,0.0,-0.0,-0.0,0.0,0,8.914957660977052e-11
FrequencyHopping,neural,49,9,1.8317354292241679,-0.010387838151152896,-0.0014723396921840302,0.0,0.0,0.0,0.0,-0.0,-0.0,0.0,0,8.914957660977052e-11
FrequencyHopping,neural,49,10,1.8317354292241679,-0.010387838151152896,-0.0014723396921840302,0.0,0.0,0.0,0.0,-0.0,-0.0,0.0,0,8.914957660977052e-11
FrequencyHopping,neural,49,11,1.8317354292241679,-0.010387838151152896,-0.0014723396921840302,0.0,0.0,0.0,0.0,-0.0,-0.0,0.0,0,8.914957660977052e-11
FrequencyHopping,neural,49,12,1.8317354292241679,-0.010387838151152896,-0.0014723396921840302,0.0,0.0,0.0,0.0,-0.0,-0.0,0.0,0,8.914957660977052e-11
FrequencyHopping,neural,49,13,1.8317354292241679,-0.010387838151152896,-0.0014723396921840302,0.0,0.0,0.0,0.0,-0.0,-0.0,0.0,0,8.914957660977052e-11
FrequencyHopping,neural,49,14,1.8317354292241679,-0.010387838151152896,-0.0014723396921840302,0.0,0.0,0.0,0.0,-0.0,-0.0,0.0,0,8.914957660977052e-11
FrequencyHopping,neural,49,15,1.8317354292241679,-0.010387838151152896,-0.0014723396921840302,0.0,0.0,0.0,0.0,-0.0,-0.0,0.0,0,8.914957660977052e-11
FrequencyHopping,neural,49,16,1.8317354292241679,-0.010387838151152896,-0.0014723396921840302,0.0,0.0,0.0,0.0,-0.0,-0.0,0.0,0,8.914957660977052e-11
FrequencyHopping,neural,49,17,1.8317354292241679,-0.010387838151152896,-0.0014723396921840302,0.0,0.0,0.0,0.0,-0.0,-0.0,0.0,0,8.914957660977052e-11
FrequencyHopping,neural,49,18,1.8317354292241679,-0.010387838151152896,-0.0014723396921840302,0.0,0.0,0.0,0.0,-0.0,-0.0,0.0,0,8.914957660977052e-11
FrequencyHopping,neural,49,19,1.8317354292241679,-0.010387838151152896,-0.0014723396921840302,0.0,0.0,0.0,0.0,-0.0,-0.0,0.0,0,8.914957660977052e-11
FrequencyHopping,neural,49,20,1.8317354292241679,-0.010387838151152896,-0.0014723396921840302,0.0,0.0,0.0,0.0,-0.0,-0.0,0.0,0,8.914957660977052e-11
FrequencyHopping,neural,49,21,1.8317354292241679,-0.010387838151152896,-0.0014723396921840302,0.0,0.0,0.0,0.0,-0.0,-0.0,0.0,0,8.914957660977052e-11
FrequencyHopping,neural,49,22,1.8317354292241679,-0.010387838151152896,-0.0014723396921840302,0.0,0.0,0.0,0.0,-0.0,-0.0,0.0,0,8.914957660977052e-11
FrequencyHopping,neural,49,23,1.8317354292241679,-0.010387838151152896,-0.0014723396921840302,0.0,0.0,0.0,0.0,-0.0,-0.0,0.0,0,8.914957660977052e-11
FrequencyHopping,neural,49,24,1.8317354292241679,-0.010387838151152896,-0.0014723396921840302,0.0,0.0,0.0,0.0,-0.0,-0.0,0.0,0,8.914957660977052e-11
FrequencyHopping,neural,49,25,1.8317354292241679,-0.010387838151152896,-0.0014723396921840302,0.0,0.0,0.0,0.0,-0.0,-0.0,0.0,0,8.914957660977052e-11
FrequencyHopping,neural,49,26,1.8317354292241679,-0.010387838151152896,-0.0014723396921840302,0.0,0.0,0.0,0.0,-0.0,-0.0,0.0,0,8.914957660977052e-11
FrequencyHopping,neural,49,27,1.8317354292241679,-0.010387838151152896,-0.0014723396921840302,0.0,0.0,0.0,0.0,-0.0,-0.0,0.0,0,8.914957660977052e-11
FrequencyHopping,neural,49,28,1.8317354292241679,-0.010387838151152896,-0.0014723396921840302,0.0,0.0,0.0,0.0,-0.0,-0.0,0.0,0,8.914957660977052e-11
FrequencyHopping,neural,49,29,1.8317354292241679,-0.010387838151152896,-0.0014723396921840302,0.0,0.0,0.0,0.0,-0.0,-0.0,0.0,0,8.914957660977052e-11
FrequencyHopping,neural,49,30,1.8317354292241679,-0.010387838151152896,-0.0014723396921840302,0.0,0.0,0.0,0.0,-0.0,-0.0,0.0,0,8.914957660977052e-11
FrequencyHopping,neural,49,31,1.8317354292241679,-0.010387838151152896,-0.0014723396921840302,0.0,0.0,0.0,0.0,-0.0,-0.0,0.0,0,8.914957660977052e-11
FrequencyHopping,neural,49,32,1.8317354292241679,-0.010387838151152896,-0.0014723396921840302,0.0,0.0,0.0,0.0,-0.0,-0.0,0.0,0,8.914957660977052e-11
FrequencyHopping,neural,49,33,1.8317354292241679,-0.010387838151152896,-0.0014723396921840302,0.0,0.0,0.0,0.0,-0.0,-0.0,0.0,0,8.914957660977052e-11
FrequencyHopping,neural,49,34,1.8317354292241679,-0.010387838151152896,-0.0014723396921840302,0.0,0.0,0.0,0.0,-0.0,-0.0,0.0,0,8.914957660977052e-11
FrequencyHopping,neural,49,35,1.8317354292241679,-0.010387838151152896,-0.0014723396921840302,0.0,0.0,0.0,0.0,-0.0,-0.0,0.0,0,8.914957660977052e-11
FrequencyHopping,neural,49,36,1.8317354292241679,-0.010387838151152896,-0.0014723396921840302,0.0,0.0,0.0,0.0,-0.0,-0.0,0.0,0,8.914957660977052e-11
FrequencyHopping,neural,49,37,1.8317354292241679,-0.010387838151152896,-0.0014723396921840302,0.0,0.0,0.0,0.0,-0.0,-0.0,0.0,0,8.914957660977052e-11
FrequencyHopping,neural,49,38,1.8317354292241679,-0.010387838151152896,-0.0014723396921840302,0.0,0.0,0.0,0.0,-0.0,-0.0,0.0,0,8.914957660977052e-11
FrequencyHopping,neural,49,39,1.8317354292241679,-0.010387838151152896,-0.0014723396921840302,0.0,0.0,0.0,0.0,-0.0,-0.0,0.0,0,8.914957660977052e-11
FrequencyHopping,neural,49,40,1.8317354292241679,-0.010387838151152896,-0.0014723396921840302,0.0,0.0,0.0,0.0,-0.0,-0.0,0.0,0,8.914957660977052e-11
FrequencyHopping,neural,49,41,1.8317354292241679,-0.010387838151152896,-0.0014723396921840302,0.0,0.0,0.0,0.0,-0.0,-0.0,0.0,0,8.914957660977052e-11
FrequencyHopping,neural,49,42,1.8317354292241679,-0.010387838151152896,-0.0014723396921840302,0.0,0.0,0.0,0.0,-0.0,-0.0,0.0,0,8.914957660977052e-11
FrequencyHopping,neural,49,43,1.8317354292241679,-0.010387838151152896,-0.0014723396921840302,0.0,0.0,0.0,0.0,-0.0,-0.0,0.0,0,8.914957660977052e-11
FrequencyHopping,neural,49,44,1.8317354292241679,-0.010387838151152896,-0.0014723396921840302,0.0,0.0,0.0,0.0,-0.0,-0.0,0.0,0,8.914957660977052e-11
FrequencyHopping,neural,49,45,1.8317354292241679,-0.010387838151152896,-0.0014723396921840302,0.0,0.0,0.0,0.0,-0.0,-0.0,0.0,0,8.914957660977052e-11
FrequencyHopping,neural,49,46,1.8317354292241679,-0.010387838151152896,-0.0014723396921840302,0.0,0.0,0.0,0.0,-0.0,-0.0,0.0,0,8.914957660977052e-11
FrequencyHopping,neural,49,47,1.8317354292241679,-0.010387838151152896,-0.0014723396921840302,0.0,0.0,0.0,0.0,-0.0,-0.0,0.0,0,8.914957660977052e-11
FrequencyHopping,neural,49,48,1.8317354292241679,-0.010387838151152896,-0.0014723396921840302,0.0,0.0,0.0,0.0,-0.0,-0.0,0.0,0,8.914957660977052e-11
FrequencyHopping,neural,49,49,1.8317354292241679,-0.010387838151152896,-0.0014723396921840302,0.0,0.0,0.0,0.0,-0.0,-0.0,0.0,0,8.914957660977052e-11
FrequencyHopping,neural,49,50,1.8317354292241679,-0.010387838151152896,-0.0014723396921840302,0.0,0.0,0.0,0.0,-0.0,-0.0,0.0,0,8.914957660977052e-11
FrequencyHopping,neural,49,51,1.8317354292241679,-0.010387838151152896,-0.0014723396921840302,0.0,0.0,0.0,0.0,-0.0,-0.0,0.0,0,8.914957660977052e-11
FrequencyHopping,neural,49,52,1.8317354292241679,-0.010387838151152896,-0.0014723396921840302,0.0,0.0,0.0,0.0,-0.0,-0.0,0.0,0,8.914957660977052e-11
FrequencyHopping,neural,49,53,1.8317354292241679,-0.010387838151152896,-0.0014723396921840302,0.0,0.0,0.0,0.0,-0.0,-0.0,0.0,0,8.914957660977052e-11
FrequencyHopping,neural,49,54,1.8317354292241679,-0.010387838151152896,-0.0014723396921840302,0.0,0.0,0.0,0.0,-0.0,-0.0,0.0,0,8.914957660977052e-11
FrequencyHopping,neural,49,55,1.8317354292241679,-0.010387838151152896,-0.0014723396921840302,0.0,0.0,0.0,0.0,-0.0,-0.0,0.0,0,8.914957660977052e-11
FrequencyHopping,neural,49,56,1.8317354292241679,-0.010387838151152896,-0.0014723396921840302,0.0,0.0,0.0,0.0,-0.0,-0.0,0.0,0,8.914957660977052e-11
FrequencyHopping,neural,49,57,1.8317354292241679,-0.010387838151152896,-0.0014723396921840302,0.0,0.0,0.0,0.0,-0.0,-0.0,0.0,0,8.914957660977052e-11
FrequencyHopping,neural,49,58,1.8317354292241679,-0.010387838151152896,-0.0014723396921840302,0.0,0.0,0.0,0.0,-0.0,-0.0,0.0,0,8.914957660977052e-11
FrequencyHopping,neural,49,59,1.8317354292241679,-0.010387838151152896,-0.0014723396921840302,0.0,0.0,0.0,0.0,-0.0,-0.0,0.0,0,8.914957660977052e-11
FrequencyHopping,neural,49,60,1.8317354292241679,-0.010387838151152896,-0.0014723396921840302,0.0,0.0,0.0,0.0,-0.0,-0.0,0.0,0,8.914957660977052e-11
RoutingInterdiction,neural,40,1,5.49827345910011,0.011566339139276476,1.6461253430942964,0.03,0.03,1.0,0.5822788982471001,0.051851812653626546,0.05181370999876633,0.0,0,8.692313535618723e-11
RoutingInterdiction,neural,40,2,5.233453140945224,0.011872101752734465,1.4002269995288585,0.03,0.03,1.0,0.5769029536174043,0.04466211229819199,0.04462828423664589,0.0,0,8.436429332903117e-11
RoutingInterdiction,neural,40,3,4.949370775395548,0.011419206392673242,1.1846053756552362,0.03,0.03,1.0,0.5711952165071145,0.03821744364970252,0.038188602743295386,0.0,0,8.886935631835513e-11
RoutingInterdiction,neural,40,4,4.659265436282009,0.010022500555181774,0.9967667729570585,0.03,0.03,1.0,0.5651000551992781,0.032478901694367464,0.032455280547818655,0.0,0,8.905853832175126e-11
RoutingInterdiction,neural,40,5,4.372153933745057,0.007507882968627904,0.8342713535762102,0.03,0.03,1.0,0.5585624066767602,0.027406675014394952,0.027388075665953915,0.0,0,8.718115118711012e-11
RoutingInterdiction,neural,40,6,4.093587319466882,0.0037134408917104526,0.6946999315882885,0.03,0.03,1.0,0.5515310988495161,0.022957923271769324,0.02294382523953664,0.0,0,8.557798913955139e-11
RoutingInterdiction,neural,40,7,3.826616314862559,-0.0015084683668042012,0.5756544010084226,0.03,0.03,1.0,0.5439622565081284,0.019086032700515898,0.01907572735654517,0.0,0,8.422129660345945e-11
RoutingInterdiction,neural,40,8,3.5726500559002914,-0.008288545537568895,0.474783488414743,0.03,0.03,1.0,0.5358226534871052,0.015741046395364687,0.015733764600237343,0.0,0,8.308154164637926e-11
RoutingInterdiction,neural,40,9,3.3321049717755593,-0.016737688422011007,0.3898224307883434,0.03,0.03,1.0,0.527092828771428,0.012870901399147473,0.012865911609868608,0.0,0,8.213074664809028e-11
RoutingInterdiction,neural,40,10,3.1048481593134123,-0.026944319187944352,0.3186351923284114,0.03,0.03,1.0,0.5177697514177229,0.01042305065321614,0.01041971904858463,0.0,0,8.956080321809168e-11
RoutingInterdiction,neural,40,11,2.890477885856945,-0.03897218569369605,0.25925041999005527,0.03,0.03,1.0,0.5078688096972312,0.008346100506894112,0.008343916343748203,0.0,0,8.965472808597497e-11
RoutingInterdiction,neural,40,12,2.688488333837944,-0.05285878197964233,0.2098861053273603,0.03,0.03,1.0,0.49742492098721897,0.006591208904445464,0.006589784537533339,0.0,0,8.905787218793648e-11
RoutingInterdiction,neural,40,13,2.49835779475837,-0.0686143761676534,0.16896150539351545,0.03,0.03,1.0,0.48649261142360484,0.005113115388488476,0.005112171480811556,0.0,0,8.856715361105216e-11
RoutingInterdiction,neural,40,14,2.3195892351473897,-0.0862215015551876,0.13509746234115233,0.020832888469160697,0.03,1.0,0.5659049034410715,0.003884333274331289,0.0038840907676656045,0.0,0,8.816414265311323e-11
RoutingInterdiction,neural,40,15,2.1545236923726416,-0.1031816875972231,0.10774588432380947,0.0,0.03,1.0,1.0,0.003027524740610476,0.0030274002235892716,0.0,0,8.786882332856294e-11
RoutingInterdiction,neural,40,16,2.006784336204573,-0.1152478562718239,0.08622292359099941,0.0,0.03,1.0,1.0,0.0024082927431117733,0.002408185553394504,0.0,0,8.769518444751156e-11
RoutingInterdiction,neural,40,17,1.8674496341696496,-0.12757531157407845,0.06779979338892628,0.0,0.03,1.0,1.0,0.0018786182944226463,0.001878527858910295,0.0,0,8.75446382053724e-11
RoutingInterdiction,neural,40,18,1.7363895446262483,-0.1400979868985438,0.052054084182922254,0.0,0.03,1.0,1.0,0.0014262780053202631,0.0014262028098536161,0.0,0,8.741385393307155e-11
RoutingInterdiction,neural,40,19,1.6134020014343402,-0.15274252777283143,0.03861908930320394,0.0,0.03,1.0,1.0,0.0010406574932249786,0.0010405956250771897,0.0,0,8.730061118455978e-11
RoutingInterdiction,neural,40,20,1.4982319829592399,-0.1654288719315386,0.02717635424848412,0.0,0.03,1.0,1.0,0.0007125380485098513,0.0007124875182117352,0.0,0,8.720257849148538e-11
RoutingInterdiction,neural,40,21,1.3905870526780446,-0.1780712696516091,0.01744934449971639,0.0,0.03,1.0,1.0,0.00043391465699373343,0.00043387357880952937,0.0,0,8.71184235862188e-11
RoutingInterdiction,neural,40,22,1.2901499193333443,-0.19057983665627398,0.009198015964524164,0.0,0.03,1.0,1.0,0.000197839500037225,0.0001978061810674614,0.0,0,8.704592602271077e-11
RoutingInterdiction,neural,40,23,1.19658850316253,-0.20286266290280366,0.0022141266376100328,0.0,0.014622783948283802,1.0,1.0,1.618834772795579e-05,1.6186114480176705e-05,0.0,0,8.69836425110293e-11
RoutingInterdiction,neural,40,24,1.1541225370758594,-0.20863686874385354,-0.0007361278737128366,0.0,0.0,0.0,0.0,-0.0,-0.0,0.0,0,8.695721920304322e-11
RoutingInterdiction,neural,40,25,1.1541225370758594,-0.20863686874385354,-0.0007361278737128366,0.0,0.0,0.0,0.0,-0.0,-0.0,0.0,0,8.695721920304322e-11
RoutingInterdiction,neural,40,26,1.1541225370758594,-0.20863686874385354,-0.0007361278737128366,0.0,0.0,0.0,0.0,-0.0,-0.0,0.0,0,8.695721920304322e-11
RoutingInterdiction,neural,40,27,1.1541225370758594,-0.20863686874385354,-0.0007361278737128366,0.0,0.0,0.0,0.0,-0.0,-0.0,0.0,0,8.695721920304322e-11
RoutingInterdiction,neural,40,28,1.1541225370758594,-0.20863686874385354,-0.0007361278737128366,0.0,0.0,0.0,0.0,-0.0,-0.0,0.0,0,8.695721920304322e-11
RoutingInterdiction,neural,40,29,1.1541225370758594,-0.20863686874385354,-0.0007361278737128366,0.0,0.0,0.0,0.0,-0.0,-0.0,0.0,0,8.695721920304322e-11
RoutingInterdiction,neural,40,30,1.1541225370758594,-0.20863686874385354,-0.0007361278737128366,0.0,0.0,0.0,0.0,-0.0,-0.0,0.0,0,8.695721920304322e-11
RoutingInterdiction,neural,40,31,1.1541225370758594,-0.20863686874385354,-0.0007361278737128366,0.0,0.0,0.0,0.0,-0.0,-0.0,0.0,0,8.695721920304322e-11
RoutingInterdiction,neural,40,32,1.1541225370758594,-0.20863686874385354,-0.0007361278737128366,0.0,0.0,0.0,0.0,-0.0,-0.0,0.0,0,8.695721920304322e-11
RoutingInterdiction,neural,40,33,1.1541225370758594,-0.20863686874385354,-0.0007361278737128366,0.0,0.0,0.0,0.0,-0.0,-0.0,0.0,0,8.695721920304322e-11
RoutingInterdiction,neural,40,34,1.1541225370758594,-0.20863686874385354,-0.0007361278737128366,0.0,0.0,0.0,0.0,-0.0,-0.0,0.0,0,8.695721920304322e-11
RoutingInterdiction,neural,40,35,1.1541225370758594,-0.20863686874385354,-0.0007361278737128366,0.0,0.0,0.0,0.0,-0.0,-0.0,0.0,0,8.695721920304322e-11
RoutingInterdiction,neural,40,36,1.1541225370758594,-0.20863686874385354,-0.0007361278737128366,0.0,0.0,0.0,0.0,-0.0,-0.0,0.0,0,8.695721920304322e-11
RoutingInterdiction,neural,40,37,1.1541225370758594,-0.20863686874385354,-0.0007361278737128366,0.0,0.0,0.0,0.0,-0.0,-0.0,0.0,0,8.695721920304322e-11
RoutingInterdiction,neural,40,38,1.1541225370758594,-0.20863686874385354,-0.0007361278737128366,0.0,0.0,0.0,0.0,-0.0,-0.0,0.0,0,8.695721920304322e-11
RoutingInterdiction,neural,40,39,1.1541225370758594,-0.20863686874385354,-0.0007361278737128366,0.0,0.0,0.0,0.0,-0.0,-0.0,0.0,0,8.695721920304322e-11
RoutingInterdiction,neural,40,40,1.1541225370758594,-0.20863686874385354,-0.0007361278737128366,0.0,0.0,0.0,0.0,-0.0,-0.0,0.0,0,8.695721920304322e-11
RoutingInterdiction,neural,40,41,1.1541225370758594,-0.20863686874385354,-0.0007361278737128366,0.0,0.0,0.0,0.0,-0.0,-0.0,0.0,0,8.695721920304322e-11
RoutingInterdiction,neural,40,42,1.1541225370758594,-0.20863686874385354,-0.0007361278737128366,0.0,0.0,0.0,0.0,-0.0,-0.0,0.0,0,8.695721920304322e-11
RoutingInterdiction,neural,40,43,1.1541225370758594,-0.20863686874385354,-0.0007361278737128366,0.0,0.0,0.0,0.0,-0.0,-0.0,0.0,0,8.695721920304322e-11
RoutingInterdiction,neural,40,44,1.1541225370758594,-0.20863686874385354,-0.0007361278737128366,0.0,0.0,0.0,0.0,-0.0,-0.0,0.0,0,8.695721920304322e-11
RoutingInterdiction,neural,40,45,1.1541225370758594,-0.20863686874385354,-0.0007361278737128366,0.0,0.0,0.0,0.0,-0.0,-0.0,0.0,0,8.695721920304322e-11
RoutingInterdiction,neural,40,46,1.1541225370758594,-0.20863686874385354,-0.0007361278737128366,0.0,0.0,0.0,0.0,-0.0,-0.0,0.0,0,8.695721920304322e-11
RoutingInterdiction,neural,40,47,1.1541225370758594,-0.20863686874385354,-0.0007361278737128366,0.0,0.0,0.0,0.0,-0.0,-0.0,0.0,0,8.695721920304322e-11
RoutingInterdiction,neural,40,48,1.1541225370758594,-0.20863686874385354,-0.0007361278737128366,0.0,0.0,0.0,0.0,-0.0,-0.0,0.0,0,8.695721920304322e-11
RoutingInterdiction,neural,40,49,1.1541225370758594,-0.20863686874385354,-0.0007361278737128366,0.0,0.0,0.0,0.0,-0.0,-0.0,0.0,0,8.695721920304322e-11
RoutingInterdiction,neural,40,50,1.1541225370758594,-0.20863686874385354,-0.0007361278737128366,0.0,0.0,0.0,0.0,-0.0,-0.0,0.0,0,8.695721920304322e-11
RoutingInterdiction,neural,40,51,1.1541225370758594,-0.20863686874385354,-0.0007361278737128366,0.0,0.0,0.0,0.0,-0.0,-0.0,0.0,0,8.695721920304322e-11
RoutingInterdiction,neural,40,52,1.1541225370758594,-0.20863686874385354,-0.0007361278737128366,0.0,0.0,0.0,0.0,-0.0,-0.0,0.0,0,8.695721920304322e-11
RoutingInterdiction,neural,40,53,1.1541225370758594,-0.20863686874385354,-0.0007361278737128366,0.0,0.0,0.0,0.0,-0.0,-0.0,0.0,0,8.695721920304322e-11
RoutingInterdiction,neural,40,54,1.1541225370758594,-0.20863686874385354,-0.0007361278737128366,0.0,0.0,0.0,0.0,-0.0,-0.0,0.0,0,8.695721920304322e-11
RoutingInterdiction,neural,40,55,1.1541225370758594,-0.20863686874385354,-0.0007361278737128366,0.0,0.0,0.0,0.0,-0.0,-0.0,0.0,0,8.695721920304322e-11
RoutingInterdiction,neural,40,56,1.1541225370758594,-0.20863686874385354,-0.0007361278737128366,0.0,0.0,0.0,0.0,-0.0,-0.0,0.0,0,8.695721920304322e-11
RoutingInterdiction,neural,40,57,1.1541225370758594,-0.20863686874385354,-0.0007361278737128366,0.0,0.0,0.0,0.0,-0.0,-0.0,0.0,0,8.695721920304322e-11
RoutingInterdiction,neural,40,58,1.1541225370758594,-0.20863686874385354,-0.0007361278737128366,0.0,0.0,0.0,0.0,-0.0,-0.0,0.0,0,8.695721920304322e-11
RoutingInterdiction,neural,40,59,1.1541225370758594,-0.20863686874385354,-0.0007361278737128366,0.0,0.0,0.0,0.0,-0.0,-0.0,0.0,0,8.695721920304322e-11
RoutingInterdiction,neural,40,60,1.1541225370758594,-0.20863686874385354,-0.0007361278737128366,0.0,0.0,0.0,0.0,-0.0,-0.0,0.0,0,8.695721920304322e-11
RoutingInterdiction,neural,41,1,4.8753974425124245,0.12214794031888676,1.4395062598658586,0.03,0.03,1.0,0.585811679594998,0.043717646699170186,0.04373330816958454,0.0,0,8.503420190208999e-11
RoutingInterdiction,neural,41,2,4.795509865685758,0.12092766874462106,1.2430721793074848,0.03,0.03,1.0,0.5806839362556477,0.037743006934681356,0.03775281523746954,0.0,0,8.46156478218063e-11
RoutingInterdiction,neural,41,3,4.683198897051126,0.12021515534924544,1.0760611784903107,0.03,0.03,1.0,0.5750469794081062,0.03274217089597822,0.03274809901507836,0.0,0,8.420952823939842e-11
RoutingInterdiction,neural,41,4,4.54155738697018,0.12005772538115853,0.9329229390271183,0.03,0.03,1.0,0.5688691427228799,0.028513992823238552,0.028517395429510595,0.0,0,8.381451088723679e-11
RoutingInterdiction,neural,41,5,4.3751137553989645,0.12048375163661622,0.8094841216520814,0.03,0.03,1.0,0.5621278224682669,0.024907961871261895,0.024909749356540223,0.0,0,8.343103985453126e-11
RoutingInterdiction,neural,41,6,4.189284762275174,0.12150111225196238,0.7025445997201392,0.03,0.03,1.0,0.5548101900714033,0.021810137093784297,0.021810915983120793,0.0,0,8.306133558733109e-11
RoutingInterdiction,neural,41,7,3.9897887941152157,0.12309618559265928,0.6095985468460476,0.03,0.03,1.0,0.5469138443831144,0.01913310611966208,0.019133278248189667,0.0,0,8.270739648708059e-11
RoutingInterdiction,neural,41,8,3.7821298439818487,0.12523346465412322,0.5286418408568012,0.03,0.03,1.0,0.538447361724016,0.01680881525252989,0.016808644525570404,0.0,0,8.237210913364379e-11
RoutingInterdiction,neural,41,9,3.571222327254758,0.12785581844333627,0.45803856598028014,0.03,0.03,1.0,0.5294306826603538,0.014783437369203206,0.014783094265517827,0.0,0,8.205658375004532e-11
RoutingInterdiction,neural,41,10,3.3611776897853662,0.13088537837072006,0.3964280213432453,0.03,0.03,1.0,0.5198952669688534,0.013013689271342103,0.013013280802813831,0.0,0,8.176259669312458e-11
RoutingInterdiction,neural,41,11,3.1552347780933845,0.13422498748913486,0.34265961275288204,0.03,0.03,1.0,0.5098839525033869,0.011464184637590401,0.011463774859207021,0.0,0,8.149037000748649e-11
RoutingInterdiction,neural,41,12,2.9557955028223204,0.13776012397475257,0.29574700167364854,0.03,0.03,1.0,0.4994504682270406,0.010105529445754805,0.010105153717805182,0.0,0,8.996670075589464e-11
RoutingInterdiction,neural,41,13,2.7645237199678516,0.1413612009057705,0.2548355567157159,0.03,0.03,1.0,0.48865857386588607,0.008912950207925194,0.008912625188344236,0.0,0,8.996914324654881e-11
RoutingInterdiction,neural,41,14,2.5824719998894463,0.14488615276330308,0.21917896404306514,0.03,0.03,1.0,0.4775808250952421,0.007865303756966292,0.007865034379118674,0.0,0,8.978351395683148e-11
RoutingInterdiction,neural,41,15,2.4102115575856407,0.14818324219973786,0.18812210535362378,0.03,0.03,1.0,0.4662969903623843,0.006944358935540581,0.006944143227606947,0.0,0,8.957323771596748e-11
RoutingInterdiction,neural,41,16,2.24795079253546,0.15109405215493604,0.1610881934051974,0.03,0.03,1.0,0.4548921702808129,0.006134270799499656,0.006134103120589485,0.0,0,8.938139117731225e-11
RoutingInterdiction,neural,41,17,2.0956357041809324,0.1534566596814311,0.13756878219448915,0.03,0.03,1.0,0.4434546907429271,0.005421190064733157,0.005421063211538457,0.0,0,8.920642002863133e-11
RoutingInterdiction,neural,41,18,1.9530305830286054,0.15510900949955625,0.11711571566862329,0.03,0.03,1.0,0.43207385525997466,0.004792966972549352,0.0047928734751142565,0.0,0,8.904676995769023e-11
RoutingInterdiction,neural,41,19,1.819780277373163,0.15589250913225483,0.09933439479777238,0.03,0.03,1.0,0.42083765027498904,0.004238920772455914,0.004238853632395068,0.0,0,8.890088665225448e-11
RoutingInterdiction,neural,41,20,1.6954566676174958,0.15565584820135414,0.0838779626986298,0.03,0.03,1.0,0.409830499709472,0.003749654856007294,0.003749607913424269,0.0,0,8.876699375548469e-11
RoutingInterdiction,neural,41,21,1.5795923453917458,0.15425900127864006,0.07044215697191,0.03,0.03,1.0,0.3991311625074563,0.0033169039236763077,0.0033168719881313535,0.0,0,8.864353695514637e-11
RoutingInterdiction,neural,41,22,1.4717043372090879,0.15157731118325374,0.05876068402519974,0.03,0.03,1.0,0.3888108601029747,0.002933404276085396,0.002933382906184945,0.0,0,8.852851784979521e-11
RoutingInterdiction,neural,41,23,1.3713103206602213,0.14750547801695918,0.0486009928146347,0.03,0.03,1.0,0.3789317099835224,0.0025927802637700343,0.0025927660134775765,0.0,0,8.842171439482627e-11
RoutingInterdiction,neural,41,24,1.2779393234785499,0.1419612133533288,0.03976045352153679,0.03,0.03,1.0,0.3695455270200449,0.0022894446942073924,0.0022894349350091048,0.0,0,8.832201636721493e-11
RoutingInterdiction,neural,41,25,1.1911384596361392,0.13488827582816676,0.03206286391605473,0.03,0.03,1.0,0.3606930360774333,0.0020185093611893544,0.0020185021112920642,0.0,0,8.822853558854149e-11
RoutingInterdiction,neural,41,26,1.1104768799934261,0.12625859927155672,0.025355276354960266,0.03,0.03,1.0,0.3524035179390256,0.0017757044717936932,0.0017756982702998858,0.0,0,8.814060592499118e-11
RoutingInterdiction,neural,41,27,1.0355478083961944,0.11607326680295904,0.01950513152304545,0.03,0.03,1.0,0.3446948866514965,0.0015573059721419149,0.0015572997672672617,0.0,0,8.805711715353937e-11
RoutingInterdiction,neural,41,28,0.9659692941359577,0.10436217358662778,0.01439768226371152,0.03,0.03,1.0,0.3375741716161468,0.0013600699986803324,0.0013600630487057286,0.0,0,8.79776251849762e-11
RoutingInterdiction,neural,41,29,0.9013841291705925,0.09118234565044123,0.009933691519614651,0.03,0.03,1.0,0.33103835435029827,0.0011811738806115865,0.0011811656761941958,0.0,0,8.790168593009184e-11
RoutingInterdiction,neural,41,30,0.8414592427144529,0.07661502137734122,0.006027387125401296,0.03,0.03,1.0,0.3250754903415274,0.0010181632404577523,0.001018153437697067,0.0,0,8.782863325507151e-11
RoutingInterdiction,neural,41,31,0.7858847865841969,0.060761730620494996,0.002604654915000504,0.03,0.03,1.0,0.31966603310320063,0.0008689047437778515,0.0008688931153164603,0.0,0,8.77584671599152e-11
RoutingInterdiction,neural,41,32,0.7343730532806945,0.04373970065799682,-0.00039854923171156464,0.03,0.0,0.0,0.0,0.0007535449412329598,0.0007535450959954559,0.0,0,8.769052151080814e-11
RoutingInterdiction,neural,41,33,0.7330542691681521,0.026045354691783252,-0.0008117284576281136,0.03,0.0,0.0,0.0,0.0007167737937476129,0.0007167733354570549,0.0,0,8.763989534088523e-11
RoutingInterdiction,neural,41,34,0.7314222486814281,0.008310320696429879,-0.0012505433336584826,0.03,0.0,0.0,0.0,0.0006798979839373366,0.0006798969667258792,0.0,0,8.759015734938203e-11
RoutingInterdiction,neural,41,35,0.7294791212511982,-0.00945404020888162,-0.0017137222228846838,0.03,0.0,0.0,0.0,0.0006428716517981667,0.0006428701270002612,0.0,0,8.754130753629852e-11
RoutingInterdiction,neural,41,36,0.7272279128214294,-0.0272362414774879,-0.0021999753769097463,0.03,0.0,0.0,0.0,0.0006056503052188708,0.0006056483195949758,0.0,0,8.749312385702979e-11
RoutingInterdiction,neural,41,37,0.7246725345290179,-0.04502470204978051,-0.0027080026703540927,0.03,0.0,0.0,0.0,0.0005681908020350123,0.0005681883976890179,0.0,0,8.74453842669709e-11
RoutingInterdiction,neural,41,38,0.7218177665656748,-0.0628077778135813,-0.0032365011923274345,0.03,0.0,0.0,0.0,0.0005304513188181932,0.0005304485323034402,0.0,0,8.739853285533172e-11
RoutingInterdiction,neural,41,39,0.7186692375525169,-0.08057379313012193,-0.003784172539672559,0.03,0.0,0.0,0.0,0.0004923913036352562,0.0004923881651117679,0.0,0,8.735212553290239e-11
RoutingInterdiction,neural,41,40,0.7152333998162883,-0.09831107196302834,-0.0043497296289718435,0.03,0.0,0.0,0.0,0.0004539714127541485,0.00045396794669805285,0.0,0,8.730616229968291e-11
RoutingInterdiction,neural,41,41,0.7115175010049487,-0.11600796818097371,-0.004931902927585163,0.03,0.0,0.0,0.0,0.0004151534391833997,0.0004151496624680284,0.0,0,8.726108724488313e-11
RoutingInterdiction,neural,41,42,0.7075295525189211,-0.13365289465169627,-0.005529445939883582,0.03,0.0,0.0,0.0,0.00037590022434271777,0.0003758961468169897,0.0,0,8.72164562792932e-11
RoutingInterdiction,neural,41,43,0.7032782952640624,-0.15123435080384084,-0.0061411398908473025,0.03,0.0,0.0,0.0,0.00033617556427252066,0.0003361711882714502,0.0,0,8.717204735830819e-11
RoutingInterdiction,neural,41,44,0.6987731632523343,-0.1687409484010899,-0.006765797482294333,0.03,0.0,0.0,0.0,0.00029594410732318086,0.000295939427265135,0.0,0,8.712830457113796e-11
RoutingInterdiction,neural,41,45,0.6940242455878697,-0.18616143534725366,-0.007402265712397327,0.03,0.0,0.0,0.0,0.00025517124557932,0.0002551662486830475,0.0,0,8.708489485087512e-11
RoutingInterdiction,neural,41,46,0.6890422473793739,-0.20348471741854535,-0.008049427666695363,0.03,0.0,0.0,0.0,0.00021382300735861155,0.00021381767212358405,0.0,0,8.704204024212459e-11
RoutingInterdiction,neural,41,47,0.6838384501158203,-0.22069987789690054,-0.008706203317709882,0.03,0.0,0.0,0.0,0.00017186594358433902,0.00017186024133375444,0.0,0,8.69996297225839e-11
RoutingInterdiction,neural,41,48,0.6784246720306818,-0.2377961951531885,-0.009371549320374983,0.03,0.0,0.0,0.0,0.00012926702152897055,0.00012926091594966937,0.0,0,8.695744124764815e-11
RoutingInterdiction,neural,41,49,0.6728132289625653,-0.25476315829839863,-0.010044457838098708,0.03,0.0,0.0,0.0,8.599352017283763e-05,8.598696757500246e-05,0.0,0,8.69158078842247e-11
RoutingInterdiction,neural,41,50,0.667016896195226,-0.2715904810822739,-0.010723954453528695,0.03,0.0,0.0,0.0,4.201293242730295e-05,4.200588222746937e-05,0.0,0,8.687472963231357e-11
RoutingInterdiction,neural,41,51,0.6610488717301853,-0.2882681142699666,-0.01140909525083611,0.012686222466638858,0.0,0.0,0.0,3.138338451959504e-06,3.137896090077419e-06,0.0,0,8.683409546961229e-11
RoutingInterdiction,neural,41,52,0.6583248748586995,-0.2953034780162863,-0.011705338336875926,0.0,0.0,0.0,0.0,-0.0,-0.0,0.0,0,8.681677599042814e-11
RoutingInterdiction,neural,41,53,0.6583248748586995,-0.2953034780162863,-0.011705338336875926,0.0,0.0,0.0,0.0,-0.0,-0.0,0.0,0,8.681677599042814e-11
RoutingInterdiction,neural,41,54,0.6583248748586995,-0.2953034780162863,-0.011705338336875926,0.0,0.0,0.0,0.0,-0.0,-0.0,0.0,0,8.681677599042814e-11
RoutingInterdiction,neural,41,55,0.6583248748586995,-0.2953034780162863,-0.011705338336875926,0.0,0.0,0.0,0.0,-0.0,-0.0,0.0,0,8.681677599042814e-11
RoutingInterdiction,neural,41,56,0.6583248748586995,-0.2953034780162863,-0.011705338336875926,0.0,0.0,0.0,0.0,-0.0,-0.0,0.0,0,8.681677599042814e-11
RoutingInterdiction,neural,41,57,0.6583248748586995,-0.2953034780162863,-0.011705338336875926,0.0,0.0,0.0,0.0,-0.0,-0.0,0.0,0,8.681677599042814e-11
RoutingInterdiction,neural,41,58,0.6583248748586995,-0.2953034780162863,-0.011705338336875926,0.0,0.0,0.0,0.0,-0.0,-0.0,0.0,0,8.681677599042814e-11
RoutingInterdiction,neural,41,59,0.6583248748586995,-0.2953034780162863,-0.011705338336875926,0.0,0.0,0.0,0.0,-0.0,-0.0,0.0,0,8.681677599042814e-11
RoutingInterdiction,neural,41,60,0.6583248748586995,-0.2953034780162863,-0.011705338336875926,0.0,0.0,0.0,0.0,-0.0,-0.0,0.0,0,8.681677599042814e-11
RoutingInterdiction,neural,42,1,3.584328918958544,0.04299170362320425,1.0350322704112012,0.03,0.03,1.0,0.5300611915543414,0.03148437794770216,0.03147437190136859,0.0,0,8.77931061182835e-11
RoutingInterdiction,neural,42,2,3.297801634408166,0.04454540469783494,0.8544108370977208,0.03,0.03,1.0,0.5174016620912839,0.02634743069949488,0.026340524958596623,0.0,0,8.640865800657593e-11
RoutingInterdiction,neural,42,3,3.026904426896575,0.04462498324526121,0.7019562777381325,0.03,0.03,1.0,0.5041071901864862,0.021945077432432163,0.021940488070349096,0.0,0,8.521938710259747e-11
RoutingInterdiction,neural,42,4,2.773696439091398,0.04309867021231661,0.573938939262779,0.03,0.03,1.0,0.4903022679080805,0.018190169185097128,0.018187238960704732,0.0,0,8.420264485664575e-11
RoutingInterdiction,neural,42,5,2.5389006025500804,0.03985949351155482,0.46690857465248603,0.03,0.03,1.0,0.47613003094365236,0.014999647708052627,0.014997857019819927,0.0,0,8.333689294204305e-11
RoutingInterdiction,neural,42,6,2.3223778562877824,0.034825083509620804,0.37774323222876294,0.03,0.03,1.0,0.4617476372340049,0.012296382334021137,0.012295341244940028,0.0,0,8.260214734434612e-11
RoutingInterdiction,neural,42,7,2.1234708996454756,0.02793777966506748,0.303670655211788,0.03,0.03,1.0,0.44732048688788095,0.01001028293676,0.010009712397859749,0.0,0,8.197909018292648e-11
RoutingInterdiction,neural,42,8,1.9412375124276933,0.019165491020003936,0.2422678259845428,0.03,0.03,1.0,0.4330157852472924,0.00807879541649763,0.008078504561150446,0.0,0,8.991896116583575e-11
RoutingInterdiction,neural,42,9,1.7746012474917066,0.008503471624217574,0.19144477687349656,0.03,0.03,1.0,0.4189959596765168,0.006446917461145177,0.006446781554654946,0.0,0,8.998335410126401e-11
RoutingInterdiction,neural,42,10,1.622444719552944,-0.004023185167064645,0.149418348441925,0.03,0.03,1.0,0.4054124038533233,0.005066874902473667,0.005066816381676498,0.0,0,8.958722652607776e-11
RoutingInterdiction,neural,42,11,1.4836649673557398,-0.018356874751529428,0.11468059921920132,0.03,0.03,1.0,0.3923999587465697,0.003897583107299815,0.0038975565394339107,0.0,0,8.923195515819771e-11
RoutingInterdiction,neural,42,12,1.3572046728276899,-0.03440542369262807,0.08596541122121075,0.03,0.03,1.0,0.38007245960540953,0.0029039932225328217,0.0029039740921366075,0.0,0,8.892997449549966e-11
RoutingInterdiction,neural,42,13,1.242068464784223,-0.05204152196932267,0.062215733097290726,0.03,0.03,1.0,0.36851958846893157,0.0020563971015062853,0.00205637385325641,0.0,0,8.86730688876014e-11
RoutingInterdiction,neural,42,14,1.1373302460936114,-0.07110439215730761,0.0425529810971049,0.03,0.03,1.0,0.35780517214119956,0.0013297413220648687,0.0013297099703075688,0.0,0,8.845435495175025e-11
RoutingInterdiction,neural,42,15,1.0421352512226936,-0.09140410634248554,0.026249415908625978,0.01768314167264181,0.03,1.0,0.4751699225814259,0.0007140269971673889,0.0007140366407576426,0.0,0,8.826739339440337e-11
RoutingInterdiction,neural,42,16,0.9569739128391376,-0.10651235050794126,0.013285938117082976,0.0,0.03,1.0,1.0,0.00031795476339932326,0.00031800724580577366,0.0,0,8.814371454946013e-11
RoutingInterdiction,neural,42,17,0.8822191933804527,-0.11251352281587988,0.0031844212139753303,0.0,0.02082128443013917,1.0,1.0,3.31518699207747e-05,3.31625877927344e-05,0.0,0,8.808731521980917e-11
RoutingInterdiction,neural,42,18,0.8350375087158928,-0.11630017891161595,-0.0028905462198358656,0.0,0.0,0.0,0.0,-0.0,-0.0,0.0,0,8.805356443986057e-11
RoutingInterdiction,neural,42,19,0.8350375087158928,-0.11630017891161595,-0.0028905462198358656,0.0,0.0,0.0,0.0,-0.0,-0.0,0.0,0,8.805356443986057e-11
RoutingInterdiction,neural,42,20,0.8350375087158928,-0.11630017891161595,-0.0028905462198358656,0.0,0.0,0.0,0.0,-0.0,-0.0,0.0,0,8.805356443986057e-11
RoutingInterdiction,neural,42,21,0.8350375087158928,-0.11630017891161595,-0.0028905462198358656,0.0,0.0,0.0,0.0,-0.0,-0.0,0.0,0,8.805356443986057e-11
RoutingInterdiction,neural,42,22,0.8350375087158928,-0.11630017891161595,-0.0028905462198358656,0.0,0.0,0.0,0.0,-0.0,-0.0,0.0,0,8.805356443986057e-11
RoutingInterdiction,neural,42,23,0.8350375087158928,-0.11630017891161595,-0.0028905462198358656,0.0,0.0,0.0,0.0,-0.0,-0.0,0.0,0,8.805356443986057e-11
RoutingInterdiction,neural,42,24,0.8350375087158928,-0.11630017891161595,-0.0028905462198358656,0.0,0.0,0.0,0.0,-0.0,-0.0,0.0,0,8.805356443986057e-11
RoutingInterdiction,neural,42,25,0.8350375087158928,-0.11630017891161595,-0.0028905462198358656,0.0,0.0,0.0,0.0,-0.0,-0.0,0.0,0,8.805356443986057e-11
RoutingInterdiction,neural,42,26,0.8350375087158928,-0.11630017891161595,-0.0028905462198358656,0.0,0.0,0.0,0.0,-0.0,-0.0,0.0,0,8.805356443986057e-11
RoutingInterdiction,neural,42,27,0.8350375087158928,-0.11630017891161595,-0.0028905462198358656,0.0,0.0,0.0,0.0,-0.0,-0.0,0.0,0,8.805356443986057e-11
RoutingInterdiction,neural,42,28,0.8350375087158928,-0.11630017891161595,-0.0028905462198358656,0.0,0.0,0.0,0.0,-0.0,-0.0,0.0,0,8.805356443986057e-11
RoutingInterdiction,neural,42,29,0.8350375087158928,-0.11630017891161595,-0.0028905462198358656,0.0,0.0,0.0,0.0,-0.0,-0.0,0.0,0,8.805356443986057e-11
RoutingInterdiction,neural,42,30,0.8350375087158928,-0.11630017891161595,-0.0028905462198358656,0.0,0.0,0.0,0.0,-0.0,-0.0,0.0,0,8.805356443986057e-11
RoutingInterdiction,neural,42,31,0.8350375087158928,-0.11630017891161595,-0.0028905462198358656,0.0,0.0,0.0,0.0,-0.0,-0.0,0.0,0,8.805356443986057e-11
RoutingInterdiction,neural,42,32,0.8350375087158928,-0.11630017891161595,-0.0028905462198358656,0.0,0.0,0.0,0.0,-0.0,-0.0,0.0,0,8.805356443986057e-11
RoutingInterdiction,neural,42,33,0.8350375087158928,-0.11630017891161595,-0.0028905462198358656,0.0,0.0,0.0,0.0,-0.0,-0.0,0.0,0,8.805356443986057e-11
RoutingInterdiction,neural,42,34,0.8350375087158928,-0.11630017891161595,-0.0028905462198358656,0.0,0.0,0.0,0.0,-0.0,-0.0,0.0,0,8.805356443986057e-11
RoutingInterdiction,neural,42,35,0.8350375087158928,-0.11630017891161595,-0.0028905462198358656,0.0,0.0,0.0,0.0,-0.0,-0.0,0.0,0,8.805356443986057e-11
RoutingInterdiction,neural,42,36,0.8350375087158928,-0.11630017891161595,-0.0028905462198358656,0.0,0.0,0.0,0.0,-0.0,-0.0,0.0,0,8.805356443986057e-11
RoutingInterdiction,neural,42,37,0.8350375087158928,-0.11630017891161595,-0.0028905462198358656,0.0,0.0,0.0,0.0,-0.0,-0.0,0.0,0,8.805356443986057e-11
RoutingInterdiction,neural,42,38,0.8350375087158928,-0.11630017891161595,-0.0028905462198358656,0.0,0.0,0.0,0.0,-0.0,-0.0,0.0,0,8.805356443986057e-11
RoutingInterdiction,neural,42,39,0.8350375087158928,-0.11630017891161595,-0.0028905462198358656,0.0,0.0,0.0,0.0,-0.0,-0.0,0.0,0,8.805356443986057e-11
RoutingInterdiction,neural,42,40,0.8350375087158928,-0.11630017891161595,-0.0028905462198358656,0.0,0.0,0.0,0.0,-0.0,-0.0,0.0,0,8.805356443986057e-11
RoutingInterdiction,neural,42,41,0.8350375087158928,-0.11630017891161595,-0.0028905462198358656,0.0,0.0,0.0,0.0,-0.0,-0.0,0.0,0,8.805356443986057e-11
RoutingInterdiction,neural,42,42,0.8350375087158928,-0.11630017891161595,-0.0028905462198358656,0.0,0.0,0.0,0.0,-0.0,-0.0,0.0,0,8.805356443986057e-11
RoutingInterdiction,neural,42,43,0.8350375087158928,-0.11630017891161595,-0.0028905462198358656,0.0,0.0,0.0,0.0,-0.0,-0.0,0.0,0,8.805356443986057e-11
RoutingInterdiction,neural,42,44,0.8350375087158928,-0.11630017891161595,-0.0028905462198358656,0.0,0.0,0.0,0.0,-0.0,-0.0,0.0,0,8.805356443986057e-11
RoutingInterdiction,neural,42,45,0.8350375087158928,-0.11630017891161595,-0.0028905462198358656,0.0,0.0,0.0,0.0,-0.0,-0.0,0.0,0,8.805356443986057e-11
RoutingInterdiction,neural,42,46,0.8350375087158928,-0.11630017891161595,-0.0028905462198358656,0.0,0.0,0.0,0.0,-0.0,-0.0,0.0,0,8.805356443986057e-11
RoutingInterdiction,neural,42,47,0.8350375087158928,-0.11630017891161595,-0.0028905462198358656,0.0,0.0,0.0,0.0,-0.0,-0.0,0.0,0,8.805356443986057e-11
RoutingInterdiction,neural,42,48,0.8350375087158928,-0.11630017891161595,-0.0028905462198358656,0.0,0.0,0.0,0.0,-0.0,-0.0,0.0,0,8.805356443986057e-11
RoutingInterdiction,neural,42,49,0.8350375087158928,-0.11630017891161595,-0.0028905462198358656,0.0,0.0,0.0,0.0,-0.0,-0.0,0.0,0,8.805356443986057e-11
RoutingInterdiction,neural,42,50,0.8350375087158928,-0.11630017891161595,-0.0028905462198358656,0.0,0.0,0.0,0.0,-0.0,-0.0,0.0,0,8.805356443986057e-11
RoutingInterdiction,neural,42,51,0.8350375087158928,-0.11630017891161595,-0.0028905462198358656,0.0,0.0,0.0,0.0,-0.0,-0.0,0.0,0,8.805356443986057e-11
RoutingInterdiction,neural,42,52,0.8350375087158928,-0.11630017891161595,-0.0028905462198358656,0.0,0.0,0.0,0.0,-0.0,-0.0,0.0,0,8.805356443986057e-11
RoutingInterdiction,neural,42,53,0.8350375087158928,-0.11630017891161595,-0.0028905462198358656,0.0,0.0,0.0,0.0,-0.0,-0.0,0.0,0,8.805356443986057e-11
RoutingInterdiction,neural,42,54,0.8350375087158928,-0.11630017891161595,-0.0028905462198358656,0.0,0.0,0.0,0.0,-0.0,-0.0,0.0,0,8.805356443986057e-11
RoutingInterdiction,neural,42,55,0.8350375087158928,-0.11630017891161595,-0.0028905462198358656,0.0,0.0,0.0,0.0,-0.0,-0.0,0.0,0,8.805356443986057e-11
RoutingInterdiction,neural,42,56,0.8350375087158928,-0.11630017891161595,-0.0028905462198358656,0.0,0.0,0.0,0.0,-0.0,-0.0,0.0,0,8.805356443986057e-11
RoutingInterdiction,neural,42,57,0.8350375087158928,-0.11630017891161595,-0.0028905462198358656,0.0,0.0,0.0,0.0,-0.0,-0.0,0.0,0,8.805356443986057e-11
RoutingInterdiction,neural,42,58,0.8350375087158928,-0.11630017891161595,-0.0028905462198358656,0.0,0.0,0.0,0.0,-0.0,-0.0,0.0,0,8.805356443986057e-11
RoutingInterdiction,neural,42,59,0.8350375087158928,-0.11630017891161595,-0.0028905462198358656,0.0,0.0,0.0,0.0,-0.0,-0.0,0.0,0,8.805356443986057e-11
RoutingInterdiction,neural,42,60,0.8350375087158928,-0.11630017891161595,-0.0028905462198358656,0.0,0.0,0.0,0.0,-0.0,-0.0,0.0,0,8.805356443986057e-11
RoutingInterdiction,neural,43,1,4.2192581075879465,0.07573371635672405,1.2208475640863201,0.03,0.03,1.0,0.5680312364672211,0.04350819185180778,0.04350478603401764,0.0,0,8.666423134684464e-11
RoutingInterdiction,neural,43,2,3.9791978378561508,0.07146872373420536,1.0060770667878656,0.03,0.03,1.0,0.5611052744805076,0.03605933425278054,0.03605922250760951,0.0,0,8.512279769945508e-11
RoutingInterdiction,neural,43,3,3.7453946379220566,0.06568384177268953,0.8305853056314452,0.03,0.03,1.0,0.553504505693145,0.029910156769784372,0.029911658242396832,0.0,0,8.387424088596163e-11
RoutingInterdiction,neural,43,4,3.5186208947805526,0.058427532696179424,0.6868412159510692,0.03,0.03,1.0,0.5452065464142458,0.02482957646189411,0.024831635641201943,0.0,0,8.286082930908378e-11
RoutingInterdiction,neural,43,5,3.2995221246261788,0.04974091448104479,0.5687131822284439,0.03,0.03,1.0,0.5362068572221425,0.020623468105760965,0.0206254989371073,0.0,0,8.203526746797252e-11
RoutingInterdiction,neural,43,6,3.0886694064835156,0.03965808155927084,0.4712585932872701,0.03,0.03,1.0,0.5265203512624301,0.01713107802201772,0.017132805967416287,0.0,0,8.970135745300922e-11
RoutingInterdiction,neural,43,7,2.886564311476471,0.028206512722489967,0.3905211483344869,0.03,0.03,1.0,0.5161822118520848,0.014220734661268402,0.014222070901700468,0.0,0,8.978062737696746e-11
RoutingInterdiction,neural,43,8,2.693624268029772,0.015407740162560211,0.32334680865937,0.03,0.03,1.0,0.5052477898056785,0.01178540581267613,0.011786360215166214,0.0,0,8.926681616117094e-11
RoutingInterdiction,neural,43,9,2.5101648806090946,0.0012784885884093277,0.267224417040397,0.03,0.03,1.0,0.4937915229393756,0.009738492451894733,0.00973911925962967,0.0,0,8.8837159850641e-11
RoutingInterdiction,neural,43,10,2.336387597101444,-0.014167522646339314,0.22015258356154557,0.03,0.03,1.0,0.4819049008772578,0.008010077603758204,0.00801044452371058,0.0,0,8.847500510000827e-11
RoutingInterdiction,neural,43,11,2.172375746819568,-0.030916988328465397,0.18053144946296665,0.03,0.03,1.0,0.4696935754585752,0.006543715488819271,0.006543887850275265,0.0,0,8.81665851437674e-11
RoutingInterdiction,neural,43,12,2.0180987689564716,-0.048953619777092165,0.1470763677435135,0.03,0.03,1.0,0.45727378076470415,0.005293760756172958,0.005293794616090031,0.0,0,8.790257410851154e-11
RoutingInterdiction,neural,43,13,1.87342285147747,-0.06825405913141722,0.11874999151262268,0.03,0.03,1.0,0.4447682711600179,0.004223191177273581,0.004223131333750629,0.0,0,8.767520043306831e-11
RoutingInterdiction,neural,43,14,1.7381256803336589,-0.08878336796647732,0.09470932782602408,0.03,0.03,1.0,0.43230200933479523,0.0033018573433583475,0.0033017378060173908,0.0,0,8.747691460087026e-11
RoutingInterdiction,neural,43,15,1.6119131204495538,-0.1104904856838846,0.0742646866754283,0.03,0.03,1.0,0.4199978411671763,0.0025050890701524323,0.0025049345679932777,0.0,0,8.730371980902873e-11
RoutingInterdiction,neural,43,16,1.4944360830599737,-0.1333041543694801,0.05684793672277735,0.03,0.03,1.0,0.4079723839969909,0.0018125927061986736,0.0018124204856240222,0.0,0,8.715095312084031e-11
RoutingInterdiction,neural,43,17,1.3853063578408387,-0.15712985500340682,0.041987963051914934,0.023154886390755573,0.03,1.0,0.4596431833466311,0.0012118800844001338,0.00121173039922029,0.0,0,8.701561693413851e-11
RoutingInterdiction,neural,43,18,1.2851404378279305,-0.17884251903439582,0.0295393566461745,0.0,0.03,1.0,1.0,0.0008026057902198651,0.0008025809407423701,0.0,0,8.690859143456464e-11
RoutingInterdiction,neural,43,19,1.1965093781310585,-0.19029498469184764,0.019754801588740968,0.0,0.03,1.0,1.0,0.0005201362467053414,0.0005201125139395746,0.0,0,8.685685504161711e-11
RoutingInterdiction,neural,43,20,1.1139152760521338,-0.2012885250585905,0.011319199499677057,0.0,0.03,1.0,1.0,0.00027658033047654425,0.000276558132306981,0.0,0,8.681144691990994e-11
RoutingInterdiction,neural,43,21,1.0370358332524143,-0.21175609852728122,0.004039029006255686,0.0,0.03,1.0,1.0,6.635739864257201e-05,6.633696192448468e-05,0.0,0,8.677136786872097e-11
RoutingInterdiction,neural,43,22,0.9655512587824703,-0.22163944942655675,-0.002251001014966587,0.0,0.0,0.0,0.0,-0.0,-0.0,0.0,0,8.673639584344528e-11
RoutingInterdiction,neural,43,23,0.9655512587824703,-0.22163944942655675,-0.002251001014966587,0.0,0.0,0.0,0.0,-0.0,-0.0,0.0,0,8.673639584344528e-11
RoutingInterdiction,neural,43,24,0.9655512587824703,-0.22163944942655675,-0.002251001014966587,0.0,0.0,0.0,0.0,-0.0,-0.0,0.0,0,8.673639584344528e-11
RoutingInterdiction,neural,43,25,0.9655512587824703,-0.22163944942655675,-0.002251001014966587,0.0,0.0,0.0,0.0,-0.0,-0.0,0.0,0,8.673639584344528e-11
RoutingInterdiction,neural,43,26,0.9655512587824703,-0.22163944942655675,-0.002251001014966587,0.0,0.0,0.0,0.0,-0.0,-0.0,0.0,0,8.673639584344528e-11
RoutingInterdiction,neural,43,27,0.9655512587824703,-0.22163944942655675,-0.002251001014966587,0.0,0.0,0.0,0.0,-0.0,-0.0,0.0,0,8.673639584344528e-11
RoutingInterdiction,neural,43,28,0.9655512587824703,-0.22163944942655675,-0.002251001014966587,0.0,0.0,0.0,0.0,-0.0,-0.0,0.0,0,8.673639584344528e-11
RoutingInterdiction,neural,43,29,0.9655512587824703,-0.22163944942655675,-0.002251001014966587,0.0,0.0,0.0,0.0,-0.0,-0.0,0.0,0,8.673639584344528e-11
RoutingInterdiction,neural,43,30,0.9655512587824703,-0.22163944942655675,-0.002251001014966587,0.0,0.0,0.0,0.0,-0.0,-0.0,0.0,0,8.673639584344528e-11
RoutingInterdiction,neural,43,31,0.9655512587824703,-0.22163944942655675,-0.002251001014966587,0.0,0.0,0.0,0.0,-0.0,-0.0,0.0,0,8.673639584344528e-11
RoutingInterdiction,neural,43,32,0.9655512587824703,-0.22163944942655675,-0.002251001014966587,0.0,0.0,0.0,0.0,-0.0,-0.0,0.0,0,8.673639584344528e-11
RoutingInterdiction,neural,43,33,0.9655512587824703,-0.22163944942655675,-0.002251001014966587,0.0,0.0,0.0,0.0,-0.0,-0.0,0.0,0,8.673639584344528e-11
RoutingInterdiction,neural,43,34,0.9655512587824703,-0.22163944942655675,-0.002251001014966587,0.0,0.0,0.0,0.0,-0.0,-0.0,0.0,0,8.673639584344528e-11
RoutingInterdiction,neural,43,35,0.9655512587824703,-0.22163944942655675,-0.002251001014966587,0.0,0.0,0.0,0.0,-0.0,-0.0,0.0,0,8.673639584344528e-11
RoutingInterdiction,neural,43,36,0.9655512587824703,-0.22163944942655675,-0.002251001014966587,0.0,0.0,0.0,0.0,-0.0,-0.0,0.0,0,8.673639584344528e-11
RoutingInterdiction,neural,43,37,0.9655512587824703,-0.22163944942655675,-0.002251001014966587,0.0,0.0,0.0,0.0,-0.0,-0.0,0.0,0,8.673639584344528e-11
RoutingInterdiction,neural,43,38,0.9655512587824703,-0.22163944942655675,-0.002251001014966587,0.0,0.0,0.0,0.0,-0.0,-0.0,0.0,0,8.673639584344528e-11
RoutingInterdiction,neural,43,39,0.9655512587824703,-0.22163944942655675,-0.002251001014966587,0.0,0.0,0.0,0.0,-0.0,-0.0,0.0,0,8.673639584344528e-11
RoutingInterdiction,neural,43,40,0.9655512587824703,-0.22163944942655675,-0.002251001014966587,0.0,0.0,0.0,0.0,-0.0,-0.0,0.0,0,8.673639584344528e-11
RoutingInterdiction,neural,43,41,0.9655512587824703,-0.22163944942655675,-0.002251001014966587,0.0,0.0,0.0,0.0,-0.0,-0.0,0.0,0,8.673639584344528e-11
RoutingInterdiction,neural,43,42,0.9655512587824703,-0.22163944942655675,-0.002251001014966587,0.0,0.0,0.0,0.0,-0.0,-0.0,0.0,0,8.673639584344528e-11
RoutingInterdiction,neural,43,43,0.9655512587824703,-0.22163944942655675,-0.002251001014966587,0.0,0.0,0.0,0.0,-0.0,-0.0,0.0,0,8.673639584344528e-11
RoutingInterdiction,neural,43,44,0.9655512587824703,-0.22163944942655675,-0.002251001014966587,0.0,0.0,0.0,0.0,-0.0,-0.0,0.0,0,8.673639584344528e-11
RoutingInterdiction,neural,43,45,0.9655512587824703,-0.22163944942655675,-0.002251001014966587,0.0,0.0,0.0,0.0,-0.0,-0.0,0.0,0,8.673639584344528e-11
RoutingInterdiction,neural,43,46,0.9655512587824703,-0.22163944942655675,-0.002251001014966587,0.0,0.0,0.0,0.0,-0.0,-0.0,0.0,0,8.673639584344528e-11
RoutingInterdiction,neural,43,47,0.9655512587824703,-0.22163944942655675,-0.002251001014966587,0.0,0.0,0.0,0.0,-0.0,-0.0,0.0,0,8.673639584344528e-11
RoutingInterdiction,neural,43,48,0.9655512587824703,-0.22163944942655675,-0.002251001014966587,0.0,0.0,0.0,0.0,-0.0,-0.0,0.0,0,8.673639584344528e-11
RoutingInterdiction,neural,43,49,0.9655512587824703,-0.22163944942655675,-0.002251001014966587,0.0,0.0,0.0,0.0,-0.0,-0.0,0.0,0,8.673639584344528e-11
RoutingInterdiction,neural,43,50,0.9655512587824703,-0.22163944942655675,-0.002251001014966587,0.0,0.0,0.0,0.0,-0.0,-0.0,0.0,0,8.673639584344528e-11
RoutingInterdiction,neural,43,51,0.9655512587824703,-0.22163944942655675,-0.002251001014966587,0.0,0.0,0.0,0.0,-0.0,-0.0,0.0,0,8.673639584344528e-11
RoutingInterdiction,neural,43,52,0.9655512587824703,-0.22163944942655675,-0.002251001014966587,0.0,0.0,0.0,0.0,-0.0,-0.0,0.0,0,8.673639584344528e-11
RoutingInterdiction,neural,43,53,0.9655512587824703,-0.22163944942655675,-0.002251001014966587,0.0,0.0,0.0,0.0,-0.0,-0.0,0.0,0,8.673639584344528e-11
RoutingInterdiction,neural,43,54,0.9655512587824703,-0.22163944942655675,-0.002251001014966587,0.0,0.0,0.0,0.0,-0.0,-0.0,0.0,0,8.673639584344528e-11
RoutingInterdiction,neural,43,55,0.9655512587824703,-0.22163944942655675,-0.002251001014966587,0.0,0.0,0.0,0.0,-0.0,-0.0,0.0,0,8.673639584344528e-11
RoutingInterdiction,neural,43,56,0.9655512587824703,-0.22163944942655675,-0.002251001014966587,0.0,0.0,0.0,0.0,-0.0,-0.0,0.0,0,8.673639584344528e-11
RoutingInterdiction,neural,43,57,0.9655512587824703,-0.22163944942655675,-0.002251001014966587,0.0,0.0,0.0,0.0,-0.0,-0.0,0.0,0,8.673639584344528e-11
RoutingInterdiction,neural,43,58,0.9655512587824703,-0.22163944942655675,-0.002251001014966587,0.0,0.0,0.0,0.0,-0.0,-0.0,0.0,0,8.673639584344528e-11
RoutingInterdiction,neural,43,59,0.9655512587824703,-0.22163944942655675,-0.002251001014966587,0.0,0.0,0.0,0.0,-0.0,-0.0,0.0,0,8.673639584344528e-11
RoutingInterdiction,neural,43,60,0.9655512587824703,-0.22163944942655675,-0.002251001014966587,0.0,0.0,0.0,0.0,-0.0,-0.0,0.0,0,8.673639584344528e-11
RoutingInterdiction,neural,44,1,4.799747718119222,0.04290663459934891,1.7756874894806725,0.03,0.03,1.0,0.574696141256559,0.05384827362202656,0.05381543458139082,0.0,0,8.853806576780698e-11
RoutingInterdiction,neural,44,2,4.60322015854738,0.04157316933427491,1.5347395174100962,0.03,0.03,1.0,0.5694600086403087,0.046988097505677395,0.046959763232848006,0.0,0,8.876810397850932e-11
RoutingInterdiction,neural,44,3,4.38007431431906,0.0382441844560583,1.3233079214796266,0.03,0.03,1.0,0.5637956844368264,0.040858326808274247,0.040834219092499735,0.0,0,8.600875567310595e-11
RoutingInterdiction,neural,44,4,4.141339944745434,0.032900271843187244,1.1386031155923597,0.03,0.03,1.0,0.5576452719942092,0.0354093308208527,0.03538903874169774,0.0,0,8.357892156141133e-11
RoutingInterdiction,neural,44,5,3.8961692964225616,0.025544636333622982,0.9778567979542115,0.03,0.03,1.0,0.5509581949816306,0.030586424433073262,0.030569474289553478,0.0,0,8.824763142456504e-11
RoutingInterdiction,neural,44,6,3.651551552901027,0.016199028744324214,0.8384013011339804,0.03,0.03,1.0,0.543694769218525,0.026332861285818892,0.026318776796000254,0.0,0,8.844480703373847e-11
RoutingInterdiction,neural,44,7,3.4124601687438894,0.004900682809679615,0.7177284213297807,0.03,0.03,1.0,0.5358292897921516,0.022592263551935058,0.02258060487644542,0.0,0,8.66620109007954e-11
RoutingInterdiction,neural,44,8,3.1821996630526566,-0.008299925781440901,0.6135277793924222,0.03,0.03,1.0,0.5273524956168042,0.01931042736015912,0.019300808916426604,0.0,0,8.512590632392403e-11
RoutingInterdiction,neural,44,9,2.962795193317295,-0.02334068948256335,0.5237063370820201,0.03,0.03,1.0,0.5182732681944453,0.01643651372873114,0.01642860670078905,0.0,0,8.380895977211367e-11
RoutingInterdiction,neural,44,10,2.7553438762775055,-0.04014899198931318,0.44639233338595297,0.03,0.03,1.0,0.5086194386060284,0.013923702937025896,0.013917229497692807,0.0,0,8.268541407119301e-11
RoutingInterdiction,neural,44,11,2.56029833155565,-0.05864241678124962,0.37992781266625536,0.03,0.03,1.0,0.4984376194339564,0.011729431155857799,0.011724155965941008,0.0,0,8.980882704179294e-11
RoutingInterdiction,neural,44,12,2.37768070518699,-0.07872905216717818,0.32285393718543853,0.03,0.03,1.0,0.48779204226186673,0.00981533799908317,0.009811060250771941,0.0,0,8.99220697903047e-11
RoutingInterdiction,neural,44,13,2.207237184315024,-0.1003073788033015,0.27389264504195693,0.03,0.03,1.0,0.4767624569729147,0.008147039872994937,0.00814358717322805,0.0,0,8.917488969473197e-11
RoutingInterdiction,neural,44,14,2.04854601509433,-0.12326574854834225,0.23192727937726948,0.010398972910847596,0.03,1.0,0.7152528400862749,0.006753190508371269,0.0067522346846374814,0.0,0,8.855427502396651e-11
RoutingInterdiction,neural,44,15,1.9108963926902278,-0.14028734278766086,0.1990726935084374,0.0,0.03,1.0,1.0,0.0057796206967759885,0.005779209895308002,0.0,0,8.820388863739481e-11
RoutingInterdiction,neural,44,16,1.7863115622010992,-0.1537778927232267,0.17196120487454497,0.0,0.03,1.0,1.0,0.004989250494814571,0.004988894837082869,0.0,0,8.79829542554944e-11
RoutingInterdiction,neural,44,17,1.6680576267489744,-0.1673956950769172,0.14803388764505854,0.0,0.03,1.0,1.0,0.004291592565592632,0.004291286851932918,0.0,0,8.77895534046047e-11
RoutingInterdiction,neural,44,18,1.5561103903113505,-0.18106856324759638,0.12690836240637016,0.0,0.03,1.0,1.0,0.00367553744649961,0.0036752761650613586,0.0,0,8.762035541565183e-11
RoutingInterdiction,neural,44,19,1.4503890905282995,-0.19471850066649776,0.1082504761286436,0.0,0.03,1.0,1.0,0.0031313691474210655,0.003131146858243561,0.0,0,8.747313984258653e-11
RoutingInterdiction,neural,44,20,1.350768356305521,-0.2082627261529008,0.09176743451874377,0.0,0.03,1.0,1.0,0.0026505689080973897,0.0026503804708383205,0.0,0,8.734524215014972e-11
RoutingInterdiction,neural,44,21,1.2570883714256955,-0.2216151073942648,0.07720212784445732,0.0,0.03,1.0,1.0,0.002225652542013113,0.0022254932401013505,0.0,0,8.723466393689705e-11
RoutingInterdiction,neural,44,22,1.169163497426699,-0.2346880347457369,0.06432839580991927,0.0,0.03,1.0,1.0,0.001850034304963907,0.00184989990154516,0.0,0,8.713951782368667e-11
RoutingInterdiction,neural,44,23,1.0867895654078734,-0.2473946984432893,0.052947039036692706,0.0,0.03,1.0,1.0,0.0015179119282053405,0.0015177986778647234,0.0,0,8.705824949828411e-11
RoutingInterdiction,neural,44,24,1.0097500123763055,-0.25965165959117387,0.04288243052568118,0.0,0.03,1.0,1.0,0.0012241687184470801,0.001224073352604993,0.0,0,8.69889715815475e-11
RoutingInterdiction,neural,44,25,0.9378210112226291,-0.27138154160912276,0.033979614562907684,0.0,0.03,1.0,1.0,0.0009642895763783009,0.0009642092708578298,0.0,0,8.693079589505714e-11
RoutingInterdiction,neural,44,26,0.8707757222894096,-0.28251562678225456,0.026101806006241544,0.0,0.03,1.0,1.0,0.0007342884797276088,0.0007342208150666885,0.0,0,8.688227914888103e-11
RoutingInterdiction,neural,44,27,0.808387776937393,-0.2929961316067405,0.01912822197380106,0.0,0.03,1.0,1.0,0.0005306455194269859,0.0005305884373791869,0.0,0,8.68420890753896e-11
RoutingInterdiction,neural,44,28,0.750434088133924,-0.30277795840236,0.012952192393402265,0.0,0.03,1.0,1.0,0.000350251969381464,0.00035020372960459234,0.0,0,8.680955954076808e-11
RoutingInterdiction,neural,44,29,0.6966970689222355,-0.31182977559007824,0.0074795066890046315,0.0,0.03,1.0,1.0,0.00019036217961434815,0.00019032131777974026,0.0,0,8.678391338889924e-11
RoutingInterdiction,neural,44,30,0.6469663260985907,-0.320134354925023,0.002626962235521695,0.0,0.03,1.0,1.0,4.8551310464768724e-05,4.851659959104193e-05,0.0,0,8.676392937445598e-11
RoutingInterdiction,neural,44,31,0.6010398832823777,-0.3276881765982165,-0.0016789134401474948,0.0,0.0,0.0,0.0,-0.0,-0.0,0.0,0,8.674949647513586e-11
RoutingInterdiction,neural,44,32,0.6010398832823777,-0.3276881765982165,-0.0016789134401474948,0.0,0.0,0.0,0.0,-0.0,-0.0,0.0,0,8.674949647513586e-11
RoutingInterdiction,neural,44,33,0.6010398832823777,-0.3276881765982165,-0.0016789134401474948,0.0,0.0,0.0,0.0,-0.0,-0.0,0.0,0,8.674949647513586e-11
RoutingInterdiction,neural,44,34,0.6010398832823777,-0.3276881765982165,-0.0016789134401474948,0.0,0.0,0.0,0.0,-0.0,-0.0,0.0,0,8.674949647513586e-11
RoutingInterdiction,neural,44,35,0.6010398832823777,-0.3276881765982165,-0.0016789134401474948,0.0,0.0,0.0,0.0,-0.0,-0.0,0.0,0,8.674949647513586e-11
RoutingInterdiction,neural,44,36,0.6010398832823777,-0.3276881765982165,-0.0016789134401474948,0.0,0.0,0.0,0.0,-0.0,-0.0,0.0,0,8.674949647513586e-11
RoutingInterdiction,neural,44,37,0.6010398832823777,-0.3276881765982165,-0.0016789134401474948,0.0,0.0,0.0,0.0,-0.0,-0.0,0.0,0,8.674949647513586e-11
RoutingInterdiction,neural,44,38,0.6010398832823777,-0.3276881765982165,-0.0016789134401474948,0.0,0.0,0.0,0.0,-0.0,-0.0,0.0,0,8.674949647513586e-11
RoutingInterdiction,neural,44,39,0.6010398832823777,-0.3276881765982165,-0.0016789134401474948,0.0,0.0,0.0,0.0,-0.0,-0.0,0.0,0,8.674949647513586e-11
RoutingInterdiction,neural,44,40,0.6010398832823777,-0.3276881765982165,-0.0016789134401474948,0.0,0.0,0.0,0.0,-0.0,-0.0,0.0,0,8.674949647513586e-11
RoutingInterdiction,neural,44,41,0.6010398832823777,-0.3276881765982165,-0.0016789134401474948,0.0,0.0,0.0,0.0,-0.0,-0.0,0.0,0,8.674949647513586e-11
RoutingInterdiction,neural,44,42,0.6010398832823777,-0.3276881765982165,-0.0016789134401474948,0.0,0.0,0.0,0.0,-0.0,-0.0,0.0,0,8.674949647513586e-11
RoutingInterdiction,neural,44,43,0.6010398832823777,-0.3276881765982165,-0.0016789134401474948,0.0,0.0,0.0,0.0,-0.0,-0.0,0.0,0,8.674949647513586e-11
RoutingInterdiction,neural,44,44,0.6010398832823777,-0.3276881765982165,-0.0016789134401474948,0.0,0.0,0.0,0.0,-0.0,-0.0,0.0,0,8.674949647513586e-11
RoutingInterdiction,neural,44,45,0.6010398832823777,-0.3276881765982165,-0.0016789134401474948,0.0,0.0,0.0,0.0,-0.0,-0.0,0.0,0,8.674949647513586e-11
RoutingInterdiction,neural,44,46,0.6010398832823777,-0.3276881765982165,-0.0016789134401474948,0.0,0.0,0.0,0.0,-0.0,-0.0,0.0,0,8.674949647513586e-11
RoutingInterdiction,neural,44,47,0.6010398832823777,-0.3276881765982165,-0.0016789134401474948,0.0,0.0,0.0,0.0,-0.0,-0.0,0.0,0,8.674949647513586e-11
RoutingInterdiction,neural,44,48,0.6010398832823777,-0.3276881765982165,-0.0016789134401474948,0.0,0.0,0.0,0.0,-0.0,-0.0,0.0,0,8.674949647513586e-11
RoutingInterdiction,neural,44,49,0.6010398832823777,-0.3276881765982165,-0.0016789134401474948,0.0,0.0,0.0,0.0,-0.0,-0.0,0.0,0,8.674949647513586e-11
RoutingInterdiction,neural,44,50,0.6010398832823777,-0.3276881765982165,-0.0016789134401474948,0.0,0.0,0.0,0.0,-0.0,-0.0,0.0,0,8.674949647513586e-11
RoutingInterdiction,neural,44,51,0.6010398832823777,-0.3276881765982165,-0.0016789134401474948,0.0,0.0,0.0,0.0,-0.0,-0.0,0.0,0,8.674949647513586e-11
RoutingInterdiction,neural,44,52,0.6010398832823777,-0.3276881765982165,-0.0016789134401474948,0.0,0.0,0.0,0.0,-0.0,-0.0,0.0,0,8.674949647513586e-11
RoutingInterdiction,neural,44,53,0.6010398832823777,-0.3276881765982165,-0.0016789134401474948,0.0,0.0,0.0,0.0,-0.0,-0.0,0.0,0,8.674949647513586e-11
RoutingInterdiction,neural,44,54,0.6010398832823777,-0.3276881765982165,-0.0016789134401474948,0.0,0.0,0.0,0.0,-0.0,-0.0,0.0,0,8.674949647513586e-11
RoutingInterdiction,neural,44,55,0.6010398832823777,-0.3276881765982165,-0.0016789134401474948,0.0,0.0,0.0,0.0,-0.0,-0.0,0.0,0,8.674949647513586e-11
RoutingInterdiction,neural,44,56,0.6010398832823777,-0.3276881765982165,-0.0016789134401474948,0.0,0.0,0.0,0.0,-0.0,-0.0,0.0,0,8.674949647513586e-11
RoutingInterdiction,neural,44,57,0.6010398832823777,-0.3276881765982165,-0.0016789134401474948,0.0,0.0,0.0,0.0,-0.0,-0.0,0.0,0,8.674949647513586e-11
RoutingInterdiction,neural,44,58,0.6010398832823777,-0.3276881765982165,-0.0016789134401474948,0.0,0.0,0.0,0.0,-0.0,-0.0,0.0,0,8.674949647513586e-11
RoutingInterdiction,neural,44,59,0.6010398832823777,-0.3276881765982165,-0.0016789134401474948,0.0,0.0,0.0,0.0,-0.0,-0.0,0.0,0,8.674949647513586e-11
RoutingInterdiction,neural,44,60,0.6010398832823777,-0.3276881765982165,-0.0016789134401474948,0.0,0.0,0.0,0.0,-0.0,-0.0,0.0,0,8.674949647513586e-11
RoutingInterdiction,neural,45,1,3.3818551666608823,0.009632111354253913,0.8798036006633455,0.03,0.03,1.0,0.5315571982572765,0.027007833078435912,0.026991097991853286,0.0,0,8.56392734505107e-11
RoutingInterdiction,neural,45,2,3.19832389278014,-0.007521904842171518,0.7784180470440005,0.03,0.03,1.0,0.5249680771101194,0.023739499077857412,0.0237237926506646,0.0,0,8.448597377253009e-11
RoutingInterdiction,neural,45,3,3.0139333888820916,-0.0256392650265005,0.6861309446234863,0.03,0.03,1.0,0.5176992579746272,0.020741362923290634,0.020726826082001493,0.0,0,8.343992163872826e-11
RoutingInterdiction,neural,45,4,2.8318425318807896,-0.044759503266367955,0.6023852215116439,0.03,0.03,1.0,0.5097685243080441,0.01799602441586915,0.017982766633637848,0.0,0,8.249845251384613e-11
RoutingInterdiction,neural,45,5,2.6544241773307435,-0.06491163464543875,0.5266483074713384,0.021893677274375762,0.03,1.0,0.5792837872750873,0.015507076373253872,0.015498094586807953,0.0,0,8.988187971681327e-11
RoutingInterdiction,neural,45,6,2.4899516594554942,-0.08331812240362882,0.4600519802934614,0.006361866727010656,0.03,1.0,0.8204814271616789,0.013420208919737935,0.013415740436183876,0.0,0,8.999379019769549e-11
RoutingInterdiction,neural,45,7,2.343904682289975,-0.09705733772360436,0.40336607468822483,0.0,0.03,1.0,1.0,0.01174552764475381,0.011742444616597458,0.0,0,8.950040708555207e-11
RoutingInterdiction,neural,45,8,2.207133992462019,-0.10900831633728454,0.35356483013516143,0.0,0.03,1.0,1.0,0.010284765301545023,0.010282127081393533,0.0,0,8.911760218666132e-11
RoutingInterdiction,neural,45,9,2.0743926402123463,-0.12136290450396947,0.3086415289447257,0.0,0.03,1.0,1.0,0.0089678395601825,0.008965590371461607,0.0,0,8.877121260297827e-11
RoutingInterdiction,neural,45,10,1.9461846288822755,-0.13406024552693818,0.2681966442249846,0.0,0.03,1.0,1.0,0.00778285235640601,0.0077809414467102656,0.0,0,8.845879584384875e-11
RoutingInterdiction,neural,45,11,1.8228954409594504,-0.1470346436687348,0.23185077461122094,0.0,0.03,1.0,1.0,0.006718521437637652,0.0067169030900064985,0.0,0,8.817724328480381e-11
RoutingInterdiction,neural,45,12,1.7048037311018167,-0.16021560538812518,0.19924555671525,0.0,0.03,1.0,1.0,0.005764205568837401,0.005762838974995299,0.0,0,8.792455652439912e-11
RoutingInterdiction,neural,45,13,1.5920937117613023,-0.17352792298414718,0.17004424072429958,0.0,0.03,1.0,1.0,0.004909919447932942,0.004908768477082326,0.0,0,8.769829307198052e-11
RoutingInterdiction,neural,45,14,1.4848676575895159,-0.18689191251526188,0.14393194179458527,0.0,0.03,1.0,1.0,0.004146338881896392,0.004145371784019414,0.0,0,8.749601043689381e-11
RoutingInterdiction,neural,45,15,1.383158081149285,-0.2002239252283824,0.12061559401933812,0.0,0.03,1.0,1.0,0.003464797157486669,0.0034639862255307907,0.0,0,8.731593226229961e-11
RoutingInterdiction,neural,45,16,1.2869392526364085,-0.213437237344932,0.09982364190172481,0.0,0.03,1.0,1.0,0.002857273738930743,0.002856594946250013,0.0,0,8.71557270798462e-11
RoutingInterdiction,neural,45,17,1.1961378438524213,-0.2264433860131321,0.0813055083196901,0.0,0.03,1.0,1.0,0.0023163764971215702,0.0023158091326298536,0.0,0,8.701372955499664e-11
RoutingInterdiction,neural,45,18,1.1106425678211904,-0.23915396256324728,0.06483087897143976,0.0,0.03,1.0,1.0,0.0018353187062356384,0.0018348450138254702,0.0,0,8.688816333091154e-11
RoutingInterdiction,neural,45,19,1.030312758820394,-0.2514828051312641,0.050188842232970446,0.0,0.03,1.0,1.0,0.001407891970642424,0.0014074968048964909,0.0,0,8.677758511765887e-11
RoutingInterdiction,neural,45,20,0.954985893575182,-0.2633484621844745,0.03718692088510533,0.0,0.03,1.0,1.0,0.0010284361720980107,0.0010281066750190693,0.0,0,8.668032958070171e-11
RoutingInterdiction,neural,45,21,0.8844840944659227,-0.2746767394936258,0.025650028771203835,0.0,0.03,1.0,1.0,0.000691807410195179,0.000691532713096743,0.0,0,8.659462036320065e-11
RoutingInterdiction,neural,45,22,0.8186196819780963,-0.28540310803654456,0.0154193816035004,0.0,0.03,1.0,1.0,0.00039334479030137383,0.0003931157421095399,0.0,0,8.65201243982483e-11
RoutingInterdiction,neural,45,23,0.7571998585985132,-0.29547474780257993,0.006351387053623611,0.0,0.03,1.0,1.0,0.00012883678519108106,0.00012864570880788406,0.0,0,8.645484328440034e-11
RoutingInterdiction,neural,45,24,0.7000306121485711,-0.3048520347203767,-0.001683464733795571,0.0,0.0,0.0,0.0,-0.0,-0.0,0.0,0,8.6398110887842e-11
RoutingInterdiction,neural,45,25,0.7000306121485711,-0.3048520347203767,-0.001683464733795571,0.0,0.0,0.0,0.0,-0.0,-0.0,0.0,0,8.6398110887842e-11
RoutingInterdiction,neural,45,26,0.7000306121485711,-0.3048520347203767,-0.001683464733795571,0.0,0.0,0.0,0.0,-0.0,-0.0,0.0,0,8.6398110887842e-11
RoutingInterdiction,neural,45,27,0.7000306121485711,-0.3048520347203767,-0.001683464733795571,0.0,0.0,0.0,0.0,-0.0,-0.0,0.0,0,8.6398110887842e-11
RoutingInterdiction,neural,45,28,0.7000306121485711,-0.3048520347203767,-0.001683464733795571,0.0,0.0,0.0,0.0,-0.0,-0.0,0.0,0,8.6398110887842e-11
RoutingInterdiction,neural,45,29,0.7000306121485711,-0.3048520347203767,-0.001683464733795571,0.0,0.0,0.0,0.0,-0.0,-0.0,0.0,0,8.6398110887842e-11
RoutingInterdiction,neural,45,30,0.7000306121485711,-0.3048520347203767,-0.001683464733795571,0.0,0.0,0.0,0.0,-0.0,-0.0,0.0,0,8.6398110887842e-11
RoutingInterdiction,neural,45,31,0.7000306121485711,-0.3048520347203767,-0.001683464733795571,0.0,0.0,0.0,0.0,-0.0,-0.0,0.0,0,8.6398110887842e-11
RoutingInterdiction,neural,45,32,0.7000306121485711,-0.3048520347203767,-0.001683464733795571,0.0,0.0,0.0,0.0,-0.0,-0.0,0.0,0,8.6398110887842e-11
RoutingInterdiction,neural,45,33,0.7000306121485711,-0.3048520347203767,-0.001683464733795571,0.0,0.0,0.0,0.0,-0.0,-0.0,0.0,0,8.6398110887842e-11
RoutingInterdiction,neural,45,34,0.7000306121485711,-0.3048520347203767,-0.001683464733795571,0.0,0.0,0.0,0.0,-0.0,-0.0,0.0,0,8.6398110887842e-11
RoutingInterdiction,neural,45,35,0.7000306121485711,-0.3048520347203767,-0.001683464733795571,0.0,0.0,0.0,0.0,-0.0,-0.0,0.0,0,8.6398110887842e-11
RoutingInterdiction,neural,45,36,0.7000306121485711,-0.3048520347203767,-0.001683464733795571,0.0,0.0,0.0,0.0,-0.0,-0.0,0.0,0,8.6398110887842e-11
RoutingInterdiction,neural,45,37,0.7000306121485711,-0.3048520347203767,-0.001683464733795571,0.0,0.0,0.0,0.0,-0.0,-0.0,0.0,0,8.6398110887842e-11
RoutingInterdiction,neural,45,38,0.7000306121485711,-0.3048520347203767,-0.001683464733795571,0.0,0.0,0.0,0.0,-0.0,-0.0,0.0,0,8.6398110887842e-11
RoutingInterdiction,neural,45,39,0.7000306121485711,-0.3048520347203767,-0.001683464733795571,0.0,0.0,0.0,0.0,-0.0,-0.0,0.0,0,8.6398110887842e-11
RoutingInterdiction,neural,45,40,0.7000306121485711,-0.3048520347203767,-0.001683464733795571,0.0,0.0,0.0,0.0,-0.0,-0.0,0.0,0,8.6398110887842e-11
RoutingInterdiction,neural,45,41,0.7000306121485711,-0.3048520347203767,-0.001683464733795571,0.0,0.0,0.0,0.0,-0.0,-0.0,0.0,0,8.6398110887842e-11
RoutingInterdiction,neural,45,42,0.7000306121485711,-0.3048520347203767,-0.001683464733795571,0.0,0.0,0.0,0.0,-0.0,-0.0,0.0,0,8.6398110887842e-11
RoutingInterdiction,neural,45,43,0.7000306121485711,-0.3048520347203767,-0.001683464733795571,0.0,0.0,0.0,0.0,-0.0,-0.0,0.0,0,8.6398110887842e-11
RoutingInterdiction,neural,45,44,0.7000306121485711,-0.3048520347203767,-0.001683464733795571,0.0,0.0,0.0,0.0,-0.0,-0.0,0.0,0,8.6398110887842e-11
RoutingInterdiction,neural,45,45,0.7000306121485711,-0.3048520347203767,-0.001683464733795571,0.0,0.0,0.0,0.0,-0.0,-0.0,0.0,0,8.6398110887842e-11
RoutingInterdiction,neural,45,46,0.7000306121485711,-0.3048520347203767,-0.001683464733795571,0.0,0.0,0.0,0.0,-0.0,-0.0,0.0,0,8.6398110887842e-11
RoutingInterdiction,neural,45,47,0.7000306121485711,-0.3048520347203767,-0.001683464733795571,0.0,0.0,0.0,0.0,-0.0,-0.0,0.0,0,8.6398110887842e-11
RoutingInterdiction,neural,45,48,0.7000306121485711,-0.3048520347203767,-0.001683464733795571,0.0,0.0,0.0,0.0,-0.0,-0.0,0.0,0,8.6398110887842e-11
RoutingInterdiction,neural,45,49,0.7000306121485711,-0.3048520347203767,-0.001683464733795571,0.0,0.0,0.0,0.0,-0.0,-0.0,0.0,0,8.6398110887842e-11
RoutingInterdiction,neural,45,50,0.7000306121485711,-0.3048520347203767,-0.001683464733795571,0.0,0.0,0.0,0.0,-0.0,-0.0,0.0,0,8.6398110887842e-11
RoutingInterdiction,neural,45,51,0.7000306121485711,-0.3048520347203767,-0.001683464733795571,0.0,0.0,0.0,0.0,-0.0,-0.0,0.0,0,8.6398110887842e-11
RoutingInterdiction,neural,45,52,0.7000306121485711,-0.3048520347203767,-0.001683464733795571,0.0,0.0,0.0,0.0,-0.0,-0.0,0.0,0,8.6398110887842e-11
RoutingInterdiction,neural,45,53,0.7000306121485711,-0.3048520347203767,-0.001683464733795571,0.0,0.0,0.0,0.0,-0.0,-0.0,0.0,0,8.6398110887842e-11
RoutingInterdiction,neural,45,54,0.7000306121485711,-0.3048520347203767,-0.001683464733795571,0.0,0.0,0.0,0.0,-0.0,-0.0,0.0,0,8.6398110887842e-11
RoutingInterdiction,neural,45,55,0.7000306121485711,-0.3048520347203767,-0.001683464733795571,0.0,0.0,0.0,0.0,-0.0,-0.0,0.0,0,8.6398110887842e-11
RoutingInterdiction,neural,45,56,0.7000306121485711,-0.3048520347203767,-0.001683464733795571,0.0,0.0,0.0,0.0,-0.0,-0.0,0.0,0,8.6398110887842e-11
RoutingInterdiction,neural,45,57,0.7000306121485711,-0.3048520347203767,-0.001683464733795571,0.0,0.0,0.0,0.0,-0.0,-0.0,0.0,0,8.6398110887842e-11
RoutingInterdiction,neural,45,58,0.7000306121485711,-0.3048520347203767,-0.001683464733795571,0.0,0.0,0.0,0.0,-0.0,-0.0,0.0,0,8.6398110887842e-11
RoutingInterdiction,neural,45,59,0.7000306121485711,-0.3048520347203767,-0.001683464733795571,0.0,0.0,0.0,0.0,-0.0,-0.0,0.0,0,8.6398110887842e-11
RoutingInterdiction,neural,45,60,0.7000306121485711,-0.3048520347203767,-0.001683464733795571,0.0,0.0,0.0,0.0,-0.0,-0.0,0.0,0,8.6398110887842e-11
RoutingInterdiction,neural,46,1,4.490621839480832,0.02232678768808974,1.598312931221933,0.007084009568591865,0.03,1.0,0.8574339401932554,0.04639714612112491,0.046392301553533466,0.0,0,8.9527274482748e-11
RoutingInterdiction,neural,46,2,4.3781013854864375,0.012977141161648475,1.382601651095713,0.010822854847910783,0.03,1.0,0.7931473471858624,0.04019286350279686,0.04018843456525123,0.0,0,8.804801332473744e-11
RoutingInterdiction,neural,46,3,4.240005037341115,0.0022157226569911393,1.197727605611439,0.014478521399737798,0.03,1.0,0.735817262719019,0.03487894651966103,0.03487425752727202,0.0,0,8.676526164208553e-11
RoutingInterdiction,neural,46,4,4.078525840031439,-0.009986628387526189,1.038449916476387,0.017969877453617868,0.03,1.0,0.6850519902660386,0.03029834542277319,0.030293184798383388,0.0,0,8.563705300446145e-11
RoutingInterdiction,neural,46,5,3.89732453620562,-0.023660781599294144,0.9004653189456228,0.0211883840968325,0.03,1.0,0.6406820848914302,0.02632294076971186,0.026317334683141347,0.0,0,8.463496570243478e-11
RoutingInterdiction,neural,46,6,3.7010621268704864,-0.03882974288993482,0.7802907212035828,0.02393238021953042,0.03,1.0,0.6033865442537673,0.022848749542776915,0.022842860824510813,0.0,0,8.373812754314258e-11
RoutingInterdiction,neural,46,7,3.4949080967843953,-0.0554863063866204,0.675135764074311,0.02584017556489892,0.03,1.0,0.5751597856371469,0.01979141169804735,0.01978552398858424,0.0,0,8.293210562726472e-11
RoutingInterdiction,neural,46,8,3.284124289084873,-0.07355724727022359,0.5828028491628245,0.026337000391111857,0.03,1.0,0.559960457816893,0.01708390432082324,0.01707843939797926,0.0,0,8.221223701809777e-11
RoutingInterdiction,neural,46,9,3.0737641682228998,-0.09285276785596443,0.501626169732529,0.024641024795569854,0.03,1.0,0.565141454373664,0.014677689595702152,0.014673180290368126,0.0,0,8.992451228095888e-11
RoutingInterdiction,neural,46,10,2.868484343746274,-0.11300247332281307,0.4304356307566488,0.01989998716225751,0.03,1.0,0.605446680871617,0.012546836997923314,0.012543758932480609,0.0,0,8.999556655453489e-11
RoutingInterdiction,neural,46,11,2.6724412175380476,-0.13338678377254073,0.36850182425752426,0.011498111811752825,0.03,1.0,0.7166892151232754,0.010690629970042961,0.010689092315836701,0.0,0,8.945377771851781e-11
RoutingInterdiction,neural,46,12,2.4892243805720704,-0.15308814344156937,0.3154023343902898,0.0,0.03,1.0,1.0,0.009126143021173512,0.009125663049415644,0.0,0,8.899214698487867e-11
RoutingInterdiction,neural,46,13,2.3213943584074888,-0.17104778004197388,0.2707146627490979,0.0,0.03,1.0,1.0,0.007831420033071242,0.007831065151313377,0.0,0,8.861311684427164e-11
RoutingInterdiction,neural,46,14,2.1619298436066736,-0.18976807629823816,0.2320289503221035,0.0,0.03,1.0,1.0,0.006710378551127413,0.006710110261896274,0.0,0,8.82915962563402e-11
RoutingInterdiction,neural,46,15,2.0110049721987666,-0.20915840735317806,0.19850916113662,0.0,0.03,1.0,1.0,0.005738812101270852,0.005738604337406361,0.0,0,8.801892548149226e-11
RoutingInterdiction,neural,46,16,1.8686588564310969,-0.229113613512,0.1694383108830371,0.0,0.03,1.0,1.0,0.004895975040293913,0.00489581018972618,0.0,0,8.778755500316038e-11
RoutingInterdiction,neural,46,17,1.7348206870293663,-0.2495135695804551,0.14420160516881458,0.0,0.03,1.0,1.0,0.004164086459419801,0.004163952613020383,0.0,0,8.759193370622143e-11
RoutingInterdiction,neural,46,18,1.609332392447392,-0.2702232703476342,0.12227175971166247,0.0,0.03,1.0,1.0,0.0035279004887254217,0.003527789558237737,0.0,0,8.74267325201572e-11
RoutingInterdiction,neural,46,19,1.4919686570052695,-0.2910937359411485,0.10319632312426505,0.0,0.03,1.0,1.0,0.002974336680832275,0.0029742431271920777,0.0,0,8.728751055286921e-11
RoutingInterdiction,neural,46,20,1.382454263607003,-0.3119639973969715,0.0865867922826693,0.0,0.03,1.0,1.0,0.0024921636210113243,0.002492083600072137,0.0,0,8.717027100146879e-11
RoutingInterdiction,neural,46,21,1.2804788474315685,-0.3326643188904231,0.07210930412324941,0.0,0.03,1.0,1.0,0.002071728972615926,0.002071659767533318,0.0,0,8.707257137530178e-11
RoutingInterdiction,neural,46,22,1.185709228697269,-0.3530206558012166,0.059476696189701125,0.0,0.03,1.0,1.0,0.0017047296101726278,0.0017046692555100496,0.0,0,8.699130304989922e-11
RoutingInterdiction,neural,46,23,1.097799541484335,-0.3728601575433651,0.04844174498130819,0.0,0.03,1.0,1.0,0.001384016090862237,0.001383963125246468,0.0,0,8.692457864611924e-11
RoutingInterdiction,neural,46,24,1.0163993984380686,-0.3920173337164168,0.03879141134845696,0.0,0.03,1.0,1.0,0.0011034263896171814,0.0011033796934408757,0.0,0,8.687095487402985e-11
RoutingInterdiction,neural,46,25,0.9411603344371707,-0.4103403514039704,0.03034194325425569,0.0,0.03,1.0,1.0,0.0008576444841259421,0.0008576031747257185,0.0,0,8.682810026527932e-11
RoutingInterdiction,neural,46,26,0.8717407617158845,-0.42769685725493395,0.022934706474976117,0.0,0.03,1.0,1.0,0.0006420800050506523,0.0006420433663516523,0.0,0,8.679479357454056e-11
RoutingInterdiction,neural,46,27,0.8078096492668023,-0.44397874295287115,0.016432632374132037,0.0,0.03,1.0,1.0,0.0004527657115230262,0.0004527331498220821,0.0,0,8.676948048957911e-11
RoutingInterdiction,neural,46,28,0.7490491145170142,-0.45910539663170735,0.010717188432400422,0.0,0.03,1.0,1.0,0.00028627006196283724,0.0002862410753210476,0.0,0,8.675127283197526e-11
RoutingInterdiction,neural,46,29,0.6951560884157186,-0.47302518117724746,0.005685791631190939,0.0,0.03,1.0,1.0,0.00013962255858017216,0.0001395967169894874,0.0,0,8.673894935640192e-11
RoutingInterdiction,neural,46,30,0.6458431888062303,-0.48571511095499087,0.0012495990885763586,0.0,0.02064467484527878,1.0,1.0,1.2898783435307822e-05,1.2892288584254175e-05,0.0,0,8.673195495134678e-11
RoutingInterdiction,neural,46,31,0.6147771638892779,-0.4936425976435306,-0.0014701018426599433,0.0,0.0,0.0,0.0,-0.0,-0.0,0.0,0,8.67304006391123e-11
RoutingInterdiction,neural,46,32,0.6147771638892779,-0.4936425976435306,-0.0014701018426599433,0.0,0.0,0.0,0.0,-0.0,-0.0,0.0,0,8.67304006391123e-11
RoutingInterdiction,neural,46,33,0.6147771638892779,-0.4936425976435306,-0.0014701018426599433,0.0,0.0,0.0,0.0,-0.0,-0.0,0.0,0,8.67304006391123e-11
RoutingInterdiction,neural,46,34,0.6147771638892779,-0.4936425976435306,-0.0014701018426599433,0.0,0.0,0.0,0.0,-0.0,-0.0,0.0,0,8.67304006391123e-11
RoutingInterdiction,neural,46,35,0.6147771638892779,-0.4936425976435306,-0.0014701018426599433,0.0,0.0,0.0,0.0,-0.0,-0.0,0.0,0,8.67304006391123e-11
RoutingInterdiction,neural,46,36,0.6147771638892779,-0.4936425976435306,-0.0014701018426599433,0.0,0.0,0.0,0.0,-0.0,-0.0,0.0,0,8.67304006391123e-11
RoutingInterdiction,neural,46,37,0.6147771638892779,-0.4936425976435306,-0.0014701018426599433,0.0,0.0,0.0,0.0,-0.0,-0.0,0.0,0,8.67304006391123e-11
RoutingInterdiction,neural,46,38,0.6147771638892779,-0.4936425976435306,-0.0014701018426599433,0.0,0.0,0.0,0.0,-0.0,-0.0,0.0,0,8.67304006391123e-11
RoutingInterdiction,neural,46,39,0.6147771638892779,-0.4936425976435306,-0.0014701018426599433,0.0,0.0,0.0,0.0,-0.0,-0.0,0.0,0,8.67304006391123e-11
RoutingInterdiction,neural,46,40,0.6147771638892779,-0.4936425976435306,-0.0014701018426599433,0.0,0.0,0.0,0.0,-0.0,-0.0,0.0,0,8.67304006391123e-11
RoutingInterdiction,neural,46,41,0.6147771638892779,-0.4936425976435306,-0.0014701018426599433,0.0,0.0,0.0,0.0,-0.0,-0.0,0.0,0,8.67304006391123e-11
RoutingInterdiction,neural,46,42,0.6147771638892779,-0.4936425976435306,-0.0014701018426599433,0.0,0.0,0.0,0.0,-0.0,-0.0,0.0,0,8.67304006391123e-11
RoutingInterdiction,neural,46,43,0.6147771638892779,-0.4936425976435306,-0.0014701018426599433,0.0,0.0,0.0,0.0,-0.0,-0.0,0.0,0,8.67304006391123e-11
RoutingInterdiction,neural,46,44,0.6147771638892779,-0.4936425976435306,-0.0014701018426599433,0.0,0.0,0.0,0.0,-0.0,-0.0,0.0,0,8.67304006391123e-11
RoutingInterdiction,neural,46,45,0.6147771638892779,-0.4936425976435306,-0.0014701018426599433,0.0,0.0,0.0,0.0,-0.0,-0.0,0.0,0,8.67304006391123e-11
RoutingInterdiction,neural,46,46,0.6147771638892779,-0.4936425976435306,-0.0014701018426599433,0.0,0.0,0.0,0.0,-0.0,-0.0,0.0,0,8.67304006391123e-11
RoutingInterdiction,neural,46,47,0.6147771638892779,-0.4936425976435306,-0.0014701018426599433,0.0,0.0,0.0,0.0,-0.0,-0.0,0.0,0,8.67304006391123e-11
RoutingInterdiction,neural,46,48,0.6147771638892779,-0.4936425976435306,-0.0014701018426599433,0.0,0.0,0.0,0.0,-0.0,-0.0,0.0,0,8.67304006391123e-11
RoutingInterdiction,neural,46,49,0.6147771638892779,-0.4936425976435306,-0.0014701018426599433,0.0,0.0,0.0,0.0,-0.0,-0.0,0.0,0,8.67304006391123e-11
RoutingInterdiction,neural,46,50,0.6147771638892779,-0.4936425976435306,-0.0014701018426599433,0.0,0.0,0.0,0.0,-0.0,-0.0,0.0,0,8.67304006391123e-11
RoutingInterdiction,neural,46,51,0.6147771638892779,-0.4936425976435306,-0.0014701018426599433,0.0,0.0,0.0,0.0,-0.0,-0.0,0.0,0,8.67304006391123e-11
RoutingInterdiction,neural,46,52,0.6147771638892779,-0.4936425976435306,-0.0014701018426599433,0.0,0.0,0.0,0.0,-0.0,-0.0,0.0,0,8.67304006391123e-11
RoutingInterdiction,neural,46,53,0.6147771638892779,-0.4936425976435306,-0.0014701018426599433,0.0,0.0,0.0,0.0,-0.0,-0.0,0.0,0,8.67304006391123e-11
RoutingInterdiction,neural,46,54,0.6147771638892779,-0.4936425976435306,-0.0014701018426599433,0.0,0.0,0.0,0.0,-0.0,-0.0,0.0,0,8.67304006391123e-11
RoutingInterdiction,neural,46,55,0.6147771638892779,-0.4936425976435306,-0.0014701018426599433,0.0,0.0,0.0,0.0,-0.0,-0.0,0.0,0,8.67304006391123e-11
RoutingInterdiction,neural,46,56,0.6147771638892779,-0.4936425976435306,-0.0014701018426599433,0.0,0.0,0.0,0.0,-0.0,-0.0,0.0,0,8.67304006391123e-11
RoutingInterdiction,neural,46,57,0.6147771638892779,-0.4936425976435306,-0.0014701018426599433,0.0,0.0,0.0,0.0,-0.0,-0.0,0.0,0,8.67304006391123e-11
RoutingInterdiction,neural,46,58,0.6147771638892779,-0.4936425976435306,-0.0014701018426599433,0.0,0.0,0.0,0.0,-0.0,-0.0,0.0,0,8.67304006391123e-11
RoutingInterdiction,neural,46,59,0.6147771638892779,-0.4936425976435306,-0.0014701018426599433,0.0,0.0,0.0,0.0,-0.0,-0.0,0.0,0,8.67304006391123e-11
RoutingInterdiction,neural,46,60,0.6147771638892779,-0.4936425976435306,-0.0014701018426599433,0.0,0.0,0.0,0.0,-0.0,-0.0,0.0,0,8.67304006391123e-11
RoutingInterdiction,neural,47,1,4.511449185780806,0.12515203277985718,1.7669244034257918,0.0,0.03,1.0,1.0,0.05133155000498707,0.05131145567858586,0.0,0,8.841616327970314e-11
RoutingInterdiction,neural,47,2,4.4763622474749605,0.12059993072925947,1.5401569118081684,0.0,0.03,1.0,1.0,0.04470887711930915,0.044691866671542346,0.0,0,8.685430152866047e-11
RoutingInterdiction,neural,47,3,4.413958299560538,0.11627674314625791,1.3378136762737156,0.0,0.03,1.0,1.0,0.038807879583551114,0.03879380041062763,0.0,0,8.549871921559316e-11
RoutingInterdiction,neural,47,4,4.326174204323551,0.11214665496248122,1.1585563068105378,0.0,0.03,1.0,1.0,0.03358737187174539,0.033575987744598024,0.0,0,8.433298503973674e-11
RoutingInterdiction,neural,47,5,4.215501410640346,0.10817651851154983,1.0007612116262947,0.0,0.03,1.0,1.0,0.02899802501552053,0.028989027085805752,0.0,0,8.333866929888245e-11
RoutingInterdiction,neural,47,6,4.0848615514293325,0.10433701883790458,0.8626379175065175,0.0,0.03,1.0,1.0,0.024985835032780585,0.02497887301811197,0.0,0,8.249734229082151e-11
RoutingInterdiction,neural,47,7,3.937468213733352,0.10060356172520875,0.7423237583280008,0.0,0.03,1.0,1.0,0.021494934237169576,0.02148965097568567,0.0,0,8.178990817953036e-11
RoutingInterdiction,neural,47,8,3.7766818132870914,0.09695687373106006,0.637958674241405,0.0,0.03,1.0,1.0,0.018469813875908098,0.018465873391876775,0.0,0,8.958522812463343e-11
RoutingInterdiction,neural,47,9,3.6058674213178343,0.09338329338355406,0.5477422858327546,0.0,0.03,1.0,1.0,0.0158570027904639,0.015854108175490156,0.0,0,8.967737663567732e-11
RoutingInterdiction,neural,47,10,3.42826608574407,0.08987473543709887,0.46997493377194616,0.002388498782184443,0.03,1.0,0.9391482383467203,0.013607911028135414,0.013606303860741464,0.0,0,8.922862448912383e-11
RoutingInterdiction,neural,47,11,3.2474768563168754,0.08596964411696409,0.40334553035456494,0.010757361360689258,0.03,1.0,0.7674534742730723,0.0117086579741139,0.011708472851633123,0.0,0,8.888045854860138e-11
RoutingInterdiction,neural,47,12,3.0661220760774457,0.08034176211507653,0.34705700801608824,0.018419283590125506,0.03,1.0,0.6489038466583362,0.010126796187699624,0.010127093936542542,0.0,0,8.864931011487442e-11
RoutingInterdiction,neural,47,13,2.8843535401961846,0.07275911809191003,0.29958182460157623,0.0257650141355294,0.03,1.0,0.5579627320216363,0.008804563512660582,0.008805026420204531,0.0,0,8.849054822235303e-11
RoutingInterdiction,neural,47,14,2.7032401555965637,0.06286347940362906,0.2595154138154463,0.03,0.03,1.0,0.5079319754570135,0.007695880843547858,0.00769631182001107,0.0,0,8.837530707239694e-11
RoutingInterdiction,neural,47,15,2.524187242194641,0.05096292023493231,0.22528279607210333,0.03,0.03,1.0,0.4950874040209864,0.006748371105462868,0.006748647066584512,0.0,0,8.82729445095265e-11
RoutingInterdiction,neural,47,16,2.349213310830771,0.037875792638047905,0.19549646602709883,0.03,0.03,1.0,0.4819047542550856,0.005925293937298632,0.005925456091838699,0.0,0,8.816014585022458e-11
RoutingInterdiction,neural,47,17,2.180286306560444,0.023508884978336492,0.1694848209246222,0.03,0.03,1.0,0.46849927491569293,0.005205085826573953,0.005205163026835158,0.0,0,8.804001971896014e-11
RoutingInterdiction,neural,47,18,2.0187868024208777,0.007789880133407478,0.14669755835988177,0.03,0.03,1.0,0.4549962338231848,0.00457047469162305,0.004570487401078016,0.0,0,8.791500860638735e-11
RoutingInterdiction,neural,47,19,1.8656096898113843,-0.009328664036949248,0.12668047895481324,0.03,0.03,1.0,0.4415262705103517,0.0040075525594326766,0.004007515496306291,0.0,0,8.77868888693456e-11
RoutingInterdiction,neural,47,20,1.7212638739323953,-0.027865295586387364,0.10905600698512696,0.03,0.03,1.0,0.42822050304160525,0.0035050589474356977,0.0035049828563851193,0.0,0,8.765788095388416e-11
RoutingInterdiction,neural,47,21,1.5859619726393634,-0.047805949307448324,0.09350804032152346,0.03,0.03,1.0,0.4152056807754709,0.0030538244354418446,0.0030537172871440976,0.0,0,8.752931712763257e-11
RoutingInterdiction,neural,47,22,1.4596966207671564,-0.06910099995140871,0.07977010187272705,0.03,0.03,1.0,0.4025996603277459,0.0026463368294574676,0.0026462046351544144,0.0,0,8.740252965822037e-11
RoutingInterdiction,neural,47,23,1.3423028504992836,-0.09166364191026709,0.067616024670134,0.03,0.03,1.0,0.39050745208156484,0.0022764016621558843,0.0022762490344865327,0.0,0,8.728195943774608e-11
RoutingInterdiction,neural,47,24,1.233507582882045,-0.11537013998760899,0.05685259228982922,0.03,0.03,1.0,0.37901804208570744,0.0019388756722519456,0.0019387062100908459,0.0,0,8.71646088640432e-11
RoutingInterdiction,neural,47,25,1.132967962675967,-0.14006236839565528,0.04731369614420063,0.03,0.03,1.0,0.36820214044719607,0.0016294569752113017,0.0016292735359166866,0.0,0,8.705214327164867e-11
RoutingInterdiction,neural,47,26,1.040300444722698,-0.16555280732931904,0.03885567507355691,0.03,0.03,1.0,0.35811094336863125,0.001344519477408456,0.0013443243657200732,0.0,0,8.694489572746988e-11
RoutingInterdiction,neural,47,27,0.9551024351180033,-0.19163183013589588,0.031353580654344244,0.03,0.03,1.0,0.34877592407923474,0.0010809819239028916,0.001080777027323232,0.0,0,8.684319929841422e-11
RoutingInterdiction,neural,47,28,0.8769680559968404,-0.21807675411844105,0.024698180766430378,0.03,0.03,1.0,0.3402095928873946,0.0008362044714257161,0.0008359910473981769,0.0,0,8.674749807369153e-11
RoutingInterdiction,neural,47,29,0.8054993260613165,-0.24466182785521845,0.01879350145002623,0.03,0.03,1.0,0.33240709599231755,0.0006079056258549348,0.0006076848316663996,0.0,0,8.665834716481413e-11
RoutingInterdiction,neural,47,30,0.7403137761048938,-0.27116816415719497,0.013554857572184442,0.026471104632564163,0.03,1.0,0.3533934732472676,0.0003944377693915906,0.0003942505596633561,0.0,0,8.657630168329433e-11
RoutingInterdiction,neural,47,31,0.6814359892682745,-0.2954315251571437,0.008996253948390098,0.0,0.03,1.0,1.0,0.00024237605783505867,0.00024233161484632504,0.0,0,8.650513638741586e-11
RoutingInterdiction,neural,47,32,0.6313075888722995,-0.3041898816877577,0.005671476324553559,0.0,0.03,1.0,1.0,0.00014624076021885202,0.00014620569442203024,0.0,0,8.646749982688107e-11
RoutingInterdiction,neural,47,33,0.5855531387835251,-0.31209584650710137,0.0027846220867544513,0.0,0.03,1.0,1.0,6.27520222121758e-05,6.272426040110357e-05,0.0,0,8.643707971600634e-11
RoutingInterdiction,neural,47,34,0.5439051806492599,-0.3191697458118987,0.0002754023006312778,0.0,0.006847814774139271,1.0,1.0,9.429519715474045e-07,9.432876894033271e-07,0.0,0,8.641243276485966e-11
RoutingInterdiction,neural,47,35,0.5351919844025816,-0.3206271598952811,-0.00023695381902721913,0.0,0.0,0.0,0.0,-0.0,-0.0,0.0,0,8.640754778355131e-11
RoutingInterdiction,neural,47,36,0.5351919844025816,-0.3206271598952811,-0.00023695381902721913,0.0,0.0,0.0,0.0,-0.0,-0.0,0.0,0,8.640754778355131e-11
RoutingInterdiction,neural,47,37,0.5351919844025816,-0.3206271598952811,-0.00023695381902721913,0.0,0.0,0.0,0.0,-0.0,-0.0,0.0,0,8.640754778355131e-11
RoutingInterdiction,neural,47,38,0.5351919844025816,-0.3206271598952811,-0.00023695381902721913,0.0,0.0,0.0,0.0,-0.0,-0.0,0.0,0,8.640754778355131e-11
RoutingInterdiction,neural,47,39,0.5351919844025816,-0.3206271598952811,-0.00023695381902721913,0.0,0.0,0.0,0.0,-0.0,-0.0,0.0,0,8.640754778355131e-11
RoutingInterdiction,neural,47,40,0.5351919844025816,-0.3206271598952811,-0.00023695381902721913,0.0,0.0,0.0,0.0,-0.0,-0.0,0.0,0,8.640754778355131e-11
RoutingInterdiction,neural,47,41,0.5351919844025816,-0.3206271598952811,-0.00023695381902721913,0.0,0.0,0.0,0.0,-0.0,-0.0,0.0,0,8.640754778355131e-11
RoutingInterdiction,neural,47,42,0.5351919844025816,-0.3206271598952811,-0.00023695381902721913,0.0,0.0,0.0,0.0,-0.0,-0.0,0.0,0,8.640754778355131e-11
RoutingInterdiction,neural,47,43,0.5351919844025816,-0.3206271598952811,-0.00023695381902721913,0.0,0.0,0.0,0.0,-0.0,-0.0,0.0,0,8.640754778355131e-11
RoutingInterdiction,neural,47,44,0.5351919844025816,-0.3206271598952811,-0.00023695381902721913,0.0,0.0,0.0,0.0,-0.0,-0.0,0.0,0,8.640754778355131e-11
RoutingInterdiction,neural,47,45,0.5351919844025816,-0.3206271598952811,-0.00023695381902721913,0.0,0.0,0.0,0.0,-0.0,-0.0,0.0,0,8.640754778355131e-11
RoutingInterdiction,neural,47,46,0.5351919844025816,-0.3206271598952811,-0.00023695381902721913,0.0,0.0,0.0,0.0,-0.0,-0.0,0.0,0,8.640754778355131e-11
RoutingInterdiction,neural,47,47,0.5351919844025816,-0.3206271598952811,-0.00023695381902721913,0.0,0.0,0.0,0.0,-0.0,-0.0,0.0,0,8.640754778355131e-11
RoutingInterdiction,neural,47,48,0.5351919844025816,-0.3206271598952811,-0.00023695381902721913,0.0,0.0,0.0,0.0,-0.0,-0.0,0.0,0,8.640754778355131e-11
RoutingInterdiction,neural,47,49,0.5351919844025816,-0.3206271598952811,-0.00023695381902721913,0.0,0.0,0.0,0.0,-0.0,-0.0,0.0,0,8.640754778355131e-11
RoutingInterdiction,neural,47,50,0.5351919844025816,-0.3206271598952811,-0.00023695381902721913,0.0,0.0,0.0,0.0,-0.0,-0.0,0.0,0,8.640754778355131e-11
RoutingInterdiction,neural,47,51,0.5351919844025816,-0.3206271598952811,-0.00023695381902721913,0.0,0.0,0.0,0.0,-0.0,-0.0,0.0,0,8.640754778355131e-11
RoutingInterdiction,neural,47,52,0.5351919844025816,-0.3206271598952811,-0.00023695381902721913,0.0,0.0,0.0,0.0,-0.0,-0.0,0.0,0,8.640754778355131e-11
RoutingInterdiction,neural,47,53,0.5351919844025816,-0.3206271598952811,-0.00023695381902721913,0.0,0.0,0.0,0.0,-0.0,-0.0,0.0,0,8.640754778355131e-11
RoutingInterdiction,neural,47,54,0.5351919844025816,-0.3206271598952811,-0.00023695381902721913,0.0,0.0,0.0,0.0,-0.0,-0.0,0.0,0,8.640754778355131e-11
RoutingInterdiction,neural,47,55,0.5351919844025816,-0.3206271598952811,-0.00023695381902721913,0.0,0.0,0.0,0.0,-0.0,-0.0,0.0,0,8.640754778355131e-11
RoutingInterdiction,neural,47,56,0.5351919844025816,-0.3206271598952811,-0.00023695381902721913,0.0,0.0,0.0,0.0,-0.0,-0.0,0.0,0,8.640754778355131e-11
RoutingInterdiction,neural,47,57,0.5351919844025816,-0.3206271598952811,-0.00023695381902721913,0.0,0.0,0.0,0.0,-0.0,-0.0,0.0,0,8.640754778355131e-11
RoutingInterdiction,neural,47,58,0.5351919844025816,-0.3206271598952811,-0.00023695381902721913,0.0,0.0,0.0,0.0,-0.0,-0.0,0.0,0,8.640754778355131e-11
RoutingInterdiction,neural,47,59,0.5351919844025816,-0.3206271598952811,-0.00023695381902721913,0.0,0.0,0.0,0.0,-0.0,-0.0,0.0,0,8.640754778355131e-11
RoutingInterdiction,neural,47,60,0.5351919844025816,-0.3206271598952811,-0.00023695381902721913,0.0,0.0,0.0,0.0,-0.0,-0.0,0.0,0,8.640754778355131e-11
RoutingInterdiction,neural,48,1,3.400755491055592,0.10916539151550896,0.6164761155672127,0.03,0.03,1.0,0.5453147577382841,0.02172557363888517,0.021731106057736982,0.0,0,8.83111361815736e-11
RoutingInterdiction,neural,48,2,3.2161558898920304,0.1062295169670683,0.5012461702660312,0.03,0.03,1.0,0.5359899523450213,0.017613195633853003,0.017617183526980496,0.0,0,8.807354845430382e-11
RoutingInterdiction,neural,48,3,3.031373740317296,0.10273580269653651,0.40711925111312547,0.03,0.03,1.0,0.5260494893897475,0.014251488069774658,0.0142543237279249,0.0,0,8.789724503799334e-11
RoutingInterdiction,neural,48,4,2.8483523885836215,0.09857122698547854,0.32994855546861485,0.03,0.03,1.0,0.5155233079005389,0.011496170923494883,0.011498159014220022,0.0,0,8.77637962304334e-11
RoutingInterdiction,neural,48,5,2.6687828797423516,0.09361728765574721,0.2664664252573521,0.03,0.03,1.0,0.5044595031671785,0.009231893611569396,0.00923326464479235,0.0,0,8.766010139993341e-11
RoutingInterdiction,neural,48,6,2.4940750197303734,0.08775299258119593,0.21408279746394326,0.03,0.03,1.0,0.4929241917344019,0.00736607634271975,0.007367001537077922,0.0,0,8.757550240545697e-11
RoutingInterdiction,neural,48,7,2.3253528788483866,0.0808578360146755,0.17073322784471184,0.03,0.03,1.0,0.4810004213296517,0.005824145914697476,0.005824750759261255,0.0,0,8.750444813188096e-11
RoutingInterdiction,neural,48,8,2.1634680111685305,0.07281498429628455,0.13476364907077912,0.03,0.03,1.0,0.4687861364369854,0.004545835879959197,0.004546211439269365,0.0,0,8.744138746408225e-11
RoutingInterdiction,neural,48,9,2.009024066398396,0.0635148681508776,0.10484241149602681,0.03,0.03,1.0,0.4563912830580811,0.003482298987634267,0.0034825108656750814,0.0,0,8.738099133154265e-11
RoutingInterdiction,neural,48,10,1.8624075513187472,0.052859309297893765,0.07989268078980605,0.03,0.03,1.0,0.44393420036901005,0.0025938411701821986,0.002593936362998539,0.0,0,8.732103928821289e-11
RoutingInterdiction,neural,48,11,1.7238207933448868,0.04076619426054812,0.0590401185662909,0.03,0.03,1.0,0.43153749797813995,0.001848133184093164,0.0018481452191168035,0.0,0,8.726019906646343e-11
RoutingInterdiction,neural,48,12,1.5933143837554435,0.027174554327028602,0.04157211814172159,0.03,0.03,1.0,0.41932365333019606,0.0012187915023101617,0.0012187442238087431,0.0,0,8.719713839866472e-11
RoutingInterdiction,neural,48,13,1.4708173959251354,0.012049734725095327,0.026905842385501123,0.018553634807193898,0.03,1.0,0.526438162543088,0.000699611468764781,0.0006995661220332572,0.0,0,8.713163524021184e-11
RoutingInterdiction,neural,48,14,1.3574193819479488,0.0004291848589034277,0.0134795681599434,0.012974861978674226,0.03,1.0,0.6026389822511167,0.0002940403785727059,0.00029400004358515197,0.0,0,8.707823351272737e-11
RoutingInterdiction,neural,48,15,1.2526278636512638,-0.009459692441813572,0.001675822067434396,0.0065604441614417934,0.008009166006106077,1.0,0.43363565319321856,9.617669405999934e-06,9.616390503008887e-06,0.0,0,8.703215925720542e-11
RoutingInterdiction,neural,48,16,1.2261370178684476,-0.013643738995159445,-0.0008581090888086963,0.0011288950015575399,0.0,0.0,0.0,1.1752398407071733e-07,1.1748670636357872e-07,0.0,0,8.70150618226262e-11
RoutingInterdiction,neural,48,17,1.2259538310877185,-0.014183167871202546,-0.0007781438949957807,0.0,0.0,0.0,0.0,-0.0,-0.0,0.0,0,8.70132854657868e-11
RoutingInterdiction,neural,48,18,1.2259538310877185,-0.014183167871202546,-0.0007781438949957807,0.0,0.0,0.0,0.0,-0.0,-0.0,0.0,0,8.70132854657868e-11
RoutingInterdiction,neural,48,19,1.2259538310877185,-0.014183167871202546,-0.0007781438949957807,0.0,0.0,0.0,0.0,-0.0,-0.0,0.0,0,8.70132854657868e-11
RoutingInterdiction,neural,48,20,1.2259538310877185,-0.014183167871202546,-0.0007781438949957807,0.0,0.0,0.0,0.0,-0.0,-0.0,0.0,0,8.70132854657868e-11
RoutingInterdiction,neural,48,21,1.2259538310877185,-0.014183167871202546,-0.0007781438949957807,0.0,0.0,0.0,0.0,-0.0,-0.0,0.0,0,8.70132854657868e-11
RoutingInterdiction,neural,48,22,1.2259538310877185,-0.014183167871202546,-0.0007781438949957807,0.0,0.0,0.0,0.0,-0.0,-0.0,0.0,0,8.70132854657868e-11
RoutingInterdiction,neural,48,23,1.2259538310877185,-0.014183167871202546,-0.0007781438949957807,0.0,0.0,0.0,0.0,-0.0,-0.0,0.0,0,8.70132854657868e-11
RoutingInterdiction,neural,48,24,1.2259538310877185,-0.014183167871202546,-0.0007781438949957807,0.0,0.0,0.0,0.0,-0.0,-0.0,0.0,0,8.70132854657868e-11
RoutingInterdiction,neural,48,25,1.2259538310877185,-0.014183167871202546,-0.0007781438949957807,0.0,0.0,0.0,0.0,-0.0,-0.0,0.0,0,8.70132854657868e-11
RoutingInterdiction,neural,48,26,1.2259538310877185,-0.014183167871202546,-0.0007781438949957807,0.0,0.0,0.0,0.0,-0.0,-0.0,0.0,0,8.70132854657868e-11
RoutingInterdiction,neural,48,27,1.2259538310877185,-0.014183167871202546,-0.0007781438949957807,0.0,0.0,0.0,0.0,-0.0,-0.0,0.0,0,8.70132854657868e-11
RoutingInterdiction,neural,48,28,1.2259538310877185,-0.014183167871202546,-0.0007781438949957807,0.0,0.0,0.0,0.0,-0.0,-0.0,0.0,0,8.70132854657868e-11
RoutingInterdiction,neural,48,29,1.2259538310877185,-0.014183167871202546,-0.0007781438949957807,0.0,0.0,0.0,0.0,-0.0,-0.0,0.0,0,8.70132854657868e-11
RoutingInterdiction,neural,48,30,1.2259538310877185,-0.014183167871202546,-0.0007781438949957807,0.0,0.0,0.0,0.0,-0.0,-0.0,0.0,0,8.70132854657868e-11
RoutingInterdiction,neural,48,31,1.2259538310877185,-0.014183167871202546,-0.0007781438949957807,0.0,0.0,0.0,0.0,-0.0,-0.0,0.0,0,8.70132854657868e-11
RoutingInterdiction,neural,48,32,1.2259538310877185,-0.014183167871202546,-0.0007781438949957807,0.0,0.0,0.0,0.0,-0.0,-0.0,0.0,0,8.70132854657868e-11
RoutingInterdiction,neural,48,33,1.2259538310877185,-0.014183167871202546,-0.0007781438949957807,0.0,0.0,0.0,0.0,-0.0,-0.0,0.0,0,8.70132854657868e-11
RoutingInterdiction,neural,48,34,1.2259538310877185,-0.014183167871202546,-0.0007781438949957807,0.0,0.0,0.0,0.0,-0.0,-0.0,0.0,0,8.70132854657868e-11
RoutingInterdiction,neural,48,35,1.2259538310877185,-0.014183167871202546,-0.0007781438949957807,0.0,0.0,0.0,0.0,-0.0,-0.0,0.0,0,8.70132854657868e-11
RoutingInterdiction,neural,48,36,1.2259538310877185,-0.014183167871202546,-0.0007781438949957807,0.0,0.0,0.0,0.0,-0.0,-0.0,0.0,0,8.70132854657868e-11
RoutingInterdiction,neural,48,37,1.2259538310877185,-0.014183167871202546,-0.0007781438949957807,0.0,0.0,0.0,0.0,-0.0,-0.0,0.0,0,8.70132854657868e-11
RoutingInterdiction,neural,48,38,1.2259538310877185,-0.014183167871202546,-0.0007781438949957807,0.0,0.0,0.0,0.0,-0.0,-0.0,0.0,0,8.70132854657868e-11
RoutingInterdiction,neural,48,39,1.2259538310877185,-0.014183167871202546,-0.0007781438949957807,0.0,0.0,0.0,0.0,-0.0,-0.0,0.0,0,8.70132854657868e-11
RoutingInterdiction,neural,48,40,1.2259538310877185,-0.014183167871202546,-0.0007781438949957807,0.0,0.0,0.0,0.0,-0.0,-0.0,0.0,0,8.70132854657868e-11
RoutingInterdiction,neural,48,41,1.2259538310877185,-0.014183167871202546,-0.0007781438949957807,0.0,0.0,0.0,0.0,-0.0,-0.0,0.0,0,8.70132854657868e-11
RoutingInterdiction,neural,48,42,1.2259538310877185,-0.014183167871202546,-0.0007781438949957807,0.0,0.0,0.0,0.0,-0.0,-0.0,0.0,0,8.70132854657868e-11
RoutingInterdiction,neural,48,43,1.2259538310877185,-0.014183167871202546,-0.0007781438949957807,0.0,0.0,0.0,0.0,-0.0,-0.0,0.0,0,8.70132854657868e-11
RoutingInterdiction,neural,48,44,1.2259538310877185,-0.014183167871202546,-0.0007781438949957807,0.0,0.0,0.0,0.0,-0.0,-0.0,0.0,0,8.70132854657868e-11
RoutingInterdiction,neural,48,45,1.2259538310877185,-0.014183167871202546,-0.0007781438949957807,0.0,0.0,0.0,0.0,-0.0,-0.0,0.0,0,8.70132854657868e-11
RoutingInterdiction,neural,48,46,1.2259538310877185,-0.014183167871202546,-0.0007781438949957807,0.0,0.0,0.0,0.0,-0.0,-0.0,0.0,0,8.70132854657868e-11
RoutingInterdiction,neural,48,47,1.2259538310877185,-0.014183167871202546,-0.0007781438949957807,0.0,0.0,0.0,0.0,-0.0,-0.0,0.0,0,8.70132854657868e-11
RoutingInterdiction,neural,48,48,1.2259538310877185,-0.014183167871202546,-0.0007781438949957807,0.0,0.0,0.0,0.0,-0.0,-0.0,0.0,0,8.70132854657868e-11
RoutingInterdiction,neural,48,49,1.2259538310877185,-0.014183167871202546,-0.0007781438949957807,0.0,0.0,0.0,0.0,-0.0,-0.0,0.0,0,8.70132854657868e-11
RoutingInterdiction,neural,48,50,1.2259538310877185,-0.014183167871202546,-0.0007781438949957807,0.0,0.0,0.0,0.0,-0.0,-0.0,0.0,0,8.70132854657868e-11
RoutingInterdiction,neural,48,51,1.2259538310877185,-0.014183167871202546,-0.0007781438949957807,0.0,0.0,0.0,0.0,-0.0,-0.0,0.0,0,8.70132854657868e-11
RoutingInterdiction,neural,48,52,1.2259538310877185,-0.014183167871202546,-0.0007781438949957807,0.0,0.0,0.0,0.0,-0.0,-0.0,0.0,0,8.70132854657868e-11
RoutingInterdiction,neural,48,53,1.2259538310877185,-0.014183167871202546,-0.0007781438949957807,0.0,0.0,0.0,0.0,-0.0,-0.0,0.0,0,8.70132854657868e-11
RoutingInterdiction,neural,48,54,1.2259538310877185,-0.014183167871202546,-0.0007781438949957807,0.0,0.0,0.0,0.0,-0.0,-0.0,0.0,0,8.70132854657868e-11
RoutingInterdiction,neural,48,55,1.2259538310877185,-0.014183167871202546,-0.0007781438949957807,0.0,0.0,0.0,0.0,-0.0,-0.0,0.0,0,8.70132854657868e-11
RoutingInterdiction,neural,48,56,1.2259538310877185,-0.014183167871202546,-0.0007781438949957807,0.0,0.0,0.0,0.0,-0.0,-0.0,0.0,0,8.70132854657868e-11
RoutingInterdiction,neural,48,57,1.2259538310877185,-0.014183167871202546,-0.0007781438949957807,0.0,0.0,0.0,0.0,-0.0,-0.0,0.0,0,8.70132854657868e-11
RoutingInterdiction,neural,48,58,1.2259538310877185,-0.014183167871202546,-0.0007781438949957807,0.0,0.0,0.0,0.0,-0.0,-0.0,0.0,0,8.70132854657868e-11
RoutingInterdiction,neural,48,59,1.2259538310877185,-0.014183167871202546,-0.0007781438949957807,0.0,0.0,0.0,0.0,-0.0,-0.0,0.0,0,8.70132854657868e-11
RoutingInterdiction,neural,48,60,1.2259538310877185,-0.014183167871202546,-0.0007781438949957807,0.0,0.0,0.0,0.0,-0.0,-0.0,0.0,0,8.70132854657868e-11
RoutingInterdiction,neural,49,1,3.5565008370374263,-0.06661538949529676,0.8384175346700973,0.0,0.03,1.0,1.0,0.024203364072556174,0.024198901076551538,0.0,0,8.679390539612086e-11
RoutingInterdiction,neural,49,2,3.3913886966671547,-0.07624682247731107,0.718718301191377,0.0,0.03,1.0,1.0,0.02073418794228292,0.020730516144773947,0.0,0,8.665690387488212e-11
RoutingInterdiction,neural,49,3,3.2206158369490914,-0.08706026651626042,0.6142582458247019,0.0,0.03,1.0,1.0,0.017708487325629848,0.017705472910797493,0.0,0,8.654010841269155e-11
RoutingInterdiction,neural,49,4,3.046888137097704,-0.09905470192329506,0.5233387912594344,0.0,0.03,1.0,1.0,0.015076449949503974,0.015073979682229233,0.0,0,8.644029936277775e-11
RoutingInterdiction,neural,49,5,2.8725952957788548,-0.1122129685743644,0.4443980112981406,0.0,0.03,1.0,1.0,0.012792346921384864,0.01279032566120275,0.0,0,8.635558934599885e-11
RoutingInterdiction,neural,49,6,2.699790999994058,-0.12650200601108524,0.37601109664350085,0.0,0.03,1.0,1.0,0.010814528892776388,0.01081287715725554,0.0,0,8.628364689400314e-11
RoutingInterdiction,neural,49,7,2.5301929406879737,-0.14187314523815042,0.31688776439237826,0.0,0.03,1.0,1.0,0.009105333876924929,0.009103985580312113,0.0,0,8.622269564995122e-11
RoutingInterdiction,neural,49,8,2.3651970537869014,-0.15826222703600945,0.2658672744160162,0.0,0.03,1.0,1.0,0.007630926905762556,0.007629827311464776,0.0,0,8.61706261900963e-11
RoutingInterdiction,neural,49,9,2.205901220301475,-0.17558936668447242,0.2219116847036137,0.0,0.03,1.0,1.0,0.006361090314983035,0.006360194230944138,0.0,0,8.612655033601868e-11
RoutingInterdiction,neural,49,10,2.0531346072722765,-0.19375829743183914,0.18409791071429404,0.0,0.03,1.0,1.0,0.005268981250891026,0.005268251464495721,0.0,0,8.60885807085765e-11
RoutingInterdiction,neural,49,11,1.907489722488798,-0.21265538617253688,0.15160907027719633,0.0,0.03,1.0,1.0,0.004330870364663479,0.004330276300344771,0.0,0,8.605638424086237e-11
RoutingInterdiction,neural,49,12,1.7693550259382735,-0.23214859368022717,0.12372550756039824,0.0,0.03,1.0,1.0,0.0035258729870087458,0.0035253895682998415,0.0,0,8.602918377675906e-11
RoutingInterdiction,neural,49,13,1.63894657472145,-0.2520868106178241,0.0998158055605619,0.0,0.03,1.0,1.0,0.0028356815803945224,0.0028352882742097574,0.0,0,8.60065352270567e-11
RoutingInterdiction,neural,49,14,1.5163376837603169,-0.27230009999928606,0.07932802060814131,0.0,0.03,1.0,1.0,0.0022443060405193073,0.002243986056622349,0.0,0,8.59869953018233e-11
RoutingInterdiction,neural,49,15,1.4014859783880975,-0.2926013810507005,0.061781306919403305,0.0,0.03,1.0,1.0,0.0017378265027585096,0.0017375661292724498,0.0,0,8.596989786724407e-11
RoutingInterdiction,neural,49,16,1.2942575144355883,-0.3127899734296471,0.04675804454349737,0.0,0.03,1.0,1.0,0.0013041617498981781,0.0013039498019189466,0.0,0,8.595490985641163e-11
RoutingInterdiction,neural,49,17,1.1944478628735633,-0.3326571796584076,0.03389653998062774,0.0,0.03,1.0,1.0,0.0009328550443063089,0.0009326824092967811,0.0,0,8.594147615781367e-11
RoutingInterdiction,neural,49,18,1.1018002136240235,-0.35199374269009936,0.022884334092433543,0.0,0.03,1.0,1.0,0.0006148782337942042,0.0006147374962268692,0.0,0,8.592959677145018e-11
RoutingInterdiction,neural,49,19,1.0160206591757486,-0.3705986348180911,0.013452133105529285,0.0,0.03,1.0,1.0,0.0003424544585612921,0.0003423393643253725,0.0,0,8.591893863041378e-11
RoutingInterdiction,neural,49,20,0.9367908839263291,-0.3882883011586378,0.005368337001443457,0.0,0.03,1.0,1.0,0.00010889858692930687,0.00010880354448561391,0.0,0,8.590905764549461e-11
RoutingInterdiction,neural,49,21,0.8637785191176565,-0.40490528834288847,-0.0015659119084077133,0.0,0.0,0.0,0.0,-0.0,-0.0,0.0,0,8.590039790590254e-11
RoutingInterdiction,neural,49,22,0.8637785191176565,-0.40490528834288847,-0.0015659119084077133,0.0,0.0,0.0,0.0,-0.0,-0.0,0.0,0,8.590039790590254e-11
RoutingInterdiction,neural,49,23,0.8637785191176565,-0.40490528834288847,-0.0015659119084077133,0.0,0.0,0.0,0.0,-0.0,-0.0,0.0,0,8.590039790590254e-11
RoutingInterdiction,neural,49,24,0.8637785191176565,-0.40490528834288847,-0.0015659119084077133,0.0,0.0,0.0,0.0,-0.0,-0.0,0.0,0,8.590039790590254e-11
RoutingInterdiction,neural,49,25,0.8637785191176565,-0.40490528834288847,-0.0015659119084077133,0.0,0.0,0.0,0.0,-0.0,-0.0,0.0,0,8.590039790590254e-11
RoutingInterdiction,neural,49,26,0.8637785191176565,-0.40490528834288847,-0.0015659119084077133,0.0,0.0,0.0,0.0,-0.0,-0.0,0.0,0,8.590039790590254e-11
RoutingInterdiction,neural,49,27,0.8637785191176565,-0.40490528834288847,-0.0015659119084077133,0.0,0.0,0.0,0.0,-0.0,-0.0,0.0,0,8.590039790590254e-11
RoutingInterdiction,neural,49,28,0.8637785191176565,-0.40490528834288847,-0.0015659119084077133,0.0,0.0,0.0,0.0,-0.0,-0.0,0.0,0,8.590039790590254e-11
RoutingInterdiction,neural,49,29,0.8637785191176565,-0.40490528834288847,-0.0015659119084077133,0.0,0.0,0.0,0.0,-0.0,-0.0,0.0,0,8.590039790590254e-11
RoutingInterdiction,neural,49,30,0.8637785191176565,-0.40490528834288847,-0.0015659119084077133,0.0,0.0,0.0,0.0,-0.0,-0.0,0.0,0,8.590039790590254e-11
RoutingInterdiction,neural,49,31,0.8637785191176565,-0.40490528834288847,-0.0015659119084077133,0.0,0.0,0.0,0.0,-0.0,-0.0,0.0,0,8.590039790590254e-11
RoutingInterdiction,neural,49,32,0.8637785191176565,-0.40490528834288847,-0.0015659119084077133,0.0,0.0,0.0,0.0,-0.0,-0.0,0.0,0,8.590039790590254e-11
RoutingInterdiction,neural,49,33,0.8637785191176565,-0.40490528834288847,-0.0015659119084077133,0.0,0.0,0.0,0.0,-0.0,-0.0,0.0,0,8.590039790590254e-11
RoutingInterdiction,neural,49,34,0.8637785191176565,-0.40490528834288847,-0.0015659119084077133,0.0,0.0,0.0,0.0,-0.0,-0.0,0.0,0,8.590039790590254e-11
RoutingInterdiction,neural,49,35,0.8637785191176565,-0.40490528834288847,-0.0015659119084077133,0.0,0.0,0.0,0.0,-0.0,-0.0,0.0,0,8.590039790590254e-11
RoutingInterdiction,neural,49,36,0.8637785191176565,-0.40490528834288847,-0.0015659119084077133,0.0,0.0,0.0,0.0,-0.0,-0.0,0.0,0,8.590039790590254e-11
RoutingInterdiction,neural,49,37,0.8637785191176565,-0.40490528834288847,-0.0015659119084077133,0.0,0.0,0.0,0.0,-0.0,-0.0,0.0,0,8.590039790590254e-11
RoutingInterdiction,neural,49,38,0.8637785191176565,-0.40490528834288847,-0.0015659119084077133,0.0,0.0,0.0,0.0,-0.0,-0.0,0.0,0,8.590039790590254e-11
RoutingInterdiction,neural,49,39,0.8637785191176565,-0.40490528834288847,-0.0015659119084077133,0.0,0.0,0.0,0.0,-0.0,-0.0,0.0,0,8.590039790590254e-11
RoutingInterdiction,neural,49,40,0.8637785191176565,-0.40490528834288847,-0.0015659119084077133,0.0,0.0,0.0,0.0,-0.0,-0.0,0.0,0,8.590039790590254e-11
RoutingInterdiction,neural,49,41,0.8637785191176565,-0.40490528834288847,-0.0015659119084077133,0.0,0.0,0.0,0.0,-0.0,-0.0,0.0,0,8.590039790590254e-11
RoutingInterdiction,neural,49,42,0.8637785191176565,-0.40490528834288847,-0.0015659119084077133,0.0,0.0,0.0,0.0,-0.0,-0.0,0.0,0,8.590039790590254e-11
RoutingInterdiction,neural,49,43,0.8637785191176565,-0.40490528834288847,-0.0015659119084077133,0.0,0.0,0.0,0.0,-0.0,-0.0,0.0,0,8.590039790590254e-11
RoutingInterdiction,neural,49,44,0.8637785191176565,-0.40490528834288847,-0.0015659119084077133,0.0,0.0,0.0,0.0,-0.0,-0.0,0.0,0,8.590039790590254e-11
RoutingInterdiction,neural,49,45,0.8637785191176565,-0.40490528834288847,-0.0015659119084077133,0.0,0.0,0.0,0.0,-0.0,-0.0,0.0,0,8.590039790590254e-11
RoutingInterdiction,neural,49,46,0.8637785191176565,-0.40490528834288847,-0.0015659119084077133,0.0,0.0,0.0,0.0,-0.0,-0.0,0.0,0,8.590039790590254e-11
RoutingInterdiction,neural,49,47,0.8637785191176565,-0.40490528834288847,-0.0015659119084077133,0.0,0.0,0.0,0.0,-0.0,-0.0,0.0,0,8.590039790590254e-11
RoutingInterdiction,neural,49,48,0.8637785191176565,-0.40490528834288847,-0.0015659119084077133,0.0,0.0,0.0,0.0,-0.0,-0.0,0.0,0,8.590039790590254e-11
RoutingInterdiction,neural,49,49,0.8637785191176565,-0.40490528834288847,-0.0015659119084077133,0.0,0.0,0.0,0.0,-0.0,-0.0,0.0,0,8.590039790590254e-11
RoutingInterdiction,neural,49,50,0.8637785191176565,-0.40490528834288847,-0.0015659119084077133,0.0,0.0,0.0,0.0,-0.0,-0.0,0.0,0,8.590039790590254e-11
RoutingInterdiction,neural,49,51,0.8637785191176565,-0.40490528834288847,-0.0015659119084077133,0.0,0.0,0.0,0.0,-0.0,-0.0,0.0,0,8.590039790590254e-11
RoutingInterdiction,neural,49,52,0.8637785191176565,-0.40490528834288847,-0.0015659119084077133,0.0,0.0,0.0,0.0,-0.0,-0.0,0.0,0,8.590039790590254e-11
RoutingInterdiction,neural,49,53,0.8637785191176565,-0.40490528834288847,-0.0015659119084077133,0.0,0.0,0.0,0.0,-0.0,-0.0,0.0,0,8.590039790590254e-11
RoutingInterdiction,neural,49,54,0.8637785191176565,-0.40490528834288847,-0.0015659119084077133,0.0,0.0,0.0,0.0,-0.0,-0.0,0.0,0,8.590039790590254e-11
RoutingInterdiction,neural,49,55,0.8637785191176565,-0.40490528834288847,-0.0015659119084077133,0.0,0.0,0.0,0.0,-0.0,-0.0,0.0,0,8.590039790590254e-11
RoutingInterdiction,neural,49,56,0.8637785191176565,-0.40490528834288847,-0.0015659119084077133,0.0,0.0,0.0,0.0,-0.0,-0.0,0.0,0,8.590039790590254e-11
RoutingInterdiction,neural,49,57,0.8637785191176565,-0.40490528834288847,-0.0015659119084077133,0.0,0.0,0.0,0.0,-0.0,-0.0,0.0,0,8.590039790590254e-11
RoutingInterdiction,neural,49,58,0.8637785191176565,-0.40490528834288847,-0.0015659119084077133,0.0,0.0,0.0,0.0,-0.0,-0.0,0.0,0,8.590039790590254e-11
RoutingInterdiction,neural,49,59,0.8637785191176565,-0.40490528834288847,-0.0015659119084077133,0.0,0.0,0.0,0.0,-0.0,-0.0,0.0,0,8.590039790590254e-11
RoutingInterdiction,neural,49,60,0.8637785191176565,-0.40490528834288847,-0.0015659119084077133,0.0,0.0,0.0,0.0,-0.0,-0.0,0.0,0,8.590039790590254e-11
SecurityPatrol,neural,40,1,6.125453692658235,0.09709363660906484,2.4538123560303036,0.03,0.03,1.0,0.6245933993942897,0.07263543377930252,0.07261232341428303,0.0,0,8.966893894069017e-11
SecurityPatrol,neural,40,2,6.3962350792114835,0.08906499005885306,2.092661980594225,0.024016390984993845,0.03,1.0,0.6725170961476198,0.061477877281232884,0.0614558805142662,0.0,0,8.973866094663663e-11
SecurityPatrol,neural,40,3,6.611362217872518,0.08314199682512706,1.7885488124263627,0.01907158658241818,0.03,1.0,0.71837601231435,0.05229014849855024,0.05226967019794482,0.0,0,8.879341706347077e-11
SecurityPatrol,neural,40,4,6.760086104541494,0.07887484155564016,1.5298156445798234,0.015562799202831743,0.03,1.0,0.7547980533693898,0.04458764161834339,0.0445691975941902,0.0,0,8.796463557558809e-11
SecurityPatrol,neural,40,5,6.838741054433871,0.07573996608860767,1.3081236041687632,0.01321524837047163,0.03,1.0,0.7808688236660355,0.0380470463335122,0.03803094339920543,0.0,0,8.724188038655711e-11
SecurityPatrol,neural,40,6,6.847202260117623,0.0733396310573906,1.1174479359142282,0.011815408855766195,0.03,1.0,0.7963335569490668,0.032453256290984084,0.032439568936928564,0.0,0,8.661316108771189e-11
SecurityPatrol,neural,40,7,6.788184351612499,0.07138550942816285,0.9532297114812864,0.0112108538961207,0.03,1.0,0.8013174138696668,0.027654135443040014,0.027642760409150147,0.0,0,8.606693135959631e-11
SecurityPatrol,neural,40,8,6.666718109298296,0.06967096895751071,0.81185062599416,0.011301476673063186,0.03,1.0,0.7961356672094418,0.023534660925777058,0.023525379335368135,0.0,0,8.559386532880353e-11
SecurityPatrol,neural,40,9,6.489643275513826,0.0680452987258658,0.6903182966020428,0.012030281209600405,0.03,1.0,0.7811929839239975,0.020002669761564926,0.01999520207639316,0.0,0,8.518508121113655e-11
SecurityPatrol,neural,40,10,6.265073546742643,0.06639242856401059,0.5860807353647315,0.013376336202826964,0.03,1.0,0.756956752430167,0.016981087436702815,0.01697513638790904,0.0,0,8.483413971305254e-11
SecurityPatrol,neural,40,11,6.001850955245525,0.06461335317040812,0.4969176512484265,0.015350390273473123,0.03,1.0,0.7239861502587287,0.014403682658540255,0.014398962800507342,0.0,0,8.45348235856136e-11
SecurityPatrol,neural,40,12,5.7090277560146605,0.06261075378680556,0.42087618767856483,0.017993012890603937,0.03,1.0,0.6829976555765807,0.012212710571119455,0.012208965549088013,0.0,0,8.428269193672122e-11
SecurityPatrol,neural,40,13,5.39541332227713,0.06027436768929641,0.35623138874011206,0.021375096779327838,0.03,1.0,0.634944294444594,0.010357546943197966,0.010354556993396935,0.0,0,8.40736369411843e-11
SecurityPatrol,neural,40,14,5.069214074798316,0.057465848319549866,0.30145961831324297,0.025600744188166377,0.03,1.0,0.5810811553636392,0.008793825940640935,0.00879140851911997,0.0,0,8.390466099683636e-11
SecurityPatrol,neural,40,15,4.737782445332386,0.05400199540380437,0.2552180860444215,0.03,0.03,1.0,0.5296525120674215,0.007482728719140672,0.007480752184854,0.0,0,8.37724334346035e-11
SecurityPatrol,neural,40,16,4.407049295382307,0.04975386580784105,0.21626817037516377,0.03,0.03,1.0,0.5162445061256457,0.0063835871288434156,0.006382033523033348,0.0,0,8.367284642929462e-11
SecurityPatrol,neural,40,17,4.080387282377997,0.04524169478583898,0.1832177752014105,0.03,0.03,1.0,0.5019523147393481,0.0054550923710155064,0.005453872640506674,0.0,0,8.358713721179356e-11
SecurityPatrol,neural,40,18,3.763497969987024,0.040371069082815667,0.15519839224009105,0.03,0.03,1.0,0.4868897397235978,0.004670541585743593,0.00466958523455796,0.0,0,8.351186409072398e-11
SecurityPatrol,neural,40,19,3.460465233881381,0.03505003080849369,0.13146872569684656,0.03,0.03,1.0,0.47119544792087087,0.00400752728976584,0.004006778408315204,0.0,0,8.344414048622184e-11
SecurityPatrol,neural,40,20,3.173978952933647,0.029190513626246757,0.11139502379870912,0.03,0.03,1.0,0.45502858252019096,0.0034472123051100716,0.0034466264056867146,0.0,0,8.338152390763298e-11
SecurityPatrol,neural,40,21,2.905602313785845,0.02270973082513523,0.09443481584409663,0.03,0.03,1.0,0.4385632278184249,0.0029737275007805917,0.002973267515217759,0.0,0,8.332001755206875e-11
SecurityPatrol,neural,40,22,2.6560337200892685,0.015531732701635367,0.08012318286496622,0.03,0.03,1.0,0.42198214389582117,0.002573667773672994,0.002573306078139548,0.0,0,8.325962141952914e-11
SecurityPatrol,neural,40,23,2.425337422467315,0.007589327251422625,0.06806167759169646,0.03,0.03,1.0,0.40547020268441786,0.002235688610940101,0.0022354037214986633,0.0,0,8.320033551001416e-11
SecurityPatrol,neural,40,24,2.2131331632715643,-0.0011735171490603216,0.05790885815509794,0.03,0.03,1.0,0.3892079244665264,0.0019501701676032245,0.0019499448006298215,0.0,0,8.314182675661641e-11
SecurityPatrol,neural,40,25,2.018744729442646,-0.010798789853961243,0.04937230897987255,0.03,0.03,1.0,0.37336545323438497,0.0017089421441256179,0.001708762505965633,0.0,0,8.30832069809162e-11
SecurityPatrol,neural,40,26,1.8413120519875708,-0.021311234754580032,0.042201896969851216,0.03,0.03,1.0,0.3580972394190323,0.0015050587372482066,0.0015049139238416664,0.0,0,8.3024587205216e-11
SecurityPatrol,neural,40,27,1.679873177834518,-0.03271515111759998,0.036183999681593804,0.03,0.03,1.0,0.3435376327871848,0.0013326128048291033,0.0013324942842798393,0.0,0,8.29656343626084e-11
SecurityPatrol,neural,40,28,1.5334224498555464,-0.04499167114488207,0.03113652967026148,0.03,0.03,1.0,0.3297975326980412,0.00118658131808806,0.001186482483768514,0.0,0,8.290634845309341e-11
SecurityPatrol,neural,40,29,1.4009504667157184,-0.05809707215224836,0.026904620273648927,0.03,0.03,1.0,0.31696219583197854,0.0010626958285286875,0.0010626116163392485,0.0,0,8.28468404989735e-11
SecurityPatrol,neural,40,30,1.28147037999755,-0.07196266109393387,0.023356869673896163,0.03,0.03,1.0,0.3050902561926269,0.0009573330641058646,0.0009572596290906565,0.0,0,8.278699947794621e-11
SecurityPatrol,neural,40,31,1.1740340926641573,-0.08649661540962941,0.020382063477747403,0.03,0.03,1.0,0.29421396050801896,0.0008674218841340368,0.0008673563317797006,0.0,0,8.272693641231399e-11
SecurityPatrol,neural,40,32,1.0777410705504362,-0.10158788258860002,0.01788631293402898,0.03,0.03,1.0,0.2843405589848077,0.0007903636912446915,0.0007903038582867117,0.0,0,8.266698436898423e-11
SecurityPatrol,neural,40,33,0.9917418060358195,-0.11711188240260077,0.015790557806316663,0.03,0.03,1.0,0.2754547181103335,0.0007239640587722087,0.0007239083371780586,0.0,0,8.260669925874708e-11
SecurityPatrol,neural,40,34,0.9152374790749902,-0.1329374095783127,0.014028391322490341,0.03,0.03,1.0,0.267521747886309,0.0006663738211044709,0.0006663210199845393,0.0,0,8.254663619311486e-11
SecurityPatrol,neural,40,35,0.8474770252458208,-0.14893389979774915,0.012544170539019461,0.03,0.03,1.0,0.2604913748806566,0.0006160382401868024,0.0006159874784861241,0.0,0,8.24866841497851e-11
SecurityPatrol,neural,40,36,0.7877526130061022,-0.16497816840127244,0.01129137983982842,0.03,0.03,1.0,0.254301759379472,0.0005716531228470178,0.0005716037475937963,0.0,0,8.242684312875781e-11
SecurityPatrol,neural,40,37,0.7353944138856515,-0.18095987051114562,0.01023121862011589,0.03,0.03,1.0,0.24888345873829912,0.0005321269612223249,0.0005320784864748518,0.0,0,8.236722415233544e-11
SecurityPatrol,neural,40,38,0.6897654723847214,-0.19678521277761407,0.009331386987276868,0.03,0.03,1.0,0.24416307957304004,0.0004965483159714222,0.0004965003769565879,0.0,0,8.230760517591307e-11
SecurityPatrol,neural,40,39,0.6502573946182884,-0.21237878167072935,0.008565045698438745,0.03,0.03,1.0,0.24006642938012793,0.0004641577692897839,0.0004641100896530803,0.0,0,8.224898540021286e-11
SecurityPatrol,neural,40,40,0.6162874295269939,-0.22768365138290272,0.007909928758909057,0.03,0.03,1.0,0.23652105867635634,0.0004343238692755456,0.00043427623683489625,0.0,0,8.219069869142004e-11
SecurityPatrol,neural,40,41,0.5872972887004996,-0.24266013596656227,0.00734758914424094,0.03,0.03,1.0,0.23345816246592357,0.00040652255186598724,0.0004064748019891873,0.0,0,8.213252300492968e-11
SecurityPatrol,neural,40,42,0.562753751916942,-0.2572836369160752,0.006862760085951658,0.03,0.03,1.0,0.23081387319097177,0.0003803195937772358,0.0003802715969493109,0.0,0,8.207456936304425e-11
SecurityPatrol,neural,40,43,0.5421507862176128,-0.27154202538578104,0.006442816177576471,0.03,0.03,1.0,0.22853002046620227,0.0003553556946019022,0.00035530734858268964,0.0,0,8.201639367655389e-11
SecurityPatrol,neural,40,44,0.5250126411679715,-0.28543292221208566,0.0060773203232278306,0.03,0.03,1.0,0.22655445546678962,0.0003313338401131459,0.0003312850636243425,0.0,0,8.195821799006353e-11
SecurityPatrol,neural,40,45,0.5108972395153066,-0.29896113541537217,0.005757644172310616,0.03,0.03,1.0,0.2248410432196609,0.00030800863131177106,0.0003079593603425579,0.0,0,8.189982025896825e-11
SecurityPatrol,neural,40,46,0.49939919171620095,-0.3121364121320214,0.005476651193364601,0.03,0.03,1.0,0.2233494193297473,0.00028517730836127484,0.0002851274931686687,0.0,0,8.18413115055705e-11
SecurityPatrol,neural,40,47,0.4901519067996317,-0.32497157651622804,0.0052284329183138745,0.03,0.03,1.0,0.22204459398164375,0.0002626722257514286,0.00026262182911374055,0.0,0,8.178246968526537e-11
SecurityPatrol,neural,40,48,0.4828284949609384,-0.3374810632781977,0.0050080901481952544,0.03,0.03,1.0,0.2208964695817149,0.00024035456941488273,0.00024030356502657835,0.0,0,8.172307275344792e-11
SecurityPatrol,neural,40,49,0.4771413915299559,-0.3496798174651954,0.0048115520178526605,0.03,0.03,1.0,0.2198793220502083,0.00021810913001234385,0.00021805750155001746,0.0,0,8.166367582163048e-11
SecurityPatrol,neural,40,50,0.47284082337419114,-0.36158251058698826,0.004635426843496715,0.03,0.03,1.0,0.21897128122940787,0.00019583997298317274,0.00019578771368367054,0.0,0,8.160339071139333e-11
SecurityPatrol,neural,40,51,0.4697123599046359,-0.37320301596034744,0.004476879535131317,0.03,0.03,1.0,0.218153833893246,0.0001734668679389436,0.00017341397963066552,0.0,0,8.154255048964387e-11
SecurityPatrol,neural,40,52,0.4675738401645426,-0.3845540873553437,0.004333531149591785,0.03,0.03,1.0,0.2174113635490141,0.00015092235575197682,0.00015086884842374637,0.0,0,8.148137720098703e-11
SecurityPatrol,neural,40,53,0.4662719603479146,-0.395647190876394,0.004203376825656635,0.018787941070162417,0.03,1.0,0.3064351387567352,0.0001296750371293855,0.0001296559608447989,0.0,0,8.141920471160802e-11
SecurityPatrol,neural,40,54,0.46369515310634296,-0.40237547350435887,0.0040781670072709275,0.001617025006908283,0.03,1.0,0.8365175621349737,0.00012172140908160199,0.00012172095393336857,0.0,0,8.13635825380743e-11
SecurityPatrol,neural,40,55,0.4589155900342247,-0.40265627637468215,0.003956977197389078,0.0,0.03,1.0,1.0,0.00011810640101717063,0.00011810619084029472,0.0,0,8.13197287286016e-11
SecurityPatrol,neural,40,56,0.4546436088391252,-0.4022528425199752,0.0038478048403900456,0.0,0.03,1.0,1.0,0.00011487630309170438,0.00011487610705074314,0.0,0,8.1277096164456e-11
SecurityPatrol,neural,40,57,0.4510552737301874,-0.40177691977948204,0.0037499994377743207,0.0,0.03,1.0,1.0,0.00011198017204205879,0.00011197998779666207,0.0,0,8.123490768952024e-11
SecurityPatrol,neural,40,58,0.4480587604393458,-0.4012423756123215,0.003662250970959402,0.0,0.03,1.0,1.0,0.0001093798383779987,0.00010937966403168353,0.0,0,8.119294125918941e-11
SecurityPatrol,neural,40,59,0.4455741945295006,-0.4006606677571161,0.0035834236432275013,0.0,0.03,1.0,1.0,0.00010704217364521096,0.00010704200763755889,0.0,0,8.115108585116104e-11
SecurityPatrol,neural,40,60,0.4435322845859215,-0.4000412276417108,0.0035125301850791324,0.0,0.03,1.0,1.0,0.00010493835055014333,0.00010493819155599216,0.0,0,8.110956351004006e-11
SecurityPatrol,neural,41,1,7.038670684971244,0.028285250168124117,2.412982087990983,0.02687210248947706,0.03,1.0,0.6427528355229489,0.07032212146546737,0.07030043896139415,0.0,0,8.728262557156086e-11
SecurityPatrol,neural,41,2,7.142046802593779,0.034285106647774434,2.0388103140391607,0.03,0.03,1.0,0.6131251562881581,0.05965234340925891,0.05963009981962153,0.0,0,8.489187131033304e-11
SecurityPatrol,neural,41,3,7.169383759660378,0.04015017770851227,1.72359628873813,0.03,0.03,1.0,0.6089171737855631,0.05067295707891446,0.05065500319056282,0.0,0,8.98329188814273e-11
SecurityPatrol,neural,41,4,7.126788054127065,0.04561812033537906,1.4564322933791298,0.03,0.03,1.0,0.604504725513283,0.043063105721119516,0.043049508818684634,0.0,0,8.99490482098031e-11
SecurityPatrol,neural,41,5,7.0222662059459875,0.050611976137032166,1.2299295300333646,0.03,0.03,1.0,0.5998127354317007,0.03660331053639082,0.03659338832526027,0.0,0,8.830691733408003e-11
SecurityPatrol,neural,41,6,6.865786870475185,0.05506719404709478,1.0379632752961558,0.03,0.03,1.0,0.5947587339528422,0.03111485273459749,0.031107759046912653,0.0,0,8.686862340567814e-11
SecurityPatrol,neural,41,7,6.667578176273263,0.05892966582275714,0.8753586519982193,0.03,0.03,1.0,0.5892558989885279,0.026449580984866137,0.02644458051990417,0.0,0,8.565770315271948e-11
SecurityPatrol,neural,41,8,6.437055358432122,0.06215425411859791,0.7377104182024257,0.03,0.03,1.0,0.5832162618836422,0.022483537804938194,0.022480071644065625,0.0,0,8.464429157584163e-11
SecurityPatrol,neural,41,9,6.182347711378815,0.06470378342878844,0.6212626526888813,0.03,0.03,1.0,0.5765541571857771,0.01911243346735922,0.019110091488202863,0.0,0,8.380096616633637e-11
SecurityPatrol,neural,41,10,5.9102417915749745,0.06654838537779703,0.5228137366978762,0.03,0.03,1.0,0.5691899361989823,0.016248100433081374,0.016246576233751475,0.0,0,8.310319099535945e-11
SecurityPatrol,neural,41,11,5.626342623603565,0.06766503163343272,0.4396351166162804,0.03,0.03,1.0,0.5610538838173629,0.013815637275888295,0.013814695386805464,0.0,0,8.252920569162825e-11
SecurityPatrol,neural,41,12,5.335305132942776,0.06803705605904063,0.3694014428996493,0.03,0.03,1.0,0.5520901889078428,0.011751137748737527,0.011750595708011957,0.0,0,8.20599144191192e-11
SecurityPatrol,neural,41,13,5.041050171846646,0.06765347075919784,0.3101314000180169,0.03,0.03,1.0,0.5422607370936328,0.00999991474892118,0.009999633746119119,0.0,0,8.167855281016045e-11
SecurityPatrol,neural,41,14,4.746928676272257,0.06650792397518321,0.26013800109591123,0.03,0.03,1.0,0.5315484393913765,0.008515111325916022,0.008514989725887046,0.0,0,8.13706879654319e-11
SecurityPatrol,neural,41,15,4.455828494445669,0.0645972289953661,0.21798665092466926,0.03,0.03,1.0,0.5199597962842747,0.007256592057740357,0.007256559128419271,0.0,0,8.987421917794336e-11
SecurityPatrol,neural,41,16,4.170234283535898,0.061919499254049104,0.18245934904861968,0.03,0.03,1.0,0.5075264322833449,0.00619002883397698,0.0061900382330633,0.0,0,8.991951627734807e-11
SecurityPatrol,neural,41,17,3.892256418091831,0.058472033706835846,0.15252377912687357,0.03,0.03,1.0,0.4943054174865769,0.005286122146496977,0.005286145649112117,0.0,0,8.974754273083363e-11
SecurityPatrol,neural,41,18,3.623644316625159,0.05424918426943173,0.12730643269512223,0.03,0.03,1.0,0.4803783055448791,0.004519922350428259,0.004519944371300544,0.0,0,8.961342778945891e-11
SecurityPatrol,neural,41,19,3.365796072000551,0.04924048542160085,0.10606920809455829,0.03,0.03,1.0,0.46584893993241794,0.003870231275698876,0.0038702444901462796,0.0,0,8.951328567263772e-11
SecurityPatrol,neural,41,20,3.1197718494887194,0.04342932845700516,0.0881891769431764,0.03,0.03,1.0,0.45084018973432627,0.0033190761198434904,0.0033190756711980463,0.0,0,8.944112117603709e-11
SecurityPatrol,neural,41,21,2.886314457692007,0.03679242474686852,0.0731407912613613,0.03,0.03,1.0,0.43548985494441195,0.0028512369126829423,0.002851222788525676,0.0,0,8.938771944855262e-11
SecurityPatrol,neural,41,22,2.665877431317822,0.0293002365609254,0.06048099452781175,0.03,0.03,1.0,0.4199460214032719,0.0024538450201665838,0.0024538196428232073,0.0,0,8.934974982111044e-11
SecurityPatrol,neural,41,23,2.458659057926496,0.020918473703019184,0.04983635232921335,0.03,0.03,1.0,0.4043621485557783,0.0021160297757392213,0.0021159959704429854,0.0,0,8.93241036692416e-11
SecurityPatrol,neural,41,24,2.264639906825767,0.011610667629923646,0.04089207116251825,0.03,0.03,1.0,0.3888921479184608,0.0018286123449196999,0.0018285728175512217,0.0,0,8.930789441308207e-11
SecurityPatrol,neural,41,25,2.08362130844502,0.0013417429836753072,0.033382732581488384,0.03,0.03,1.0,0.3736856686704877,0.0015838441493579221,0.0015838012308101446,0.0,0,8.929934569579245e-11
SecurityPatrol,neural,41,26,1.91526259081702,-0.00991759406864747,0.027084471926724918,0.03,0.03,1.0,0.3588837610245417,0.00137518369760113,0.0013751392513382532,0.0,0,8.929668116053335e-11
SecurityPatrol,neural,41,27,1.759115453295439,-0.02218594378849305,0.021808390918665044,0.03,0.03,1.0,0.34461504708024326,0.0011971069793123132,0.0011970624023678322,0.0,0,8.929845751737275e-11
SecurityPatrol,neural,41,28,1.6146544659886761,-0.03546619083933787,0.0173950178968596,0.03,0.03,1.0,0.3309924976469593,0.0010449469225746809,0.0010449031940275022,0.0,0,8.930345352098357e-11
SecurityPatrol,neural,41,29,1.481303219611957,-0.04974089861567914,0.01370965364447252,0.03,0.03,1.0,0.31811089255176783,0.0009147578267772032,0.0009147155763752357,0.0,0,8.931111405985348e-11
SecurityPatrol,neural,41,30,1.3584560664805363,-0.06496872096952351,0.010638463352202754,0.03,0.03,1.0,0.3060450278232543,0.0008032011315606563,0.000803160711504658,0.0,0,8.932254935700712e-11
SecurityPatrol,neural,41,31,1.2454956809557263,-0.08108243066996913,0.00808519575208888,0.03,0.03,1.0,0.2948487197654653,0.0007074493211050759,0.0007074108731506268,0.0,0,8.933453976567307e-11
SecurityPatrol,neural,41,32,1.141806841080345,-0.09798905136481276,0.005968428544150806,0.03,0.03,1.0,0.28455463638328227,0.0006251051851344572,0.0006250686981829068,0.0,0,8.93463081297341e-11
SecurityPatrol,neural,41,33,1.0467869162686627,-0.11557234370112418,0.004219254967696706,0.03,0.03,1.0,0.2751749555117745,0.0005541340383090282,0.0005540993963011331,0.0,0,8.935763240458527e-11
SecurityPatrol,neural,41,34,0.9598535640279334,-0.13369756118556453,0.0027793398722053553,0.03,0.03,1.0,0.266702804860534,0.0004928068492419405,0.0004927738681447247,0.0,0,8.936873463483153e-11
SecurityPatrol,neural,41,35,0.8804501141387063,-0.1522180226928752,0.0015992851579493816,0.03,0.03,1.0,0.2591143858838324,0.0004396525281655374,0.0004396209853853028,0.0,0,8.937872664205315e-11
SecurityPatrol,neural,41,36,0.808049069255325,-0.1709827372716656,0.0006372542218968658,0.03,0.03,1.0,0.2523716298087854,0.00039341789804908786,0.0003933875527095676,0.0,0,8.938783047085508e-11
SecurityPatrol,neural,41,37,0.7421540895564525,-0.18984414857081874,-0.00014218674216359695,0.03,0.0,0.0,0.0,0.0003635103265798085,0.0003635029406452439,0.0,0,8.939038398381172e-11
SecurityPatrol,neural,41,38,0.7385255128886825,-0.20199825595881488,-0.0002740776805010281,0.03,0.0,0.0,0.0,0.00035020097365708226,0.00035019324701524024,0.0,0,8.939282647446589e-11
SecurityPatrol,neural,41,39,0.734855090812792,-0.21409141565212214,-0.00040242565871317915,0.03,0.0,0.0,0.0,0.0003367123509357849,0.00033670427196108577,0.0,0,8.939560203202745e-11
SecurityPatrol,neural,41,40,0.731146030766483,-0.22611806437409898,-0.0005266386051028249,0.03,0.0,0.0,0.0,0.00032303952422434515,0.00032303108095921296,0.0,0,8.939882167879887e-11
SecurityPatrol,neural,41,41,0.7274015654877534,-0.23807267281991637,-0.000646124694458905,0.03,0.0,0.0,0.0,0.0003091782490859025,0.0003091694292822744,0.0,0,8.940248541478013e-11
SecurityPatrol,neural,41,42,0.7236249464764957,-0.24994976291256693,-0.0007602953963181669,0.03,0.0,0.0,0.0,0.0002951249855894633,0.00029511577710128467,0.0,0,8.940637119536632e-11
SecurityPatrol,neural,41,43,0.7198194394265196,-0.26174392633172,-0.0008685686585241381,0.03,0.0,0.0,0.0,0.0002808769108780437,0.00028086730158738415,0.0,0,8.941036799825497e-11
SecurityPatrol,neural,41,44,0.7159883215673012,-0.27344984419162266,-0.0009703722168852291,0.03,0.0,0.0,0.0,0.00026643192752573197,0.00026642190558900936,0.0,0,8.941491991265593e-11
SecurityPatrol,neural,41,45,0.7121348807968508,-0.285062307692622,-0.0010651470037925659,0.03,0.0,0.0,0.0,0.0002517886686412173,0.00025177822265065597,0.0,0,8.941958284935936e-11
SecurityPatrol,neural,41,46,0.708262416435663,-0.2965762395200975,-0.0011523506518285043,0.03,0.0,0.0,0.0,0.00023694649891819517,0.00023693561803672658,0.0,0,8.942468987527263e-11
SecurityPatrol,neural,41,47,0.7043742413860133,-0.3079867157170015,-0.0012314610665642434,0.03,0.0,0.0,0.0,0.00022190551127376364,0.000221894185353122,0.0,0,8.942979690118591e-11
SecurityPatrol,neural,41,48,0.700473685444063,-0.3192889877135354,-0.0013019800464086906,0.03,0.0,0.0,0.0,0.0002066665187607738,0.00020665473849668103,0.0,0,8.943512597170411e-11
SecurityPatrol,neural,41,49,0.6965640994841873,-0.33047850416192814,-0.001363436937573681,0.03,0.0,0.0,0.0,0.0001912310416305132,0.00019121879858807755,0.0,0,8.944067708682724e-11
SecurityPatrol,neural,41,50,0.6926488602164462,-0.3415509321975002,-0.001415392287984485,0.03,0.0,0.0,0.0,0.00017560128866253761,0.00017558857541910555,0.0,0,8.944633922425282e-11
SecurityPatrol,neural,41,51,0.6887313752103077,-0.35250217773067266,-0.0014574414854418016,0.03,0.0,0.0,0.0,0.00015978013312184153,0.00015976694334018937,0.0,0,8.945222340628334e-11
SecurityPatrol,neural,41,52,0.6848150878794718,-0.363328404369568,-0.001489218346001353,0.03,0.0,0.0,0.0,0.0001437710827834265,0.00014375741114058815,0.0,0,8.945821861061631e-11
SecurityPatrol,neural,41,53,0.6809034821350568,-0.3740260505799893,-0.0015103986306275186,0.03,0.0,0.0,0.0,0.00012757824337417052,0.0001275640856617244,0.0,0,8.946432483725175e-11
SecurityPatrol,neural,41,54,0.6770000864358688,-0.3845918447091484,-0.0015207034528452734,0.03,0.0,0.0,0.0,0.00011120627612634871,0.00011119162914619007,0.0,0,8.947032004158473e-11
SecurityPatrol,neural,41,55,0.67310847699456,-0.39502281753142804,-0.001519902552621355,0.03,0.0,0.0,0.0,9.466034812714e-05,9.464520987589875e-05,0.0,0,8.947653729052263e-11
SecurityPatrol,neural,41,56,0.669232279936797,-0.40531631201772517,-0.001507817403223477,0.03,0.0,0.0,0.0,7.794607718149275e-05,7.793044636472679e-05,0.0,0,8.948264351715807e-11
SecurityPatrol,neural,41,57,0.6653751722544274,-0.41546999008365704,-0.0014843241139927965,0.03,0.0,0.0,0.0,6.106946850391986e-05,6.105334482320313e-05,0.0,0,8.948852769918858e-11
SecurityPatrol,neural,41,58,0.6615408814432042,-0.42548183613416896,-0.0014493561043216197,0.03,0.0,0.0,0.0,4.403684610311679e-05,4.4020230102082e-05,0.0,0,8.949452290352156e-11
SecurityPatrol,neural,41,59,0.6577331837680725,-0.4353501572911409,-0.0014029065072418412,0.03,0.0,0.0,0.0,2.6854777620139675e-05,2.6837670323298646e-05,0.0,0,8.950029606324961e-11
SecurityPatrol,neural,41,60,0.6539559011535838,-0.44507358026392774,-0.0013450302731643493,0.03,0.0,0.0,0.0,9.529992309129938e-06,9.512395305888433e-06,0.0,0,8.950606922297766e-11
SecurityPatrol,neural,42,1,5.670195969365194,0.13077256870147214,1.8004839494020128,0.03,0.03,1.0,0.5976865958757118,0.05314259557499088,0.053149461587628455,0.0,0,8.782419236297301e-11
SecurityPatrol,neural,42,2,5.611491086415557,0.12749210865701477,1.4605532974095699,0.03,0.03,1.0,0.5877627274573415,0.0432648174459926,0.04326778945301912,0.0,0,8.807410356581613e-11
SecurityPatrol,neural,42,3,5.4908759258334765,0.12471534285725998,1.1888368683924428,0.03,0.03,1.0,0.5768131839503768,0.03540193273979849,0.03540264108320068,0.0,0,8.830963738049036e-11
SecurityPatrol,neural,42,4,5.312456535836455,0.12247081199002026,0.9704522167669013,0.03,0.03,1.0,0.5648246707882116,0.02910398523084752,0.029103460943488813,0.0,0,8.852418797999917e-11
SecurityPatrol,neural,42,5,5.084935002517943,0.12077082803855144,0.7941141219933274,0.03,0.03,1.0,0.5518125874252361,0.024031920780919678,0.024030796141798483,0.0,0,8.871481327332731e-11
SecurityPatrol,neural,42,6,4.820059631558321,0.11961103866370996,0.6511679340549937,0.03,0.03,1.0,0.5378227928002286,0.019927603629668597,0.01992625213789112,0.0,0,8.888051405975261e-11
SecurityPatrol,neural,42,7,4.530656085366433,0.11897042939281154,0.5349073323915589,0.03,0.03,1.0,0.5229315932251046,0.01659255950412204,0.016591190937719213,0.0,0,8.902173442848493e-11
SecurityPatrol,neural,42,8,4.228867756649388,0.11881176538433756,0.440087131148734,0.03,0.03,1.0,0.5072439098794275,0.013872769039456627,0.013871492354102122,0.0,0,8.913980664715382e-11
SecurityPatrol,neural,42,9,3.9249930199745022,0.11908238600213607,0.36257104016618125,0.03,0.03,1.0,0.49088980102076857,0.01164768459056696,0.011646548551238922,0.0,0,8.923639605029621e-11
SecurityPatrol,neural,42,10,3.6269866354009865,0.11971521974768827,0.29907374719310004,0.03,0.03,1.0,0.474019684413982,0.009822217653698324,0.009821236491046381,0.0,0,8.932110606707511e-11
SecurityPatrol,neural,42,11,3.340475651316896,0.1206298914330634,0.24696966113740937,0.03,0.03,1.0,0.45679870182169763,0.008320833327069782,0.00832000257417942,0.0,0,8.939937679031118e-11
SecurityPatrol,neural,42,12,3.069072609878964,0.12173384162121868,0.20414933599947396,0.03,0.03,1.0,0.43940068536826343,0.007083152862712579,0.007082458884207332,0.0,0,8.945988394515325e-11
SecurityPatrol,neural,42,13,2.8148014526111385,0.12292345455285629,0.16891062580829397,0.03,0.03,1.0,0.4220021395580775,0.006060651828178501,0.006060071440115999,0.0,0,8.950207242008901e-11
SecurityPatrol,neural,42,14,2.57851856001273,0.12408527543246475,0.1398743233095967,0.03,0.03,1.0,0.40477656725506606,0.005214128189482279,0.005213645003881551,0.0,0,8.952988350685587e-11
SecurityPatrol,neural,42,15,2.360271883617673,0.12509747203440774,0.11591990078928527,0.03,0.03,1.0,0.38788936883081854,0.00451179495718891,0.0045113946357022705,0.0,0,8.954625929646909e-11
SecurityPatrol,neural,42,16,2.1595813359045586,0.12583174247673937,0.09613456955416266,0.03,0.03,1.0,0.3714934517499207,0.003927784511171503,0.003927453684983373,0.0,0,8.955247654540699e-11
SecurityPatrol,neural,42,17,1.9756448854197655,0.1261558765905167,0.0797731548157321,0.03,0.03,1.0,0.3557256160179958,0.003440982780992069,0.0034407095515485153,0.0,0,8.955075569971882e-11
SecurityPatrol,neural,42,18,1.8074833193900817,0.12593713139110382,0.0662262833849625,0.03,0.03,1.0,0.3407037341524009,0.0030341138515082985,0.003033887940134594,0.0,0,8.954204044897551e-11
SecurityPatrol,neural,42,19,1.6540381322307434,0.1250464757772409,0.05499495844815128,0.03,0.03,1.0,0.32652472102059427,0.0026930145352490895,0.002692827241427609,0.0,0,8.952782959426031e-11
SecurityPatrol,neural,42,20,1.514235349306444,0.12336359972745904,0.045670129168728923,0.03,0.03,1.0,0.31326328263080616,0.002406055613490073,0.002405899676856782,0.0,0,8.950906682514415e-11
SecurityPatrol,neural,42,21,1.387025464403068,0.12078238841154196,0.03791619756934317,0.03,0.03,1.0,0.30097143453906816,0.0021636772762182624,0.0021635466989512464,0.0,0,8.948664032004672e-11
SecurityPatrol,neural,42,22,1.2714070808825515,0.1172163696374787,0.03145765125127653,0.03,0.03,1.0,0.28967878002272335,0.001958014195621631,0.0019579040584656315,0.0,0,8.94613827462365e-11
SecurityPatrol,neural,42,23,1.1664396859984512,0.11260350599911922,0.026068193495781822,0.03,0.03,1.0,0.27939352725060346,0.0017825914869557414,0.0017824977753784221,0.0,0,8.943401574867949e-11
SecurityPatrol,neural,42,24,1.0712493294783016,0.1069096737017261,0.02156187977520596,0.03,0.03,1.0,0.27010419901310295,0.001632077123077906,0.0016319965723269325,0.0,0,8.940514995003923e-11
SecurityPatrol,neural,42,25,0.985029766999386,0.10013028115624589,0.017785874039677463,0.03,0.03,1.0,0.26178194948122613,0.001502079601305926,0.0015020095618195617,0.0,0,8.937511841722312e-11
SecurityPatrol,neural,42,26,0.9070407748135183,0.09228972610871077,0.014614518115574349,0.03,0.03,1.0,0.25438335706592513,0.0013889820922624333,0.0013889204164998503,0.0,0,8.934442075059223e-11
SecurityPatrol,neural,42,27,0.8366047536896418,0.08343871955560925,0.011944469404429059,0.03,0.03,1.0,0.2478535217477445,0.001289806159320167,0.0012897511071072731,0.0,0,8.93131124612978e-11
SecurityPatrol,neural,42,28,0.7731023444657362,0.07364983588846341,0.0096907102901167,0.03,0.03,1.0,0.24212927050300997,0.0012020995533261647,0.0012020497145062148,0.0,0,8.928169314970091e-11
SecurityPatrol,neural,42,29,0.7159675176871967,0.06301189722356668,0.0077832706268765595,0.03,0.03,1.0,0.23714227323776646,0.0011238436918460939,0.0011237979229101747,0.0,0,8.925032934925525e-11
SecurityPatrol,neural,42,30,0.6646824354419213,0.05162390996370714,0.006164534678188005,0.03,0.03,1.0,0.23282189524515295,0.0010533772859998964,0.0010533346585658299,0.0,0,8.921913208226329e-11
SecurityPatrol,neural,42,31,0.6187722857767446,0.03958923371121204,0.004787027872499294,0.03,0.03,1.0,0.2290976554960136,0.0009893332524537805,0.0009892930119593801,0.0,0,8.918821237102748e-11
SecurityPatrol,neural,42,32,0.577800238276953,0.027010510140824593,0.003611597906300057,0.03,0.03,1.0,0.2259012136800586,0.0009305865830400183,0.0009305481152539485,0.0,0,8.915751470439659e-11
SecurityPatrol,neural,42,33,0.5413626476865938,0.01398566963808905,0.0026059202526351744,0.03,0.03,1.0,0.22316786251117463,0.0008762112675206289,0.0008761740714332555,0.0,0,8.912720561582432e-11
SecurityPatrol,neural,42,34,0.5090846275185684,0.0006051240504490816,0.001743270668935759,0.03,0.03,1.0,0.2208375470651053,0.0008254447076190498,0.0008254083734554607,0.0,0,8.909722959415944e-11
SecurityPatrol,neural,42,35,0.48061611528226433,-0.013049914263185573,0.0010015175022137779,0.03,0.03,1.0,0.21885546509979573,0.0007776583344690296,0.0007776225268770753,0.0,0,8.906753112825072e-11
SecurityPatrol,neural,42,36,0.45562854416360127,-0.02690815547586378,0.000362294954719955,0.03,0.03,1.0,0.21717232039050027,0.0007323333705988954,0.0007322978139503444,0.0,0,8.903838777385431e-11
SecurityPatrol,neural,42,37,0.4338122139775877,-0.040908215899474354,-0.0001896747205909488,0.03,0.0,0.0,0.0,0.0006949854285487007,0.0006949818208692449,0.0,0,8.900935544176036e-11
SecurityPatrol,neural,42,38,0.4335771337872524,-0.054607554206781574,-7.21051522212246e-05,0.03,0.0,0.0,0.0,0.0006647074733686306,0.0006647032611770687,0.0,0,8.903111581304302e-11
SecurityPatrol,neural,42,39,0.4333579435075046,-0.06827192569372693,3.3293820128621476e-05,0.03,0.019022151552494045,1.0,0.1484481776281345,0.0006354977203749354,0.0006354731767368449,0.0,0,8.90513218720912e-11
SecurityPatrol,neural,42,40,0.42116633852887264,-0.08226526608043312,-0.0002498137920581289,0.03,0.0,0.0,0.0,0.0006059450008325304,0.0006059397884276008,0.0,0,8.903799919579569e-11
SecurityPatrol,neural,42,41,0.42100490003220503,-0.09590000920164274,-0.0001653193110406903,0.03,0.0,0.0,0.0,0.0005759180816429242,0.0005759122872894817,0.0,0,8.905520765267738e-11
SecurityPatrol,neural,42,42,0.4208579147434139,-0.1094818936124496,-9.244548066500435e-05,0.03,0.0,0.0,0.0,0.0005460189784047499,0.0005460126099056106,0.0,0,8.907091730847583e-11
SecurityPatrol,neural,42,43,0.42072427177365873,-0.12300531760416816,-3.109496654052357e-05,0.03,0.0036528437504266447,1.0,0.03220652076676012,0.000516258578953828,0.0005162480051129625,0.0,0,8.908518367434226e-11
SecurityPatrol,neural,42,44,0.4184726229733499,-0.13656907860305784,-4.694708794494851e-05,0.03,0.0,0.0,0.0,0.00048659792010132056,0.000486590450947455,0.0,0,8.909195603479247e-11
SecurityPatrol,neural,42,45,0.41837074430310073,-0.14996911630282928,-7.65331962804261e-06,0.03,0.007478714244333593,1.0,0.06368544631238689,0.0004570491102733238,0.00045703361096327555,0.0,0,8.910328030964365e-11
SecurityPatrol,neural,42,46,0.41401723311934385,-0.16354149034755708,-0.00010969814281946988,0.03,0.0,0.0,0.0,0.000427265821679744,0.0004272572937261687,0.0,0,8.910111537474563e-11
SecurityPatrol,neural,42,47,0.4139561460494561,-0.1768063708226829,-9.112734966620906e-05,0.03,0.0,0.0,0.0,0.000397584759729639,0.0003975756809687647,0.0,0,8.910960858088401e-11
SecurityPatrol,neural,42,48,0.4139072097105376,-0.1899863062293988,-8.354202965521473e-05,0.03,0.0,0.0,0.0,0.0003679173533453424,0.0003679077270786202,0.0,0,8.911682503054408e-11
SecurityPatrol,neural,42,49,0.41387039530128333,-0.20307650014459283,-8.68664045416967e-05,0.03,0.0,0.0,0.0,0.00033824426207515045,0.0003382340911048942,0.0,0,8.91223761456672e-11
SecurityPatrol,neural,42,50,0.41384586962306846,-0.21607231082971484,-0.00010102405542111725,0.03,0.0,0.0,0.0,0.0003085460395623487,0.0003085353259693058,0.0,0,8.912670601546324e-11
SecurityPatrol,neural,42,51,0.41383399802075826,-0.22896925424342862,-0.00012593624469925402,0.03,0.0,0.0,0.0,0.0002788031134562262,0.00027879185878865176,0.0,0,8.912959259532727e-11
SecurityPatrol,neural,42,52,0.4138353461031225,-0.24176300653397342,-0.00016152010162695518,0.03,0.0,0.0,0.0,0.00024899577015007735,0.000248983975422723,0.0,0,8.913098037410805e-11
SecurityPatrol,neural,42,53,0.41385068018349125,-0.2544494060315138,-0.0002076866944478173,0.03,0.0,0.0,0.0,0.0002191041435842513,0.00021909180943724405,0.0,0,8.913159099677159e-11
SecurityPatrol,neural,42,54,0.4138809663843119,-0.26702445476388276,-0.00026433902522438046,0.03,0.0,0.0,0.0,0.00018910820913727809,0.00018909533581379367,0.0,0,8.913098037410805e-11
SecurityPatrol,neural,42,55,0.41392736835452165,-0.27948431952145886,-0.00033136996406835095,0.03,0.0,0.0,0.0,0.00015898778212318347,0.00015897436961886946,0.0,0,8.912903748381495e-11
SecurityPatrol,neural,42,56,0.4139912435540815,-0.2918253324987006,-0.0004086601634145648,0.03,0.0,0.0,0.0,0.0001287225218341665,0.00012870856969826594,0.0,0,8.9125928859346e-11
SecurityPatrol,neural,42,57,0.4140741380673869,-0.3040439915408767,-0.0004960759728334097,0.03,0.0,0.0,0.0,9.829193944321845e-05,9.827744742496591e-05,0.0,0,8.912137694494504e-11
SecurityPatrol,neural,42,58,0.414177779915857,-0.31613696002495567,-0.0005934673930840795,0.03,0.0,0.0,0.0,6.767541307864746e-05,6.766038077288261e-05,0.0,0,8.911560378521699e-11
SecurityPatrol,neural,42,59,0.41430407085036847,-0.3281010664033503,-0.0007006660894648409,0.03,0.0,0.0,0.0,3.685220621250596e-05,3.683663331977005e-05,0.0,0,8.910855386901062e-11
SecurityPatrol,neural,42,60,0.4144550766160335,-0.3399333034384682,-0.0008174835056162788,0.020717354696410777,0.0,0.0,0.0,7.2587514484991835e-06,7.253889785507894e-06,0.0,0,8.91001716851747e-11
SecurityPatrol,neural,43,1,7.767048250683903,0.07218728046403904,2.1297890495955576,0.011604193759354363,0.03,1.0,0.7948198840365134,0.061401857438582404,0.061394930678267734,0.0,0,8.308564947157038e-11
SecurityPatrol,neural,43,2,7.713212474638852,0.07163184110997603,1.7894891894238174,0.009635769390938598,0.03,1.0,0.8208893771977017,0.05155032882034339,0.05154395706159476,0.0,0,8.267431184094676e-11
SecurityPatrol,neural,43,3,7.603448221647492,0.07078915142597021,1.5046993526264345,0.007879252840828478,0.03,1.0,0.8460623387145095,0.043312604062231454,0.04330686861195643,0.0,0,8.239781079666386e-11
SecurityPatrol,neural,43,4,7.438206020350406,0.06973621594807154,1.2655814149381819,0.006463031108610042,0.03,1.0,0.8676663397250645,0.03640274387918433,0.03639781835810396,0.0,0,8.221667791019627e-11
SecurityPatrol,neural,43,5,7.221409091066389,0.0685355089587277,1.06432533577921,0.005510607115943851,0.03,1.0,0.8824523429538078,0.030592839959841963,0.03058885671364031,0.0,0,8.210265800556726e-11
SecurityPatrol,neural,43,6,6.959888656814813,0.06723119239607989,0.8946710966986231,0.0051411032573136116,0.03,1.0,0.8868202308801878,0.025700131635270358,0.025697128021041182,0.0,0,8.203593360178729e-11
SecurityPatrol,neural,43,7,6.6623656575630665,0.0658448728469406,0.7515464988540883,0.005462517106707149,0.03,1.0,0.8774676865560599,0.021576946246720304,0.021574863051976312,0.0,0,8.200318202256085e-11
SecurityPatrol,neural,43,8,6.338316494382951,0.06437052021718129,0.6307965328917058,0.006560001400772494,0.03,1.0,0.852368902637591,0.01810292534670901,0.018101630370457755,0.0,0,8.201012091646476e-11
SecurityPatrol,neural,43,9,5.99698811016006,0.06276910623697385,0.5289816636238739,0.00848294524178184,0.03,1.0,0.8116691550346312,0.01517896271053982,0.015178283251617963,0.0,0,8.204248391763258e-11
SecurityPatrol,neural,43,10,5.646706942488666,0.06096396113948919,0.44322672693612597,0.011234842999260922,0.03,1.0,0.7579416218419867,0.012722421771691124,0.012722176895106685,0.0,0,8.208855817315452e-11
SecurityPatrol,neural,43,11,5.294510385997978,0.05883776513949587,0.371107059239638,0.014768570943254063,0.03,1.0,0.6955588386168109,0.010663392439328354,0.010663418993476892,0.0,0,8.214795510497197e-11
SecurityPatrol,neural,43,12,4.94604956173511,0.05623170687521109,0.3105624053508551,0.018987163608525575,0.03,1.0,0.629501740195686,0.00894187183355645,0.008942040297201359,0.0,0,8.222023062387507e-11
SecurityPatrol,neural,43,13,4.605675794001873,0.0529470784975512,0.25983167083854897,0.023747693355215278,0.03,1.0,0.564233997791162,0.007505767432729976,0.007505986564987244,0.0,0,8.230538472986382e-11
SecurityPatrol,neural,43,14,4.276622351013579,0.04874982452991793,0.21740312685999494,0.02886470920218068,0.03,1.0,0.5030758935397931,0.006309567699812868,0.006309780165183354,0.0,0,8.240297333372837e-11
SecurityPatrol,neural,43,15,3.9612133614727387,0.04337937704549082,0.18197587066553741,0.03,0.03,1.0,0.48003761384903176,0.0053117830261644045,0.005311944908815369,0.0,0,8.250411465127172e-11
SecurityPatrol,neural,43,16,3.6625242955312785,0.03702295198266973,0.15219028281719016,0.03,0.03,1.0,0.4660786065880374,0.004471159987980966,0.004471271618407546,0.0,0,8.260403472348798e-11
SecurityPatrol,neural,43,17,3.3814652801999157,0.029761406055339182,0.1271069580799089,0.03,0.03,1.0,0.451662472726197,0.003761920934252291,0.0037619904212092825,0.0,0,8.269984697051314e-11
SecurityPatrol,neural,43,18,3.1180945735502714,0.021585182560694898,0.10600172944760788,0.03,0.03,1.0,0.43690913667036235,0.003163876423533304,0.003163909859372094,0.0,0,8.279066321392747e-11
SecurityPatrol,neural,43,19,2.8721839924411845,0.01248318049569915,0.0882604813185528,0.03,0.03,1.0,0.4219479369210827,0.0026598958908215144,0.002659901346176663,0.0,0,8.287492914149652e-11
SecurityPatrol,neural,43,20,2.64328349358436,0.002443502372911895,0.07336219888614548,0.03,0.03,1.0,0.40691346645627186,0.0022354338747498995,0.0022354181257859818,0.0,0,8.295253373091782e-11
SecurityPatrol,neural,43,21,2.430779177669225,-0.00854493872911449,0.060864592515325056,0.03,0.03,1.0,0.3919413826743324,0.0018781281031047003,0.0018780966836502433,0.0,0,8.30233659598889e-11
SecurityPatrol,neural,43,22,2.233943294191058,-0.020490003872098136,0.050392195766962855,0.03,0.03,1.0,0.37716438336228314,0.0015774677951220903,0.0015774251420559438,0.0,0,8.308687071689747e-11
SecurityPatrol,neural,43,23,2.051975828191179,-0.03339325472169297,0.041626375421888184,0.03,0.03,1.0,0.36270850517505077,0.0013245163249900457,0.0013244659464999309,0.0,0,8.314360311345581e-11
SecurityPatrol,neural,43,24,1.8840379823254043,-0.04724646709031453,0.03429689700678584,0.03,0.03,1.0,0.34868986147046965,0.0011116780225472757,0.0011116226568077536,0.0,0,8.319372968301764e-11
SecurityPatrol,neural,43,25,1.7292783204825155,-0.06202806437167043,0.028174768238575787,0.03,0.03,1.0,0.3352119021940916,0.0009325010244744965,0.0009324427777671618,0.0,0,8.323763900364156e-11
SecurityPatrol,neural,43,26,1.5868525615487301,-0.07769987424380798,0.023066143475358736,0.03,0.03,1.0,0.32236325187889114,0.0007815098139410701,0.0007814502774207144,0.0,0,8.32757196533862e-11
SecurityPatrol,neural,43,27,1.4559380690206476,-0.09420465036441372,0.01880711789887246,0.03,0.03,1.0,0.3102161619569029,0.0006540624364104833,0.0006540027836464679,0.0,0,8.330813816570526e-11
SecurityPatrol,neural,43,28,1.335744034268092,-0.11146478765310741,0.015259274326107075,0.03,0.03,1.0,0.2988255976971748,0.0005462284131641624,0.0005461694805989348,0.0,0,8.33355606744135e-11
SecurityPatrol,neural,43,29,1.2255182455026716,-0.12938257800521386,0.01230587105837122,0.03,0.03,1.0,0.288228964469212,0.00045468415498411036,0.00045462650949501526,0.0,0,8.335832024641832e-11
SecurityPatrol,neural,43,30,1.1245512039061136,-0.14784219657266187,0.009848578479226822,0.03,0.03,1.0,0.2784464592677566,0.0003766232779247621,0.0003765672731900205,0.0,0,8.337652790402217e-11
SecurityPatrol,neural,43,31,1.0321782138427635,-0.1667133896549062,0.00780468694401848,0.03,0.03,1.0,0.26948200963068697,0.0003096796738702904,0.0003096254970449408,0.0,0,8.339107182564476e-11
SecurityPatrol,neural,43,32,0.947779947559864,-0.18585658832505883,0.006104720149074927,0.03,0.03,1.0,0.2613247337546654,0.00025186153787034644,0.00025180924894940837,0.0,0,8.340506063575504e-11
SecurityPatrol,neural,43,33,0.870781872122268,-0.2051289481877097,0.00469039760115364,0.03,0.03,1.0,0.25395082589079127,0.00020149483280245485,0.00020144439678870807,0.0,0,8.341527468758159e-11
SecurityPatrol,neural,43,34,0.8006528296914004,-0.22439066840655444,0.003512897524182712,0.03,0.03,1.0,0.2473257450252754,0.00015717488934847637,0.00015712620266561395,0.0,0,8.342238011493919e-11
SecurityPatrol,neural,43,35,0.7369029818689895,-0.24351090983604048,0.002531378117498484,0.03,0.03,1.0,0.24140656788734696,0.00011772502213868574,0.00011767793419481531,0.0,0,8.342615487322291e-11
SecurityPatrol,neural,43,36,0.6790812642640499,-0.2623727204367597,0.0017117206477734737,0.03,0.03,1.0,0.2361443636002844,8.216119454394782e-05,8.211552468495587e-05,0.0,0,8.342715407394508e-11
SecurityPatrol,neural,43,37,0.626772448498718,-0.2808765610021887,0.0010254627313632803,0.03,0.03,1.0,0.23148645818776042,4.966189200609355e-05,4.961744277998115e-05,0.0,0,8.342582180631553e-11
SecurityPatrol,neural,43,38,0.5795938760673314,-0.29894225705603306,0.000448894381999132,0.03,0.03,1.0,0.22737848086837542,1.9542474997557123e-05,1.9499042544168788e-05,0.0,0,8.342171398112441e-11
SecurityPatrol,neural,43,39,0.5371919131638276,-0.3165094289974629,-3.770689934179394e-05,0.012357259874173425,0.0,0.0,0.0,1.7670455748507765e-06,1.7663897079467361e-06,0.0,0,8.34158297990939e-11
SecurityPatrol,neural,43,40,0.5375243281645306,-0.3211956854390143,5.2393142579987284e-05,0.0,0.004832505082571854,1.0,1.0,1.2659506390485022e-07,1.2662037085497957e-07,0.0,0,8.342149193651949e-11
SecurityPatrol,neural,43,41,0.5311745509824762,-0.322114265735739,-5.406001868379917e-05,0.001272823075555564,0.0,0.0,0.0,1.87556785033782e-08,1.8823615222096635e-08,0.0,0,8.341782820053822e-11
SecurityPatrol,neural,43,42,0.5312029636179729,-0.32259790790770254,-4.506759960776208e-05,0.0,0.0,0.0,0.0,-0.0,-0.0,0.0,0,8.3418494334353e-11
SecurityPatrol,neural,43,43,0.5312029636179729,-0.32259790790770254,-4.506759960776208e-05,0.0,0.0,0.0,0.0,-0.0,-0.0,0.0,0,8.3418494334353e-11
SecurityPatrol,neural,43,44,0.5312029636179729,-0.32259790790770254,-4.506759960776208e-05,0.0,0.0,0.0,0.0,-0.0,-0.0,0.0,0,8.3418494334353e-11
SecurityPatrol,neural,43,45,0.5312029636179729,-0.32259790790770254,-4.506759960776208e-05,0.0,0.0,0.0,0.0,-0.0,-0.0,0.0,0,8.3418494334353e-11
SecurityPatrol,neural,43,46,0.5312029636179729,-0.32259790790770254,-4.506759960776208e-05,0.0,0.0,0.0,0.0,-0.0,-0.0,0.0,0,8.3418494334353e-11
SecurityPatrol,neural,43,47,0.5312029636179729,-0.32259790790770254,-4.506759960776208e-05,0.0,0.0,0.0,0.0,-0.0,-0.0,0.0,0,8.3418494334353e-11
SecurityPatrol,neural,43,48,0.5312029636179729,-0.32259790790770254,-4.506759960776208e-05,0.0,0.0,0.0,0.0,-0.0,-0.0,0.0,0,8.3418494334353e-11
SecurityPatrol,neural,43,49,0.5312029636179729,-0.32259790790770254,-4.506759960776208e-05,0.0,0.0,0.0,0.0,-0.0,-0.0,0.0,0,8.3418494334353e-11
SecurityPatrol,neural,43,50,0.5312029636179729,-0.32259790790770254,-4.506759960776208e-05,0.0,0.0,0.0,0.0,-0.0,-0.0,0.0,0,8.3418494334353e-11
SecurityPatrol,neural,43,51,0.5312029636179729,-0.32259790790770254,-4.506759960776208e-05,0.0,0.0,0.0,0.0,-0.0,-0.0,0.0,0,8.3418494334353e-11
SecurityPatrol,neural,43,52,0.5312029636179729,-0.32259790790770254,-4.506759960776208e-05,0.0,0.0,0.0,0.0,-0.0,-0.0,0.0,0,8.3418494334353e-11
SecurityPatrol,neural,43,53,0.5312029636179729,-0.32259790790770254,-4.506759960776208e-05,0.0,0.0,0.0,0.0,-0.0,-0.0,0.0,0,8.3418494334353e-11
SecurityPatrol,neural,43,54,0.5312029636179729,-0.32259790790770254,-4.506759960776208e-05,0.0,0.0,0.0,0.0,-0.0,-0.0,0.0,0,8.3418494334353e-11
SecurityPatrol,neural,43,55,0.5312029636179729,-0.32259790790770254,-4.506759960776208e-05,0.0,0.0,0.0,0.0,-0.0,-0.0,0.0,0,8.3418494334353e-11
SecurityPatrol,neural,43,56,0.5312029636179729,-0.32259790790770254,-4.506759960776208e-05,0.0,0.0,0.0,0.0,-0.0,-0.0,0.0,0,8.3418494334353e-11
SecurityPatrol,neural,43,57,0.5312029636179729,-0.32259790790770254,-4.506759960776208e-05,0.0,0.0,0.0,0.0,-0.0,-0.0,0.0,0,8.3418494334353e-11
SecurityPatrol,neural,43,58,0.5312029636179729,-0.32259790790770254,-4.506759960776208e-05,0.0,0.0,0.0,0.0,-0.0,-0.0,0.0,0,8.3418494334353e-11
SecurityPatrol,neural,43,59,0.5312029636179729,-0.32259790790770254,-4.506759960776208e-05,0.0,0.0,0.0,0.0,-0.0,-0.0,0.0,0,8.3418494334353e-11
SecurityPatrol,neural,43,60,0.5312029636179729,-0.32259790790770254,-4.506759960776208e-05,0.0,0.0,0.0,0.0,-0.0,-0.0,0.0,0,8.3418494334353e-11
SecurityPatrol,neural,44,1,5.538918401945411,0.09229131858563157,2.6221656536351756,0.03,0.03,1.0,0.6163734082350852,0.07736794969346611,0.07736296279641897,0.0,0,8.765788095388416e-11
SecurityPatrol,neural,44,2,5.810784105726552,0.08354199579480467,2.2518094024689166,0.03,0.03,1.0,0.6119131242422985,0.06645706451681929,0.06644322653477208,0.0,0,8.274947393971388e-11
SecurityPatrol,neural,44,3,6.064198311973907,0.07543964806813812,1.9420322176514357,0.03,0.03,1.0,0.6073282823903214,0.05743585954871689,0.05741611846632777,0.0,0,8.265688133946014e-11
SecurityPatrol,neural,44,4,6.28120446252509,0.06782325147314476,1.6784887277391771,0.03,0.03,1.0,0.6025274011609132,0.049829055345346165,0.0498058909315473,0.0,0,8.269329665466785e-11
SecurityPatrol,neural,44,5,6.441955579767928,0.06049345039207975,1.4511742556151939,0.03,0.03,1.0,0.5974091348848464,0.04330348934753836,0.043278942846969315,0.0,0,8.277811769374921e-11
SecurityPatrol,neural,44,6,6.527928873449587,0.05323087016895764,1.2531124413579906,0.03,0.03,1.0,0.5918654814197094,0.03762740043990636,0.03760311383420001,0.0,0,8.287437402998421e-11
SecurityPatrol,neural,44,7,6.526012035767752,0.04581152858440914,1.0794224588086476,0.03,0.03,1.0,0.5857855177423605,0.03264077313084622,0.032618004385268407,0.0,0,8.29709634331266e-11
SecurityPatrol,neural,44,8,6.431980813271715,0.03801929496902693,0.9266480788921724,0.03,0.03,1.0,0.5790597136457414,0.028233455188470105,0.028213079504200156,0.0,0,8.305989229739907e-11
SecurityPatrol,neural,44,9,6.251716731992865,0.02965551122960344,0.7922720580856475,0.03,0.03,1.0,0.5715848160692916,0.024328879750306065,0.024311399601691264,0.0,0,8.31368307530056e-11
SecurityPatrol,neural,44,10,5.999516767402422,0.020545903239710537,0.6743676428430011,0.03,0.03,1.0,0.5632691896901688,0.020872030371362205,0.02085761129853758,0.0,0,8.31990032423846e-11
SecurityPatrol,neural,44,11,5.694378351052528,0.010544868633916474,0.5713563063553102,0.03,0.03,1.0,0.5540383638553391,0.017820787985821974,0.017809323033944446,0.0,0,8.32455215871164e-11
SecurityPatrol,neural,44,12,5.355978285846957,-0.0004627838140556152,0.481849660317364,0.03,0.03,1.0,0.5438404020896432,0.015140042774203256,0.01513123544946926,0.0,0,8.327638578720098e-11
SecurityPatrol,neural,44,13,5.001723505211382,-0.012562489958830277,0.40455693769040785,0.03,0.03,1.0,0.5326506145523515,0.012798031355748694,0.012791480898323604,0.0,0,8.330325318439691e-11
SecurityPatrol,neural,44,14,4.6453227436624775,-0.025812652157804643,0.3382406612134963,0.03,0.03,1.0,0.5204751093168409,0.010764370217584049,0.010759644662902246,0.0,0,8.33204616412786e-11
SecurityPatrol,neural,44,15,4.296595884047297,-0.04024886787428362,0.28170438695954597,0.03,0.03,1.0,0.5073527441708185,0.00900927452159747,0.009005963336998768,0.0,0,8.332345924344509e-11
SecurityPatrol,neural,44,16,3.96198605659652,-0.05588889809596224,0.23379873345215144,0.03,0.03,1.0,0.4933551923588593,0.007503509557762799,0.0075012545482936455,0.0,0,8.331346723622346e-11
SecurityPatrol,neural,44,17,3.645321218108204,-0.07273750204806553,0.1934351548891764,0.03,0.03,1.0,0.47858504449154143,0.006218715777870854,0.006217223772701952,0.0,0,8.329215095415066e-11
SecurityPatrol,neural,44,18,3.348556301905444,-0.09079030431291892,0.15960043136910226,0.03,0.03,1.0,0.4631720901293704,0.0051278555974094584,0.005126898460676377,0.0,0,8.326106470946115e-11
SecurityPatrol,neural,44,19,3.0723818950423203,-0.11003604270424565,0.13136797076563675,0.03,0.03,1.0,0.4472681107404619,0.004205629054867925,0.004205036443662324,0.0,0,8.322198485899435e-11
SecurityPatrol,neural,44,20,2.8166773567568084,-0.13045682568418837,0.10790436879164761,0.03,0.03,1.0,0.43104063843664286,0.0034287828801554798,0.003428431951313371,0.0,0,8.317602162577487e-11
SecurityPatrol,neural,44,21,2.5808277591669677,-0.15202634619540353,0.08847118587754212,0.03,0.03,1.0,0.41466618047488113,0.0027762901580053027,0.0027760949459892936,0.0,0,8.312450727743226e-11
SecurityPatrol,neural,44,22,2.3639360995963603,-0.17470630292528425,0.07242273923425135,0.03,0.03,1.0,0.3983233861728106,0.002229409633596038,0.002229310497588677,0.0,0,8.306733079166406e-11
SecurityPatrol,neural,44,23,2.1649607481107975,-0.19844154045807197,0.059200784100282844,0.03,0.03,1.0,0.3821865616186,0.0017716419114516809,0.0017715999389005255,0.0,0,8.300615750300722e-11
SecurityPatrol,neural,44,24,1.9828020175257408,-0.223154625907062,0.04832750274765818,0.01470596765032969,0.03,1.0,0.5412404142853886,0.0013975630525447235,0.0013975201815649152,0.0,0,8.294265274599866e-11
SecurityPatrol,neural,44,25,1.8188739690393374,-0.24542090666481978,0.039975471022846154,0.0,0.03,1.0,1.0,0.0011488387715951065,0.0011488027215823537,0.0,0,8.287404096307682e-11
SecurityPatrol,neural,44,26,1.6712246183987494,-0.26474358340267384,0.033524536506629454,0.0,0.03,1.0,1.0,0.0009629599232487962,0.0009629318469650539,0.0,0,8.280798269311163e-11
SecurityPatrol,neural,44,27,1.5348922793849396,-0.284211755259637,0.028059158368104464,0.0,0.03,1.0,1.0,0.0008054873477024715,0.000805465464698063,0.0,0,8.274869678359664e-11
SecurityPatrol,neural,44,28,1.4093105571104647,-0.3036633326748901,0.02342972753679451,0.0,0.03,1.0,1.0,0.0006721072004421957,0.0006720901305075078,0.0,0,8.269407381078508e-11
SecurityPatrol,neural,44,29,1.2938883567332597,-0.32292091835830977,0.019509211676421723,0.0,0.03,1.0,1.0,0.0005591569940712748,0.0005591436674732275,0.0,0,8.264344764086218e-11
SecurityPatrol,neural,44,30,1.1880280183871554,-0.3417982645397715,0.016189763863427853,0.0,0.03,1.0,1.0,0.0004635276696324242,0.00046351725711613057,0.0,0,8.259626316231561e-11
SecurityPatrol,neural,44,31,1.0911387464009885,-0.3601084607072296,0.013379838623411855,0.0,0.03,1.0,1.0,0.00038258033613491893,0.00038257219441550916,0.0,0,8.255196526363306e-11
SecurityPatrol,neural,44,32,1.0026462165688037,-0.3776730946824074,0.011001739585481118,0.0,0.03,1.0,1.0,0.0003140754858927952,0.00031406911552744887,0.0,0,8.25101098556047e-11
SecurityPatrol,neural,44,33,0.9219991078948394,-0.3943313930116682,0.008989534392989107,0.0,0.03,1.0,1.0,0.0002561128222553499,0.00025610783518259517,0.0,0,8.247047489362558e-11
SecurityPatrol,neural,44,34,0.8486731718638235,-0.40994827663366923,0.007287282107648618,0.0,0.03,1.0,1.0,0.00020708011569203766,0.0002070762098994594,0.0,0,8.243261628848586e-11
SecurityPatrol,neural,44,35,0.7821733319883487,-0.4244203998370406,0.00584752649218645,0.0,0.03,1.0,1.0,0.0001656097385847044,0.00016560667863452228,0.0,0,8.239608995097569e-11
SecurityPatrol,neural,44,36,0.7220342048216543,-0.43767955282106175,0.004630015499867968,0.0,0.03,1.0,1.0,0.0001305417313932633,0.00013053933346784952,0.0,0,8.236089588109508e-11
SecurityPatrol,neural,44,37,0.6678193545610631,-0.4496932257131387,0.003600613168369682,0.0,0.03,1.0,1.0,0.00010089242330391102,0.00010089054370854278,0.0,0,8.232703407884401e-11
SecurityPatrol,neural,44,38,0.6191195394873864,-0.4604625523374458,0.00273037516219099,0.0,0.03,1.0,1.0,7.582777590864342e-05,7.582630208646801e-05,0.0,0,8.229372738810525e-11
SecurityPatrol,neural,44,39,0.5755501813575945,-0.47001818148943064,0.001994763464829852,0.0,0.03,1.0,1.0,5.464074186378731e-05,5.463958543272529e-05,0.0,0,8.226119785348374e-11
SecurityPatrol,neural,44,40,0.5367482880035743,-0.47841480551544735,0.0013729793734873486,0.0,0.03,1.0,1.0,3.673203619602994e-05,3.673112778657117e-05,0.0,0,8.222944547497946e-11
SecurityPatrol,neural,44,41,0.5023690805269233,-0.48572510230673477,0.0008473970589006896,0.0,0.03,1.0,1.0,2.159380882837958e-05,2.1593093697869215e-05,0.0,0,8.219813718568503e-11
SecurityPatrol,neural,44,42,0.4720826096981447,-0.49203374878597456,0.00040308258112964346,0.0,0.03,1.0,1.0,8.795780822690169e-06,8.795215870716078e-06,0.0,0,8.216749503020537e-11
SecurityPatrol,neural,44,43,0.4455706750461595,-0.4974319932783964,2.7385533513113458e-05,0.0,0.004326930408076041,1.0,1.0,5.9247648849638046e-08,5.925424295671888e-08,0.0,0,8.213696389702818e-11
SecurityPatrol,neural,44,44,0.44217004119365017,-0.4981139307281186,-2.005895601842056e-05,0.0,0.0,0.0,0.0,-0.0,-0.0,0.0,0,8.213263402723214e-11
SecurityPatrol,neural,44,45,0.44217004119365017,-0.4981139307281186,-2.005895601842056e-05,0.0,0.0,0.0,0.0,-0.0,-0.0,0.0,0,8.213263402723214e-11
SecurityPatrol,neural,44,46,0.44217004119365017,-0.4981139307281186,-2.005895601842056e-05,0.0,0.0,0.0,0.0,-0.0,-0.0,0.0,0,8.213263402723214e-11
SecurityPatrol,neural,44,47,0.44217004119365017,-0.4981139307281186,-2.005895601842056e-05,0.0,0.0,0.0,0.0,-0.0,-0.0,0.0,0,8.213263402723214e-11
SecurityPatrol,neural,44,48,0.44217004119365017,-0.4981139307281186,-2.005895601842056e-05,0.0,0.0,0.0,0.0,-0.0,-0.0,0.0,0,8.213263402723214e-11
SecurityPatrol,neural,44,49,0.44217004119365017,-0.4981139307281186,-2.005895601842056e-05,0.0,0.0,0.0,0.0,-0.0,-0.0,0.0,0,8.213263402723214e-11
SecurityPatrol,neural,44,50,0.44217004119365017,-0.4981139307281186,-2.005895601842056e-05,0.0,0.0,0.0,0.0,-0.0,-0.0,0.0,0,8.213263402723214e-11
SecurityPatrol,neural,44,51,0.44217004119365017,-0.4981139307281186,-2.005895601842056e-05,0.0,0.0,0.0,0.0,-0.0,-0.0,0.0,0,8.213263402723214e-11
SecurityPatrol,neural,44,52,0.44217004119365017,-0.4981139307281186,-2.005895601842056e-05,0.0,0.0,0.0,0.0,-0.0,-0.0,0.0,0,8.213263402723214e-11
SecurityPatrol,neural,44,53,0.44217004119365017,-0.4981139307281186,-2.005895601842056e-05,0.0,0.0,0.0,0.0,-0.0,-0.0,0.0,0,8.213263402723214e-11
SecurityPatrol,neural,44,54,0.44217004119365017,-0.4981139307281186,-2.005895601842056e-05,0.0,0.0,0.0,0.0,-0.0,-0.0,0.0,0,8.213263402723214e-11
SecurityPatrol,neural,44,55,0.44217004119365017,-0.4981139307281186,-2.005895601842056e-05,0.0,0.0,0.0,0.0,-0.0,-0.0,0.0,0,8.213263402723214e-11
SecurityPatrol,neural,44,56,0.44217004119365017,-0.4981139307281186,-2.005895601842056e-05,0.0,0.0,0.0,0.0,-0.0,-0.0,0.0,0,8.213263402723214e-11
SecurityPatrol,neural,44,57,0.44217004119365017,-0.4981139307281186,-2.005895601842056e-05,0.0,0.0,0.0,0.0,-0.0,-0.0,0.0,0,8.213263402723214e-11
SecurityPatrol,neural,44,58,0.44217004119365017,-0.4981139307281186,-2.005895601842056e-05,0.0,0.0,0.0,0.0,-0.0,-0.0,0.0,0,8.213263402723214e-11
SecurityPatrol,neural,44,59,0.44217004119365017,-0.4981139307281186,-2.005895601842056e-05,0.0,0.0,0.0,0.0,-0.0,-0.0,0.0,0,8.213263402723214e-11
SecurityPatrol,neural,44,60,0.44217004119365017,-0.4981139307281186,-2.005895601842056e-05,0.0,0.0,0.0,0.0,-0.0,-0.0,0.0,0,8.213263402723214e-11
SecurityPatrol,neural,45,1,8.618341740664075,0.021209204449236654,1.9984464243534592,0.0,0.03,1.0,1.0,0.05830266225915025,0.058269952832431526,0.0,0,8.902234505114848e-11
SecurityPatrol,neural,45,2,8.35222487816587,0.023797928037358,1.75592713785406,0.0,0.03,1.0,1.0,0.05116060950572321,0.05113240795546181,0.0,0,8.898581871363831e-11
SecurityPatrol,neural,45,3,8.028137391274614,0.025938574816068684,1.5366578453940856,0.0,0.03,1.0,1.0,0.04471372248988499,0.04468978045364569,0.0,0,8.895800762687145e-11
SecurityPatrol,neural,45,4,7.663154323754534,0.02763622048173891,1.339498781029692,0.0,0.03,1.0,1.0,0.03892668584213825,0.03890670257991791,0.0,0,8.893746850091588e-11
SecurityPatrol,neural,45,5,7.272534553351853,0.028897783413229062,1.1631887819830071,0.0,0.03,1.0,1.0,0.033760606534716006,0.03374422363325014,0.0,0,8.892281355699083e-11
SecurityPatrol,neural,45,6,6.868916696851876,0.029732755598382225,1.0063746384698855,0.0,0.03,1.0,1.0,0.029173889302752616,0.02916069982741254,0.0,0,8.8915652618482e-11
SecurityPatrol,neural,45,7,6.462177776177887,0.03015386983990593,0.8676384354650676,0.0,0.03,1.0,1.0,0.02512308775776481,0.025112656527322752,0.0,0,8.891332115013029e-11
SecurityPatrol,neural,45,8,6.05968543081645,0.030177606727091123,0.7455246771433219,0.0,0.03,1.0,1.0,0.021563768457147223,0.021555657154384567,0.0,0,8.891432035085245e-11
SecurityPatrol,neural,45,9,5.666720060125564,0.029824452707134647,0.6385676553879845,0.0,0.03,1.0,1.0,0.01845138136536285,0.018445172269192178,0.0,0,8.891792857568248e-11
SecurityPatrol,neural,45,10,5.286922887681188,0.02911884580537207,0.5453183090302601,0.0,0.03,1.0,1.0,0.015742098388743433,0.015737412511521498,0.0,0,8.892325764620068e-11
SecurityPatrol,neural,45,11,4.922696068126529,0.02808878616008366,0.4643691514112123,0.0,0.03,1.0,1.0,0.013393570103395773,0.01339007804325909,0.0,0,8.892975245089474e-11
SecurityPatrol,neural,45,12,4.575528049203861,0.026765137644921475,0.39437579068552137,0.0,0.03,1.0,1.0,0.011365557185575347,0.011362983046974584,0.0,0,8.893719094515973e-11
SecurityPatrol,neural,45,13,4.246243405241717,0.02518069415557807,0.3340739591947393,0.0,0.03,1.0,1.0,0.009620409872273295,0.009618529793538944,0.0,0,8.894501801748333e-11
SecurityPatrol,neural,45,14,3.935187884155955,0.02336911906339841,0.2822915551210409,0.0,0.03,1.0,1.0,0.008123388229129605,0.00812202541679019,0.0,0,8.895317815671433e-11
SecurityPatrol,neural,45,15,3.64236261955822,0.02136388146083204,0.23795577066056867,0.0,0.03,1.0,1.0,0.006842832540366732,0.006841850540565297,0.0,0,8.89611162513404e-11
SecurityPatrol,neural,45,16,3.3675206224042977,0.01919730611010231,0.20009581292716427,0.0,0.03,1.0,1.0,0.005750204267004096,0.00574949978214212,0.0,0,8.896899883481524e-11
SecurityPatrol,neural,45,17,3.1102362920201303,0.016899828962951335,0.16784197748547955,0.014997124136171481,0.03,1.0,0.6072505072127131,0.0048371391143686255,0.004836646432254343,0.0,0,8.899070369494666e-11
SecurityPatrol,neural,45,18,2.8703555645109633,0.011915410296206533,0.14177395823069538,0.03,0.03,1.0,0.42067125304583947,0.004154718060950499,0.0041543090880803435,0.0,0,8.903450199326812e-11
SecurityPatrol,neural,45,19,2.6463964563483597,0.003799986623563994,0.1207609547591193,0.03,0.03,1.0,0.4049673290826295,0.0036242641473792146,0.003623917909488461,0.0,0,8.907669046820388e-11
SecurityPatrol,neural,45,20,2.435466839102623,-0.005107315025205825,0.10255965819932489,0.03,0.03,1.0,0.38930389447315217,0.0031592526549146876,0.0031589635826988482,0.0,0,8.911626991903177e-11
SecurityPatrol,neural,45,21,2.237950556321105,-0.014876377922994464,0.0868258112077025,0.03,0.03,1.0,0.37383341560131444,0.002751552900167438,0.0027513143928780126,0.0,0,8.915246318963455e-11
SecurityPatrol,neural,45,22,2.053869836128277,-0.02556405587702529,0.07325370114000807,0.03,0.03,1.0,0.3587020442197555,0.0023940827408239487,0.0023938878358463755,0.0,0,8.918510374655853e-11
SecurityPatrol,neural,45,23,1.8829856509883887,-0.03721043294086992,0.061571739031751616,0.03,0.03,1.0,0.34404558329083496,0.002080638495262634,0.002080480351797309,0.0,0,8.921374750059385e-11
SecurityPatrol,neural,45,24,1.7248775350099521,-0.04983492892925314,0.05153875921992679,0.03,0.03,1.0,0.3299859251948008,0.0018057612684823305,0.0018056334896526804,0.0,0,8.923839445174053e-11
SecurityPatrol,neural,45,25,1.5790054351412075,-0.06343264477599177,0.04294086321162127,0.03,0.03,1.0,0.3166280746979534,0.001564631359103062,0.001564528181170588,0.0,0,8.925887806654487e-11
SecurityPatrol,neural,45,26,1.4447565970587666,-0.07797146980935442,0.03558867398185117,0.03,0.03,1.0,0.30405785228687066,0.0013529840044362162,0.0013529003867409628,0.0,0,8.927525385615809e-11
SecurityPatrol,neural,45,27,1.3214803988799526,-0.0933905367503928,0.029314902798588394,0.03,0.03,1.0,0.29234035909347544,0.0011670411611453243,0.0011669728023954162,0.0,0,8.928835448784866e-11
SecurityPatrol,neural,45,28,1.2085137132418051,-0.10960056584681752,0.02397215942573916,0.03,0.03,1.0,0.2815192665219987,0.0010034552402790424,0.0010033985462665207,0.0,0,8.930095551917816e-11
SecurityPatrol,neural,45,29,1.1051989596312066,-0.12648645907215003,0.01943095857371291,0.03,0.03,1.0,0.2716169654040386,0.0008592617413539239,0.0008592137631129315,0.0,0,8.930994832567762e-11
SecurityPatrol,neural,45,30,1.0108965902952387,-0.14391219583794018,0.015577891539098054,0.03,0.03,1.0,0.26263556704721813,0.0007318385475523463,0.0007317969038802552,0.0,0,8.931555495195198e-11
SecurityPatrol,neural,45,31,0.9249933757609791,-0.161727696621053,0.012313943137653993,0.03,0.03,1.0,0.2545586928236113,0.0006188702775026547,0.0006188330736253134,0.0,0,8.931766437569877e-11
SecurityPatrol,neural,45,32,0.846907535225258,-0.17977695299915883,0.009552941333434983,0.03,0.03,1.0,0.24735392687085006,0.0005183165745516643,0.0005182823219193056,0.0,0,8.93168317084303e-11
SecurityPatrol,neural,45,33,0.7760914945613463,-0.1979064753632483,0.007220131402496666,0.03,0.03,1.0,0.24097574967426696,0.00042838355782375584,0.00042835110130179377,0.0,0,8.93131124612978e-11
SecurityPatrol,neural,45,34,0.7120328461369198,-0.2159730576188652,0.005250868841560896,0.03,0.03,1.0,0.23536873156208737,0.0003474979164996709,0.00034746636927351915,0.0,0,8.93068952123599e-11
SecurityPatrol,neural,45,35,0.6542539241466263,-0.2338500155961058,0.003589426253408634,0.03,0.03,1.0,0.23047075395560065,0.0002742832916750651,0.0002742519801717247,0.0,0,8.92980134281629e-11
SecurityPatrol,neural,45,36,0.6023102916250963,-0.25143137057693143,0.0021879096309629364,0.03,0.03,1.0,0.22621604528141634,0.00020753870818375242,0.00020750712614070466,0.0,0,8.928691119791665e-11
SecurityPatrol,neural,45,37,0.5557883574532364,-0.26863382634580857,0.001005279177329621,0.03,0.03,1.0,0.22253786290068261,0.00014621888640886424,0.00014618665717913704,0.0,0,8.927381056622608e-11
SecurityPatrol,neural,45,38,0.5143023019297043,-0.28539672848771613,6.469322594293558e-06,0.03,0.0,0.0,0.0,9.709132212601333e-05,9.70790691791068e-05,0.0,0,8.925882255539364e-11
SecurityPatrol,neural,45,39,0.5140389995672081,-0.2970910599377038,1.004366917412014e-06,0.03,0.0,0.0,0.0,6.927020367349833e-05,6.92578437602176e-05,0.0,0,8.926792638419556e-11
SecurityPatrol,neural,45,40,0.5138474275502513,-0.30866356149808666,-1.576876970665886e-05,0.03,0.0,0.0,0.0,4.1215181336935076e-05,4.120273288699128e-05,0.0,0,8.927636407918271e-11
SecurityPatrol,neural,45,41,0.5137289657579782,-0.32011048736189235,-4.3110379893684936e-05,0.028678428375273554,0.0,0.0,0.0,1.2935233162980538e-05,1.2924371107669863e-05,0.0,0,8.92838025734477e-11
SecurityPatrol,neural,45,42,0.513662085405804,-0.33093577376284294,-7.894845318601185e-05,0.0,0.0,0.0,0.0,-0.0,-0.0,0.0,0,8.929040840044422e-11
SecurityPatrol,neural,45,43,0.513662085405804,-0.33093577376284294,-7.894845318601185e-05,0.0,0.0,0.0,0.0,-0.0,-0.0,0.0,0,8.929040840044422e-11
SecurityPatrol,neural,45,44,0.513662085405804,-0.33093577376284294,-7.894845318601185e-05,0.0,0.0,0.0,0.0,-0.0,-0.0,0.0,0,8.929040840044422e-11
SecurityPatrol,neural,45,45,0.513662085405804,-0.33093577376284294,-7.894845318601185e-05,0.0,0.0,0.0,0.0,-0.0,-0.0,0.0,0,8.929040840044422e-11
SecurityPatrol,neural,45,46,0.513662085405804,-0.33093577376284294,-7.894845318601185e-05,0.0,0.0,0.0,0.0,-0.0,-0.0,0.0,0,8.929040840044422e-11
SecurityPatrol,neural,45,47,0.513662085405804,-0.33093577376284294,-7.894845318601185e-05,0.0,0.0,0.0,0.0,-0.0,-0.0,0.0,0,8.929040840044422e-11
SecurityPatrol,neural,45,48,0.513662085405804,-0.33093577376284294,-7.894845318601185e-05,0.0,0.0,0.0,0.0,-0.0,-0.0,0.0,0,8.929040840044422e-11
SecurityPatrol,neural,45,49,0.513662085405804,-0.33093577376284294,-7.894845318601185e-05,0.0,0.0,0.0,0.0,-0.0,-0.0,0.0,0,8.929040840044422e-11
SecurityPatrol,neural,45,50,0.513662085405804,-0.33093577376284294,-7.894845318601185e-05,0.0,0.0,0.0,0.0,-0.0,-0.0,0.0,0,8.929040840044422e-11
SecurityPatrol,neural,45,51,0.513662085405804,-0.33093577376284294,-7.894845318601185e-05,0.0,0.0,0.0,0.0,-0.0,-0.0,0.0,0,8.929040840044422e-11
SecurityPatrol,neural,45,52,0.513662085405804,-0.33093577376284294,-7.894845318601185e-05,0.0,0.0,0.0,0.0,-0.0,-0.0,0.0,0,8.929040840044422e-11
SecurityPatrol,neural,45,53,0.513662085405804,-0.33093577376284294,-7.894845318601185e-05,0.0,0.0,0.0,0.0,-0.0,-0.0,0.0,0,8.929040840044422e-11
SecurityPatrol,neural,45,54,0.513662085405804,-0.33093577376284294,-7.894845318601185e-05,0.0,0.0,0.0,0.0,-0.0,-0.0,0.0,0,8.929040840044422e-11
SecurityPatrol,neural,45,55,0.513662085405804,-0.33093577376284294,-7.894845318601185e-05,0.0,0.0,0.0,0.0,-0.0,-0.0,0.0,0,8.929040840044422e-11
SecurityPatrol,neural,45,56,0.513662085405804,-0.33093577376284294,-7.894845318601185e-05,0.0,0.0,0.0,0.0,-0.0,-0.0,0.0,0,8.929040840044422e-11
SecurityPatrol,neural,45,57,0.513662085405804,-0.33093577376284294,-7.894845318601185e-05,0.0,0.0,0.0,0.0,-0.0,-0.0,0.0,0,8.929040840044422e-11
SecurityPatrol,neural,45,58,0.513662085405804,-0.33093577376284294,-7.894845318601185e-05,0.0,0.0,0.0,0.0,-0.0,-0.0,0.0,0,8.929040840044422e-11
SecurityPatrol,neural,45,59,0.513662085405804,-0.33093577376284294,-7.894845318601185e-05,0.0,0.0,0.0,0.0,-0.0,-0.0,0.0,0,8.929040840044422e-11
SecurityPatrol,neural,45,60,0.513662085405804,-0.33093577376284294,-7.894845318601185e-05,0.0,0.0,0.0,0.0,-0.0,-0.0,0.0,0,8.929040840044422e-11
SecurityPatrol,neural,46,1,7.200018637816582,0.051035750495221334,2.4451453639171143,0.03,0.03,1.0,0.6163124142602664,0.07556594734326405,0.07553595670658919,0.0,0,8.38527025592839e-11
SecurityPatrol,neural,46,2,7.264509345954568,0.05372220016420899,2.075584190722615,0.03,0.03,1.0,0.6115621281439471,0.06458114049405524,0.06455289246092466,0.0,0,8.865785883216404e-11
SecurityPatrol,neural,46,3,7.25335584471233,0.056675684706705046,1.7615012724217811,0.03,0.03,1.0,0.606517379397056,0.05529205300275469,0.05526609404192495,0.0,0,8.880629565055642e-11
SecurityPatrol,neural,46,4,7.169240679167677,0.059748578669336944,1.4930744090859789,0.03,0.03,1.0,0.6011284207105982,0.0473659092818824,0.0473425879622309,0.0,0,8.705303145006837e-11
SecurityPatrol,neural,46,5,7.019907456819503,0.06279339053994006,1.262773043459842,0.03,0.03,1.0,0.5953353761782483,0.04055322010510627,0.040532795833533974,0.0,0,8.554723596176927e-11
SecurityPatrol,neural,46,6,6.816196655947685,0.06566449594392171,1.064766439399044,0.03,0.03,1.0,0.5890711302590933,0.03466723799223121,0.034649871260718945,0.0,0,8.426270792227797e-11
SecurityPatrol,neural,46,7,6.570059743914994,0.06822098674440308,0.8944712673346287,0.03,0.03,1.0,0.5822647270049144,0.029567175268830626,0.029552877971795954,0.0,0,8.317468935814532e-11
SecurityPatrol,neural,46,8,6.293050559309716,0.07033028093087035,0.7482014108458978,0.03,0.03,1.0,0.5748452374280638,0.025144787879395718,0.025133401949763545,0.0,0,8.225975456355172e-11
SecurityPatrol,neural,46,9,5.995436589381265,0.07187200778786461,0.6229039002954782,0.03,0.03,1.0,0.5667460069944159,0.021314122577460272,0.021305345067914594,0.0,0,8.975553633661093e-11
SecurityPatrol,neural,46,10,5.685834251276793,0.07274162460984818,0.5159709769962892,0.03,0.03,1.0,0.5579091167858808,0.018004161941081648,0.017997600561346583,0.0,0,8.984957222679668e-11
SecurityPatrol,neural,46,11,5.371188815543429,0.07285323836639179,0.4251161188295256,0.03,0.03,1.0,0.5482898059994696,0.015153925452787884,0.01514915969112951,0.0,0,8.927258932089899e-11
SecurityPatrol,neural,46,12,5.056935486329064,0.0721411995620661,0.34829882832062276,0.03,0.03,1.0,0.5378605357493339,0.012709459025244105,0.012706089003714949,0.0,0,8.8802354358819e-11
SecurityPatrol,neural,46,13,4.74722919768237,0.070560200588136,0.2836825615983767,0.03,0.03,1.0,0.5266143467551626,0.010622135166417529,0.010619811495163889,0.0,0,8.842193643943119e-11
SecurityPatrol,neural,46,14,4.445179444547014,0.06808382770289746,0.22961244537053493,0.03,0.03,1.0,0.5145671901548187,0.008847771209591012,0.008846207336133727,0.0,0,8.811690266341543e-11
SecurityPatrol,neural,46,15,4.15306050020835,0.06470174871446968,0.18460302254150637,0.03,0.03,1.0,0.5017589924487738,0.007346200820944026,0.0073451730054528985,0.0,0,8.78744299548373e-11
SecurityPatrol,neural,46,16,3.8724871943064487,0.060415922037791,0.1473298449024939,0.03,0.03,1.0,0.4882533396889309,0.006081059134137013,0.006080399457612629,0.0,0,8.76836936392067e-11
SecurityPatrol,neural,46,17,3.604556407043276,0.0552363455752015,0.11662155760827161,0.03,0.03,1.0,0.4741358089705064,0.005019641077659102,0.005019227620794653,0.0,0,8.753575642117539e-11
SecurityPatrol,neural,46,18,3.3499586610961516,0.04917690246342552,0.09145102257988369,0.03,0.03,1.0,0.4595111096722214,0.004132760869997002,0.00413250763854045,0.0,0,8.74251226967715e-11
SecurityPatrol,neural,46,19,3.109065409108502,0.042251807027669765,0.07092514478458166,0.03,0.03,1.0,0.44449929929598114,0.00339458291185813,0.0033944308474319618,0.0,0,8.734829526346743e-11
SecurityPatrol,neural,46,20,2.8819974019367365,0.03447303215451483,0.054273628508076426,0.03,0.03,1.0,0.4292313956182161,0.002782417946646397,0.002782327523849215,0.0,0,8.729378331295834e-11
SecurityPatrol,neural,46,21,2.6686787185329233,0.025848943429247737,0.04083708047784573,0.03,0.03,1.0,0.41384471641699544,0.002276489033944181,0.0022764354304051215,0.0,0,8.725653533048217e-11
SecurityPatrol,neural,46,22,2.4688800693006674,0.01638420840190349,0.030055104100501495,0.03,0.03,1.0,0.39847824836542434,0.0018596825813155787,0.0018596490059741289,0.0,0,8.723327615811627e-11
SecurityPatrol,neural,46,23,2.282254063063992,0.006080912897774484,0.021454436084761275,0.03,0.03,1.0,0.38326829145157565,0.0015172839273048886,0.001517259893077605,0.0,0,8.722100819369416e-11
SecurityPatrol,neural,46,24,2.1083643508966383,-0.005059291383131076,0.014637831062358497,0.03,0.03,1.0,0.3683445591943085,0.0012367190780270818,0.0012366983756298966,0.0,0,8.721762201346905e-11
SecurityPatrol,neural,46,25,1.9467099603129447,-0.01703226465267537,0.009273718329938507,0.03,0.03,1.0,0.35382685029499455,0.001007304205547779,0.0010072833694837469,0.0,0,8.722095268254293e-11
SecurityPatrol,neural,46,26,1.79674570492434,-0.029827999371089625,0.005086784598989924,0.03,0.03,1.0,0.33982235242368053,0.0008200092451970903,0.0008199865137222817,0.0,0,8.722927935522762e-11
SecurityPatrol,neural,46,27,1.657899271122839,-0.04342714497027812,0.0018495434942422673,0.03,0.029127889771705513,1.0,0.3199706319822667,0.0006672654523772975,0.0006672388770194715,0.0,0,8.724121425274234e-11
SecurityPatrol,neural,46,28,1.5331864917790778,-0.05759740021369551,-0.00056831455268469,0.03,0.0,0.0,0.0,0.0005832999322969695,0.0005832614779633927,0.0,0,8.725459244018907e-11
SecurityPatrol,neural,46,29,1.528959026602708,-0.06571453089077912,-0.0008078804281164143,0.03,0.0,0.0,0.0,0.000540621469785001,0.0005405832330295235,0.0,0,8.723821665057585e-11
SecurityPatrol,neural,46,30,1.5249857352882443,-0.07384763469026849,-0.0009720963662251947,0.03,0.0,0.0,0.0,0.0004977186736084045,0.0004976808201464511,0.0,0,8.722272903938233e-11
SecurityPatrol,neural,46,31,1.5212755778622578,-0.08198999864422594,-0.0010604804078939711,0.03,0.0,0.0,0.0,0.00045468549957847703,0.00045464818577400923,0.0,0,8.720862920696959e-11
SecurityPatrol,neural,46,32,1.5178355823581713,-0.09013477309763336,-0.0010729568403478051,0.03,0.0,0.0,0.0,0.00041161674676684726,0.00041158011676600825,0.0,0,8.719575061988394e-11
SecurityPatrol,neural,46,33,1.514670720903611,-0.09827500663808994,-0.0010098684842030359,0.03,0.0,0.0,0.0,0.0003686072601616985,0.0003685714430305964,0.0,0,8.71841487892766e-11
SecurityPatrol,neural,46,34,1.5117838045784937,-0.10640368162821755,-0.0008719861326722533,0.03,0.0,0.0,0.0,0.0003257510962722402,0.0003257162034315808,0.0,0,8.717382371514759e-11
SecurityPatrol,neural,46,35,1.5091754005893638,-0.11451375011224088,-0.0006605146851357269,0.03,0.0,0.0,0.0,0.00028314066015328005,0.0002831067835649126,0.0,0,8.716483090864813e-11
SecurityPatrol,neural,46,36,1.506843775034688,-0.12259816989078534,-0.000377095538550698,0.03,0.0,0.0,0.0,0.00024086582566038738,0.00024083303576649673,0.0,0,8.715733690323191e-11
SecurityPatrol,neural,46,37,1.5047848641404946,-0.13064994057538326,-2.380487640896156e-05,0.03,0.0034957775427002257,1.0,0.049747683654518475,0.00019939508326620144,0.00019936551127186508,0.0,0,8.71512861877477e-11
SecurityPatrol,neural,46,38,1.4896353284911734,-0.1398295266570164,0.0001723884307081036,0.03,0.006660802276762528,1.0,0.08996639347549187,0.00016050161832265733,0.0001604743339892467,0.0,0,8.715161925465509e-11
SecurityPatrol,neural,46,39,1.4628392432923363,-0.15014533535246655,0.00022401708623109862,0.03,0.007533733157304221,1.0,0.09924667326894666,0.00012341760120760967,0.00012339103982772492,0.0,0,8.715789201474422e-11
SecurityPatrol,neural,46,40,1.4334263522414845,-0.1608741409525864,0.00027342654119189014,0.03,0.008377280850986707,1.0,0.10757514716244201,8.806368811197827e-05,8.803739738116878e-05,0.0,0,8.716644073203383e-11
SecurityPatrol,neural,46,41,1.401662276881513,-0.17202610253689923,0.00031739751525927673,0.03,0.00914417439834385,1.0,0.11447375516034546,5.4426400597652134e-05,5.439997657319395e-05,0.0,0,8.71779315403387e-11
SecurityPatrol,neural,46,42,1.367992968892998,-0.18359034120983844,0.0003556362629497656,0.03,0.009831793094018106,1.0,0.120022744477772,2.243590973171049e-05,2.2409042618076747e-05,0.0,0,8.719275301771745e-11
SecurityPatrol,neural,46,43,1.3328652051515835,-0.19554953005429462,0.00038802033525686674,0.00700731525977315,0.007906733550556275,1.0,0.31523680642159413,2.347586835373056e-06,2.3472549853797986e-06,0.0,0,8.720524302674448e-11
SecurityPatrol,neural,46,44,1.3056130937615726,-0.20055148609888673,8.013719035027123e-05,0.0028658213870830177,0.0018385391149519383,1.0,0.2051525270720145,2.196384452698711e-07,2.197670460057921e-07,0.0,0,8.721473543360503e-11
SecurityPatrol,neural,46,45,1.299327318058628,-0.20205949188391806,3.479390988103681e-05,0.0007069032088362863,0.0007454278699199833,1.0,0.29717014560237703,2.1252806214367425e-08,2.1288674600938862e-08,0.0,0,8.721701139080551e-11
SecurityPatrol,neural,46,46,1.296819868328968,-0.20254320636074186,8.006966362161805e-06,0.0002695928383569573,0.0001833734203346802,1.0,0.214070202661705,2.0125395614377874e-09,2.0273474010679138e-09,0.0,0,8.721784405807398e-11
SecurityPatrol,neural,46,47,1.2961976848564776,-0.20268914329546528,3.239005602617695e-06,6.978795524542413e-05,7.006294073363712e-05,1.0,0.28667774027409265,1.947949380461213e-10,1.9842616438836558e-10,0.0,0,8.721817712498137e-11
SecurityPatrol,neural,46,48,1.2959623454457472,-0.20273554407648436,7.955473335652385e-07,2.5441257999495214e-05,1.8091635399678185e-05,1.0,0.22156800496300127,1.8521854795972996e-11,1.9911405857442332e-11,0.0,0,8.721812161383014e-11
SecurityPatrol,neural,46,49,1.2959010763709626,-0.202749616972471,3.0404070372469505e-07,6.84157139045056e-06,6.609662157006683e-06,1.0,0.2788552480466719,1.791167308034273e-12,2.151501199421091e-12,0.0,0,8.721817712498137e-11
SecurityPatrol,neural,46,50,1.2958788619780672,-0.20275406700030424,7.846487348750486e-08,2.409387323910541e-06,1.7739505717323767e-06,1.0,0.22761329620425175,1.707696550528687e-13,3.0175861809311755e-13,0.0,0,8.721812161383014e-11
SecurityPatrol,neural,46,51,1.2958728605405792,-0.2027554228854672,2.8678026620099217e-08,6.677047878583428e-07,6.258317867714186e-07,1.0,0.2728041999789748,1.6498827914164615e-14,5.1736392947532295e-14,0.0,0,8.72182326361326e-11
SecurityPatrol,neural,46,52,1.295870755857978,-0.20275584984627337,7.694128667523614e-09,2.288553295098458e-07,1.7316821634899623e-07,1.0,0.2324542578368967,1.5760623872268825e-15,1.3766765505351941e-14,0.0,0,8.72182326361326e-11
SecurityPatrol,neural,46,53,1.2958701704541669,-0.2027559804165017,2.714950486648604e-09,6.494899296864899e-08,5.943156731003194e-08,1.0,0.26806640674729876,1.5213377438889495e-16,4.440892098500626e-16,0.0,0,8.721817712498137e-11
SecurityPatrol,neural,46,54,1.2958699704791083,-0.20275602139678683,7.511213873101497e-10,2.1779692839218448e-08,1.68457050318412e-08,1.0,0.23639243290552037,1.454547987264018e-17,3.885780586188048e-15,0.0,0,8.721817712498137e-11
SecurityPatrol,neural,46,55,1.2958699135646679,-0.20275603396238814,2.57910359735547e-10,6.313969124486906e-09,5.661027820390438e-09,1.0,0.26408618537655426,1.4073421416525743e-18,-2.1094237467877974e-15,0.0,0,8.721817712498137e-11
SecurityPatrol,neural,46,56,1.2958698945077034,-0.2027560379017827,7.311928840181281e-11,2.0707156833096686e-09,1.634640991333931e-09,1.0,0.24009667490504005,1.338684712441126e-19,3.219646771412954e-15,0.0,0,8.72182326361326e-11
SecurityPatrol,neural,46,57,1.2958698889878906,-0.20275603910906448,2.444155988712282e-11,6.157201839082335e-10,5.383195399344834e-10,1.0,0.2592214957215007,1.3042855806263883e-20,2.220446049250313e-16,0.0,0,8.721812161383014e-11
SecurityPatrol,neural,46,58,1.2958698871746623,-0.20275603948798615,7.05546732149287e-12,1.9702609981310835e-10,1.574362209096249e-10,1.0,0.24232141443004676,1.2252772626040438e-21,-7.771561172376096e-16,0.0,0,8.72182326361326e-11
SecurityPatrol,neural,46,59,1.2958698866432055,-0.20275603960358252,2.431388423929093e-12,5.950780307308412e-11,5.336633685248587e-11,0.0,0.2641312213228044,1.2503944350855757e-22,1.9984014443252818e-15,0.0,0,8.721812161383014e-11
SecurityPatrol,neural,46,60,1.2958698864635607,-0.20275603964071492,8.826273045769994e-13,2.3479508237985523e-11,1.9571389542819374e-11,0.0,0.2501640110321107,1.8098429589404266e-23,-1.9984014443252818e-15,0.0,0,8.721812161383014e-11
SecurityPatrol,neural,47,1,6.19295018778727,0.00018326166818769635,2.9519255058611535,0.03,0.03,1.0,0.6284827594882073,0.09848432187430309,0.09827149753142694,0.0,0,8.336376033923898e-11
SecurityPatrol,neural,47,2,6.272970606435181,0.0014973702189905278,2.4577494161699485,0.03,0.03,1.0,0.6277704023608962,0.08197977373736504,0.08182709171912772,0.0,0,8.99570418155804e-11
SecurityPatrol,neural,47,3,6.339757316071974,0.002877985930597715,2.0312223024526803,0.03,0.03,1.0,0.6262672192414597,0.06744772663647916,0.06734855443468124,0.0,0,8.829947883981504e-11
SecurityPatrol,neural,47,4,6.391166627062631,0.004314245534107321,1.672443433403836,0.03,0.03,1.0,0.6240048867086525,0.0550678008831208,0.05500928004327965,0.0,0,8.630918202356952e-11
SecurityPatrol,neural,47,5,6.422060223487754,0.005751110485903235,1.3764415494714262,0.03,0.03,1.0,0.621003789141177,0.04479329129841781,0.044761745439787726,0.0,0,8.446099375447602e-11
SecurityPatrol,neural,47,6,6.42600640796153,0.007098854982460419,1.1353464221501255,0.03,0.03,1.0,0.6172692066808669,0.03642687298069518,0.036411191665206566,0.0,0,8.27633517275217e-11
SecurityPatrol,neural,47,7,6.396851661905127,0.008243650821347256,0.9403096581028658,0.03,0.03,1.0,0.6127899053905761,0.029698257709222547,0.029690871648119677,0.0,0,8.994205380474796e-11
SecurityPatrol,neural,47,8,6.329985377594512,0.009057866437058469,0.7828141749337693,0.03,0.03,1.0,0.6075388800361605,0.024323040099687943,0.024319436059542343,0.0,0,8.868872303224862e-11
SecurityPatrol,neural,47,9,6.223151989846377,0.009409304818605121,0.6553621476324795,0.03,0.03,1.0,0.601475957832615,0.02003783546192861,0.02003562458218222,0.0,0,8.729172940036278e-11
SecurityPatrol,neural,47,10,6.076734897873223,0.009169023482226816,0.5517104851410157,0.03,0.03,1.0,0.5945519545125723,0.016616231610603455,0.016614315806249946,0.0,0,8.604017498470284e-11
SecurityPatrol,neural,47,11,5.893549789774082,0.008217601339300227,0.4668437173374352,0.03,0.03,1.0,0.586714048780863,0.013872506620950116,0.013870494359859653,0.0,0,8.492284653272009e-11
SecurityPatrol,neural,47,12,5.678292061167312,0.006449791718766452,0.3968243331758852,0.024263740066254876,0.03,1.0,0.628648230585066,0.011669486819441492,0.011667492121781753,0.0,0,8.393230555014952e-11
SecurityPatrol,neural,47,13,5.435031463220471,0.004010290936629853,0.33786047097424526,0.020899537226821543,0.03,1.0,0.6538060321311107,0.009893306285622367,0.009891418663554807,0.0,0,8.305689469523259e-11
SecurityPatrol,neural,47,14,5.170991428043586,0.0007788936390378708,0.28797939065875183,0.01976365632248867,0.03,1.0,0.65659412280572,0.008422143676656363,0.008420399181336191,0.0,0,8.22888424067969e-11
SecurityPatrol,neural,47,15,4.893704659556805,-0.0033184396731328588,0.24578820729511977,0.020106715158770584,0.03,1.0,0.6419136214737408,0.007190622678713336,0.007189047058011155,0.0,0,8.991452027373725e-11
SecurityPatrol,neural,47,16,4.609702813431735,-0.008337752505522376,0.21012365193863372,0.021571081871980907,0.03,1.0,0.613582145624136,0.0061563066836031145,0.006154909695452737,0.0,0,8.992184774569978e-11
SecurityPatrol,neural,47,17,4.324421758174792,-0.014348951390272159,0.18000214765995362,0.024023445745299517,0.03,1.0,0.5744644367345113,0.005287523114801429,0.0052862966327590355,0.0,0,8.945921781133848e-11
SecurityPatrol,neural,47,18,4.042296607953197,-0.021452585038664027,0.1545947549961177,0.027474369823087205,0.03,1.0,0.5269103540906387,0.00455923431158989,0.00455815533159587,0.0,0,8.895584269197343e-11
SecurityPatrol,neural,47,19,3.7668869827884772,-0.029793627020630643,0.1332050926793173,0.03,0.03,1.0,0.4896034116013373,0.003950894223141821,0.003949976220099738,0.0,0,8.851175348212337e-11
SecurityPatrol,neural,47,20,3.5006304640438266,-0.039384069324462444,0.11510496732702144,0.03,0.03,1.0,0.4735656856073098,0.003440494676587028,0.003439772681669284,0.0,0,8.811984475443069e-11
SecurityPatrol,neural,47,21,3.2450791509208474,-0.05004802692874341,0.09959591113946599,0.03,0.03,1.0,0.45702734128974143,0.0030083150913232976,0.0030077579895447792,0.0,0,8.777634175061166e-11
SecurityPatrol,neural,47,22,3.001777049327372,-0.061802094182897324,0.08628055096367547,0.03,0.03,1.0,0.44015489154531573,0.0026406503928869418,0.002640226693776948,0.0,0,8.747569335554317e-11
SecurityPatrol,neural,47,23,2.7717622977433862,-0.07466202996666683,0.07482918090828683,0.03,0.03,1.0,0.4231239509854714,0.002326445440443089,0.0023261233966614947,0.0,0,8.720701938358388e-11
SecurityPatrol,neural,47,24,2.555640714810624,-0.08864048489822299,0.0649659036664918,0.03,0.03,1.0,0.40611323284188,0.0020567121791692333,0.0020564678324388463,0.0,0,8.697198516927074e-11
SecurityPatrol,neural,47,25,2.3536588167804813,-0.10374325493371393,0.05645883714850419,0.03,0.03,1.0,0.3892987363561037,0.0018241087152928055,0.001823922421573032,0.0,0,8.676670493201755e-11
SecurityPatrol,neural,47,26,2.165773087482847,-0.11996436164595016,0.04911220725593579,0.03,0.03,1.0,0.3728483823475651,0.0016226067287664352,0.0016224628596861468,0.0,0,8.658673777972581e-11
SecurityPatrol,neural,47,27,1.9917133467623698,-0.13728043328850012,0.04276022728926798,0.03,0.03,1.0,0.3569172707400565,0.001447236969025349,0.0014471234866941796,0.0,0,8.642908611022904e-11
SecurityPatrol,neural,47,28,1.8310389077786111,-0.15564502886565723,0.037262186496705985,0.03,0.03,1.0,0.3416436689352144,0.0012938896640119289,0.0012937975424611725,0.0,0,8.629053027675582e-11
SecurityPatrol,neural,47,29,1.683186910548098,-0.17498369318404264,0.03249843271853625,0.03,0.03,1.0,0.32714579868485494,0.0011591557766658946,0.0011590783999196885,0.0,0,8.616807267713966e-11
SecurityPatrol,neural,47,30,1.5475127810084233,-0.1951906163679571,0.02836704449789562,0.03,0.03,1.0,0.31351946878539666,0.0010401994044393773,0.0010401320159939553,0.0,0,8.605938184302886e-11
SecurityPatrol,neural,47,31,1.4233231877229673,-0.21612774251496572,0.024781052516703594,0.03,0.03,1.0,0.3008365932585714,0.0009346544212517931,0.0009345936564835178,0.0,0,8.596268141758401e-11
SecurityPatrol,neural,47,32,1.3099021538586857,-0.23762697685013862,0.02166611001043761,0.03,0.03,1.0,0.28914462839601085,0.0008405403312691277,0.000840483842155626,0.0,0,8.587619504396571e-11
SecurityPatrol,neural,47,33,1.206531143782667,-0.2594957569983502,0.018958536470142784,0.03,0.03,1.0,0.2784669458027894,0.0007561935724919649,0.0007561397368442968,0.0,0,8.57980353430321e-11
SecurityPatrol,neural,47,34,1.1125040042618837,-0.28152571843322555,0.016603674625076392,0.03,0.03,1.0,0.2688041245017507,0.0006802113626143707,0.000680159068044639,0.0,0,8.572720311406101e-11
SecurityPatrol,neural,47,35,1.0271376264421543,-0.3035036027100965,0.014554511325121089,0.03,0.03,1.0,0.2601360920174428,0.0006114057982454434,0.0006113542833265928,0.0,0,8.566247711172537e-11
SecurityPatrol,neural,47,36,0.9497791323022883,-0.32522308351019524,0.012770520694249665,0.03,0.03,1.0,0.25242497907753486,0.0005487663479307697,0.0005487150909271321,0.0,0,8.560296915760546e-11
SecurityPatrol,neural,47,37,0.8798103000598962,-0.34649596780921066,0.011216694091636947,0.03,0.03,1.0,0.24561848890509533,0.000491429232793934,0.000491377872892107,0.0,0,8.554756902867666e-11
SecurityPatrol,neural,47,38,0.8166498438690631,-0.367161346253312,0.009862726579978887,0.03,0.03,1.0,0.23965353623966423,0.0004386524407879161,0.0004386007249942425,0.0,0,8.549572161342667e-11
SecurityPatrol,neural,47,39,0.7597540657676274,-0.38709168824067086,0.008682334085508003,0.03,0.03,1.0,0.2344598960298772,0.0003897953465957599,0.00038974309427286524,0.0,0,8.544698282264562e-11
SecurityPatrol,neural,47,40,0.708616309334635,-0.4061954748318779,0.007652679396646933,0.03,0.03,1.0,0.22996362184204455,0.0003443020845586554,0.0003442491637104528,0.0,0,8.540057550021629e-11
SecurityPatrol,neural,47,41,0.6627655683566962,-0.42441656395116745,0.0067538886054319125,0.03,0.03,1.0,0.22609004449284759,0.0003016879702957454,0.000301634282445562,0.0,0,8.535605555692882e-11
SecurityPatrol,neural,47,42,0.6217645405904815,-0.4417309393556278,0.005968642620346465,0.03,0.03,1.0,0.22276623005822246,0.00026152839475549573,0.00026147386533170724,0.0,0,8.531331197048075e-11
SecurityPatrol,neural,47,43,0.5852073650016648,-0.4581417310925495,0.005281830992631686,0.03,0.03,1.0,0.2199228484767631,0.0002234497184577193,0.00022339429036133396,0.0,0,8.527140105130115e-11
SecurityPatrol,neural,47,44,0.5527172378686539,-0.47367341399752527,0.0046802575039306404,0.03,0.03,1.0,0.2174954667900538,0.000187121779837212,0.0001870654100607494,0.0,0,8.523060035514618e-11
SecurityPatrol,neural,47,45,0.5239440654585097,-0.48836595136560385,0.004152388843708943,0.03,0.03,1.0,0.21542532693329167,0.00015225170859204743,0.00015219436576208167,0.0,0,8.519052130395721e-11
SecurityPatrol,neural,47,46,0.4985622753718169,-0.5022694321820732,0.003688139254565126,0.03,0.03,1.0,0.21365969467172355,0.00011857879124133716,0.00011852045393001553,0.0,0,8.515077531967563e-11
SecurityPatrol,neural,47,47,0.4762688728192768,-0.515439521428304,0.0032786853169430863,0.0,0.03,1.0,1.0,9.679256737815667e-05,9.679185600808271e-05,0.0,0,8.511114035769651e-11
SecurityPatrol,neural,47,48,0.4568856976123884,-0.5185106124744794,0.003036847107212859,0.0,0.03,1.0,1.0,8.974962058172498e-05,8.974897870361875e-05,0.0,0,8.508160842524148e-11
SecurityPatrol,neural,47,49,0.4397400112276682,-0.5210552364913944,0.0028267852621333134,0.0,0.03,1.0,1.0,8.362444986076412e-05,8.362386413995893e-05,0.0,0,8.505196547048399e-11
SecurityPatrol,neural,47,50,0.42460657159119103,-0.5231494250094381,0.0026437376748233987,0.0,0.03,1.0,1.0,7.828007295906936e-05,7.827953304295754e-05,0.0,0,8.50223225157265e-11
SecurityPatrol,neural,47,51,0.4112776715989614,-0.5248601041749041,0.002483696278182679,0.0,0.03,1.0,1.0,7.360116073973355e-05,7.360065859662868e-05,0.0,0,8.499279058327147e-11
SecurityPatrol,neural,47,52,0.39956245060498635,-0.5262455975417917,0.0023432847749638164,0.0,0.03,1.0,1.0,6.949052740767847e-05,6.949005665690677e-05,0.0,0,8.496303660621152e-11
SecurityPatrol,neural,47,53,0.3892862387448881,-0.5273563138085172,0.0022196563130072455,0.0,0.03,1.0,1.0,6.586619309734143e-05,6.58657486821701e-05,0.0,0,8.493350467375649e-11
SecurityPatrol,neural,47,54,0.38028988859966745,-0.5282355245449947,0.0021104078639644364,0.0,0.03,1.0,1.0,6.265892628254388e-05,6.265850418485375e-05,0.0,0,8.490363967439407e-11
SecurityPatrol,neural,47,55,0.37242906360223316,-0.5289201651484113,0.0020135085785244478,0.0,0.03,1.0,1.0,5.9810187675202187e-05,5.980978465369713e-05,0.0,0,8.487377467503165e-11
SecurityPatrol,neural,47,56,0.3655734677834933,-0.5294416147266907,0.0019272398517622413,0.0,0.03,1.0,1.0,5.727040990410881e-05,5.727002324329433e-05,0.0,0,8.48440206979717e-11
SecurityPatrol,neural,47,57,0.3596060149694846,-0.5298264276276561,0.0018501451715835504,0.0,0.03,1.0,1.0,5.499755792881533e-05,5.4997185484406685e-05,0.0,0,8.481415569860928e-11
SecurityPatrol,neural,47,58,0.35442194607149674,-0.5300970016754948,0.001780988157779051,0.0,0.03,1.0,1.0,5.295592518927972e-05,5.2955565060686105e-05,0.0,0,8.478451274385179e-11
SecurityPatrol,neural,47,59,0.3499279101011054,-0.530272176757058,0.0017187174520261195,0.0,0.03,1.0,1.0,5.1115125271450346e-05,5.111477595476366e-05,0.0,0,8.475464774448938e-11
SecurityPatrol,neural,47,60,0.34604102808486203,-0.5303677630961735,0.0016624373308737894,0.0,0.03,1.0,1.0,4.944924874006329e-05,4.944890900049348e-05,0.0,0,8.47246717228245e-11
SecurityPatrol,neural,48,1,7.100083829188032,0.03332097431868098,1.8797222828063676,0.013526681712901731,0.03,1.0,0.7765067510077,0.05379076577267483,0.053811636753497316,0.0,0,8.62286908542842e-11
SecurityPatrol,neural,48,2,7.014796379337679,0.03549921644856709,1.540354143366917,0.01569981750248634,0.03,1.0,0.7450403255216173,0.04418456597042878,0.04419827600682602,0.0,0,8.500611325956697e-11
SecurityPatrol,neural,48,3,6.859880503390402,0.036910149195483494,1.2660416108525478,0.017817123255833997,0.03,1.0,0.7147472069660804,0.036401256831501555,0.03641012441042246,0.0,0,8.398692852296108e-11
SecurityPatrol,neural,48,4,6.6435997727295995,0.03749861593280876,1.043254798482213,0.019985329310658807,0.03,1.0,0.6841508770461672,0.030067619628170283,0.03007329050988372,0.0,0,8.313050248176523e-11
SecurityPatrol,neural,48,5,6.376695653006179,0.03719950231174061,0.8616140230645429,0.022309624673997743,0.03,1.0,0.652087487346597,0.02489652207143468,0.024900104608013285,0.0,0,8.240597093589486e-11
SecurityPatrol,neural,48,6,6.070921838841366,0.03593298619162182,0.7130609104546484,0.024895826763673648,0.03,1.0,0.6176853738729322,0.020664090860572134,0.02066631101810068,0.0,0,8.178857591190081e-11
SecurityPatrol,neural,48,7,5.737851830941863,0.033599299604414656,0.5912688159748362,0.02785490777078042,0.03,1.0,0.5803640544511363,0.017193790832259703,0.01719511722878675,0.0,0,8.969591736018856e-11
SecurityPatrol,neural,48,8,5.3880564223648335,0.030071980925429894,0.49122085713832553,0.03,0.03,1.0,0.5504428340533627,0.014344601356446893,0.014345383620961494,0.0,0,8.977973919854776e-11
SecurityPatrol,neural,48,9,5.030616657439259,0.025213033978186528,0.40866721525293437,0.03,0.03,1.0,0.5375340264148467,0.011994999514247227,0.011995498741794064,0.0,0,8.934197825993806e-11
SecurityPatrol,neural,48,10,4.673095246515091,0.018971259149076727,0.3400463282038718,0.03,0.03,1.0,0.5235223826317468,0.010046658029782144,0.010046970767892294,0.0,0,8.897116376971326e-11
SecurityPatrol,neural,48,11,4.32166727556642,0.01132557834651781,0.2829090255645686,0.03,0.03,1.0,0.5084791297169645,0.008426327015675575,0.008426515451263272,0.0,0,8.865685963144188e-11
SecurityPatrol,neural,48,12,3.9810856925657783,0.002259757452499541,0.23526292882051522,0.03,0.03,1.0,0.4925138397135818,0.007074927131587661,0.0070750318159518155,0.0,0,8.839040610553184e-11
SecurityPatrol,neural,48,13,3.6548590578846314,-0.00824040602365667,0.1954809780110932,0.03,0.03,1.0,0.4757711026072983,0.005944638197542433,0.0059446859969718435,0.0,0,8.816469776462554e-11
SecurityPatrol,neural,48,14,3.3454311680921656,-0.020188784505019555,0.16222984618648006,0.03,0.03,1.0,0.4584250060117703,0.004996628349845856,0.00499663737947853,0.0,0,8.797296224827278e-11
SecurityPatrol,neural,48,15,3.054353974365206,-0.03359891678922889,0.13441349266126723,0.03,0.03,1.0,0.4406719665063159,0.004199270860719996,0.0041992530356604885,0.0,0,8.780975946365288e-11
SecurityPatrol,neural,48,16,2.782449819512092,-0.04848192132826537,0.11112835067460525,0.03,0.03,1.0,0.42272255227060546,0.003526735217745135,0.003526696919587069,0.0,0,8.766942727334026e-11
SecurityPatrol,neural,48,17,2.5299603184527473,-0.06484222679445878,0.09162733917492671,0.03,0.03,1.0,0.40479292893209967,0.00295786179806683,0.0029578093217090817,0.0,0,8.755007829819306e-11
SecurityPatrol,neural,48,18,2.296679677048536,-0.08267132576584252,0.07529134546958027,0.03,0.03,1.0,0.3870964792975131,0.0024752750051458957,0.0024752130194910515,0.0,0,8.744838186913739e-11
SecurityPatrol,neural,48,19,2.082070865839371,-0.10194007451608723,0.0616060054403178,0.03,0.03,1.0,0.3698360308159739,0.0020646658156669327,0.0020645977714344177,0.0,0,8.736134038400678e-11
SecurityPatrol,neural,48,20,1.8853639688225583,-0.12259038367090418,0.0501429897634631,0.03,0.03,1.0,0.35319700629934364,0.0017142175509740104,0.001714145966721814,0.0,0,8.728640032984458e-11
SecurityPatrol,neural,48,21,1.7056370176671078,-0.1445274490926373,0.040544830462757586,0.03,0.03,1.0,0.33734171614283337,0.0014141438654930144,0.0014140705388404617,0.0,0,8.722156330520647e-11
SecurityPatrol,neural,48,22,1.5418804793497842,-0.16761390316747615,0.0325125839274687,0.03,0.03,1.0,0.32240494245572787,0.0011563163253856654,0.001156242495164106,0.0,0,8.716516397555552e-11
SecurityPatrol,neural,48,23,1.393047162115128,-0.19166732850455756,0.025795773504133646,0.03,0.03,1.0,0.3084909224565825,0.0009339636998333242,0.0009338901763112917,0.0,0,8.711542598405231e-11
SecurityPatrol,neural,48,24,1.2580896126814332,-0.21646235901144487,0.020184168725106977,0.03,0.03,1.0,0.29567180596087334,0.0007414287698361413,0.0007413560381533957,0.0,0,8.707146115227715e-11
SecurityPatrol,neural,48,25,1.135987134909357,-0.24173802588261298,0.015501047535737555,0.03,0.03,1.0,0.2839876214914974,0.0005739713175026265,0.0005738996220416848,0.0,0,8.703204823490296e-11
SecurityPatrol,neural,48,26,1.0257644336083616,-0.26721012030175884,0.011597658417616952,0.03,0.03,1.0,0.27344772225613295,0.0004276082338465169,0.00042753764581204834,0.0,0,8.699641007581249e-11
SecurityPatrol,neural,48,27,0.926503645562506,-0.2925873157941281,0.008348655370055136,0.03,0.03,1.0,0.26403359206129856,0.00029898347892403737,0.00029891394883718725,0.0,0,8.696354747428359e-11
SecurityPatrol,neural,48,28,0.8373512201291273,-0.31758891202654294,0.0056483233812243405,0.03,0.03,1.0,0.2557027820095539,0.00018526206377460414,0.0001851934631951213,0.0,0,8.693312736340886e-11
SecurityPatrol,neural,48,29,0.7575207952821382,-0.34196162940328984,0.0034074478281742593,0.012780327874825496,0.03,1.0,0.4368619205421087,8.912463801523406e-05,8.910878149559487e-05,0.0,0,8.690481667628092e-11
SecurityPatrol,neural,48,30,0.6885891362674382,-0.3594556248605881,0.00170667834291649,0.0,0.03,1.0,1.0,3.7952173679745016e-05,3.794651466981769e-05,0.0,0,8.688705310788691e-11
SecurityPatrol,neural,48,31,0.6289857232833599,-0.3711815035412324,0.00042952612698266,0.0,0.01747685067998308,1.0,1.0,3.7533819922136995e-06,3.752732246509183e-06,0.0,0,8.68758398553382e-11
SecurityPatrol,neural,48,32,0.5978034317553614,-0.37731646872742464,-0.00019162694654406565,0.0,0.0,0.0,0.0,-0.0,-0.0,0.0,0,8.68687344279806e-11
SecurityPatrol,neural,48,33,0.5978034317553614,-0.37731646872742464,-0.00019162694654406565,0.0,0.0,0.0,0.0,-0.0,-0.0,0.0,0,8.68687344279806e-11
SecurityPatrol,neural,48,34,0.5978034317553614,-0.37731646872742464,-0.00019162694654406565,0.0,0.0,0.0,0.0,-0.0,-0.0,0.0,0,8.68687344279806e-11
SecurityPatrol,neural,48,35,0.5978034317553614,-0.37731646872742464,-0.00019162694654406565,0.0,0.0,0.0,0.0,-0.0,-0.0,0.0,0,8.68687344279806e-11
SecurityPatrol,neural,48,36,0.5978034317553614,-0.37731646872742464,-0.00019162694654406565,0.0,0.0,0.0,0.0,-0.0,-0.0,0.0,0,8.68687344279806e-11
SecurityPatrol,neural,48,37,0.5978034317553614,-0.37731646872742464,-0.00019162694654406565,0.0,0.0,0.0,0.0,-0.0,-0.0,0.0,0,8.68687344279806e-11
SecurityPatrol,neural,48,38,0.5978034317553614,-0.37731646872742464,-0.00019162694654406565,0.0,0.0,0.0,0.0,-0.0,-0.0,0.0,0,8.68687344279806e-11
SecurityPatrol,neural,48,39,0.5978034317553614,-0.37731646872742464,-0.00019162694654406565,0.0,0.0,0.0,0.0,-0.0,-0.0,0.0,0,8.68687344279806e-11
SecurityPatrol,neural,48,40,0.5978034317553614,-0.37731646872742464,-0.00019162694654406565,0.0,0.0,0.0,0.0,-0.0,-0.0,0.0,0,8.68687344279806e-11
SecurityPatrol,neural,48,41,0.5978034317553614,-0.37731646872742464,-0.00019162694654406565,0.0,0.0,0.0,0.0,-0.0,-0.0,0.0,0,8.68687344279806e-11
SecurityPatrol,neural,48,42,0.5978034317553614,-0.37731646872742464,-0.00019162694654406565,0.0,0.0,0.0,0.0,-0.0,-0.0,0.0,0,8.68687344279806e-11
SecurityPatrol,neural,48,43,0.5978034317553614,-0.37731646872742464,-0.00019162694654406565,0.0,0.0,0.0,0.0,-0.0,-0.0,0.0,0,8.68687344279806e-11
SecurityPatrol,neural,48,44,0.5978034317553614,-0.37731646872742464,-0.00019162694654406565,0.0,0.0,0.0,0.0,-0.0,-0.0,0.0,0,8.68687344279806e-11
SecurityPatrol,neural,48,45,0.5978034317553614,-0.37731646872742464,-0.00019162694654406565,0.0,0.0,0.0,0.0,-0.0,-0.0,0.0,0,8.68687344279806e-11
SecurityPatrol,neural,48,46,0.5978034317553614,-0.37731646872742464,-0.00019162694654406565,0.0,0.0,0.0,0.0,-0.0,-0.0,0.0,0,8.68687344279806e-11
SecurityPatrol,neural,48,47,0.5978034317553614,-0.37731646872742464,-0.00019162694654406565,0.0,0.0,0.0,0.0,-0.0,-0.0,0.0,0,8.68687344279806e-11
SecurityPatrol,neural,48,48,0.5978034317553614,-0.37731646872742464,-0.00019162694654406565,0.0,0.0,0.0,0.0,-0.0,-0.0,0.0,0,8.68687344279806e-11
SecurityPatrol,neural,48,49,0.5978034317553614,-0.37731646872742464,-0.00019162694654406565,0.0,0.0,0.0,0.0,-0.0,-0.0,0.0,0,8.68687344279806e-11
SecurityPatrol,neural,48,50,0.5978034317553614,-0.37731646872742464,-0.00019162694654406565,0.0,0.0,0.0,0.0,-0.0,-0.0,0.0,0,8.68687344279806e-11
SecurityPatrol,neural,48,51,0.5978034317553614,-0.37731646872742464,-0.00019162694654406565,0.0,0.0,0.0,0.0,-0.0,-0.0,0.0,0,8.68687344279806e-11
SecurityPatrol,neural,48,52,0.5978034317553614,-0.37731646872742464,-0.00019162694654406565,0.0,0.0,0.0,0.0,-0.0,-0.0,0.0,0,8.68687344279806e-11
SecurityPatrol,neural,48,53,0.5978034317553614,-0.37731646872742464,-0.00019162694654406565,0.0,0.0,0.0,0.0,-0.0,-0.0,0.0,0,8.68687344279806e-11
SecurityPatrol,neural,48,54,0.5978034317553614,-0.37731646872742464,-0.00019162694654406565,0.0,0.0,0.0,0.0,-0.0,-0.0,0.0,0,8.68687344279806e-11
SecurityPatrol,neural,48,55,0.5978034317553614,-0.37731646872742464,-0.00019162694654406565,0.0,0.0,0.0,0.0,-0.0,-0.0,0.0,0,8.68687344279806e-11
SecurityPatrol,neural,48,56,0.5978034317553614,-0.37731646872742464,-0.00019162694654406565,0.0,0.0,0.0,0.0,-0.0,-0.0,0.0,0,8.68687344279806e-11
SecurityPatrol,neural,48,57,0.5978034317553614,-0.37731646872742464,-0.00019162694654406565,0.0,0.0,0.0,0.0,-0.0,-0.0,0.0,0,8.68687344279806e-11
SecurityPatrol,neural,48,58,0.5978034317553614,-0.37731646872742464,-0.00019162694654406565,0.0,0.0,0.0,0.0,-0.0,-0.0,0.0,0,8.68687344279806e-11
SecurityPatrol,neural,48,59,0.5978034317553614,-0.37731646872742464,-0.00019162694654406565,0.0,0.0,0.0,0.0,-0.0,-0.0,0.0,0,8.68687344279806e-11
SecurityPatrol,neural,48,60,0.5978034317553614,-0.37731646872742464,-0.00019162694654406565,0.0,0.0,0.0,0.0,-0.0,-0.0,0.0,0,8.68687344279806e-11
SecurityPatrol,neural,49,1,6.022901330924835,0.08074449563522053,1.7113852021437261,0.03,0.03,1.0,0.605435988922861,0.054037755776810324,0.05402365922943986,0.0,0,8.931200223827318e-11
SecurityPatrol,neural,49,2,5.952529057329714,0.0759378551869656,1.4058897329517486,0.03,0.03,1.0,0.5988627861052671,0.04423260039894722,0.04422251901431573,0.0,0,8.83351169989055e-11
SecurityPatrol,neural,49,3,5.837095634944733,0.07066537601601125,1.1557959472344463,0.03,0.03,1.0,0.5912478569375677,0.03623109798985437,0.0362237924173654,0.0,0,8.746470214759938e-11
SecurityPatrol,neural,49,4,5.67827631319475,0.06483038129846017,0.9509533779784173,0.03,0.03,1.0,0.5824772567853367,0.029703125001111948,0.02969775023655008,0.0,0,8.66886562533864e-11
SecurityPatrol,neural,49,5,5.479388652096864,0.05834595238845364,0.7830478530577438,0.03,0.03,1.0,0.5724538218118415,0.02437676914711096,0.024372751682463,0.0,0,8.599665424213754e-11
SecurityPatrol,neural,49,6,5.245308611963492,0.05113506822051576,0.6452885957278637,0.03,0.03,1.0,0.5611062378952416,0.020028934257980132,0.020025884897744373,0.0,0,8.537959228505088e-11
SecurityPatrol,neural,49,7,4.982200418620203,0.043129474878276515,0.5321395267807169,0.03,0.03,1.0,0.5483977013869985,0.01647714536158009,0.01647479872114288,0.0,0,8.482914370944172e-11
SecurityPatrol,neural,49,8,4.6970916495392165,0.03426726864825403,0.43909262726203335,0.03,0.03,1.0,0.5343331827997184,0.013572526208498907,0.013570699448082646,0.0,0,8.433898024406972e-11
SecurityPatrol,neural,49,9,4.397361686769748,0.02448950334400374,0.36247914167876166,0.03,0.03,1.0,0.5189643561054591,0.011193857915405078,0.011192423023384634,0.0,0,8.390271810654326e-11
SecurityPatrol,neural,49,10,4.090228677071937,0.013736457573815234,0.2993136854636828,0.03,0.03,1.0,0.502391498671873,0.00924259999120905,0.009241465436604201,0.0,0,8.351591640476386e-11
SecurityPatrol,neural,49,11,3.7823124034539535,0.0019444155209388243,0.2471663395559079,0.03,0.03,1.0,0.48476204934398825,0.007638748431477658,0.0076378471707541085,0.0,0,8.317396771317931e-11
SecurityPatrol,neural,49,12,3.479323623886045,-0.010956136725989633,0.20405819310057857,0.03,0.03,1.0,0.4662659389701758,0.006317410163787534,0.006316691873422764,0.0,0,8.286982211558325e-11
SecurityPatrol,neural,49,13,3.1858965341535757,-0.025040115164907263,0.16837642013801668,0.03,0.03,1.0,0.4471281759863916,0.005225986246038484,0.00522540932379667,0.0,0,8.25974844076427e-11
SecurityPatrol,neural,49,14,2.9055518038038755,-0.040384690861277835,0.13880517468983777,0.03,0.03,1.0,0.4275994079516628,0.00432185768703359,0.004321385010855439,0.0,0,8.235023774005867e-11
SecurityPatrol,neural,49,15,2.640759766057437,-0.0570631312811654,0.1142691179475297,0.03,0.03,1.0,0.4079452670942302,0.003570480438950766,0.003570091385603158,0.0,0,8.213080215924151e-11
SecurityPatrol,neural,49,16,2.3930675441287685,-0.0751356941075638,0.09388891743735694,0.03,0.03,1.0,0.38843526878645773,0.002943869944151578,0.0029435480909694167,0.0,0,8.193573597381487e-11
SecurityPatrol,neural,49,17,2.1632570204366073,-0.09463801665092426,0.07694419499055805,0.03,0.03,1.0,0.36933191727918024,0.002419337518112603,0.002419069681462993,0.0,0,8.176215260391473e-11
SecurityPatrol,neural,49,18,1.9515082958469512,-0.11556791831733093,0.06284383405213978,0.03,0.03,1.0,0.3508805377642727,0.0019784737426918665,0.00197824929120638,0.0,0,8.160738751428198e-11
SecurityPatrol,neural,49,19,1.7575520604380819,-0.13787211690989504,0.05110194923483302,0.03,0.03,1.0,0.333300240482204,0.0016063249979458058,0.0016061353415155466,0.0,0,8.146938679232107e-11
SecurityPatrol,neural,49,20,1.5808019411508019,-0.16143498029021197,0.04131843296719673,0.03,0.03,1.0,0.3167763530108248,0.0012907275568752859,0.001290565753079509,0.0,0,8.134559692507537e-11
SecurityPatrol,neural,49,21,1.4204635339045335,-0.18607189673970748,0.03316320013181384,0.03,0.03,1.0,0.3014546290773392,0.0010217699123778803,0.0010216303545189653,0.0,0,8.123435257800793e-11
SecurityPatrol,neural,49,22,1.2756204408212926,-0.21152984619882387,0.026363419492703155,0.03,0.03,1.0,0.2874375313049561,0.0007913592278539671,0.0007912373938125938,0.0,0,8.11343214834892e-11
SecurityPatrol,neural,49,23,1.145299593330123,-0.23749699009728784,0.020693157092011027,0.01766215152858467,0.03,1.0,0.39157022742919334,0.0005962634896515564,0.0005962057943464938,0.0,0,8.999584411029105e-11
SecurityPatrol,neural,49,24,1.0313944350439206,-0.25991393181798667,0.016125210647377486,0.0,0.03,1.0,1.0,0.00045799893296361027,0.0004579761880552091,0.0,0,8.996470235445031e-11
SecurityPatrol,neural,49,25,0.9345508543902943,-0.2761669694038835,0.012595579203455998,0.0,0.03,1.0,1.0,0.0003569371303411284,0.00035691984079488925,0.0,0,8.989853306218265e-11
SecurityPatrol,neural,49,26,0.8483066461638609,-0.2913173568983465,0.009685507310552843,0.0,0.03,1.0,1.0,0.0002735516690339779,0.000273538509296678,0.0,0,8.983630506165241e-11
SecurityPatrol,neural,49,27,0.7717861104045294,-0.3052160551269763,0.007281194391783874,0.0,0.03,1.0,1.0,0.00020459810411677104,0.000204588073786649,0.0,0,8.977774079710343e-11
SecurityPatrol,neural,49,28,0.7041772222693976,-0.3177701044669817,0.005289950077069783,0.0,0.03,1.0,1.0,0.00014743426118024594,0.0001474266041238126,0.0,0,8.97224516904771e-11
SecurityPatrol,neural,49,29,0.6447265589526076,-0.32894338773803194,0.0036363103832648402,0.0,0.03,1.0,1.0,9.99092531809298e-05,9.990339743370935e-05,0.0,0,8.96697160968074e-11
SecurityPatrol,neural,49,30,0.5927326908964036,-0.33875155426054077,0.0022588528694966747,0.0,0.03,1.0,1.0,6.027252239737546e-05,6.026803476855136e-05,0.0,0,8.961986708300174e-11
SecurityPatrol,neural,49,31,0.5475387338752177,-0.3472528080137075,0.001107589667098674,0.0,0.03,1.0,1.0,2.7099422963638986e-05,2.7095975099977743e-05,0.0,0,8.957207198179162e-11
SecurityPatrol,neural,49,32,0.5085248511946052,-0.3545366441321288,0.00014183695488667603,0.0,0.012702632160770968,1.0,1.0,9.008513323646559e-07,9.007650509929022e-07,0.0,0,8.952660834893322e-11
SecurityPatrol,neural,49,33,0.49413325530401153,-0.3571995448064514,-0.00021012525334151988,0.0,0.0,0.0,0.0,-0.0,-0.0,0.0,0,8.950806762442198e-11
SecurityPatrol,neural,49,34,0.49413325530401153,-0.3571995448064514,-0.00021012525334151988,0.0,0.0,0.0,0.0,-0.0,-0.0,0.0,0,8.950806762442198e-11
SecurityPatrol,neural,49,35,0.49413325530401153,-0.3571995448064514,-0.00021012525334151988,0.0,0.0,0.0,0.0,-0.0,-0.0,0.0,0,8.950806762442198e-11
SecurityPatrol,neural,49,36,0.49413325530401153,-0.3571995448064514,-0.00021012525334151988,0.0,0.0,0.0,0.0,-0.0,-0.0,0.0,0,8.950806762442198e-11
SecurityPatrol,neural,49,37,0.49413325530401153,-0.3571995448064514,-0.00021012525334151988,0.0,0.0,0.0,0.0,-0.0,-0.0,0.0,0,8.950806762442198e-11
SecurityPatrol,neural,49,38,0.49413325530401153,-0.3571995448064514,-0.00021012525334151988,0.0,0.0,0.0,0.0,-0.0,-0.0,0.0,0,8.950806762442198e-11
SecurityPatrol,neural,49,39,0.49413325530401153,-0.3571995448064514,-0.00021012525334151988,0.0,0.0,0.0,0.0,-0.0,-0.0,0.0,0,8.950806762442198e-11
SecurityPatrol,neural,49,40,0.49413325530401153,-0.3571995448064514,-0.00021012525334151988,0.0,0.0,0.0,0.0,-0.0,-0.0,0.0,0,8.950806762442198e-11
SecurityPatrol,neural,49,41,0.49413325530401153,-0.3571995448064514,-0.00021012525334151988,0.0,0.0,0.0,0.0,-0.0,-0.0,0.0,0,8.950806762442198e-11
SecurityPatrol,neural,49,42,0.49413325530401153,-0.3571995448064514,-0.00021012525334151988,0.0,0.0,0.0,0.0,-0.0,-0.0,0.0,0,8.950806762442198e-11
SecurityPatrol,neural,49,43,0.49413325530401153,-0.3571995448064514,-0.00021012525334151988,0.0,0.0,0.0,0.0,-0.0,-0.0,0.0,0,8.950806762442198e-11
SecurityPatrol,neural,49,44,0.49413325530401153,-0.3571995448064514,-0.00021012525334151988,0.0,0.0,0.0,0.0,-0.0,-0.0,0.0,0,8.950806762442198e-11
SecurityPatrol,neural,49,45,0.49413325530401153,-0.3571995448064514,-0.00021012525334151988,0.0,0.0,0.0,0.0,-0.0,-0.0,0.0,0,8.950806762442198e-11
SecurityPatrol,neural,49,46,0.49413325530401153,-0.3571995448064514,-0.00021012525334151988,0.0,0.0,0.0,0.0,-0.0,-0.0,0.0,0,8.950806762442198e-11
SecurityPatrol,neural,49,47,0.49413325530401153,-0.3571995448064514,-0.00021012525334151988,0.0,0.0,0.0,0.0,-0.0,-0.0,0.0,0,8.950806762442198e-11
SecurityPatrol,neural,49,48,0.49413325530401153,-0.3571995448064514,-0.00021012525334151988,0.0,0.0,0.0,0.0,-0.0,-0.0,0.0,0,8.950806762442198e-11
SecurityPatrol,neural,49,49,0.49413325530401153,-0.3571995448064514,-0.00021012525334151988,0.0,0.0,0.0,0.0,-0.0,-0.0,0.0,0,8.950806762442198e-11
SecurityPatrol,neural,49,50,0.49413325530401153,-0.3571995448064514,-0.00021012525334151988,0.0,0.0,0.0,0.0,-0.0,-0.0,0.0,0,8.950806762442198e-11
SecurityPatrol,neural,49,51,0.49413325530401153,-0.3571995448064514,-0.00021012525334151988,0.0,0.0,0.0,0.0,-0.0,-0.0,0.0,0,8.950806762442198e-11
SecurityPatrol,neural,49,52,0.49413325530401153,-0.3571995448064514,-0.00021012525334151988,0.0,0.0,0.0,0.0,-0.0,-0.0,0.0,0,8.950806762442198e-11
SecurityPatrol,neural,49,53,0.49413325530401153,-0.3571995448064514,-0.00021012525334151988,0.0,0.0,0.0,0.0,-0.0,-0.0,0.0,0,8.950806762442198e-11
SecurityPatrol,neural,49,54,0.49413325530401153,-0.3571995448064514,-0.00021012525334151988,0.0,0.0,0.0,0.0,-0.0,-0.0,0.0,0,8.950806762442198e-11
SecurityPatrol,neural,49,55,0.49413325530401153,-0.3571995448064514,-0.00021012525334151988,0.0,0.0,0.0,0.0,-0.0,-0.0,0.0,0,8.950806762442198e-11
SecurityPatrol,neural,49,56,0.49413325530401153,-0.3571995448064514,-0.00021012525334151988,0.0,0.0,0.0,0.0,-0.0,-0.0,0.0,0,8.950806762442198e-11
SecurityPatrol,neural,49,57,0.49413325530401153,-0.3571995448064514,-0.00021012525334151988,0.0,0.0,0.0,0.0,-0.0,-0.0,0.0,0,8.950806762442198e-11
SecurityPatrol,neural,49,58,0.49413325530401153,-0.3571995448064514,-0.00021012525334151988,0.0,0.0,0.0,0.0,-0.0,-0.0,0.0,0,8.950806762442198e-11
SecurityPatrol,neural,49,59,0.49413325530401153,-0.3571995448064514,-0.00021012525334151988,0.0,0.0,0.0,0.0,-0.0,-0.0,0.0,0,8.950806762442198e-11
SecurityPatrol,neural,49,60,0.49413325530401153,-0.3571995448064514,-0.00021012525334151988,0.0,0.0,0.0,0.0,-0.0,-0.0,0.0,0,8.950806762442198e-11
